{"5430101.0": -2.0405720183503746, "5430200.0": -0.6448046693346753, "5370101.04": -0.6178717830846102, "5370120.02": -0.535866538658755, "5370101.03": 0.6642401339147413, "5370122.01": -1.0124881150737228, "5370123.02": -0.38272028058697916, "5370002.08": 0.7268787965658938, "5370002.06": 1.1443055885924789, "5370122.02": -0.952131400443249, "5370100.05": 0.34820351133220434, "5370101.02": 0.5635781984680602, "5370100.04": 1.3907952545769884, "5370100.03": 0.80312671307739, "5370080.05": 1.3687713417627165, "5370001.09": 1.601551938925718, "5370001.02": 1.5663402536296032, "5370001.01": 1.2155458625188622, "5370001.08": 2.048144676901178, "5370080.06": 2.122775298804678, "5370100.06": 0.8553914639922681, "5370080.07": 1.101677604345936, "5370080.01": 1.0889242547621225, "5370081.0": -0.5675683635979355, "5370085.01": 0.2006835264871911, "5370084.03": 0.17849773696412885, "5370084.02": -0.800483499983389, "5370083.0": -0.9947709654878281, "5370082.0": -0.6738521889160746, "5370085.02": -0.23280896484452976, "5430201.0": -3.066071776401043, "5370121.0": -1.0572014417381588, "5370142.01": -2.263939979388461, "5370001.04": 1.9910020007931108, "5370120.03": 0.34798643047856154, "5370002.07": 1.1807884270160898, "5370120.04": 0.7565450430942307, "5370001.05": 1.332184171964165, "5370002.01": 1.392843565756043, "5370123.01": 0.41097067015640865, "5370002.03": 1.4916604580047699, "5370002.04": 1.4433402698897864, "5370004.01": 0.3460192805367178, "5370001.07": 1.4388775153103819, "5370001.06": 1.6445294829621435, "5370080.03": -0.32042346034269825, "5370005.03": 0.13577767712329594, "5370005.02": 0.24575598037532728, "5370005.01": 0.8211076870777166, "5370006.0": -0.08164209622625812, "5370026.04": -4.0635754013816445e-05, "5370004.02": 0.4509589872395945, "5370026.05": -0.4014041115630212, "5370025.0": -1.1628946704531222, "5370007.0": -0.271944221957604, "5370026.03": -0.5535282241573358, "5370008.0": 0.24727726212377252, "5370026.06": -0.702301285648774, "5370009.0": -0.4297239502261133, "5370010.0": -0.012698699139825709, "5370024.0": -0.44618763500384695, "5370023.0": -0.9486957481604154, "5370022.0": 0.05546668241631156, "5370003.04": 0.5414794713874572, "5370003.03": 0.7158649161085164, "5370003.02": 0.6148359641257666, "5370124.0": -0.8769353622571958, "5370011.0": -0.28149014973879266, "5370003.01": -0.44648505110866094, "5370012.0": -0.5442015535595727, "5370015.0": -0.2729472033881636, "5370013.0": -0.28599645169281335, "5370014.0": -0.12282042310285315, "5410140.01": -0.002218552209927111, "5370016.0": -0.9234067898900771, "5370130.03": -1.5867566724942728, "5370019.0": -0.799520908744904, "5370133.01": -1.1681999615101282, "5370130.02": -1.1310710543613536, "5370044.0": -1.1330751876162863, "5370017.0": -1.2841697638018206, "5370043.0": -1.5189022278681552, "5370034.0": -1.2502401592789238, "5370026.02": 0.12657048267514015, "5370026.01": 0.3011435369178763, "5370021.0": -0.29035191476497507, "5370027.0": -0.1002462957216339, "5370020.0": -0.4087598364994864, "5370028.0": -0.8025626746381845, "5370029.0": -0.5281076796787862, "5370030.0": -0.41405143856749965, "5370031.0": -0.1091789093498823, "5370032.0": 0.2259292455296258, "5370072.02": -0.41027484698750627, "5370033.0": -0.1972837483941177, "5370055.0": -0.5299417962356476, "5370035.0": -0.010740400743075196, "5370054.0": -0.18267047470737452, "5370071.0": -0.2444082888667405, "5370053.0": 0.11803402483186584, "5370056.0": -0.03472612358298977, "5370052.0": 0.6344378633582745, "5370051.0": 0.9796191591928572, "5370038.0": -1.7954013099495372, "5370039.0": -1.6899022210521781, "5370040.0": -1.9758139498461713, "5370042.0": -1.5337814449057352, "5370036.0": -0.6961124574659877, "5370133.02": -1.5303237540586319, "5370037.0": -1.463761757150901, "5370041.0": -1.5549253726124912, "5370049.0": 0.012537559515754798, "5370045.0": -1.1357107684360255, "5370050.0": 0.8276829816543457, "5370057.0": 0.03127607928500532, "5370058.0": 0.5858590325264342, "5370059.0": 0.8637657416400693, "5370060.0": 1.6026576839641444, "5370061.0": 1.893226113230997, "5370062.0": 1.7351239446765754, "5370063.0": 0.8488152688587345, "5370070.0": 0.4292209962923458, "5370069.0": 0.5792943904887969, "5370132.0": -0.5425699522269272, "5370048.0": -0.15233986071209432, "5370064.0": 0.32795134955605604, "5370046.0": -0.4501127591856577, "5370047.0": -0.4569715640524418, "5370141.0": -0.6023516742667302, "5370066.0": 1.7356562226274543, "5370131.0": -0.9351760618590254, "5370065.0": -1.0079334886105598, "5370202.0": -0.1698357656719238, "5370067.0": 1.6393227701655964, "5370068.0": 1.2595227568803296, "5370073.0": 1.1680021174171273, "5370203.0": -1.3568139273607678, "5370204.0": -0.7999652109810454, "5370142.02": 0.7012527324781939, "5370084.05": 0.07841161840887695, "5370085.03": 0.34874134336663254, "5370084.01": -0.6624393183470786, "5370072.04": -1.1738490444367684, "5370072.03": -0.2726692471686014, "5370084.04": 0.13617038639223414, "5370300.0": -0.047668220641971785, "5370086.01": 0.8505062046201669, "5370301.01": 2.8785159836533296, "5370086.02": 1.5747434208746491, "5370140.04": -0.11314664502389174, "5370201.0": -1.9931718650289991, "5370200.0": 0.3540102778007627, "5370140.06": 0.12683275632432228, "5370140.05": 0.18264197829376122, "5370143.0": -0.5867711326282267, "5370140.08": -0.3418684887141457, "5370140.07": 0.3698366864586887, "5370207.01": 1.4977837848057267, "5370144.02": 0.4957883060339488, "5370144.01": -0.17653529268294177, "5370224.02": 0.05812664342137596, "5500101.0": 0.64506313171621, "5350620.13": -0.02695667065338726, "5350626.0": -0.5075208238815634}