{"5430101.0": -1.6937296460075066, "5430200.0": -1.4734214576406943, "5370101.04": -1.1531468385242896, "5370120.02": -1.4381724739424497, "5370101.03": -1.0931701368755211, "5370122.01": -1.1938405216983359, "5370123.02": -1.1967116728675673, "5370002.08": -0.5305573076397879, "5370002.06": -0.827999961139147, "5370122.02": -0.9534966404994002, "5370100.05": -0.8112345001194142, "5370101.02": -1.4400772319158177, "5370100.04": -0.9871439030593955, "5370100.03": -0.6981101496834617, "5370080.05": -1.1532526265242922, "5370001.09": 0.06766824318216504, "5370001.02": -0.71313877123694, "5370001.01": -0.23359220457466306, "5370001.08": -0.5349454234152562, "5370080.06": -0.6353575329283402, "5370100.06": -1.3270397216465688, "5370080.07": -0.7035957208509342, "5370080.01": -0.5825637714023673, "5370081.0": -0.0677014238811999, "5370085.01": -0.7389948970748103, "5370084.03": -0.6296483551427348, "5370084.02": -0.44260769242343145, "5370083.0": 0.21640691004134266, "5370082.0": 1.088248406480402, "5370085.02": -0.7155816774217211, "5430201.0": -1.6958978116094936, "5370121.0": -1.458808563928747, "5370142.01": -2.9244196478721087, "5370001.04": -0.3785949613523172, "5370120.03": -1.0154843544682546, "5370002.07": -0.7663092646545815, "5370120.04": -1.1196908968599277, "5370001.05": 0.4955234198454176, "5370002.01": -0.0807707359459679, "5370123.01": -0.6089263301437015, "5370002.03": -0.11873248412902708, "5370002.04": -0.8172724368906858, "5370004.01": 0.1265331020438191, "5370001.07": 0.0668377744143813, "5370001.06": 0.23636391835305565, "5370080.03": -0.8945066827770124, "5370005.03": 0.3057711172809049, "5370005.02": 0.25180416361438857, "5370005.01": 0.25315687290225886, "5370006.0": -0.19177129685492697, "5370026.04": -0.017033444314419104, "5370004.02": 0.24264761127600612, "5370026.05": -0.3246650918513112, "5370025.0": -0.08168168868978516, "5370007.0": 0.403487496100883, "5370026.03": 0.6463423854978684, "5370008.0": 1.0184380106038267, "5370026.06": 0.261923762029699, "5370009.0": 1.0571128130548801, "5370010.0": 0.722483443984154, "5370024.0": -0.1636257236085104, "5370023.0": 0.7333483340782966, "5370022.0": 0.6310208650147363, "5370003.04": -0.6950632597716916, "5370003.03": -0.6404756122980854, "5370003.02": -0.7369200803838805, "5370124.0": -0.3034873703657517, "5370011.0": 0.4416340490929466, "5370003.01": -1.1772174071754204, "5370012.0": 0.12704817911834287, "5370015.0": -0.7231606289007929, "5370013.0": -0.1783646109986934, "5370014.0": -0.5538132874137117, "5410140.01": -0.2820962634169413, "5370016.0": -0.497464021706042, "5370130.03": -0.6799985039285985, "5370019.0": 0.6347144024146615, "5370133.01": -0.9118514868088228, "5370130.02": 0.28811933381079363, "5370044.0": -0.261976613554617, "5370017.0": 0.9238622575894795, "5370043.0": 0.4735183512308468, "5370034.0": 1.2826878061861964, "5370026.02": 1.2145795989909944, "5370026.01": 1.1738071109503136, "5370021.0": 0.7471003168749711, "5370027.0": 1.4622167301692657, "5370020.0": 1.205189062730555, "5370028.0": 0.8278331411974911, "5370029.0": -0.16611258517803523, "5370030.0": -0.15221990715922526, "5370031.0": 0.16608131150172895, "5370032.0": 0.7363219416805841, "5370072.02": 2.2609395802970527, "5370033.0": 2.4145407962964986, "5370055.0": 0.2902829393927354, "5370035.0": 2.649660932556876, "5370054.0": 0.18916572392122497, "5370071.0": 0.3277550949120279, "5370053.0": 0.39831278579049567, "5370056.0": 0.5089108040172563, "5370052.0": 0.5165758687293937, "5370051.0": 1.4018966740773997, "5370038.0": 3.135631775726926, "5370039.0": 1.8507489130462584, "5370040.0": 1.0521441359980277, "5370042.0": 0.7019262186099411, "5370036.0": 3.421702347161151, "5370133.02": -0.7915453306909408, "5370037.0": 2.5533838162751867, "5370041.0": 1.8436693496684506, "5370049.0": 1.5136084812386017, "5370045.0": 0.7034201766103608, "5370050.0": 1.4654762310630718, "5370057.0": -0.14101105828134877, "5370058.0": -0.24496120270027805, "5370059.0": 0.03030824704451484, "5370060.0": 0.5830887015706325, "5370061.0": 0.8904537965509184, "5370062.0": 1.5448266670528534, "5370063.0": 1.0801585721070641, "5370070.0": 0.9273454040782799, "5370069.0": 0.5301411269784748, "5370132.0": -0.3892645741633759, "5370048.0": 1.4240293293919353, "5370064.0": 1.1861041482807242, "5370046.0": 0.4498842238906883, "5370047.0": 0.7032279259754483, "5370141.0": -0.6519146279085339, "5370066.0": 0.07205101900317554, "5370131.0": 0.15782870976875543, "5370065.0": 0.8884645066856457, "5370202.0": -0.35450219595245624, "5370067.0": 0.46995178304325896, "5370068.0": -0.008816475986437011, "5370073.0": -0.8913908141055924, "5370203.0": 1.1896728223644817, "5370204.0": -0.8047706322382668, "5370142.02": -0.33007942662693757, "5370084.05": -0.5648989131106571, "5370085.03": -0.4377994916577783, "5370084.01": -0.17126454228649707, "5370072.04": 1.2848533968669364, "5370072.03": 1.63117856208893, "5370084.04": -0.41804656075142244, "5370300.0": -0.7415923904300528, "5370086.01": -0.5504328891408459, "5370301.01": -0.22164839475704387, "5370086.02": 0.4673115088867873, "5370140.04": -0.999891525771074, "5370201.0": -0.0014396048080575787, "5370200.0": -0.7205221570719672, "5370140.06": -0.8659365610850985, "5370140.05": -0.8425578088473719, "5370143.0": -0.9431731219955514, "5370140.08": -0.9255678564792992, "5370140.07": -1.1292324532760427, "5370207.01": -1.0350951036729896, "5370144.02": -0.8334003348453025, "5370144.01": -1.2697118356447423, "5370224.02": -1.1914375673186353, "5500101.0": -0.1647597080288023, "5350620.13": -1.1940597862017475, "5350626.0": -0.8224950793737539}