{"5430101.0": -2.2533837295798387, "5430200.0": -1.6207772691064706, "5370101.04": -0.7067018610029154, "5370120.02": -0.29712538231216945, "5370101.03": -0.9542540565620696, "5370122.01": -0.2624839083712991, "5370123.02": 0.16857691363047644, "5370002.08": 0.4460715988305385, "5370002.06": 0.7168369625316768, "5370122.02": -0.011918852427796353, "5370100.05": 0.5873549876674506, "5370101.02": -0.5155147180972988, "5370100.04": 1.5583014291423933, "5370100.03": 0.8924988660788509, "5370080.05": 0.17897673877112152, "5370001.09": 1.8394222697864975, "5370001.02": 0.8723087196843479, "5370001.01": 1.1222889154938815, "5370001.08": 1.6039106742088773, "5370080.06": 1.2493596332945576, "5370100.06": 0.5935254266620369, "5370080.07": 1.3670302093476814, "5370080.01": 1.1558305152120107, "5370081.0": -0.6882887031984221, "5370085.01": 0.4375907576146215, "5370084.03": 0.009223403321921383, "5370084.02": -1.1978853449534184, "5370083.0": -0.6372829849728311, "5370082.0": -0.43121332157934206, "5370085.02": 0.2534380784688464, "5430201.0": -1.9792051329898916, "5370121.0": -0.3167512317510332, "5370142.01": -2.230800696284863, "5370001.04": 1.6361174536170302, "5370120.03": 0.2568392967527079, "5370002.07": 0.15242048491909205, "5370120.04": 0.19474284486446497, "5370001.05": 1.911039287296518, "5370002.01": 0.8206884869682538, "5370123.01": 1.046241527312447, "5370002.03": 0.6388572145947977, "5370002.04": 0.3526235708829506, "5370004.01": 0.5138724935834805, "5370001.07": 0.9457263970980129, "5370001.06": 1.5702844156400995, "5370080.03": -1.3833518706486743, "5370005.03": -0.5999379235268998, "5370005.02": 0.015207242325269757, "5370005.01": 0.2729168581235694, "5370006.0": -1.3371797845129751, "5370026.04": -0.02446064367335626, "5370004.02": 0.8735552163775451, "5370026.05": -0.8424891324833113, "5370025.0": -1.4008052707502605, "5370007.0": -0.10353964187506036, "5370026.03": -0.21986419668219614, "5370008.0": 0.3652468887202633, "5370026.06": -1.5462868179180562, "5370009.0": 0.7829580140109074, "5370010.0": 0.6680147168513754, "5370024.0": -0.8316877657588978, "5370023.0": -0.47648901834499474, "5370022.0": -0.38359216877058333, "5370003.04": -0.49071015587484823, "5370003.03": -0.3525665169542205, "5370003.02": -0.5790103415979433, "5370124.0": -0.01571426553258646, "5370011.0": 0.19198916620335713, "5370003.01": -1.3951727190265832, "5370012.0": -0.10566869278986134, "5370015.0": -1.3472584071410283, "5370013.0": -0.5992280254252018, "5370014.0": -0.9934719560767293, "5410140.01": 0.9200275101869121, "5370016.0": -1.078901916096145, "5370130.03": -0.5107904451706557, "5370019.0": -0.2975335578418461, "5370133.01": -0.44831384563376214, "5370130.02": -0.1495981339656343, "5370044.0": 0.062007832549647576, "5370017.0": -1.0566135778855175, "5370043.0": -0.880057086784584, "5370034.0": 0.20892698285145314, "5370026.02": 0.15245863662896908, "5370026.01": -0.27839574435984515, "5370021.0": 0.13471897856347778, "5370027.0": -0.19455424594221427, "5370020.0": 0.44771856337085086, "5370028.0": -0.46684463002748633, "5370029.0": -0.8925959489563948, "5370030.0": -0.9912418299572502, "5370031.0": -0.6601510667614147, "5370032.0": -0.0231080939676148, "5370072.02": 0.3863690704732652, "5370033.0": 0.9904197547163291, "5370055.0": -0.3607260017833592, "5370035.0": 0.7059993302497501, "5370054.0": -0.5063770982903383, "5370071.0": -0.9382051468472619, "5370053.0": -0.5532826573493586, "5370056.0": -0.6670684207378068, "5370052.0": -0.3783724762097382, "5370051.0": 0.23053397884999777, "5370038.0": 0.5440360300879608, "5370039.0": -0.7738563918898316, "5370040.0": -0.45484409196774134, "5370042.0": -1.0949311263807666, "5370036.0": 0.2320178956210019, "5370133.02": -0.8925595293826504, "5370037.0": -0.3409259542880794, "5370041.0": -0.7714261215022192, "5370049.0": -0.5786561805072904, "5370045.0": -0.0631075886712717, "5370050.0": 0.010795380066144208, "5370057.0": -1.0437726916608765, "5370058.0": -1.0961966878828917, "5370059.0": -0.9674838742303349, "5370060.0": -0.37004743988214067, "5370061.0": -0.18835350744485754, "5370062.0": 0.2237767829296596, "5370063.0": -0.40265417119128033, "5370070.0": -0.022063155912618985, "5370069.0": -0.04547919516941661, "5370132.0": 0.5220562979339813, "5370048.0": -0.9175174889731099, "5370064.0": -0.5477070566732521, "5370046.0": -0.3663486257866175, "5370047.0": -1.2087192853598507, "5370141.0": -0.044927876264405794, "5370066.0": -0.8684497221866565, "5370131.0": -0.14895534249988934, "5370065.0": -0.2591429356652682, "5370202.0": -0.43997717393554164, "5370067.0": -0.36541244651098354, "5370068.0": -0.6033827521471881, "5370073.0": -1.7531093770816213, "5370203.0": 1.294959825041382, "5370204.0": -2.100430619076195, "5370142.02": 2.9657776004911813, "5370084.05": 0.41019333029064753, "5370085.03": 1.3035695491117163, "5370084.01": -0.4722279761158013, "5370072.04": 0.35397458295710654, "5370072.03": 0.32391733030806436, "5370084.04": 1.0271256845740138, "5370300.0": 0.05906101233109126, "5370086.01": 2.0908814833355605, "5370301.01": 4.776876477710279, "5370086.02": 3.635666168553189, "5370140.04": 0.4747997324058266, "5370201.0": 0.20555723269000822, "5370200.0": 0.6167017736542921, "5370140.06": 0.5753193887143729, "5370140.05": 0.5483034306290651, "5370143.0": -0.07059788844499612, "5370140.08": 0.21909868989842063, "5370140.07": 0.045388206803724525, "5370207.01": 0.1088759496064934, "5370144.02": 0.6399471047400427, "5370144.01": 0.1430255555220953, "5370224.02": -0.4068750978139856, "5500101.0": 1.9380901725389812, "5350620.13": 0.46144316288874965, "5350626.0": 1.8926396598564104}