{"5430101.0": -1.7635893256210964, "5430200.0": -1.2022636593606055, "5370101.04": -2.2069240133881878, "5370120.02": -1.742436462324905, "5370101.03": -0.8128759403626236, "5370122.01": -0.9086557006665094, "5370123.02": -0.7225669802472406, "5370002.08": -0.38114007227654506, "5370002.06": 0.40590549006168036, "5370122.02": -0.6626843905047672, "5370100.05": -0.4418504573603788, "5370101.02": -2.313745204583685, "5370100.04": 0.5025473735201035, "5370100.03": 0.18872934593410745, "5370080.05": -0.11458357330718331, "5370001.09": 1.140523576490895, "5370001.02": 0.9548040967252467, "5370001.01": 1.079893589839841, "5370001.08": 1.7972099999800357, "5370080.06": 0.7495511808889324, "5370100.06": -0.9889633740922671, "5370080.07": 0.6608531895609739, "5370080.01": 0.6055721431867611, "5370081.0": -0.323013215652821, "5370085.01": 0.17172158446473626, "5370084.03": -0.07421079146884843, "5370084.02": -0.716071070793054, "5370083.0": -0.1310999446403761, "5370082.0": 0.19743762971375997, "5370085.02": -0.05425136873796424, "5430201.0": -1.6700403554105592, "5370121.0": -1.987750888309981, "5370142.01": -6.800343655949354, "5370001.04": 1.2376446848791318, "5370120.03": -0.4410719498598449, "5370002.07": 0.02183259037790392, "5370120.04": -0.14378813807932136, "5370001.05": 1.8337071679651873, "5370002.01": 1.1758245448292326, "5370123.01": 0.1043471483916368, "5370002.03": 0.8608420744774424, "5370002.04": 0.455106173527998, "5370004.01": 0.9889187602505232, "5370001.07": 1.231953134052148, "5370001.06": 1.8607802977457029, "5370080.03": -0.8481563050973643, "5370005.03": 0.1671945516202533, "5370005.02": 0.45428962158039715, "5370005.01": 0.9325688944841821, "5370006.0": -0.43975202589535867, "5370026.04": 0.6024767641905363, "5370004.02": 1.1896359943599375, "5370026.05": -0.05234008726986526, "5370025.0": -0.44306673168011046, "5370007.0": 0.3840664096458765, "5370026.03": 0.34422245878756413, "5370008.0": 0.8596245924663531, "5370026.06": -0.6518432391069189, "5370009.0": 1.1705867414351145, "5370010.0": 1.1269396485167256, "5370024.0": -0.2435065375091375, "5370023.0": 0.19303424498497926, "5370022.0": 0.3294433758377654, "5370003.04": 0.06024891502159764, "5370003.03": 0.20227323146200737, "5370003.02": -0.20543142668271122, "5370124.0": -0.27414193078503507, "5370011.0": 0.9586191704973062, "5370003.01": -1.0728591030705854, "5370012.0": 0.11625884030219946, "5370015.0": -0.7283368742533519, "5370013.0": -0.31864160632143734, "5370014.0": -0.1750899793492771, "5410140.01": -0.3664618584088513, "5370016.0": -0.8661874083863058, "5370130.03": -0.931901541158593, "5370018.0": -0.35617568465029964, "5370019.0": -0.1626572981767311, "5370133.01": -0.7975815295908342, "5370130.02": -0.49913658609895994, "5370044.0": -0.6982410797858638, "5370017.0": -1.0611723538690925, "5370043.0": -0.8810228032194066, "5370034.0": -0.0722017184263389, "5370026.02": 0.9149493726689152, "5370026.01": 0.9596705331980901, "5370021.0": 0.817247539688762, "5370027.0": 0.9987523563505912, "5370020.0": 0.7919920852267559, "5370028.0": 0.7724200815868464, "5370029.0": 0.01163025128359157, "5370030.0": -0.046719920467162133, "5370031.0": 0.22240955866693615, "5370032.0": 0.6026427246968343, "5370072.02": 0.846791095911552, "5370033.0": 1.340335372188888, "5370055.0": 0.6905649189258108, "5370035.0": 0.9973079783183603, "5370054.0": 0.46553774277976373, "5370071.0": -0.13306700953225817, "5370053.0": 0.6060245979631304, "5370056.0": 0.5961857895277611, "5370052.0": 0.7225817782970766, "5370051.0": 1.1737837462265424, "5370038.0": -0.05693320105119762, "5370039.0": -1.0063792207044542, "5370040.0": -0.5909783831683209, "5370042.0": -1.0301319749304931, "5370036.0": 0.16084941429482405, "5370133.02": -1.0344569274576652, "5370037.0": -0.33369939686466726, "5370041.0": -0.7468590979611563, "5370049.0": 0.006895412225678619, "5370045.0": -0.4861810985172913, "5370050.0": 0.6958808382633361, "5370057.0": 0.23017336627543045, "5370058.0": 0.30412440829853266, "5370059.0": 0.3819646394934775, "5370060.0": 0.8861131941383844, "5370061.0": 0.9830325051356636, "5370062.0": 1.0949444276337101, "5370063.0": 0.40842627270924603, "5370070.0": 0.7624832259015077, "5370069.0": 1.258253046449233, "5370132.0": -0.1137243704215717, "5370048.0": -0.4823104255052017, "5370064.0": 0.07224953750561182, "5370046.0": -0.44118319332308564, "5370047.0": -0.7773671667057278, "5370141.0": -0.6305387970896921, "5370066.0": 0.2341513790847089, "5370131.0": -0.5225864597954861, "5370065.0": -0.38787111777170635, "5370202.0": -0.4958503182074253, "5370067.0": 0.8370002932067555, "5370068.0": 0.6828112359056954, "5370073.0": -0.6934102022271162, "5370203.0": 0.19336920535753513, "5370204.0": -1.291525336513481, "5370142.02": 0.6973084880773393, "5370084.05": 0.17630754148754826, "5370085.03": 0.6566139402509651, "5370084.01": -0.44168815242281445, "5370072.04": 0.23007915805821155, "5370072.03": 0.2473880908310069, "5370084.04": 0.32956174351420214, "5370072.01": 1.47866282203613, "5370300.0": 0.0654783970910761, "5370086.01": 1.0526174234827388, "5370301.01": 2.4314505044202, "5370086.02": 2.1386392743224047, "5370140.04": -0.43623870043842206, "5370201.0": -0.8629919016270251, "5370200.0": -0.2737987996953653, "5370140.06": -0.1611795279076765, "5370140.05": -0.29789442412770767, "5370143.0": -1.2239860678603551, "5370140.08": -0.4028770776577624, "5370140.07": -0.4468419076281745, "5370207.01": -0.6454305727311831, "5370144.02": -0.3163300247280221, "5370144.01": -1.9354319161277882, "5370224.02": -0.9439945255680635, "5500101.0": 0.24839487368590096, "5350620.13": -1.0812513715942453, "5350626.0": -0.27170658457973706}