{"5430101.0": -1.7105267111691898, "5430200.0": -0.8457786780389971, "5370101.04": -1.436116664628061, "5370120.02": -0.9456581676215764, "5370101.03": -1.078766232135689, "5370122.01": -0.9488278549677136, "5370123.02": -1.2566895105362543, "5370002.08": -0.37715648371262495, "5370002.06": 0.2321507629640853, "5370122.02": -0.6492724557682257, "5370100.05": 0.42832961408105763, "5370101.02": -0.7290560287899587, "5370100.04": 2.0740752191456493, "5370100.03": 0.8411898346172596, "5370080.05": 0.49597556985270896, "5370001.09": 0.9874040486309257, "5370001.02": 0.4766474630225407, "5370001.01": 0.4402892227253448, "5370001.08": 1.1409457743189775, "5370080.06": 0.3208160615688376, "5370100.06": 0.9304321893326926, "5370080.07": 0.14131144082243044, "5370080.01": 1.2040852896301817, "5370081.0": -0.5414652779033918, "5370085.01": 0.7019398585426904, "5370084.03": -0.005937788867668645, "5370084.02": -0.6988969343736593, "5370083.0": -0.4764228283920041, "5370082.0": -0.39266263374906957, "5370085.02": 0.7724161941762344, "5430201.0": -1.3400782301627108, "5370121.0": -1.2700128534234236, "5370142.01": -2.8684235562887253, "5370001.04": 1.0227688176738403, "5370120.03": -0.53358303833979, "5370002.07": -0.08992537391237775, "5370120.04": -0.20811944092193777, "5370001.05": 1.2616527104201969, "5370002.01": 0.6624125983614134, "5370123.01": -0.3962062566112792, "5370002.03": 0.2131168852261365, "5370002.04": 0.13877340405973362, "5370004.01": 0.5170933481872535, "5370001.07": 0.31018203230859637, "5370001.06": 0.9451499744985814, "5370080.03": -1.0228806184926464, "5370005.03": -0.7544873883004114, "5370005.02": -0.34879286660927716, "5370005.01": 0.25693132924258166, "5370006.0": -1.3294309568341887, "5370026.04": -0.42397745273217075, "5370004.02": 0.8050688995587535, "5370026.05": -0.9980595787487434, "5370025.0": -1.6242238791892798, "5370007.0": -0.42359008059657316, "5370026.03": -0.21961933528798486, "5370008.0": 0.010269350907394942, "5370026.06": -1.104283323364635, "5370009.0": 0.4450667381400868, "5370010.0": 0.5732014584926594, "5370024.0": -0.7535887643759346, "5370023.0": -0.41583304222305145, "5370022.0": -0.02865780797202844, "5370003.04": -0.20159500501267513, "5370003.03": -0.4094710168918167, "5370003.02": -0.6660009565405759, "5370124.0": -0.5179682164396959, "5370011.0": 0.2321687029993064, "5370003.01": -1.1582226605679093, "5370012.0": -0.09249944635289331, "5370015.0": -1.4149572071233332, "5370013.0": -0.6163230105747628, "5370014.0": -1.1249696796702313, "5410140.01": 0.7274727080101157, "5370016.0": -1.2783933654806074, "5370130.03": -1.2360323430388442, "5370019.0": 0.008099806826126639, "5370133.01": -1.0798138766200382, "5370130.02": -0.6827190625587478, "5370044.0": -0.39317092822751576, "5370017.0": -1.2758232809506067, "5370043.0": -1.02340682917126, "5370034.0": 0.5164305718710084, "5370026.02": 0.2265468450897636, "5370026.01": -0.03510179034242128, "5370021.0": 0.4099304299351715, "5370027.0": -0.3884270609018115, "5370020.0": 0.6924270418922052, "5370028.0": -0.46541107236798096, "5370029.0": -0.5572969022607673, "5370030.0": -0.5826423329568176, "5370031.0": -0.09557547350730553, "5370032.0": 0.3903367746693548, "5370072.02": 0.1456793934186021, "5370033.0": 1.2052537835166879, "5370055.0": -0.06279251746589365, "5370035.0": 1.354990847147163, "5370054.0": -0.062445963800003744, "5370071.0": -0.28063978582489785, "5370053.0": 0.2739104222427615, "5370056.0": -0.14743018869555163, "5370052.0": 0.4790944809943382, "5370051.0": 1.2572728782252303, "5370038.0": 0.5519525591704455, "5370039.0": -0.5413972830157201, "5370040.0": -0.3456701629619353, "5370042.0": -0.987408367031245, "5370036.0": 0.5920419626053508, "5370133.02": -1.345207681258618, "5370037.0": -0.00628645980197609, "5370041.0": -0.5469708810622227, "5370049.0": 0.2572378706023064, "5370045.0": -0.5739994910051904, "5370050.0": 0.8464433390915048, "5370057.0": -0.035922495404162084, "5370058.0": -0.020069755368941306, "5370059.0": 0.3238128250374733, "5370060.0": 0.7108817508012073, "5370061.0": 1.0251023465476312, "5370062.0": 1.0341716916781694, "5370063.0": 0.4513636365635154, "5370070.0": 0.6648674485531381, "5370069.0": 0.9452853687104958, "5370132.0": -0.4949530901375323, "5370048.0": -0.22641601904621028, "5370064.0": -0.03903934510150118, "5370046.0": -0.462705860269934, "5370047.0": -0.6160815239233797, "5370141.0": -0.4994613628100914, "5370066.0": 0.11314062351618072, "5370131.0": -0.5153900216340477, "5370065.0": -0.7021600254186928, "5370202.0": -0.7378721915424687, "5370067.0": 0.6269658597717366, "5370068.0": 0.4358678760563874, "5370073.0": -0.0761493631524595, "5370203.0": -1.222351896899026, "5370204.0": -1.3944368329940529, "5370142.02": 2.4960143253206146, "5370084.05": 0.6189308030748187, "5370085.03": 1.6667311619863687, "5370084.01": -0.09349054178371438, "5370072.04": 0.0635068373967014, "5370072.03": 0.030914961704324586, "5370084.04": 0.86391892230117, "5370072.01": 1.1498285480758297, "5370300.0": 1.5809335311029977, "5370086.01": 2.9810378436621967, "5370301.01": 5.498378841522256, "5370086.02": 3.977991120956163, "5370140.04": 0.05244796742200081, "5370201.0": -1.2560911169699567, "5370200.0": 0.3721088229444025, "5370140.06": 0.2460513967941822, "5370140.05": 0.1527842501744734, "5370143.0": -0.9638244751576319, "5370140.08": -0.45733358751884673, "5370140.07": 0.35038655804304314, "5370207.01": 0.27132924629285876, "5370144.02": 0.11989927693932817, "5370144.01": -0.48899299604155283, "5370224.02": -0.21601942380345437, "5500101.0": 1.5919031451437906, "5350620.13": -0.7016745085561198, "5350626.0": 0.7299713311472376}