{"5430101.0": -1.5580669131025542, "5430200.0": -1.4862196582137128, "5370101.04": -0.8089801174732367, "5370120.02": -1.148964536178981, "5370101.03": -1.043310378018888, "5370122.01": -0.9135083639833749, "5370123.02": -0.7247529216899524, "5370002.08": -0.28958180425172064, "5370002.06": -0.7540785457258119, "5370122.02": -0.6325152942524557, "5370100.05": -0.8246524931019642, "5370101.02": -1.4336376996210918, "5370100.04": -0.9005538737385462, "5370100.03": -0.828660546218058, "5370080.05": -1.1154118948225833, "5370001.09": -0.12725531489500347, "5370001.02": -0.9233505362659646, "5370001.01": -0.3227889073598427, "5370001.08": -0.7617695879432709, "5370080.06": -0.7691169716753671, "5370100.06": -1.3399254431206156, "5370080.07": -0.6753016684220646, "5370080.01": -0.6137684317356713, "5370081.0": -0.2478264744296942, "5370085.01": -0.7262434068859202, "5370084.03": -0.7115135433052346, "5370084.02": -0.5361893552247745, "5370083.0": -0.05916653075717315, "5370082.0": 0.46986748145571994, "5370085.02": -0.2589439192859253, "5430201.0": -1.4827528713284497, "5370121.0": -0.999278705950996, "5370142.01": -2.796356829012597, "5370001.04": -0.6026951860466009, "5370120.03": -0.8896672478478069, "5370002.07": -0.8044617573624886, "5370120.04": -1.047384957981787, "5370001.05": 0.020561227771847667, "5370002.01": -0.4137278101644328, "5370123.01": -0.2728539005713731, "5370002.03": -0.45521519854202724, "5370002.04": -0.8200438356181178, "5370004.01": -0.24038457848183367, "5370001.07": -0.4328810811739514, "5370001.06": -0.22718971302072713, "5370080.03": -0.9550954532869897, "5370005.03": 0.09361134961129312, "5370005.02": 0.07073753317124427, "5370005.01": -0.10242791071408118, "5370006.0": -0.4165358359055087, "5370026.04": -0.12986291201388503, "5370004.02": 0.015117530459893013, "5370026.05": -0.18509942895048717, "5370025.0": -0.08980394755800343, "5370007.0": 0.530161679959724, "5370026.03": 0.38826561684781524, "5370008.0": 0.8328257201862496, "5370026.06": -0.22739904567407412, "5370009.0": 1.0982705607418675, "5370010.0": 0.5729548473948617, "5370024.0": -0.042092183819441714, "5370023.0": 0.7835703420599274, "5370022.0": 0.5236523712155333, "5370003.04": -0.7667659551654096, "5370003.03": -0.711986616036687, "5370003.02": -0.7288092115536948, "5370124.0": -0.08835442017880991, "5370011.0": 0.26317507716025834, "5370003.01": -0.8708141478418154, "5370012.0": -0.34634849030203974, "5370015.0": -0.6822725727116461, "5370013.0": -0.6430643770423351, "5370014.0": -0.6663959412523998, "5410140.01": -0.4236778043033439, "5370016.0": -0.48087036904910074, "5370130.03": 0.006119524276253547, "5370018.0": 0.8642873533578144, "5370019.0": 0.3851995854384174, "5370133.01": -0.3411646933508535, "5370130.02": 0.5664548587598347, "5370044.0": 0.10829867024385052, "5370017.0": 1.133634711440394, "5370043.0": 0.6442375980059789, "5370034.0": 1.3859429105527123, "5370026.02": 0.7948465405190788, "5370026.01": 0.43259487362585763, "5370021.0": 0.8914634091399241, "5370027.0": 0.7335372723500186, "5370020.0": 1.2479242916324205, "5370028.0": 0.5361177038315729, "5370029.0": -0.1576874407920468, "5370030.0": -0.057659587291059855, "5370031.0": 0.1768699154501147, "5370032.0": 0.9243835079543754, "5370072.02": 0.8340117379444579, "5370033.0": 2.389148907793697, "5370055.0": 0.34195180374173983, "5370035.0": 2.7427039109359144, "5370054.0": 0.10547592911691964, "5370071.0": -0.2565725529418219, "5370053.0": 0.14386930861422514, "5370056.0": 0.18575330772230597, "5370052.0": 0.40069937389452864, "5370051.0": 1.0395592879921218, "5370038.0": 4.009787539249948, "5370039.0": 2.705532479145041, "5370040.0": 1.7651756570582224, "5370042.0": 0.8990452242866692, "5370036.0": 3.799683433369936, "5370133.02": -0.17625460639931068, "5370037.0": 3.1182705371280717, "5370041.0": 2.6339155014607725, "5370049.0": 1.6348383031244285, "5370045.0": 0.8487035406846001, "5370050.0": 1.4654227656029777, "5370057.0": -0.25410400780563813, "5370058.0": -0.33608713319931516, "5370059.0": -0.2137367667990301, "5370060.0": 0.2641941643685315, "5370061.0": 0.41836659424266537, "5370062.0": 1.1453554506620371, "5370063.0": 0.7623253919566185, "5370070.0": -0.12992163677978727, "5370069.0": 0.12199954570204051, "5370132.0": 0.35308561500606966, "5370048.0": 1.7508486580026412, "5370064.0": 1.113495581811045, "5370046.0": 0.7695561925896425, "5370047.0": 1.1513679735716904, "5370141.0": -0.3364734290985288, "5370066.0": -0.22059648514300698, "5370131.0": 0.4692872163338663, "5370065.0": 1.1296369736020697, "5370202.0": -0.06769814272535689, "5370067.0": 0.09490748242568324, "5370068.0": -0.30160246607664076, "5370073.0": -1.2785320260981201, "5370203.0": 1.9386915154557223, "5370204.0": -0.761559507534841, "5370142.02": -0.2939324068980612, "5370084.05": -0.2848704938414019, "5370085.03": -0.20115379018648463, "5370084.01": -0.27779696813576094, "5370072.04": 0.6892165043056017, "5370072.03": 0.1805794204615571, "5370084.04": -0.7466839180906771, "5370072.01": 0.7801075026097026, "5370300.0": -0.9952360768692008, "5370086.01": -0.6388948330809616, "5370301.01": -0.5443714757695003, "5370086.02": 0.7647115306203727, "5370140.04": -0.6937082774973539, "5370201.0": 0.7210072061006527, "5370200.0": -0.32904350885641137, "5370140.06": -0.6559513091345125, "5370140.05": -0.7808896112118935, "5370143.0": -0.7659225936702183, "5370140.08": -0.753138471720979, "5370140.07": -0.9974735716280844, "5370207.01": -0.5858292579634488, "5370144.02": -0.7252347593209246, "5370144.01": -1.2115521795375206, "5370224.02": -1.051056871257147, "5500101.0": -0.38234170310062265, "5350620.13": -1.0468247448608903, "5350626.0": -0.7467904004798326}