{"5430101.0": -1.5561202408279162, "5430200.0": -1.4851344905082955, "5370101.04": -0.808463550744574, "5370120.02": -1.1483038067666218, "5370101.03": -1.0415671202019372, "5370122.01": -0.9185757049519916, "5370123.02": -0.7279550942397937, "5370002.08": -0.2886814113785781, "5370002.06": -0.7590207523340442, "5370122.02": -0.6315514150539034, "5370100.05": -0.8238778306667914, "5370101.02": -1.433826361150988, "5370100.04": -0.9009259161252442, "5370100.03": -0.8286082830980418, "5370080.05": -1.1246227292511148, "5370001.09": -0.13202796295030675, "5370001.02": -0.9273498937114744, "5370001.01": -0.32457865363243865, "5370001.08": -0.7704535055634002, "5370080.06": -0.7678900034604255, "5370100.06": -1.3399791132164924, "5370080.07": -0.6803534051387152, "5370080.01": -0.6163359528290514, "5370081.0": -0.2471775167316883, "5370085.01": -0.7265800465520169, "5370084.03": -0.7154062462768641, "5370084.02": -0.5400008343649233, "5370083.0": -0.06416772715610618, "5370082.0": 0.46948931749152056, "5370085.02": -0.2598065464004311, "5430201.0": -1.4814622759313245, "5370121.0": -0.9982735785991325, "5370142.01": -2.7982415987763334, "5370001.04": -0.6070669213666423, "5370120.03": -0.8883427185731071, "5370002.07": -0.8108266574885626, "5370120.04": -1.0507081730103625, "5370001.05": 0.011138772725543984, "5370002.01": -0.41692208878523634, "5370123.01": -0.2782271184990241, "5370002.03": -0.4549427189432384, "5370002.04": -0.8194372885918353, "5370004.01": -0.23701854454143892, "5370001.07": -0.4410173697010586, "5370001.06": -0.23390810882258636, "5370080.03": -0.9565959524387587, "5370005.03": 0.08786565310720895, "5370005.02": 0.06142649862894943, "5370005.01": -0.10832869271462667, "5370006.0": -0.4119178307742559, "5370026.04": -0.12872840703822602, "5370004.02": 0.007019370311676221, "5370026.05": -0.18057688571507313, "5370025.0": -0.08508838133554879, "5370007.0": 0.5300790795845318, "5370026.03": 0.38834996659642207, "5370008.0": 0.824839661055745, "5370026.06": -0.226512840258709, "5370009.0": 1.096890269734096, "5370010.0": 0.5718581492537437, "5370024.0": -0.041428681639733206, "5370023.0": 0.7831269329818663, "5370022.0": 0.5194089268477978, "5370003.04": -0.760473655940364, "5370003.03": -0.714245599047132, "5370003.02": -0.7310454503145879, "5370124.0": -0.08817855868860178, "5370011.0": 0.2699992299408927, "5370003.01": -0.8694830566108004, "5370012.0": -0.3417399098266128, "5370015.0": -0.6765312113918021, "5370013.0": -0.6347847310143504, "5370014.0": -0.656513742431397, "5410140.01": -0.43705768823422203, "5370016.0": -0.47954088033397074, "5370130.03": 0.007009385001659131, "5370018.0": 0.8742314273034907, "5370019.0": 0.3957298026611941, "5370133.01": -0.3351457112791276, "5370130.02": 0.5716036162845602, "5370044.0": 0.10845639331244802, "5370017.0": 1.139543095817748, "5370043.0": 0.6495971808896202, "5370034.0": 1.3907876727840984, "5370026.02": 0.7941628124891577, "5370026.01": 0.4323943541038095, "5370021.0": 0.8937692629598584, "5370027.0": 0.7369549075941578, "5370020.0": 1.2463444249189644, "5370028.0": 0.5412416593986401, "5370029.0": -0.1571181629771018, "5370030.0": -0.053697187828968, "5370031.0": 0.18034318816358258, "5370032.0": 0.923220130628659, "5370072.02": 0.832841434223381, "5370033.0": 2.3892359357370023, "5370055.0": 0.34162943750385555, "5370035.0": 2.7448493723644756, "5370054.0": 0.10161711039258435, "5370071.0": -0.25671198118979993, "5370053.0": 0.14336879018067183, "5370056.0": 0.18225568450413135, "5370052.0": 0.39969078826943016, "5370051.0": 1.0376905325855224, "5370038.0": 4.011697062823764, "5370039.0": 2.6985503212667283, "5370040.0": 1.770541286106505, "5370042.0": 0.8990877603559021, "5370036.0": 3.796285729465878, "5370133.02": -0.16877573570879806, "5370037.0": 3.1266291420315304, "5370041.0": 2.6321459817206394, "5370049.0": 1.629437666749169, "5370045.0": 0.8536428448405622, "5370050.0": 1.469749375412712, "5370057.0": -0.26066544273210585, "5370058.0": -0.33994032806473157, "5370059.0": -0.21426625233579683, "5370060.0": 0.263042837651978, "5370061.0": 0.4167738536166939, "5370062.0": 1.1506621296800434, "5370063.0": 0.7646881640280653, "5370070.0": -0.1310053681721517, "5370069.0": 0.1205186639424871, "5370132.0": 0.3593866524464088, "5370048.0": 1.7461642609539867, "5370064.0": 1.1165155111136498, "5370046.0": 0.7648608618969098, "5370047.0": 1.1396115922237078, "5370141.0": -0.3336273117464448, "5370066.0": -0.23131727420616904, "5370131.0": 0.47369236025611056, "5370065.0": 1.1291391129712554, "5370202.0": -0.07364948955470296, "5370067.0": 0.09826177473686468, "5370068.0": -0.30233268511240036, "5370073.0": -1.278503306552068, "5370203.0": 1.9382227251055721, "5370204.0": -0.760470769289736, "5370142.02": -0.29143935031628976, "5370084.05": -0.2889762209981223, "5370085.03": -0.20286962741788, "5370084.01": -0.2781137441821149, "5370072.04": 0.6839427916127697, "5370072.03": 0.17991136500988414, "5370084.04": -0.7515806092332596, "5370072.01": 0.7748821873585083, "5370300.0": -0.996802327798694, "5370086.01": -0.641161271539616, "5370301.01": -0.5484166021196341, "5370086.02": 0.7600697069151019, "5370140.04": -0.682747116030155, "5370201.0": 0.7298870055740776, "5370200.0": -0.3240177674056632, "5370140.06": -0.6427967735192526, "5370140.05": -0.7703800032021494, "5370143.0": -0.755697378392789, "5370140.08": -0.7438490192598297, "5370140.07": -0.9869010763800045, "5370207.01": -0.5846232869300797, "5370144.02": -0.7203768377288003, "5370144.01": -1.2071619693935818, "5370224.02": -1.0436612050709062, "5500101.0": -0.3924864395483875, "5350620.13": -1.0454472097228562, "5350626.0": -0.7468186805971286}