{"5430101.0": -1.1571328011172235, "5430200.0": -1.0018111977131094, "5370101.04": 0.2790347274388032, "5370120.02": 0.32469496145390375, "5370101.03": 0.534234198217924, "5370122.01": -0.26547020157044193, "5370123.02": 0.794847336653921, "5370002.08": 2.353399186064746, "5370002.06": 1.5149048317007205, "5370122.02": 0.11121347139701183, "5370100.05": 1.0338462838288633, "5370101.02": 0.7504181796565147, "5370100.04": 1.5464432198455669, "5370100.03": 1.4170796381199144, "5370080.05": 0.9627000057527232, "5370001.09": 2.577146863264422, "5370001.02": 1.3519173590178384, "5370001.01": 1.8808537133331091, "5370001.08": 2.356775113912507, "5370080.06": 2.7060559693088813, "5370100.06": 0.753016728341652, "5370080.07": 2.5019777838018413, "5370080.01": 1.6239800047136101, "5370081.0": 0.3923700104392253, "5370085.01": 0.7369628835894689, "5370084.03": 0.41942884056177804, "5370084.02": -0.7713272128554559, "5370083.0": -0.13976258705991562, "5370082.0": -0.07907154649996913, "5370085.02": 0.6543068273929628, "5430201.0": -1.042049366111183, "5370121.0": -0.8957011049939462, "5370142.01": -4.479555060249214, "5370001.04": 1.7256274026214757, "5370120.03": 0.47235860253167267, "5370002.07": 1.188289436717355, "5370120.04": 0.6200895398227263, "5370001.05": 1.4127864967388646, "5370002.01": 1.5900703145166464, "5370123.01": 1.1947595928071586, "5370002.03": 1.4147193423471756, "5370002.04": 1.2931128582155018, "5370004.01": 0.30880535080059857, "5370001.07": 1.0571892666367508, "5370001.06": 1.7345742597520415, "5370080.03": -0.2507490529884437, "5370005.03": -0.25987613266645926, "5370005.02": 0.20821470896997882, "5370005.01": 0.5303423119327214, "5370006.0": -0.2652242472899803, "5370026.04": 1.600851336305983, "5370004.02": 0.08851826037463824, "5370026.05": 0.40361541960903696, "5370025.0": -0.7614087392479845, "5370007.0": -0.5156078069405865, "5370026.03": 0.6330720784157513, "5370008.0": -0.47237821203653674, "5370026.06": -0.30900021674588185, "5370009.0": -0.5015808827673053, "5370010.0": -0.3224040291579963, "5370024.0": -0.9896529728864906, "5370023.0": -0.8420163983816189, "5370022.0": -0.7802627355672068, "5370003.04": -0.0318790239719497, "5370003.03": 0.2341877937197588, "5370003.02": 0.1393411171831723, "5370124.0": 0.1354981889993998, "5370011.0": -0.061547271303492294, "5370003.01": -0.4004535463497956, "5370012.0": -0.2990151275982234, "5370015.0": 0.26329533748677025, "5370013.0": -0.1975496896659925, "5370014.0": 0.2562508482703309, "5410140.01": -0.7119569020492317, "5370016.0": 0.11832896773127596, "5370130.03": -0.49579052620639597, "5370018.0": -0.8407286545089532, "5370019.0": -0.9523240989624717, "5370133.01": -0.5394100996826406, "5370130.02": -0.6549958654307627, "5370044.0": -0.7860249691069251, "5370017.0": -0.9414013284335033, "5370043.0": -0.893958535507492, "5370034.0": -0.7796223985588334, "5370026.02": 0.5490249709268148, "5370026.01": 0.6324855440991064, "5370021.0": -0.7213959325990644, "5370027.0": -0.10956773855965103, "5370020.0": -0.7521731072110184, "5370028.0": -0.7509625314543417, "5370029.0": -1.0155225002943329, "5370030.0": -0.9560630004405363, "5370031.0": -0.8846924436222259, "5370032.0": -0.8876304837518162, "5370072.02": -0.33268684304340274, "5370033.0": -0.677410354891809, "5370055.0": -1.0035868587954289, "5370035.0": -0.6609993817746139, "5370054.0": -0.9668697464604166, "5370071.0": -0.6227752292553248, "5370053.0": -0.882792564317736, "5370056.0": -0.767242917860535, "5370052.0": -0.7885150849132597, "5370051.0": -0.586960768190461, "5370038.0": -0.6696269390079265, "5370039.0": -0.8256649511553413, "5370040.0": -0.7375770918856418, "5370042.0": -0.9021697541295433, "5370036.0": -0.7487050848638566, "5370133.02": -0.37890938762042575, "5370037.0": -0.7845791001024763, "5370041.0": -0.914676638178094, "5370049.0": -0.4900157869906413, "5370045.0": -0.9313771960219623, "5370050.0": -0.5522419393841083, "5370057.0": -0.9323175093815667, "5370058.0": -0.8904675831803216, "5370059.0": -0.8653802878810581, "5370060.0": -0.6776712083429116, "5370061.0": -0.5269549787254818, "5370062.0": -0.3175445952406332, "5370063.0": -0.35335749348808193, "5370070.0": -0.32812673414706567, "5370069.0": -0.44563850717260783, "5370132.0": -0.17926948737792983, "5370048.0": -0.6260259785437757, "5370064.0": -0.4825728457202953, "5370046.0": -0.8706676391062242, "5370047.0": -0.8031923042474762, "5370141.0": -0.07437324280501034, "5370066.0": -0.31157429264385456, "5370131.0": -0.45043937418432917, "5370065.0": -0.45983391752135205, "5370202.0": -0.2881295792481735, "5370067.0": -0.41473688004805337, "5370068.0": -0.20689689716442242, "5370073.0": -0.8144169794222302, "5370203.0": 1.1704111988607475, "5370204.0": -0.9445037586579301, "5370142.02": -0.29966443238908885, "5370084.05": 1.0072589912879772, "5370085.03": 0.6737137162825451, "5370084.01": 0.1626462841994836, "5370072.04": -0.20869455962930566, "5370072.03": -0.10771694571373165, "5370084.04": 0.78436817014045, "5370072.01": 0.41655699455066675, "5370300.0": -0.5657246800570178, "5370086.01": 1.396204316325281, "5370301.01": 1.8596778658505753, "5370086.02": 3.2916141738884397, "5370140.04": 0.3526642427092151, "5370201.0": -0.15343068885091452, "5370200.0": 0.4386091020480243, "5370140.06": 0.7617167138975959, "5370140.05": -0.3158665173767415, "5370143.0": -0.6786948718546781, "5370140.08": 0.4670066975107459, "5370140.07": 0.6052767082199556, "5370207.01": 1.7509702057840997, "5370144.02": 0.45103972753578875, "5370144.01": -1.7518536481501736, "5370224.02": -0.26564982972137596, "5500101.0": -0.4807173071141006, "5350620.13": -1.080067605544071, "5350626.0": -0.8084875348206387}