{"5430101.0": -1.5875696467822795, "5430200.0": -0.841443501719671, "5370101.04": -1.7467268305094144, "5370120.02": -1.3600125917317691, "5370101.03": -0.7543961556822938, "5370122.01": -0.9602315493745074, "5370123.02": -1.1116465648400187, "5370002.08": -0.36261279483551895, "5370002.06": 0.5123717119816317, "5370122.02": -0.8865590883298625, "5370100.05": 0.08368506324908394, "5370101.02": -1.3146994687101918, "5370100.04": 1.4575021861626485, "5370100.03": 0.6456090174468264, "5370080.05": 0.3928098568307199, "5370001.09": 1.3348483397619173, "5370001.02": 0.9758699975708899, "5370001.01": 0.9811648228407003, "5370001.08": 1.7826169665486116, "5370080.06": 0.6228309980517543, "5370100.06": 0.11880741729079948, "5370080.07": 0.7843253540959682, "5370080.01": 0.9030236044633349, "5370081.0": -0.5574997706940068, "5370085.01": 0.46569256896409394, "5370084.03": 0.09328360597139537, "5370084.02": -0.9069402691634209, "5370083.0": -0.31870359706472806, "5370082.0": 0.08217048226394225, "5370085.02": 0.12828380528743588, "5430201.0": -1.3326094874247394, "5370121.0": -1.8441942452486468, "5370142.01": -4.565345792966071, "5370001.04": 1.7350579278349219, "5370120.03": -0.6073795463387691, "5370002.07": 0.1315807065412027, "5370120.04": -0.028228543442265417, "5370001.05": 1.6945276839965389, "5370002.01": 0.8657639423586937, "5370123.01": -0.23312591779771355, "5370002.03": 0.5889014730171492, "5370002.04": 0.1371501340864371, "5370004.01": 1.1296556089570249, "5370001.07": 1.1374179806658404, "5370001.06": 1.7991131793544297, "5370080.03": -1.0023446696531648, "5370005.03": -0.1881829368908922, "5370005.02": 0.08777623347922943, "5370005.01": 0.7662123489788373, "5370006.0": -1.076224334325406, "5370026.04": -0.3054746702505, "5370004.02": 1.3217193471824784, "5370026.05": -0.654526402560263, "5370025.0": -1.1522253849958468, "5370007.0": 0.11710741387226177, "5370026.03": -0.22622769634241957, "5370008.0": 0.7099218039854993, "5370026.06": -1.0983000804402683, "5370009.0": 1.079199186074263, "5370010.0": 1.1067541900397342, "5370024.0": -0.5508266736211215, "5370023.0": -0.16774871271870645, "5370022.0": 0.030656192547005152, "5370003.04": 0.1846428777128996, "5370003.03": -0.17716332066370036, "5370003.02": -0.4350576482337275, "5370124.0": -0.45811238962585593, "5370011.0": 0.6873830398765272, "5370003.01": -1.392865857035204, "5370012.0": 0.1589800131932033, "5370015.0": -1.1425848119567796, "5370013.0": -0.29490216572038674, "5370014.0": -1.0065497018054406, "5410140.01": 0.23603670236657165, "5370016.0": -1.0813994325299758, "5370130.03": -1.2609405332400836, "5370019.0": 0.49296797298234407, "5370133.01": -1.0613585298590873, "5370130.02": -0.7813201333969223, "5370044.0": -0.7887921257953109, "5370017.0": -1.114386454243612, "5370043.0": -1.105234024246836, "5370034.0": 0.46161216730466026, "5370026.02": 0.19813016404857234, "5370026.01": 0.18428246817425778, "5370021.0": 0.6869696866951968, "5370027.0": 0.2329455784711048, "5370020.0": 1.123658177725081, "5370028.0": 0.22914206326808753, "5370029.0": -0.31709549274140564, "5370030.0": -0.4348539947140806, "5370031.0": -0.23206996780355144, "5370032.0": 0.5245105892738544, "5370072.02": 0.6165999768954411, "5370033.0": 1.46373374646564, "5370055.0": 0.2828740000616947, "5370035.0": 1.3300426894667736, "5370054.0": 0.20995546589854863, "5370071.0": -0.22902146221383507, "5370053.0": 0.2266647134577803, "5370056.0": 0.19783709323756563, "5370052.0": 0.4874560867416762, "5370051.0": 1.0003345616452464, "5370038.0": 0.3933815935234766, "5370039.0": -0.9541191998177979, "5370040.0": -0.7173960432589371, "5370042.0": -1.2255179645165861, "5370036.0": 0.6199344535915708, "5370133.02": -1.5614083093501214, "5370037.0": -0.12880055730348758, "5370041.0": -0.7846927464961867, "5370049.0": 0.05423815283116357, "5370045.0": -0.5628812636951211, "5370050.0": 0.7545145432191368, "5370057.0": 0.17845332492494137, "5370058.0": 0.06891299539459711, "5370059.0": 0.19267931833142057, "5370060.0": 0.6742328860463248, "5370061.0": 0.8483781652048428, "5370062.0": 0.8621776588862932, "5370063.0": 0.2989139665232556, "5370070.0": 0.6913138566099702, "5370069.0": 1.1438320870688399, "5370132.0": -0.5420768000639313, "5370048.0": -0.33481106164756713, "5370064.0": -0.03627841261413305, "5370046.0": -0.5197103497691106, "5370047.0": -0.6862276930172672, "5370141.0": -0.6088647293537728, "5370066.0": 0.10276571285383775, "5370131.0": -0.5977469537458463, "5370065.0": -0.7617661119267466, "5370202.0": -0.7288740594128983, "5370067.0": 0.38186031970775564, "5370068.0": 0.5189935888120493, "5370073.0": -0.4938308963041749, "5370203.0": -0.5025719818661823, "5370204.0": -1.752857107294106, "5370142.02": 2.1013859590090775, "5370084.05": 0.34844340638219073, "5370085.03": 1.2715164893960227, "5370084.01": -0.3320605309756897, "5370072.04": 0.2040975532463367, "5370072.03": 0.08480014894280012, "5370084.04": 0.7961810726311177, "5370072.01": 1.4876103652215422, "5370300.0": 0.8585736745636249, "5370086.01": 1.98147278857588, "5370301.01": 4.040890180053149, "5370086.02": 3.1799041562700037, "5370140.04": -0.4255794909428743, "5370201.0": -1.3015281600840878, "5370200.0": -0.1780616131336049, "5370140.06": -0.2032425754319381, "5370140.05": -0.13790144226487827, "5370143.0": -1.1234059185626073, "5370140.08": -0.6252362750951778, "5370140.07": -0.14382694911117974, "5370207.01": -0.3765670446455578, "5370144.02": -0.12934986494103565, "5370144.01": -1.0789548266390092, "5370224.02": -0.8060551227736085, "5500101.0": 1.1551135748480381, "5350620.13": -0.9826251282829805, "5350626.0": 0.08579917523342466}