{"5430101.0": 0.9863188162820645, "5430200.0": 0.07728682479372213, "5370101.04": 0.4884497421050227, "5370120.02": 0.34225846489422723, "5370101.03": 1.224463992290727, "5370122.01": 0.8060353637832135, "5370123.02": 1.6539825449907595, "5370002.08": 0.9567390348089787, "5370002.06": 0.29630610491838305, "5370122.02": 0.7166184058863591, "5370100.05": 0.32784558482142484, "5370101.02": -0.4390948708747134, "5370100.04": -1.0381439850029075, "5370100.03": -0.492851378060074, "5370080.05": 0.23587160097082577, "5370001.09": -0.5343202662651728, "5370001.02": -0.3838214122065405, "5370001.01": 0.2727413354378248, "5370001.08": -0.7575628966533198, "5370080.06": 0.8899284639566327, "5370100.06": -0.6394389741028926, "5370080.07": 1.0403520443003687, "5370080.01": -0.871610002619366, "5370081.0": 0.7103394782496735, "5370085.01": -0.8395534411380038, "5370084.03": -0.07051003716556704, "5370084.02": 0.18082736537627675, "5370083.0": 0.224646135951685, "5370082.0": 0.20143931489701872, "5370085.02": -1.0094121690468663, "5430201.0": 0.3127838937853174, "5370121.0": 0.8679321093871919, "5370142.01": -2.282151635098305, "5370001.04": -0.5133284273348167, "5370120.03": 0.890622371462017, "5370002.07": 0.4614307412533048, "5370120.04": 0.2680930757685917, "5370001.05": -0.8812748677953182, "5370002.01": -0.2041252695399359, "5370123.01": 1.0428070957160103, "5370002.03": 0.09589702709076114, "5370002.04": 0.14189487903027823, "5370004.01": -0.30493185228636066, "5370001.07": 0.1609692131468511, "5370001.06": -0.43708682841099183, "5370080.03": 1.219163974549281, "5370005.03": 0.9548539229200986, "5370005.02": 0.4847938144205955, "5370005.01": -0.1951381884689885, "5370006.0": 1.4627447005362262, "5370026.04": 1.3668025621629196, "5370004.02": -0.7534564108587566, "5370026.05": 1.5652847326751134, "5370025.0": 1.87027726032817, "5370007.0": 0.5905713312539376, "5370026.03": 0.6503302830389148, "5370008.0": 0.1171030629304209, "5370026.06": 0.9972528251492593, "5370009.0": -0.36040845928894594, "5370010.0": -0.517474301205732, "5370024.0": 0.9139213039235075, "5370023.0": 0.4129831343582529, "5370022.0": -0.026245766576618212, "5370003.04": 0.25089350945130956, "5370003.03": 0.5824269275024364, "5370003.02": 0.5928497455097087, "5370124.0": 0.320308564881727, "5370011.0": -0.03080738763432816, "5370003.01": 0.9151924950799449, "5370012.0": 0.32151611143318715, "5370015.0": 1.297169388149028, "5370013.0": 0.7910944412271788, "5370014.0": 1.2173589590433995, "5410140.01": -0.9836543910778967, "5370016.0": 1.2680648159431187, "5370130.03": 1.2137907374530512, "5370019.0": 0.1767131380367043, "5370133.01": 0.9659019134697661, "5370130.02": 0.8072086293696699, "5370044.0": 0.4786651542554503, "5370017.0": 1.4003412607270163, "5370043.0": 0.14814861614457525, "5370034.0": -0.22452012965852697, "5370026.02": 0.15143311037716478, "5370026.01": 0.36845713626942167, "5370021.0": -0.4745159901753633, "5370027.0": 0.6392896820888265, "5370020.0": -0.4500115289994539, "5370028.0": 0.7515629583297977, "5370029.0": 0.7022081816251624, "5370030.0": 0.535775037872467, "5370031.0": 0.1958838947448789, "5370032.0": -0.27323784259008993, "5370072.02": -0.363272060472089, "5370033.0": -0.7117719256833418, "5370055.0": 0.1481984522024354, "5370035.0": -0.6101216408515728, "5370054.0": 0.028410604603771095, "5370071.0": -0.18929959045489106, "5370053.0": -0.23346779043089555, "5370056.0": -0.0019397990517356438, "5370052.0": -0.5744969074540848, "5370051.0": -0.9662762200827123, "5370038.0": 0.2755399585666444, "5370039.0": 0.49884328445742965, "5370040.0": -0.5007875180973504, "5370042.0": 1.0676325664911845, "5370036.0": -0.18500251925548003, "5370133.02": 1.333778470975188, "5370037.0": 0.20651128822544695, "5370041.0": -0.2107266348021464, "5370049.0": -0.32434650406429294, "5370045.0": 0.8270393090297011, "5370050.0": -0.7382699764308588, "5370057.0": -0.28404092012685733, "5370058.0": -0.36686531270882317, "5370059.0": -0.5915013923462049, "5370060.0": -0.8601028969321286, "5370061.0": -1.2191207836282345, "5370062.0": -0.9446943402661474, "5370063.0": -0.5276013261521695, "5370070.0": -1.142130520463059, "5370069.0": -1.3621750106235837, "5370132.0": 0.4830971441596903, "5370048.0": 0.07936832701008811, "5370064.0": -0.1474432689546673, "5370046.0": -0.4380330739986887, "5370047.0": -0.45397717781015295, "5370141.0": 0.5087639030211459, "5370066.0": -0.6580184658284007, "5370131.0": 0.3989788548938731, "5370065.0": 0.666172153281816, "5370202.0": 0.5755345858195681, "5370067.0": -0.6957572088778183, "5370068.0": -0.8984567215612239, "5370073.0": -0.928673541395427, "5370203.0": 1.4349506503030245, "5370204.0": 0.7404610953950536, "5370142.02": -2.979044670971128, "5370084.05": -0.6058999228294696, "5370085.03": -1.9218490029960067, "5370084.01": -0.4091895841395739, "5370072.04": -0.35839074509405083, "5370072.03": -0.38956550236706183, "5370084.04": -1.238035497481292, "5370072.01": -1.415389510826741, "5370300.0": -2.4749440749526666, "5370086.01": -2.94275268756454, "5370301.01": -4.868515768561761, "5370086.02": -4.352680234204303, "5370140.04": 0.5017933528097449, "5370201.0": 1.345573984558855, "5370200.0": -0.14645237920971765, "5370140.06": 0.15031212217907003, "5370140.05": -0.08822300846491869, "5370143.0": 1.5147915864474852, "5370140.08": 0.4680490930098468, "5370140.07": -0.21409629760927862, "5370207.01": 1.032894855238789, "5370144.02": 0.25889989888682075, "5370144.01": -0.2741760301921541, "5370224.02": 0.4439700704357233, "5500101.0": -2.064665007684627, "5350620.13": 0.8076260886035014, "5350626.0": -0.5094803591028924}