{"5430101.0": -0.7217716771680427, "5430200.0": -0.47502006282675924, "5370101.04": 0.031481083076645065, "5370120.02": 0.8603821568106486, "5370101.03": -0.03679344375777669, "5370122.01": 0.1943088195359189, "5370123.02": 0.5024006325267169, "5370002.08": 1.4585835713704591, "5370002.06": 0.9698572877794913, "5370122.02": 0.16266989281794994, "5370100.05": 1.6834537582045477, "5370101.02": 1.4986498482390305, "5370100.04": 3.7230370158551027, "5370100.03": 1.2009241852579962, "5370080.05": 0.6720536465072755, "5370001.09": 1.0300842705747133, "5370001.02": 0.21313842975207364, "5370001.01": 0.34167082449051417, "5370001.08": 0.8602454521385056, "5370080.06": 0.23353293005284223, "5370100.06": 3.140898410145728, "5370080.07": 0.15097044807213422, "5370080.01": 1.2131031035309594, "5370081.0": -0.3943801323200704, "5370085.01": 0.6836838163566977, "5370084.03": -0.24468200432875642, "5370084.02": -0.4661764632763891, "5370083.0": -0.595510464067787, "5370082.0": -0.5281143614022661, "5370085.02": 0.678494947187607, "5430201.0": -0.39329626367186393, "5370121.0": -0.24898534592392432, "5370142.01": -1.5581049567757195, "5370001.04": 1.2176627718244721, "5370120.03": 1.1396061517414908, "5370002.07": 0.8115699904673688, "5370120.04": 0.21786914606504143, "5370001.05": 0.6728207971330189, "5370002.01": 0.3592989110433367, "5370123.01": 0.7426754967022279, "5370002.03": 0.10782507034626646, "5370002.04": 0.6820433660345923, "5370004.01": 0.4128711622438608, "5370001.07": 0.015119445880724447, "5370001.06": 0.6391836882145874, "5370080.03": -0.952812006226121, "5370005.03": -0.7800522467278623, "5370005.02": -0.5115918253406551, "5370005.01": -0.08473621479383665, "5370006.0": -1.013461115542395, "5370026.04": -0.6090864228051265, "5370004.02": 0.2970302569059189, "5370026.05": -0.8764387276290437, "5370025.0": -1.224335526317749, "5370007.0": -0.5988416826087782, "5370026.03": -0.4920835994664862, "5370008.0": -0.38591230808342375, "5370026.06": -0.8651806236234786, "5370009.0": -0.25218622675081087, "5370010.0": -0.21003580098071506, "5370024.0": -0.8999610325213517, "5370023.0": -0.6687472910358456, "5370022.0": -0.5330006782207146, "5370003.04": -0.011368890627486224, "5370003.03": -0.41461628909402365, "5370003.02": -0.6903023784225658, "5370124.0": -0.24730098140695894, "5370011.0": -0.46760106336882185, "5370003.01": -0.844649208244949, "5370012.0": -0.5861013951458479, "5370015.0": -0.9091239443529355, "5370013.0": -0.7437685188851264, "5370014.0": -0.9730711266924003, "5410140.01": 0.8308768141633631, "5370016.0": -0.7591104119864109, "5370130.03": -0.4737931477336027, "5370019.0": -0.6041157186173958, "5370133.01": -0.37412997084069904, "5370130.02": -0.6176274924195372, "5370044.0": -0.4721816147546664, "5370017.0": -1.074120490601785, "5370043.0": -0.7411687768013685, "5370034.0": -0.221901577636517, "5370026.02": -0.591208746134112, "5370026.01": -0.6525631048786618, "5370021.0": -0.37006466198654064, "5370027.0": -0.814746136151483, "5370020.0": -0.32319760218874904, "5370028.0": -0.8428066009694156, "5370029.0": -0.8508950713121842, "5370030.0": -0.7771209206841071, "5370031.0": -0.6695136240747468, "5370032.0": -0.44521660826105597, "5370072.02": -0.4184669928689614, "5370033.0": -0.24398905236372556, "5370055.0": -0.6123425708852874, "5370035.0": -0.06899589708640844, "5370054.0": -0.5927055051964434, "5370071.0": -0.503613187743593, "5370053.0": -0.5154459897052357, "5370056.0": -0.5438272678569359, "5370052.0": -0.3655946605226057, "5370051.0": -0.24908681636615232, "5370038.0": -0.2124373215824969, "5370039.0": -0.5501628116858104, "5370040.0": -0.7327149091497442, "5370042.0": -0.769918664426111, "5370036.0": -0.2282976327567338, "5370133.02": -0.6528567911413015, "5370037.0": -0.19531466833455297, "5370041.0": -0.5334778703450727, "5370049.0": -0.2015523566131112, "5370045.0": -0.7029189154335285, "5370050.0": -0.10886639950689882, "5370057.0": -0.5110072772686933, "5370058.0": -0.46496710464427043, "5370059.0": -0.39925239850221855, "5370060.0": -0.2617833884631286, "5370061.0": -0.12464881701135135, "5370062.0": -0.12745627508152385, "5370063.0": -0.2392216048422992, "5370070.0": -0.009480082608559794, "5370069.0": 0.027276325898970888, "5370132.0": -0.17633188449449042, "5370048.0": -0.2666246165663675, "5370064.0": -0.2724924001545616, "5370046.0": -0.4136745747453526, "5370047.0": -0.5412709754376749, "5370141.0": 0.08813784768250878, "5370066.0": -0.3304558586733733, "5370131.0": -0.14575680226981297, "5370065.0": -0.03571537963550818, "5370202.0": -0.34936547240399907, "5370067.0": -0.34276649267677656, "5370068.0": -0.14127471027776986, "5370073.0": -0.2488110652830164, "5370203.0": 0.955698688623849, "5370204.0": -0.35353862887127196, "5370142.02": 1.3497924015799763, "5370084.05": 0.3629122771370776, "5370085.03": 0.7071069091996931, "5370084.01": -0.234455398932772, "5370072.04": -0.31666118939946286, "5370072.03": -0.4447645584548641, "5370084.04": 0.635173540326381, "5370072.01": 0.13725112880691465, "5370300.0": 0.5084316115543428, "5370086.01": 3.857580165758632, "5370301.01": 7.680888088756601, "5370086.02": 2.445858086552295, "5370140.04": -0.06042500922531689, "5370201.0": 0.4397419833978636, "5370200.0": -0.17060046494235087, "5370140.06": 0.6418013076600457, "5370140.05": 0.09825862625926883, "5370143.0": 0.16443539162022822, "5370140.08": -0.16156661509263176, "5370140.07": 0.2332488971989314, "5370207.01": -0.5434924499083541, "5370144.02": 0.39782792194952316, "5370144.01": -0.21187796954724658, "5370224.02": -0.37126210928175185, "5500101.0": 1.1029561594517954, "5350620.13": -0.3221777008080611, "5350626.0": 0.2959951770786881}