{"5430101.0": -0.8344783374506307, "5430200.0": -0.7767017210980415, "5370101.04": 0.37774626850357057, "5370120.02": 1.0218051721574233, "5370101.03": 0.10648720078293729, "5370122.01": 1.1869666423718928, "5370123.02": 1.8436298516060865, "5370002.08": 0.9014224510555601, "5370002.06": 0.7980517414157383, "5370122.02": 1.264357465688903, "5370100.05": 1.286169965288474, "5370101.02": 0.7488213516176452, "5370100.04": 1.5106107669416375, "5370100.03": 1.0449827746537512, "5370080.05": 0.6343336306212071, "5370001.09": 1.2214551368865034, "5370001.02": 0.6396773114835248, "5370001.01": 0.8985398041825847, "5370001.08": 0.8771059566856788, "5370080.06": 1.6325233842599094, "5370100.06": 1.4591343701368782, "5370080.07": 1.731610618950964, "5370080.01": 0.8771114135188353, "5370081.0": -0.3481993796618033, "5370085.01": 0.18117592407256541, "5370084.03": 0.05841617484356116, "5370084.02": -0.8376065500761981, "5370083.0": -0.7121870596022774, "5370082.0": -1.0267222965332834, "5370085.02": -0.012286210181920328, "5430201.0": -0.7916695373406908, "5370121.0": 1.4666645205774607, "5370142.01": 0.4898617585216939, "5370001.04": 1.046284263084364, "5370120.03": 1.4043186562680308, "5370002.07": 0.5461168700778624, "5370120.04": 0.7648361432803811, "5370001.05": 0.7280330121040824, "5370002.01": 0.2597585963784389, "5370123.01": 1.8536834857160878, "5370002.03": 0.3085946078113558, "5370002.04": 0.5483180712591829, "5370004.01": -0.16260554012326517, "5370001.07": 0.5941865009090329, "5370001.06": 0.6711301543533235, "5370080.03": -0.45271270780670997, "5370005.03": -0.4793727511115473, "5370005.02": -0.1914576827027813, "5370005.01": -0.2740927975263825, "5370006.0": -0.663760557768134, "5370026.04": 0.11482405604342234, "5370004.02": -0.03786702646265352, "5370026.05": -0.3579150783390655, "5370025.0": -0.6570682991557532, "5370007.0": -0.37201739829515806, "5370026.03": -0.40026136266660856, "5370008.0": -0.3725787475937359, "5370026.06": -1.1306956180112713, "5370009.0": -0.3049781664342067, "5370010.0": -0.29887559599920116, "5370024.0": -0.4387443687324309, "5370023.0": -0.7359535168381008, "5370022.0": -0.7918509388067563, "5370003.04": -0.367630607144205, "5370003.03": -0.08901517052685923, "5370003.02": 0.021686486129315362, "5370124.0": 0.5695727582599466, "5370011.0": -0.499763748419259, "5370003.01": -0.10563822011973273, "5370012.0": -0.40543796087844974, "5370015.0": -0.3327255030585538, "5370013.0": -0.24985782962066755, "5370014.0": -0.28419371356585016, "5410140.01": 0.6053697899526473, "5370016.0": 0.11095919674001671, "5370130.03": 0.5976333124360033, "5370019.0": -0.7685347093568189, "5370133.01": 0.5444749075338642, "5370130.02": 0.31553578233400836, "5370044.0": 0.6536693947651642, "5370017.0": -0.6521231428273077, "5370043.0": -0.23431819260560166, "5370034.0": -0.4936601293884399, "5370026.02": -0.6727664238117821, "5370026.01": -0.8697094677549896, "5370021.0": -0.716796209174023, "5370027.0": -0.8155259480925701, "5370020.0": -0.6066015309144331, "5370028.0": -0.8325953813560645, "5370029.0": -0.7439887766578291, "5370030.0": -0.87413547303516, "5370031.0": -0.7749268822282338, "5370032.0": -0.7707201225246814, "5370072.02": -1.0637794619189571, "5370033.0": -0.7531087912002279, "5370055.0": -0.8500190975007434, "5370035.0": -1.0937222231172834, "5370054.0": -0.8480966552400985, "5370071.0": -1.2688510096105805, "5370053.0": -1.0122732592736081, "5370056.0": -1.12477193202343, "5370052.0": -1.1139909859244543, "5370051.0": -1.079777442225947, "5370038.0": -0.637195289618628, "5370039.0": -0.8121870072979989, "5370040.0": -0.2845116287996719, "5370042.0": -0.6151074819503068, "5370036.0": -1.3591466838331345, "5370133.02": 0.3439971595267288, "5370037.0": -1.2909038884592552, "5370041.0": -1.077678358591703, "5370049.0": -1.4713550245838012, "5370045.0": -0.03339795621218956, "5370050.0": -1.2735382156003714, "5370057.0": -1.3784618278134493, "5370058.0": -1.4220892045338294, "5370059.0": -1.4140201477292598, "5370060.0": -1.300717254993431, "5370061.0": -1.3679212128253242, "5370062.0": -1.2301520086287714, "5370063.0": -1.30322516479851, "5370070.0": -1.1011947996649862, "5370069.0": -1.2094380304630024, "5370132.0": 1.0445202034643986, "5370048.0": -1.455883495254083, "5370064.0": -1.2911714294661867, "5370046.0": -0.41858682195119473, "5370047.0": -1.2432144964563623, "5370141.0": 0.8176913660591059, "5370066.0": -1.4122758100997168, "5370131.0": 0.1826587129328671, "5370065.0": -0.25536961601508223, "5370202.0": 0.20748846772743243, "5370067.0": -1.259943071512104, "5370068.0": -1.21446544047325, "5370073.0": -1.7485412951826884, "5370203.0": 1.3208304609729602, "5370204.0": -0.9383647227691218, "5370142.02": 1.9903364692428243, "5370084.05": 0.14832076910350606, "5370085.03": 0.42959611695030064, "5370084.01": -0.7349172686512647, "5370072.04": -0.7924699196158645, "5370072.03": -0.7470293354699853, "5370084.04": 0.28038338799419055, "5370300.0": -0.5275676828268224, "5370086.01": 1.1246410336556776, "5370301.01": 2.927460554680032, "5370086.02": 1.471387170679212, "5370140.04": 1.6300306507202094, "5370201.0": 1.1418096407902767, "5370200.0": 1.249678194964881, "5370140.06": 1.5219927347488023, "5370140.05": 1.2763986460713677, "5370143.0": 1.35559346837304, "5370140.08": 1.3026100355133807, "5370140.07": 1.062757201213706, "5370207.01": 1.6180042737635636, "5370144.02": 1.6346037776985407, "5370144.01": 1.3786976069310335, "5370224.02": 0.7210633084946253, "5500101.0": 1.3295861873995634, "5350620.13": 1.860482619845759, "5350626.0": 2.563488917777252}