{"5430101.0": -1.8483876003757296, "5430200.0": -1.7433314827432693, "5370101.04": -0.2652963276576735, "5370120.02": 0.006667514060183444, "5370101.03": -0.4385569454883738, "5370122.01": -0.23798501581445217, "5370123.02": 0.44194906955914287, "5370002.08": 0.42905527023971973, "5370002.06": 0.812018866746873, "5370122.02": 0.13757655748700634, "5370100.05": 1.0602151627679985, "5370101.02": 0.6835454518399546, "5370100.04": 1.7607494755521327, "5370100.03": 1.208452254747022, "5370080.05": 1.125123760417154, "5370001.09": 1.8932978447971582, "5370001.02": 1.3173289922961853, "5370001.01": 2.2894729975791286, "5370001.08": 1.9361371185077396, "5370080.06": 2.4391335541301657, "5370100.06": 1.3466744919619955, "5370080.07": 2.9119575674964597, "5370080.01": 1.4540017583513614, "5370081.0": -0.07891635779032012, "5370085.01": 0.6855709591859557, "5370084.03": 0.7611332379733577, "5370084.02": -0.7263124071900232, "5370083.0": 0.07051109191670685, "5370082.0": -0.7511529109428382, "5370085.02": 0.2535889053402694, "5430201.0": -1.7467320700137479, "5370121.0": 0.24752736516464316, "5370142.01": -1.3532178302561486, "5370001.04": 1.4300033841919184, "5370120.03": 0.11348053812689954, "5370002.07": 0.21546564090574388, "5370120.04": 0.023796805546464395, "5370001.05": 1.604221753542992, "5370002.01": 0.885744052373442, "5370123.01": 1.1161659391604524, "5370002.03": 0.998010447427965, "5370002.04": 0.6832301544164069, "5370004.01": 0.3312003855773073, "5370001.07": 1.7112820328066962, "5370001.06": 1.9626760845612652, "5370080.03": -0.18250879893794014, "5370005.03": 0.26240819953623123, "5370005.02": 0.7034203468269528, "5370005.01": 0.626934346047952, "5370006.0": -0.06384724861163085, "5370026.04": 1.3877972363198448, "5370004.02": 0.7610940235320567, "5370026.05": 0.4973098879269598, "5370025.0": -0.16153759741187546, "5370007.0": 0.364709160134977, "5370026.03": 0.4135769371904903, "5370008.0": 0.6239322794366339, "5370026.06": -0.801944729690642, "5370009.0": 0.7449314791649636, "5370010.0": 0.7351561590919287, "5370024.0": 0.30423414423840245, "5370023.0": -0.26286124878668193, "5370022.0": -0.33837934843703305, "5370003.04": -0.04539546666825155, "5370003.03": 0.5504499779350077, "5370003.02": 0.04977664820217422, "5370124.0": -0.05142236817080599, "5370011.0": 0.3305713834249424, "5370003.01": -0.8495932332918071, "5370012.0": 0.3971166459763385, "5370015.0": -0.343175271962111, "5370013.0": -0.12659523350998508, "5370014.0": 0.1734012147240329, "5410140.01": 0.2967357247381713, "5370016.0": -0.4032126596419376, "5370130.03": -0.2619313758247459, "5370019.0": -0.4704191461524751, "5370133.01": 0.1159594794112603, "5370130.02": -0.4378630344010658, "5370044.0": -0.3001028931279839, "5370017.0": -1.2808002483941106, "5370043.0": -1.0363848431548521, "5370034.0": -1.0003786006161932, "5370026.02": 0.42480445059443334, "5370026.01": 0.4152180563257949, "5370021.0": -0.05704224280993881, "5370027.0": 0.37202544766278783, "5370020.0": -0.25175986714347065, "5370028.0": 0.03998967647101528, "5370029.0": 0.12213107176846259, "5370030.0": -0.20463841984451997, "5370031.0": -0.40647855171081637, "5370032.0": -0.32956879869956307, "5370072.02": -0.8689083698726096, "5370033.0": -0.3513270966053971, "5370055.0": -0.07910088643764701, "5370035.0": -1.2759817051434248, "5370054.0": 0.06878341757789604, "5370071.0": -1.1373797505762058, "5370053.0": -0.33476348143304097, "5370056.0": -0.406044529424162, "5370052.0": -0.458284809472922, "5370051.0": -0.6494389067453643, "5370038.0": -1.938856156798808, "5370039.0": -1.984439314171859, "5370040.0": -1.340282335525333, "5370042.0": -1.2479785205089495, "5370036.0": -2.0881970814301556, "5370133.02": -0.5394739771760554, "5370037.0": -2.14715282924365, "5370041.0": -1.8795039035688093, "5370049.0": -1.6517858781769916, "5370045.0": -0.4842285689940898, "5370050.0": -1.1580128697062313, "5370057.0": -0.8548292028460049, "5370058.0": -0.7355497478142358, "5370059.0": -0.936810227141373, "5370060.0": -0.5773198682825545, "5370061.0": -0.5252143431990013, "5370062.0": -0.5389111498597252, "5370063.0": -0.9334311982701708, "5370070.0": -0.9383681327044935, "5370069.0": -0.42331023938715495, "5370132.0": 0.7481012431996824, "5370048.0": -1.8154222024802553, "5370064.0": -1.1850262551991722, "5370046.0": -0.7280717486695183, "5370047.0": -1.7877269923661883, "5370141.0": 0.15030013835721226, "5370066.0": -0.8429164245127871, "5370131.0": -0.47457871380625943, "5370065.0": -0.6476980177475361, "5370202.0": -0.23523703384180938, "5370067.0": -0.4339776029008547, "5370068.0": -0.545439176409919, "5370073.0": -2.0770474765349904, "5370203.0": 0.5827327522489465, "5370204.0": -1.5700381519545743, "5370142.02": 0.9431392743863797, "5370084.05": 0.9216118745919979, "5370085.03": 0.8707134799490776, "5370084.01": -0.47205989696737466, "5370072.04": -0.8929970064888976, "5370072.03": -0.5742901134330441, "5370084.04": 0.5533988491441594, "5370072.01": 0.16503112441193116, "5370300.0": -0.6165371468666072, "5370086.01": 1.3323765164659989, "5370301.01": 3.417006090645298, "5370086.02": 1.7080552658142298, "5370140.04": 0.8605693238211761, "5370201.0": -0.021183092343454706, "5370200.0": 0.4801293773880181, "5370140.06": 1.3045606422719207, "5370140.05": 0.7187595929037148, "5370143.0": 0.13455117430255611, "5370140.08": 0.33511350153716946, "5370140.07": 0.2700884282014416, "5370207.01": -0.14449892949422757, "5370144.02": 0.5129097064902903, "5370144.01": -0.46663884315177556, "5370224.02": -0.7036844902846745, "5500101.0": 0.2509781411559765, "5350620.13": -0.2245130143301206, "5350626.0": 0.4126372072708568}