{"5430101.0": -1.520542260435757, "5430200.0": -1.2757653585721425, "5370101.04": 0.509243196127622, "5370120.02": 0.8110461948412815, "5370101.03": -0.27328633585953066, "5370122.01": 0.5106240960778585, "5370123.02": 1.1531910307978914, "5370002.08": 1.070554328224419, "5370002.06": 0.9802248069479914, "5370122.02": 0.6622101353179203, "5370100.05": 1.415109015814387, "5370101.02": 0.8693158960145485, "5370100.04": 1.793440924091298, "5370100.03": 1.1497130044470532, "5370080.05": 0.6238420603203095, "5370001.09": 1.7155518020798761, "5370001.02": 0.7600461724803148, "5370001.01": 1.238617267290901, "5370001.08": 1.2522256540354806, "5370080.06": 1.7695647778730073, "5370100.06": 1.588324128106259, "5370080.07": 1.9915964739726808, "5370080.01": 1.127632571478927, "5370081.0": -0.38244827878478105, "5370085.01": 0.3955434279393421, "5370084.03": 0.17697722903306823, "5370084.02": -0.971625227435261, "5370083.0": -0.6196861715744483, "5370082.0": -0.5918708970074669, "5370085.02": 0.1570219213373752, "5430201.0": -1.4345881534894755, "5370121.0": 1.0551073263875652, "5370142.01": 0.4104832053177178, "5370001.04": 1.408221345546345, "5370120.03": 1.0227173160884395, "5370002.07": 0.4694448689193198, "5370120.04": 0.48527458671568435, "5370001.05": 1.3724638715588038, "5370002.01": 0.6223994300445135, "5370123.01": 1.6645438058554414, "5370002.03": 0.5627986270080504, "5370002.04": 0.5405722320720878, "5370004.01": 0.11809972086463312, "5370001.07": 0.8121275787909861, "5370001.06": 1.1643192890445067, "5370080.03": -0.7197434864994086, "5370005.03": -0.46584298698145027, "5370005.02": 0.02971991585054092, "5370005.01": -0.005029143614167936, "5370006.0": -0.8334440143474247, "5370026.04": 0.41855120977969895, "5370004.02": 0.37102626683364914, "5370026.05": -0.3467958777761777, "5370025.0": -0.799870085456122, "5370007.0": -0.15223044272490255, "5370026.03": -0.12459485486040307, "5370008.0": 0.03120607106995784, "5370026.06": -1.1629486820749615, "5370009.0": 0.2027652376889507, "5370010.0": 0.13299535951397126, "5370024.0": -0.5113314132413348, "5370023.0": -0.6269461749575455, "5370022.0": -0.6356281290424494, "5370003.04": -0.46766112776207985, "5370003.03": -0.17450507750478286, "5370003.02": -0.2234948999318198, "5370124.0": 0.25869909432421734, "5370011.0": -0.2432187574692751, "5370003.01": -0.7369017853897005, "5370012.0": -0.775722196888857, "5370015.0": -0.7588802994034107, "5370013.0": -0.8677671919433577, "5370014.0": -0.5595217069487406, "5410140.01": 1.1152733100332846, "5370016.0": -0.4102738544091319, "5370130.03": 0.24566620997405442, "5370018.0": -0.5579837418693244, "5370019.0": -1.0668896319648717, "5370133.01": 0.3068659292532406, "5370130.02": -0.021675134193059085, "5370044.0": 0.15963752003257584, "5370017.0": -1.0396432743937276, "5370043.0": -0.7548995453175488, "5370034.0": -0.6977647298355284, "5370026.02": -0.19335695829951347, "5370026.01": -0.5302157700187575, "5370021.0": -0.4271197558252272, "5370027.0": -0.4276232786338659, "5370020.0": -0.21041568955442247, "5370028.0": -0.6311563764438317, "5370029.0": -0.7045701256767967, "5370030.0": -0.8900910529151875, "5370031.0": -0.7681699869733751, "5370032.0": -0.5460069014812445, "5370072.02": -0.703509535804245, "5370033.0": -0.11120197590994259, "5370055.0": -0.5750900483766741, "5370035.0": -0.4434063493654143, "5370054.0": -0.6457455772051153, "5370071.0": -1.4301345114986646, "5370053.0": -0.8922752726534595, "5370056.0": -0.9794802889386852, "5370052.0": -0.9320813358790234, "5370051.0": -0.6729087897634715, "5370038.0": -0.2740971409638208, "5370039.0": -1.1099393708006404, "5370040.0": -0.551584960994213, "5370042.0": -1.0793144521856384, "5370036.0": -0.8464581380051326, "5370133.02": -0.23219347800974083, "5370037.0": -1.0639829907846188, "5370041.0": -1.110181254990146, "5370049.0": -1.2205372365354235, "5370045.0": -0.08793045617831836, "5370050.0": -0.8883952126203738, "5370057.0": -1.321278843684498, "5370058.0": -1.3969406946683423, "5370059.0": -1.4230671692479286, "5370060.0": -1.113792189265729, "5370061.0": -1.0870428119263544, "5370062.0": -0.7725102579683611, "5370063.0": -1.016258410023545, "5370070.0": -1.2730244702692202, "5370069.0": -0.8950187272891964, "5370132.0": 1.0005593234224985, "5370048.0": -1.4280526913760547, "5370064.0": -1.0811344594946855, "5370046.0": -0.703408189844952, "5370047.0": -1.4045300318052776, "5370141.0": 0.549706518358168, "5370066.0": -1.315738657216484, "5370131.0": 0.014646997175528387, "5370065.0": -0.1761851322168785, "5370202.0": -0.0668822310880305, "5370067.0": -0.9863359517287527, "5370068.0": -1.1300797547829229, "5370073.0": -2.2483855827377015, "5370203.0": 1.788106550444036, "5370204.0": -1.6016045903286265, "5370142.02": 2.452069026901085, "5370084.05": 0.3532378717447848, "5370085.03": 0.8089722625404682, "5370084.01": -0.9105192025064082, "5370072.04": -0.5864404055001043, "5370072.03": -0.9224494410118688, "5370084.04": 0.16826461708199908, "5370072.01": -0.03329634287034256, "5370300.0": -0.5414427391014219, "5370086.01": 1.4135632886879017, "5370301.01": 3.5210254155365535, "5370086.02": 2.2121063963197756, "5370140.04": 1.1400555223733226, "5370201.0": 1.0410532741802234, "5370200.0": 0.9430517593211366, "5370140.06": 1.1112089227840296, "5370140.05": 0.9217487833356321, "5370143.0": 1.0498370647001454, "5370140.08": 0.8347255886235447, "5370140.07": 0.48222155567032365, "5370207.01": 0.9632992389322078, "5370144.02": 1.2514050441614692, "5370144.01": 1.1405417411332113, "5370224.02": 0.17982803177233223, "5500101.0": 1.6745772098119391, "5350620.13": 1.4168386668515838, "5350626.0": 2.2903680661173405}