{"5430101.0": -0.8545290474337257, "5430200.0": -0.002551759793244654, "5370101.04": -1.5397606407568876, "5370120.02": -0.6889817410470863, "5370101.03": -0.715334175680705, "5370122.01": -0.8062904410090321, "5370123.02": 0.5495651814166864, "5370002.08": 1.10137532334531, "5370002.06": 0.47995329832558586, "5370122.02": -0.7823650647202286, "5370100.05": -0.6783407694006761, "5370101.02": -2.0694404432120663, "5370100.04": 1.361211928014284, "5370100.03": 0.4543740225464124, "5370080.05": 1.2942584745347883, "5370001.09": 0.566927686398173, "5370001.02": -0.08208820367980736, "5370001.01": 0.858270463424687, "5370001.08": 0.8295765107654521, "5370080.06": 1.301875920886602, "5370100.06": 0.5476867714546174, "5370080.07": 1.5660003352551057, "5370080.01": 1.4688389736411134, "5370081.0": 0.1759170695587974, "5370085.01": 1.460261570495153, "5370084.03": 0.03699438022148664, "5370084.02": 0.17265939599061747, "5370083.0": -0.0419808239443661, "5370082.0": 0.83386689700046, "5370085.02": 0.6534653381025413, "5430201.0": -1.283057474702762, "5370121.0": -2.04713026468507, "5370142.01": -6.466619795660461, "5370001.04": 1.2715154525975376, "5370120.03": 0.2363833941389151, "5370002.07": 0.3294816305026681, "5370120.04": 0.7580564065357636, "5370001.05": 0.6597626428984397, "5370002.01": 1.1380527860719418, "5370123.01": 0.5000365776386587, "5370002.03": 0.25336016680240897, "5370002.04": 0.8932811680968178, "5370004.01": 0.3606103125474658, "5370001.07": -0.22785832398772787, "5370001.06": 0.8960131332613215, "5370080.03": -0.07980482056380125, "5370005.03": -0.08517648796944995, "5370005.02": 0.04059792036123402, "5370005.01": 0.6790880229670522, "5370006.0": -0.9059134051907711, "5370026.04": 1.3569023198459362, "5370004.02": 1.002405384817318, "5370026.05": 0.43633011076338846, "5370025.0": -0.5583971790716467, "5370007.0": 0.08838828147131146, "5370026.03": 1.235539685208467, "5370008.0": 0.42161369878470756, "5370026.06": 0.6035375913503204, "5370009.0": 0.6363457137079219, "5370010.0": 0.23268235951263946, "5370024.0": -0.32786859991776407, "5370023.0": 0.16851715032361148, "5370022.0": 0.4599696747336064, "5370003.04": 0.1539117344560517, "5370003.03": -1.0508327172896414, "5370003.02": -0.7492481723328988, "5370124.0": -0.811601143402337, "5370011.0": -0.3214841939579738, "5370003.01": -1.038413305211052, "5370012.0": -0.6766471864821175, "5370015.0": -0.7347880242017294, "5370013.0": -0.599377092984313, "5370014.0": -0.7134330755092708, "5410140.01": -0.9361683103862578, "5370016.0": -1.5386628549540735, "5370130.03": -1.176285390350408, "5370019.0": -0.5364443280053832, "5370133.01": -1.4578128538778632, "5370130.02": -0.5631056625055737, "5370044.0": -0.9216112898525713, "5370017.0": -0.8776479881067637, "5370043.0": -1.132835529752065, "5370034.0": -0.008760825135754421, "5370026.02": 1.4386011129437293, "5370026.01": 0.7891777874930626, "5370021.0": 0.49294991877087335, "5370027.0": 0.45581940302596474, "5370020.0": 0.7472847131878265, "5370028.0": -0.5482164999821998, "5370029.0": -1.3872560835764323, "5370030.0": -0.9079042913644376, "5370031.0": -0.9039231359016008, "5370032.0": 0.24342513635450147, "5370072.02": 0.9849672304054414, "5370033.0": 0.6144085873873323, "5370055.0": -0.6302724236616948, "5370035.0": 1.1553735859680934, "5370054.0": -0.3373292056949896, "5370071.0": -0.2355943793742392, "5370053.0": -0.7564296828075586, "5370056.0": -0.6661931429451015, "5370052.0": -0.3499363476230961, "5370051.0": 0.2766753478719443, "5370038.0": 0.5531482455063319, "5370039.0": -0.4805960682968034, "5370040.0": -0.6282831299438151, "5370042.0": -1.4850330167070516, "5370036.0": 0.6763760127893884, "5370133.02": -1.556245917059234, "5370037.0": -0.38498376667722733, "5370041.0": -0.4457592345173111, "5370049.0": 0.4527689335661634, "5370045.0": -0.8119104856335805, "5370050.0": -0.08870587673656466, "5370057.0": -0.6668044378097244, "5370058.0": -0.7533478215402337, "5370059.0": -0.6062779174769168, "5370060.0": -0.4474441448999292, "5370061.0": -0.06150198732898783, "5370062.0": 0.6187559651110695, "5370063.0": 0.3332263599563583, "5370070.0": -0.406767288653634, "5370069.0": -0.15004708335591554, "5370132.0": -1.0242549573316047, "5370048.0": -0.0031087092236871234, "5370064.0": 0.26049506649052473, "5370046.0": -0.4863964409488966, "5370047.0": -0.2193841421454047, "5370141.0": -0.4500461675997843, "5370066.0": 0.1941945417928153, "5370131.0": -0.5866927308773029, "5370065.0": -0.3340479898656424, "5370202.0": 0.32069171789331546, "5370067.0": 0.0013767395350707554, "5370068.0": -0.19803125837536026, "5370073.0": -0.9508795860577998, "5370203.0": -0.06144970959298162, "5370204.0": -0.48437128691739856, "5370142.02": 0.08473749181352024, "5370084.05": 0.3541767862787415, "5370085.03": 1.3440211890277838, "5370084.01": -0.1332763023638205, "5370072.04": 0.21548067751948466, "5370072.03": 0.5789244212789355, "5370084.04": 0.6537636112881782, "5370072.01": 0.8534050789277725, "5370300.0": 2.5065912969462723, "5370086.01": 2.2259320867570436, "5370301.01": 1.929547888447587, "5370086.02": 1.4871519202261854, "5370140.04": 0.9796068406710952, "5370201.0": -0.3419085021087493, "5370200.0": -0.06443501375793871, "5370140.06": 0.5866555709385124, "5370140.05": 0.04173385597080326, "5370143.0": -0.48864400481052817, "5370140.08": -0.005650577353920623, "5370140.07": 1.1711580818494527, "5370207.01": 2.785489213263587, "5370144.02": 0.8619740291201611, "5370144.01": -1.6400775609785585, "5370224.02": 0.35589455425511163, "5500101.0": -0.24109013835831447, "5350620.13": -0.8067160726877706, "5350626.0": 0.15445006624564098}