{"5430101.0": 0.4980643884176899, "5430200.0": 1.3332130759340106, "5370101.04": -1.8543145387301614, "5370120.02": -1.5820451662017172, "5370101.03": -0.38622918622003233, "5370122.01": -0.018470898390050162, "5370123.02": -1.1475106297116242, "5370002.08": -0.9750295702361232, "5370002.06": -0.3819618079557777, "5370122.02": -0.13294895193209413, "5370100.05": -0.2605758989398542, "5370101.02": -2.8066474204302523, "5370100.04": 0.6222250759054255, "5370100.03": 0.5717834287332855, "5370080.05": 0.05560431701287909, "5370001.09": -0.008502035412465591, "5370001.02": 0.2467699601583192, "5370001.01": -0.7318816289167607, "5370001.08": 0.2955968008723517, "5370080.06": -1.1004517705571115, "5370100.06": -1.2083812444025044, "5370080.07": -1.5778112722605162, "5370080.01": 0.602624019799162, "5370081.0": -0.22557045628105665, "5370085.01": 1.0983384257205349, "5370084.03": 0.41970865060840357, "5370084.02": 0.6625090241913109, "5370083.0": 0.19552492232148466, "5370082.0": 0.11226237888451567, "5370085.02": 1.1511339131479534, "5430201.0": 0.8883968353526496, "5370121.0": -1.9877818082314178, "5370142.01": -5.157676309730094, "5370001.04": -0.04662867398301495, "5370120.03": -0.3136209780782738, "5370002.07": -0.14530592147209928, "5370120.04": 0.1793782927261436, "5370001.05": 0.2091336230087604, "5370002.01": 0.07481292529192769, "5370123.01": -1.0055897791818251, "5370002.03": -0.33092167290355545, "5370002.04": -0.007225883136438103, "5370004.01": 0.12944022966571236, "5370001.07": -0.3719377307162093, "5370001.06": 0.058367685769467874, "5370080.03": -0.30557536983183264, "5370005.03": -0.658622558003905, "5370005.02": -0.39304645654156745, "5370005.01": 0.05691799450936181, "5370006.0": -0.7730547973190417, "5370026.04": -1.6862516244643433, "5370004.02": 0.4955078761296639, "5370026.05": -1.2789490656065228, "5370025.0": -1.1870539158489901, "5370007.0": -0.4421496378394409, "5370026.03": -0.6290262057154604, "5370008.0": -0.5348114427852547, "5370026.06": -0.08780579699575561, "5370009.0": -0.2400316675873126, "5370010.0": 0.10421326114296181, "5370024.0": -0.6925398664169287, "5370023.0": -0.16403047181873967, "5370022.0": 0.15734524165113453, "5370003.04": 0.23643967291665663, "5370003.03": -0.3538254001715409, "5370003.02": -0.09944040103741272, "5370124.0": 0.0077165327251283704, "5370011.0": -0.19531275209765098, "5370003.01": 0.15945790973566432, "5370012.0": -0.2994172632712837, "5370015.0": -0.5300148963930531, "5370013.0": -0.4661992770790846, "5370014.0": -0.7087973655709455, "5410140.01": 0.8424863978249842, "5370016.0": -0.5512200687317895, "5370130.03": -0.8778804856557334, "5370019.0": -0.2529012208913816, "5370133.01": -0.6934233165016827, "5370130.02": -0.33432668324190623, "5370044.0": -0.005552253463212165, "5370017.0": -1.302064077005669, "5370043.0": -0.36379348332124517, "5370034.0": 0.17965353468473172, "5370026.02": -0.22020250274439387, "5370026.01": -0.354513512474885, "5370021.0": 0.2420130374283006, "5370027.0": -0.8454390962316657, "5370020.0": 0.01682222906870404, "5370028.0": -0.973622450563284, "5370029.0": -0.6598250965736318, "5370030.0": -0.24036910840133782, "5370031.0": 0.17280487087063387, "5370032.0": 0.19394514980019692, "5370072.02": 0.16524329344647226, "5370033.0": 0.01955326494706301, "5370055.0": -0.34017719008919384, "5370035.0": 0.2907804442466957, "5370054.0": -0.12868780815723985, "5370071.0": 0.6772921409643656, "5370053.0": 0.34358722563419963, "5370056.0": 0.06587951839375594, "5370052.0": 0.7506123371154445, "5370051.0": 1.0422749214742437, "5370038.0": -0.7099903082911817, "5370039.0": 0.27189846532005224, "5370040.0": -0.5342709012287932, "5370042.0": -0.3741414301483909, "5370036.0": 0.2427868635935746, "5370133.02": -0.6239776233455918, "5370037.0": -0.07913377126151712, "5370041.0": -0.2277602285597261, "5370049.0": 0.8006143233474292, "5370045.0": -0.79585809916331, "5370050.0": 0.9149258492176155, "5370057.0": 0.5959947168118132, "5370058.0": 0.721058150860652, "5370059.0": 1.0824766031959319, "5370060.0": 1.0655093257458625, "5370061.0": 1.5716062635233063, "5370062.0": 1.037279501659585, "5370063.0": 0.901766739983515, "5370070.0": 0.965204435909916, "5370069.0": 1.1520022322222, "5370132.0": -0.8182236877296872, "5370048.0": 0.4294085903109632, "5370064.0": 0.5448969032434269, "5370046.0": -0.02987121396970136, "5370047.0": 0.47791719302956476, "5370141.0": -0.3012571680881525, "5370066.0": 1.1939749110211508, "5370131.0": -0.16852441726917097, "5370065.0": -0.6412935625934134, "5370202.0": -0.20085670221475813, "5370067.0": 1.0132335599092512, "5370068.0": 1.0717755300670027, "5370073.0": 1.9809634596756993, "5370203.0": -2.867583961394649, "5370204.0": 0.6884474907331092, "5370142.02": 2.3613970344916284, "5370084.05": 0.587461065679336, "5370085.03": 1.6564748633946162, "5370084.01": 0.791326217630175, "5370072.04": 0.043358164515553466, "5370072.03": 0.4699313396688134, "5370084.04": 1.1182065066975337, "5370300.0": 2.915881980136266, "5370086.01": 2.490767494041785, "5370301.01": 3.457094928232179, "5370086.02": 2.3358969003173367, "5370140.04": -0.2290524397420709, "5370201.0": -1.704807140206578, "5370200.0": 0.24667941300760254, "5370140.06": 0.02999878970976212, "5370140.05": 0.4377991861432743, "5370143.0": -1.026603510660891, "5370140.08": -0.06294558001930421, "5370140.07": 0.7452356280288195, "5370207.01": -0.45659851922067424, "5370144.02": 0.055269126554524796, "5370144.01": -0.6732393233266185, "5370224.02": 0.393127060356872, "5500101.0": 1.6795809339777694, "5350620.13": -0.21654472888463186, "5350626.0": 0.21284756757645604}