{"5430101.0": -0.9614851008673557, "5430200.0": -1.0978234568432559, "5370101.04": -1.1883922439821992, "5370120.02": -0.26194996811531013, "5370101.03": -0.7940143038669396, "5370122.01": -0.41755335779061814, "5370123.02": -0.5283110296206216, "5370002.08": 0.0039058170274241574, "5370002.06": -0.6716001548319273, "5370122.02": -0.27058645046800067, "5370100.05": -0.5143776063787278, "5370101.02": -0.9550063082439864, "5370100.04": -0.33197438457191947, "5370100.03": -0.5358005399000675, "5370080.05": -0.6053212431815954, "5370001.09": -0.5933834806234636, "5370001.02": -0.7193819674566598, "5370001.01": -0.392805897409662, "5370001.08": -0.4045020248641494, "5370080.06": -0.5107073604001887, "5370100.06": -0.6837971866564981, "5370080.07": -0.6069487038285742, "5370080.01": -0.2801950780516367, "5370081.0": -0.8211626607529107, "5370085.01": -0.6268250037273605, "5370084.03": -0.7339211530252403, "5370084.02": -0.8050917427647655, "5370083.0": -0.6762090873128616, "5370082.0": -0.491509649132656, "5370085.02": -0.26189892104722073, "5430201.0": -0.7517078726701202, "5370121.0": -0.6109290816655188, "5370142.01": -1.3695809009033133, "5370001.04": -0.4753430036401343, "5370120.03": 0.6496528019503163, "5370002.07": 0.006488049789125786, "5370120.04": -0.571112097356768, "5370001.05": -0.18056774642129197, "5370002.01": -0.41530742192744413, "5370123.01": 0.3748078307906793, "5370002.03": -0.43560571124817016, "5370002.04": -0.08919747627367677, "5370004.01": -0.05996147991300299, "5370001.07": -0.6256483250253979, "5370001.06": -0.31523591118991684, "5370080.03": -0.8830293080356304, "5370005.03": -0.6029811713623493, "5370005.02": -0.4472766487138278, "5370005.01": -0.41076552487622037, "5370006.0": -0.760441222734965, "5370026.04": -0.514984468906477, "5370004.02": -0.2431727698558809, "5370026.05": -0.4974167304890708, "5370025.0": -0.5115698807090342, "5370007.0": -0.3182938181551326, "5370026.03": -0.5123403932606699, "5370008.0": -0.13055222908995287, "5370026.06": -0.7120618297302127, "5370009.0": 0.09563168008857052, "5370010.0": -0.1329836358917579, "5370024.0": -0.42255979492918483, "5370023.0": -0.09327625889900666, "5370022.0": -0.07289388211188648, "5370003.04": -0.43146358483233943, "5370003.03": -0.407176828852398, "5370003.02": -0.5415519252717176, "5370124.0": -0.27599864898109994, "5370011.0": -0.02167594278874917, "5370003.01": -0.7201552877878686, "5370012.0": -0.1094342431919264, "5370015.0": -0.6783735897408906, "5370013.0": -0.23833812364239995, "5370014.0": -0.43664079143212386, "5410140.01": -0.3345029691709585, "5370016.0": -0.5580083934021437, "5370130.03": -0.38546895071998555, "5370019.0": 0.5042597923163397, "5370133.01": -0.42497195033867846, "5370130.02": 1.1533849346150165, "5370044.0": 1.5613791488096582, "5370017.0": 1.3228054386028003, "5370043.0": 1.9245329885720202, "5370034.0": 1.4664947530011543, "5370026.02": -0.315767839568769, "5370026.01": -0.34624132263480106, "5370021.0": 0.1519330872911312, "5370027.0": -0.25679676660249173, "5370020.0": 0.6608585371932012, "5370028.0": -0.2007992884091108, "5370029.0": -0.6507644696231618, "5370030.0": -0.302999436766719, "5370031.0": -0.287226819502495, "5370032.0": 0.3466178242163831, "5370072.02": -0.24427715287580956, "5370033.0": 1.041384032305136, "5370055.0": -0.3870264963573748, "5370035.0": 2.2902874276256586, "5370054.0": -0.2284489791455026, "5370071.0": -0.5753899615690602, "5370053.0": -0.23542388293185704, "5370056.0": -0.2907983935991717, "5370052.0": 0.3095914657215656, "5370051.0": 0.5573001084505292, "5370038.0": 4.39145120660727, "5370039.0": 2.6672785769933562, "5370040.0": 0.8365780342293623, "5370042.0": 1.891091974184955, "5370036.0": 3.810948796909295, "5370133.02": -0.5313041791904882, "5370037.0": 2.7216492225897992, "5370041.0": 2.6270584449594203, "5370049.0": 2.542258598791969, "5370045.0": 2.580639909827055, "5370050.0": 1.6624813872274162, "5370057.0": -0.7240122720227841, "5370058.0": -0.41413126739302225, "5370059.0": -0.35270079304214624, "5370060.0": -0.03419881860090715, "5370061.0": -0.14505427085174935, "5370062.0": 0.9388455361792171, "5370063.0": 0.9194903731859536, "5370070.0": -0.3271488989492185, "5370069.0": -0.36156823010569894, "5370132.0": -0.13478458636890442, "5370048.0": 2.561778942441178, "5370064.0": 1.2928971493057138, "5370046.0": 1.8640116706734517, "5370047.0": 2.465173601835873, "5370141.0": -0.501134085884748, "5370066.0": -0.0639790311435777, "5370131.0": 0.7049260017976859, "5370065.0": 1.221137228588572, "5370202.0": -0.13907413735505034, "5370067.0": 0.06868829323376267, "5370068.0": -0.33845655919606205, "5370073.0": -0.8131127558080875, "5370203.0": 0.08882759215926607, "5370204.0": -0.9500760959214706, "5370142.02": -0.09908954498107116, "5370084.05": -0.4030388882752738, "5370085.03": -0.4099807357555942, "5370084.01": -0.36116095574933504, "5370072.04": -0.2921095104033641, "5370072.03": -0.48108621080068237, "5370084.04": -0.5369247197153129, "5370300.0": -0.979387416465134, "5370086.01": -0.6006349967639788, "5370301.01": -0.8683139419686118, "5370086.02": 0.0003582675093183766, "5370140.04": 0.09642629039959141, "5370201.0": -0.20456139522958092, "5370200.0": 0.48355187804648064, "5370140.06": -0.6549074340333063, "5370140.05": -0.5902816626117976, "5370143.0": -0.5694577265156648, "5370140.08": -0.6994056393028322, "5370140.07": 0.12964708384415427, "5370207.01": 3.499401092572921, "5370144.02": 0.083894818541404, "5370144.01": -0.6174369590666816, "5370224.02": 0.31333585691668703, "5500101.0": -0.40335337218138756, "5350620.13": -0.7746709792495869, "5350626.0": -0.7135507755727412}