{"5430101.0": -1.8686412059322617, "5430200.0": -1.5324001714333322, "5370101.04": -1.770051528950596, "5370120.02": -1.4381173864378927, "5370101.03": -1.1760874361628717, "5370122.01": -1.0914092701577816, "5370123.02": -1.0700423029399826, "5370002.08": -0.35129870230083843, "5370002.06": -0.5045031546681551, "5370122.02": -0.9094851924674453, "5370100.05": -0.6651378644604546, "5370101.02": -1.8748944098668783, "5370100.04": 0.08342357937741679, "5370100.03": -0.41523177754699314, "5370080.05": -0.48551914032108656, "5370001.09": 0.133440974852754, "5370001.02": -0.4094791503068141, "5370001.01": 0.18780931374589097, "5370001.08": 0.16139709836597468, "5370080.06": 0.14503314941747958, "5370100.06": -0.8876529061536526, "5370080.07": 0.06173814297468162, "5370080.01": -0.03368072133768161, "5370081.0": -0.27246532828191994, "5370085.01": -0.5282454427470186, "5370084.03": -0.7444894629456063, "5370084.02": -0.9067754010331416, "5370083.0": -0.31996010004601305, "5370082.0": 0.4143779140623453, "5370085.02": -0.3725828114231153, "5430201.0": -1.7964984166529936, "5370121.0": -1.6477056834543091, "5370142.01": -4.632906496045388, "5370001.04": -0.015999905616542034, "5370120.03": -0.45877551287868146, "5370002.07": -0.5713195189708392, "5370120.04": -0.9716544235016272, "5370001.05": 0.6098608854746882, "5370002.01": -0.058725280237930555, "5370123.01": -0.1454002494252384, "5370002.03": -0.3172353743891512, "5370002.04": -0.44771311184691104, "5370004.01": 0.20374742743912383, "5370001.07": 0.05992038591722265, "5370001.06": 0.5160644655573179, "5370080.03": -1.1884867492818396, "5370005.03": -0.3863946226080572, "5370005.02": -0.23332491049628737, "5370005.01": -0.030333430749369516, "5370006.0": -0.971767315891183, "5370026.04": 0.0664530260634869, "5370004.02": 0.283181331667556, "5370026.05": -0.2770494085465126, "5370025.0": -0.6766299854473212, "5370007.0": 0.07614081470549715, "5370026.03": 0.3421111667359273, "5370008.0": 0.5269123816457056, "5370026.06": -0.6870779317056168, "5370009.0": 0.9406033418305458, "5370010.0": 0.6098795278129205, "5370024.0": -0.6299917282872579, "5370023.0": 0.21092366259642464, "5370022.0": 0.17177145681802355, "5370003.04": -0.6396322669315103, "5370003.03": -0.7414229640595302, "5370003.02": -0.937909459325719, "5370124.0": -0.35820112779892854, "5370011.0": 0.40895414740939495, "5370003.01": -1.2826633271066021, "5370012.0": 0.11761334618584003, "5370015.0": -1.067769259824166, "5370013.0": -0.37378821701188547, "5370014.0": -0.7887782278779685, "5410140.01": -0.24198333691656715, "5370016.0": -0.8145709437060443, "5370130.03": -0.6674340943616104, "5370019.0": 0.7886851543500797, "5370133.01": -0.684070977393935, "5370130.02": 0.2311898867128568, "5370044.0": -0.13219746655301406, "5370017.0": 0.7926052512229831, "5370043.0": 0.33439588976514056, "5370034.0": 1.432011085021165, "5370026.02": 0.664739991132904, "5370026.01": 0.4039564011780946, "5370021.0": 0.6686880231445487, "5370027.0": 0.46840927150009914, "5370020.0": 1.3740121358194595, "5370028.0": 0.3777124496949746, "5370029.0": -0.41015494169165334, "5370030.0": -0.24920383458642922, "5370031.0": 0.1326048300463796, "5370032.0": 0.9026776976625573, "5370072.02": 1.082945632876881, "5370033.0": 2.5768070530870815, "5370055.0": 0.35549970594146835, "5370035.0": 3.1385324497256764, "5370054.0": 0.1504055868006406, "5370071.0": -0.634410689040717, "5370053.0": 0.3777413170143083, "5370056.0": 0.17185326032456238, "5370052.0": 0.6654414146519942, "5370051.0": 1.5866599797552021, "5370038.0": 3.2556434832011343, "5370039.0": 1.124075496667236, "5370040.0": 1.1065592813597638, "5370042.0": 0.29615020166592376, "5370036.0": 3.1464695003610266, "5370133.02": -0.8971864096735244, "5370037.0": 2.210342173519403, "5370041.0": 1.4725789524691757, "5370049.0": 1.4142011775939585, "5370045.0": 0.7038930314570891, "5370050.0": 1.7375044787439844, "5370057.0": -0.358979710329999, "5370058.0": -0.1397251659312111, "5370059.0": 0.07800012757112933, "5370060.0": 0.7137264959818117, "5370061.0": 0.9582623693652262, "5370062.0": 1.6541616938928865, "5370063.0": 1.049103103107259, "5370070.0": 0.08357068238392258, "5370069.0": 0.5260410445672227, "5370132.0": -0.06132919626797422, "5370048.0": 1.0817319541515997, "5370064.0": 1.1095500554201663, "5370046.0": 0.497652416016673, "5370047.0": 0.5502715331013565, "5370141.0": -0.6247936269019145, "5370066.0": 0.24330383345717976, "5370131.0": 0.29771706945316745, "5370065.0": 0.7846182792250979, "5370202.0": -0.19320074825344852, "5370067.0": 0.628351724389228, "5370068.0": 0.24752793325320124, "5370073.0": -1.3490585025449375, "5370203.0": 2.450677709256535, "5370204.0": -1.1316736913984418, "5370142.02": 0.2983461738304595, "5370084.05": -0.28500063696215855, "5370085.03": 0.008591218594499739, "5370084.01": -0.4592111028328467, "5370072.04": 0.8674655730381785, "5370072.03": -0.06488110729397607, "5370084.04": -0.37966776627455284, "5370072.01": 1.2895446292773662, "5370300.0": -0.594217252239464, "5370086.01": 0.24662099993210235, "5370301.01": 1.0909188908337433, "5370086.02": 1.428002425781489, "5370140.04": -0.5083918874108078, "5370201.0": 0.3769228902174696, "5370200.0": -0.2801127208123252, "5370140.06": -0.6108530872807935, "5370140.05": -0.645879466051045, "5370143.0": -0.9502511180215913, "5370140.08": -0.6843736064451099, "5370140.07": -0.7303111925982892, "5370207.01": 0.3305303045197731, "5370144.02": -0.3635345130928362, "5370144.01": -1.3826349034514773, "5370224.02": -0.737463938216668, "5500101.0": 0.07086109113256756, "5350620.13": -0.9202618732812735, "5350626.0": -0.2880967251678455}