{"5430101.0": 1.6042098318416669, "5430200.0": 1.1267864050533505, "5370101.04": -0.22089668205068902, "5370120.02": -0.10092790182061631, "5370101.03": -0.3503553055149761, "5370122.01": 1.2504802692527224, "5370123.02": 0.899094051594012, "5370002.08": 0.05689642575779061, "5370002.06": -0.874001387875811, "5370122.02": 1.2556876292549186, "5370100.05": -0.9637116971737596, "5370101.02": -1.1548411091833422, "5370100.04": -1.353154056476458, "5370100.03": -0.5411393112828634, "5370080.05": -0.48341444798099964, "5370001.09": -0.8895460409942847, "5370001.02": -0.8128281879876693, "5370001.01": -0.9317140534971238, "5370001.08": -1.0280812385729197, "5370080.06": -0.45702113760968055, "5370100.06": -0.9987972008050552, "5370080.07": -0.24466572411855528, "5370080.01": -0.7706530302345004, "5370081.0": -0.16997546690941354, "5370085.01": -0.6448169781193126, "5370084.03": -0.6889508802453554, "5370084.02": -0.683343600369991, "5370083.0": -0.8877338668752077, "5370082.0": -0.6596348195720528, "5370085.02": -0.9646306958957838, "5430201.0": 1.778359796126221, "5370121.0": 0.7136140864622699, "5370142.01": 0.3152826686551203, "5370001.04": -0.8536051788973253, "5370120.03": 1.522034920881065, "5370002.07": -0.10824128328165282, "5370120.04": 0.10473389488749132, "5370001.05": -0.8443209030156388, "5370002.01": -0.7544537305020373, "5370123.01": 0.5737064241048601, "5370002.03": -0.7573757195909652, "5370002.04": -0.15883581387848852, "5370004.01": -0.9527411148597523, "5370001.07": -0.7722640667191298, "5370001.06": -0.9148002255993198, "5370080.03": -0.22635835449106462, "5370005.03": -0.4286201618807475, "5370005.02": -0.6902594755472735, "5370005.01": -0.9398071151101096, "5370006.0": -0.37916824505956803, "5370026.04": -0.40074582219486965, "5370004.02": -1.1390076965104126, "5370026.05": -0.5590063132041673, "5370025.0": -0.24122472893031943, "5370007.0": -0.6540298608324479, "5370026.03": -0.32282691148437404, "5370008.0": -0.9083427648846655, "5370026.06": -0.2481372782398404, "5370009.0": -0.9861709661866371, "5370010.0": -0.8504099045783508, "5370024.0": -0.9418343810924494, "5370023.0": -0.38198986196806206, "5370022.0": -0.4707207378434991, "5370003.04": 0.8018631594975653, "5370003.03": 1.083946620914211, "5370003.02": 1.8120810848746887, "5370124.0": 0.6555748658184893, "5370011.0": -0.6950216986699222, "5370003.01": 0.24469913445513014, "5370012.0": -0.47976930251121014, "5370015.0": 2.0627557657063584, "5370013.0": 2.2211195660929595, "5370014.0": -0.16020818533017472, "5410140.01": -0.05002837699609338, "5370016.0": 0.28040331766063453, "5370130.03": 0.7700530208569666, "5370019.0": -0.6628532829614031, "5370133.01": 1.1502518505727808, "5370130.02": 1.7901212372032658, "5370044.0": 1.320737183380739, "5370017.0": 1.8789059696381392, "5370043.0": 1.5301929538425794, "5370034.0": 0.6312158246855509, "5370026.02": -0.4740612334731782, "5370026.01": -0.5090755481430472, "5370021.0": -0.6569385802924158, "5370027.0": -0.5939667705095808, "5370020.0": -0.510891046206718, "5370028.0": -1.0612545260184008, "5370029.0": -1.1739144768150205, "5370030.0": -0.8417902152327124, "5370031.0": -0.5512658918719031, "5370032.0": -0.608107470946134, "5370072.02": -0.718455578679775, "5370033.0": -0.20184776641541108, "5370055.0": -1.1151712625120782, "5370035.0": 0.41414596403545845, "5370054.0": -1.116847931552096, "5370071.0": -1.1859269679319242, "5370053.0": -0.8478515662160132, "5370056.0": -1.1386231547476986, "5370052.0": -0.5165077417864701, "5370051.0": -0.13048318024798145, "5370038.0": 1.6435501388170752, "5370039.0": 1.9480711617100333, "5370040.0": 0.8649292668617071, "5370042.0": 1.4070048743426828, "5370036.0": 1.3774650962115107, "5370133.02": 1.1601050512865037, "5370037.0": 1.1880280372003555, "5370041.0": 1.6783924626210058, "5370049.0": 0.9039084663706984, "5370045.0": 0.5874167496817535, "5370050.0": 0.23239168671035298, "5370057.0": -1.4320691482130923, "5370058.0": -1.2792310768387654, "5370059.0": -1.117091086637325, "5370060.0": -0.8813012112044641, "5370061.0": -0.8558667748705557, "5370062.0": -0.22267166956516724, "5370063.0": 0.08524401970367128, "5370070.0": -0.8623915736504683, "5370069.0": -1.1120272989659814, "5370132.0": 0.8614336893805493, "5370048.0": 1.171072698498386, "5370064.0": 0.6049487883104107, "5370046.0": 1.2039383021096555, "5370047.0": 1.1803133653266595, "5370141.0": 0.09523968702225266, "5370066.0": -0.2270113528778798, "5370131.0": 1.2319582031332974, "5370065.0": 0.9569334970420702, "5370202.0": 0.8631887792940464, "5370067.0": -0.617260745983301, "5370068.0": -0.747869421613105, "5370073.0": -1.6939144368795618, "5370203.0": 1.594428555116921, "5370204.0": 0.8070194746495422, "5370142.02": 0.5602405633363816, "5370084.05": -0.9693792231783861, "5370085.03": -0.7564671499519414, "5370084.01": -1.1634691604257705, "5370072.04": -0.9356272671076423, "5370072.03": -0.6117808935675145, "5370084.04": -1.3531583085992274, "5370300.0": 0.6696105699316086, "5370086.01": -0.2818265010424866, "5370301.01": -1.35306649499854, "5370086.02": -0.4243439521554033, "5370140.04": 0.30166180050517954, "5370201.0": 1.2953576141303074, "5370200.0": 0.0433798659149695, "5370140.06": -0.43916612715473324, "5370140.05": -0.1114356069395503, "5370143.0": 1.2586295281892217, "5370140.08": 1.382539014671178, "5370140.07": -0.6079452862804637, "5370207.01": 0.5757966671285962, "5370144.02": 1.0817943403263086, "5370144.01": 2.292801222993148, "5370224.02": 1.2608915722652596, "5500101.0": 0.3652165750388201, "5350620.13": 3.6765617875663343, "5350626.0": 1.5569498658123195}