{"5430101.0": 0.07941258603385999, "5430200.0": 0.8839824442219046, "5370101.04": 1.2355125893898629, "5370120.02": 1.0306841459071314, "5370101.03": 0.6622293029332045, "5370122.01": 1.1462278694355077, "5370123.02": 1.9045517280605302, "5370002.08": 0.9630271946097742, "5370002.06": 0.16182535395585793, "5370122.02": 1.1535423453856803, "5370100.05": 0.38816187657478435, "5370101.02": 0.6902005713124628, "5370100.04": 0.2823668246163091, "5370100.03": -0.3051019300365532, "5370080.05": 0.033285894438708795, "5370001.09": 0.475607624943249, "5370001.02": -0.2719382797128753, "5370001.01": -0.06298061399673477, "5370001.08": -0.2947171674582856, "5370080.06": -0.21648098699056365, "5370100.06": 0.32827652679056724, "5370080.07": -0.16721418395929064, "5370080.01": 0.24226104896356035, "5370081.0": -0.5423287847061612, "5370085.01": 0.5448441178905583, "5370084.03": -0.09622493464880272, "5370084.02": -0.1975618030817201, "5370083.0": -0.5660809987300055, "5370082.0": -0.4255443076089173, "5370085.02": 0.6264647606156758, "5430201.0": -1.02889308783409, "5370121.0": 1.5531043352200198, "5370142.01": 0.4290187011482821, "5370001.04": -0.08602918776216971, "5370120.03": 1.6519807081851396, "5370002.07": 0.31084608364870203, "5370120.04": 0.7642292044968845, "5370001.05": -0.3642397518240783, "5370002.01": -0.22351223262184647, "5370123.01": 1.1100841344606183, "5370002.03": 0.06586264606838992, "5370002.04": 0.5700368204716232, "5370004.01": -0.5192335653280014, "5370001.07": -0.39310113529741664, "5370001.06": -0.5558156775387513, "5370080.03": -0.00847625951820169, "5370005.03": -0.6180710704517656, "5370005.02": -0.2809790900532297, "5370005.01": -0.6631471284322833, "5370006.0": -0.4798004009428586, "5370026.04": 0.17854497562253527, "5370004.02": -0.5983239920682527, "5370026.05": -0.4356443782443415, "5370025.0": -0.29756162918435225, "5370007.0": -0.12504024231043592, "5370026.03": -0.6424256303951484, "5370008.0": -0.6387035066558524, "5370026.06": -0.2513613970455414, "5370009.0": -0.43081177366287765, "5370010.0": -0.5314707585432181, "5370024.0": -0.10989313839045182, "5370023.0": -0.42923329703193813, "5370022.0": -0.40164284738179173, "5370003.04": -0.16598397416758565, "5370003.03": 0.3537365532049224, "5370003.02": 0.7534706541747732, "5370124.0": 1.4382733459338908, "5370011.0": -0.565691137469166, "5370003.01": 1.8606623501676431, "5370012.0": -0.08081492996040725, "5370015.0": 1.0841153527763634, "5370013.0": 0.5586577975538236, "5370014.0": 1.2183727155829187, "5410140.01": -0.5842289823514996, "5370016.0": 2.3907106631534636, "5370130.03": 0.385312367068085, "5370019.0": -0.23914462952600354, "5370133.01": 0.9974203489478811, "5370130.02": 0.9261697748227382, "5370044.0": 1.151385663510881, "5370017.0": 0.10859687525850982, "5370043.0": 0.7897056118333651, "5370034.0": 0.08129056521875129, "5370026.02": -0.6029766769567041, "5370026.01": -0.5613241130467682, "5370021.0": -0.3268358242179878, "5370027.0": -0.9196073228771661, "5370020.0": -0.4118778176907705, "5370028.0": -0.8027196227498944, "5370029.0": -0.6726793493277802, "5370030.0": -0.8322466421054778, "5370031.0": -0.8566874073802985, "5370032.0": -0.5335472587803723, "5370072.02": -1.1912803955300195, "5370033.0": -1.2345971939767868, "5370055.0": -1.1230308932910928, "5370035.0": -1.1211728470343651, "5370054.0": -1.054333730458087, "5370071.0": -0.9294486320082183, "5370053.0": -1.2142995836659998, "5370056.0": -0.9985318949718711, "5370052.0": -0.9893917916189813, "5370051.0": -1.241743483171904, "5370038.0": 0.0311089178267079, "5370039.0": 0.42641988272487724, "5370040.0": 0.42606396424237547, "5370042.0": 0.5709394683938106, "5370036.0": -1.6698946147507585, "5370133.02": 1.349498516698015, "5370037.0": -1.5341458778226378, "5370041.0": -0.7487843797904038, "5370049.0": -1.3842790025743974, "5370045.0": 0.2772846141103973, "5370050.0": -1.2571332842088256, "5370057.0": -1.4106347702830373, "5370058.0": -1.4367292285047388, "5370059.0": -1.577746421525046, "5370060.0": -1.3216007743629334, "5370061.0": -1.4507241909363038, "5370062.0": -1.5884228700253793, "5370063.0": -1.5293512151114137, "5370070.0": -0.8655228539105662, "5370069.0": -1.2351205459289252, "5370132.0": 1.5227745024805723, "5370048.0": -1.2715386307959802, "5370064.0": -1.765834533807452, "5370046.0": -0.4334302550701231, "5370047.0": -0.8568327604418914, "5370141.0": 0.6812417419306622, "5370066.0": -1.3326997626919517, "5370131.0": 0.7528829473734518, "5370065.0": -0.5706194844349256, "5370202.0": 0.44929758102603845, "5370067.0": -1.4332232590363034, "5370068.0": -1.0788121482603183, "5370073.0": -1.2127701767815011, "5370203.0": -0.4667778636302345, "5370204.0": -0.21253310931393876, "5370142.02": 0.7216420847109488, "5370084.05": 0.3915499192229239, "5370085.03": -0.08440631702026186, "5370084.01": -0.35159462431400657, "5370072.04": -1.0467514833162135, "5370072.03": -1.2561568172231432, "5370084.04": 0.20728855718155756, "5370300.0": -1.237585111260773, "5370086.01": 0.24996725958525337, "5370301.01": 0.09792688764718491, "5370086.02": -0.4353654213076417, "5370140.04": 1.8465894044464424, "5370201.0": 0.9642269920954046, "5370200.0": 1.3631940104790072, "5370140.06": 0.8572047020090897, "5370140.05": 1.1132932696775106, "5370143.0": 1.47262491343345, "5370140.08": 1.4620960241591248, "5370140.07": 1.2196731435128285, "5370207.01": 2.8622892762295815, "5370144.02": 2.0066573652416024, "5370144.01": 1.7010428234291113, "5370224.02": 1.2807041032896378, "5500101.0": 0.7448407513514357, "5350620.13": 3.390159118427174, "5350626.0": 2.566267294680088}