{"5430101.0": -0.7477239141822039, "5430200.0": -0.5453112437014624, "5370101.04": 1.2409968149519583, "5370120.02": 1.524838454333885, "5370101.03": 0.6681422001546365, "5370122.01": 0.41139256047389755, "5370123.02": 1.6473857003765697, "5370002.08": 2.5572666997697375, "5370002.06": 1.7205502856674941, "5370122.02": -0.02733637755114021, "5370100.05": 0.7065882822396738, "5370101.02": 1.1260953571710595, "5370100.04": 1.1926268148104744, "5370100.03": 1.5564718642610071, "5370080.05": -0.11724386177737729, "5370001.09": 1.5900081304516682, "5370001.02": 0.8404417931012484, "5370001.01": 0.34865009220091225, "5370001.08": 1.3348131605221385, "5370080.06": 1.4770153871630143, "5370100.06": -0.07858373500814962, "5370080.07": 1.593235400113567, "5370080.01": 1.0101906720178804, "5370081.0": -0.5477023164327502, "5370085.01": 0.4417853284967458, "5370084.03": -0.12787906002464208, "5370084.02": -0.586359506878725, "5370083.0": -0.7167808287925688, "5370082.0": -0.4442919253494041, "5370085.02": 0.33767709404817814, "5430201.0": -0.4861015417334957, "5370121.0": 0.2390222582109822, "5370142.01": -0.8023747236606472, "5370001.04": 1.797621930507629, "5370120.03": 0.6431129867644086, "5370002.07": 0.7162803599854767, "5370120.04": 1.012696808497923, "5370001.05": 0.4981976653356301, "5370002.01": 0.5472618062850751, "5370123.01": 1.7047442408533156, "5370002.03": 0.3379000299450276, "5370002.04": 0.7504236860667027, "5370004.01": 0.19890700065290892, "5370001.07": -0.09955661019428692, "5370001.06": 0.3430146039497914, "5370080.03": -0.647654948137863, "5370005.03": -0.6903998665981369, "5370005.02": -0.48042337106999133, "5370005.01": -0.18753203615220393, "5370006.0": -0.8954362741316344, "5370026.04": -0.512982389806066, "5370004.02": 0.0006069267868868303, "5370026.05": -0.8854210440679965, "5370025.0": -1.199307351177123, "5370007.0": -0.7519291825898733, "5370026.03": -0.5759142522359436, "5370008.0": -0.6302782436030828, "5370026.06": -0.7124515357539418, "5370009.0": -0.5727176332275744, "5370010.0": -0.5232277333511206, "5370024.0": -0.9295762645942214, "5370023.0": -0.7261967475456537, "5370022.0": -0.615730553608872, "5370003.04": -0.21855713033033156, "5370003.03": -0.5731817173006517, "5370003.02": -0.31971511229634525, "5370124.0": 0.4166473534374345, "5370011.0": -0.6052314833907405, "5370003.01": -0.6841146976809875, "5370012.0": -0.6810540357011848, "5370015.0": -0.3792672329415358, "5370013.0": -0.6691039720278396, "5370014.0": -0.8475340853218899, "5410140.01": 0.6956694011878214, "5370016.0": 0.4309003050545518, "5370130.03": -0.33802308801090786, "5370019.0": -0.6385953861600122, "5370133.01": -0.07477818927578336, "5370130.02": -0.4643353424744078, "5370044.0": -0.4492331138934211, "5370017.0": -0.6724641144169775, "5370043.0": -0.5806496974827603, "5370034.0": -0.31939350406066025, "5370026.02": -0.5670521726376878, "5370026.01": -0.5573950265510771, "5370021.0": -0.5667439802240426, "5370027.0": -0.8200381862067472, "5370020.0": -0.4823138297891419, "5370028.0": -0.9482384637019925, "5370029.0": -0.9743829210750194, "5370030.0": -0.9454319190775178, "5370031.0": -0.8091240537909467, "5370032.0": -0.6349236205498151, "5370072.02": -0.480262709950874, "5370033.0": -0.32107167525668473, "5370055.0": -0.8546918097828407, "5370035.0": -0.21549022944045193, "5370054.0": -0.7875026691383589, "5370071.0": -0.6755683894026494, "5370053.0": -0.7026992152772514, "5370056.0": -0.746538080374061, "5370052.0": -0.5557509594393527, "5370051.0": -0.41568052494008223, "5370038.0": -0.1032230116306052, "5370039.0": -0.450874299423631, "5370040.0": -0.5703703262611218, "5370042.0": -0.6646819845570758, "5370036.0": -0.17523477233234447, "5370133.02": -0.5129187779719857, "5370037.0": -0.3450023182582333, "5370041.0": -0.6867636740095967, "5370049.0": -0.4000610654236117, "5370045.0": -0.6112375409582058, "5370050.0": -0.27411102876263815, "5370057.0": -0.6798539933279655, "5370058.0": -0.6990857506319921, "5370059.0": -0.6240571746266224, "5370060.0": -0.5269756751862459, "5370061.0": -0.37895184482416805, "5370062.0": -0.28229540936458053, "5370063.0": -0.37710946492806713, "5370070.0": -0.38014977969996966, "5370069.0": -0.33967806889779334, "5370132.0": 0.15336465824315426, "5370048.0": -0.3535295129521138, "5370064.0": -0.3190899096540876, "5370046.0": -0.620113630754805, "5370047.0": -0.5740052000347815, "5370141.0": 0.13272109540537377, "5370066.0": -0.41949041751586097, "5370131.0": 0.05997077986958803, "5370065.0": -0.1866137024323823, "5370202.0": -0.050098933181911845, "5370067.0": -0.5430992313062996, "5370068.0": -0.46763167793178545, "5370073.0": -0.5710003046394678, "5370203.0": 0.9805196735997885, "5370204.0": -0.9642224183196755, "5370142.02": 1.4795562785018954, "5370084.05": 0.21386365005197633, "5370085.03": 0.8531907994684738, "5370084.01": -0.36602213098081493, "5370072.04": -0.3854979621451233, "5370072.03": -0.5847817365780613, "5370084.04": 0.37478561713364644, "5370072.01": -0.011437588253678759, "5370300.0": 0.3313068447413063, "5370086.01": 3.204718799744739, "5370301.01": 7.89512557322299, "5370086.02": 1.9400467794991272, "5370140.04": -0.31065179662186615, "5370201.0": 0.23715815648306085, "5370200.0": 0.4822531364011306, "5370140.06": 0.21887743946250018, "5370140.05": 0.0034383639680926376, "5370143.0": 0.347867448517276, "5370140.08": -0.15753221455201002, "5370140.07": 0.13012947626702648, "5370207.01": -1.1461649103806104, "5370144.02": -0.14964841815157992, "5370144.01": 0.17130923053009958, "5370224.02": -0.31614278532925016, "5500101.0": 1.4294892309239438, "5350620.13": 0.29869743059039633, "5350626.0": 1.42239793663096}