{"5430101.0": -1.0572722525549305, "5430200.0": -1.308008060834516, "5370101.04": 1.5936080797236152, "5370120.02": 0.1350094913551514, "5370101.03": -0.26038818683051934, "5370122.01": 0.7886206417233238, "5370123.02": 1.521908116417184, "5370002.08": 1.934525344711344, "5370002.06": 0.9101582380487435, "5370122.02": 1.1317426387586251, "5370100.05": 0.3455218913794791, "5370101.02": -0.8517410638598838, "5370100.04": -0.6818058773579766, "5370100.03": -0.24447453591962923, "5370080.05": -0.5723054845523088, "5370001.09": 1.905138161058525, "5370001.02": -0.1590639462669707, "5370001.01": 0.38978727058434565, "5370001.08": 0.15171686632710174, "5370080.06": 0.002638130953223398, "5370100.06": -1.2389150728826483, "5370080.07": 0.6504743206792835, "5370080.01": -0.12265754814192387, "5370081.0": 0.2245246636023724, "5370085.01": 0.2532718445028827, "5370084.03": 0.5176890068977574, "5370084.02": -0.10345714381563016, "5370083.0": 0.31467559912917903, "5370082.0": 0.5783482248674504, "5370085.02": 0.4209350043798445, "5430201.0": -1.1538541608492388, "5370121.0": 0.9687054993152662, "5370142.01": -2.439975170420422, "5370001.04": 0.4922353710906304, "5370120.03": 0.5715021661046173, "5370002.07": 0.11427107071645547, "5370120.04": 0.21285930362345348, "5370001.05": 1.1413023603253547, "5370002.01": 0.6540259470110038, "5370123.01": 1.962636606337956, "5370002.03": 0.8011148128210114, "5370002.04": 0.3730259819989516, "5370004.01": -0.1505336585114064, "5370001.07": 0.7256121158272003, "5370001.06": 0.7668520232873811, "5370080.03": -0.11467684891316683, "5370005.03": 0.2833105042805539, "5370005.02": 0.9025664853668409, "5370005.01": 0.27401072514719876, "5370006.0": 0.26412465159110304, "5370026.04": 0.6719081285995466, "5370004.02": 0.3482881172526965, "5370026.05": 0.0688785851075586, "5370025.0": 0.16655488186663228, "5370007.0": 0.8847926919514707, "5370026.03": 0.4631396241945163, "5370008.0": 0.6301049309965145, "5370026.06": 0.2874920412336966, "5370009.0": 0.6921886317474238, "5370010.0": 0.29065393540957185, "5370024.0": -0.17141980923759886, "5370023.0": 0.12120491281267573, "5370022.0": -0.18013153605698487, "5370003.04": -0.4979624322678149, "5370003.03": 0.3245405937031305, "5370003.02": 0.6470486134773296, "5370124.0": 1.1249213511736003, "5370011.0": -0.05816794923835336, "5370003.01": 0.5837258154772911, "5370012.0": -0.43122796519169987, "5370015.0": 0.42162689031476, "5370013.0": -0.4779742915205504, "5370014.0": 0.3904485665241023, "5410140.01": 0.8774585038389269, "5370016.0": 0.7089884718702276, "5370130.03": 1.8457236852009427, "5370018.0": -0.37752081319804587, "5370019.0": -0.961209344729167, "5370133.01": 1.465171582846325, "5370130.02": 1.0409557713699693, "5370044.0": 0.7680096997144759, "5370017.0": 0.22346750727129697, "5370043.0": -0.23969900538372602, "5370034.0": -0.5980293793698597, "5370026.02": 0.7781702557083237, "5370026.01": 0.3661456210215201, "5370021.0": -0.214100984848492, "5370027.0": 0.5046325660281106, "5370020.0": -0.38145924744617093, "5370028.0": -0.2295952782799206, "5370029.0": -0.7507304274422907, "5370030.0": -0.7799373150026525, "5370031.0": -0.9189415356112163, "5370032.0": -0.6906976700622088, "5370072.02": -0.04037257806189715, "5370033.0": -0.3653878596604663, "5370055.0": -0.7595984132384637, "5370035.0": -0.7128841569063503, "5370054.0": -0.9469128331806752, "5370071.0": -0.9643173464439908, "5370053.0": -1.3403430526706557, "5370056.0": -0.9308837629116928, "5370052.0": -1.2519659331776454, "5370051.0": -1.1553304768624075, "5370038.0": -0.2725832152848774, "5370039.0": -0.1620936465870765, "5370040.0": -0.385351812527193, "5370042.0": -0.35970520005369616, "5370036.0": -0.21790078455931197, "5370133.02": 1.0120357865714418, "5370037.0": -0.3134966107809602, "5370041.0": -0.3948641529097155, "5370049.0": -1.120945721231655, "5370045.0": 0.5534490992137642, "5370050.0": -1.1385940744500722, "5370057.0": -1.5051479515320443, "5370058.0": -1.7099678408109493, "5370059.0": -1.8500272120378234, "5370060.0": -1.6044917609553446, "5370061.0": -1.4763905556067543, "5370062.0": -1.063859983229447, "5370063.0": -1.0894319922052595, "5370070.0": -1.596121350313267, "5370069.0": -1.4804604322556525, "5370132.0": 2.3060411408187, "5370048.0": -1.0488130171993753, "5370064.0": -0.7800774415222348, "5370046.0": -0.28421266314497623, "5370047.0": -1.0503095407561038, "5370141.0": 0.8360976663278903, "5370066.0": -1.7194099100140081, "5370131.0": 1.1082368595148329, "5370065.0": 1.1224281010887163, "5370202.0": 0.28203973336835253, "5370067.0": -1.3307895026977385, "5370068.0": -1.7040347024475597, "5370073.0": -2.4612632657930438, "5370203.0": 4.482374703808303, "5370204.0": -0.8550529032543979, "5370142.02": 0.6977664679245121, "5370084.05": 0.45386484603452426, "5370085.03": 0.2070245009044897, "5370084.01": -0.220258255824432, "5370072.04": 0.051458359817664105, "5370072.03": 0.10097542000055193, "5370084.04": -0.18941229801535506, "5370072.01": -0.07548330344221767, "5370300.0": -1.4582505410116546, "5370086.01": -0.8504553374377795, "5370301.01": -1.5121905607037975, "5370086.02": -0.6509475524326671, "5370140.04": 0.39189494867874186, "5370201.0": 3.697645971049515, "5370200.0": 0.2045407773569152, "5370140.06": 0.05038308459411503, "5370140.05": 0.012378903972033959, "5370143.0": 1.1559402201838949, "5370140.08": 0.6939504385378195, "5370140.07": -1.1588175799603, "5370207.01": -0.8728504573712098, "5370144.02": 0.11861819846102199, "5370144.01": 0.3127248836112657, "5370224.02": -0.4487575528839848, "5500101.0": 0.5787323840874327, "5350620.13": 1.0348991538718866, "5350626.0": 0.8585583065005152}