{"5430101.0": 1.2865752242766977, "5430200.0": 1.1349850349003396, "5370101.04": 0.9102354652325968, "5370120.02": 1.309283872444898, "5370101.03": 0.8997902736647948, "5370122.01": 1.6456248705140195, "5370123.02": 1.6994064971929543, "5370002.08": 0.6222210202428909, "5370002.06": 0.7106918572056217, "5370122.02": 1.4622000601217682, "5370100.05": 0.9899476899641003, "5370101.02": 0.9065253308211073, "5370100.04": 1.0123199283286486, "5370100.03": 0.8165607689907606, "5370080.05": 0.8379564791064246, "5370001.09": 0.41989446112035417, "5370001.02": 0.6116962020405433, "5370001.01": 0.2725613117157556, "5370001.08": 0.4786474859020037, "5370080.06": 0.8608035746676012, "5370100.06": 1.1841157857462985, "5370080.07": 0.8290227665545414, "5370080.01": 0.5495472545132377, "5370081.0": -0.15314765449760134, "5370085.01": 0.3727581276959817, "5370084.03": 0.32519177204150373, "5370084.02": -0.20646549762179095, "5370083.0": -0.5209226318501515, "5370082.0": -0.9719694971580196, "5370085.02": 0.190490042435047, "5430201.0": 1.3574265628177504, "5370121.0": 1.4995022777334388, "5370142.01": 1.8849908599235201, "5370001.04": 0.5130272367381438, "5370120.03": 1.4658166586867087, "5370002.07": 0.6698494851554997, "5370120.04": 1.2148618621420775, "5370001.05": -0.07418974109259353, "5370002.01": -0.0104171823604672, "5370123.01": 1.0231354265756718, "5370002.03": 0.13264851342275033, "5370002.04": 0.5683746737530125, "5370004.01": -0.3274430023293412, "5370001.07": 0.2449394790336222, "5370001.06": 0.013864809556404789, "5370080.03": 0.31207778170818545, "5370005.03": -0.31427539272146504, "5370005.02": -0.2830196638243125, "5370005.01": -0.426721086060815, "5370006.0": -0.23509965745590333, "5370026.04": -0.10913509719080967, "5370004.02": -0.3728714250940353, "5370026.05": -0.21277111022731973, "5370025.0": -0.389225762804405, "5370007.0": -0.5505206846535247, "5370026.03": -0.7544231396835446, "5370008.0": -0.6756621062938257, "5370026.06": -0.6719425044004922, "5370009.0": -0.8247767856447511, "5370010.0": -0.6872758744297137, "5370024.0": -0.2129037274063815, "5370023.0": -0.852957417543021, "5370022.0": -0.8873902466653327, "5370003.04": -0.00473877684909136, "5370003.03": 0.26315334058250495, "5370003.02": 0.4806879526726518, "5370124.0": 0.754001810395943, "5370011.0": -0.7155237285157031, "5370003.01": 0.8840119675089845, "5370012.0": -0.40445423238593364, "5370015.0": 0.35551250113803107, "5370013.0": 0.07542776223613655, "5370014.0": 0.29883400530241233, "5410140.01": 0.475880620826088, "5370016.0": 0.669668184143868, "5370130.03": 0.8254710380683291, "5370019.0": -0.5915814865888676, "5370133.01": 0.8909829393075652, "5370130.02": 0.011718917508527715, "5370044.0": 0.5075225497955576, "5370017.0": -0.48176135994796065, "5370043.0": -0.2618436673706061, "5370034.0": -0.8103288311824821, "5370026.02": -0.861341020630404, "5370026.01": -0.9243693360657261, "5370021.0": -0.9854124488552145, "5370027.0": -0.9240795463074699, "5370020.0": -0.88496097931358, "5370028.0": -0.7455008607514997, "5370029.0": -0.4244872824170862, "5370030.0": -0.5566041851628247, "5370031.0": -0.7152313472369727, "5370032.0": -0.905627640911066, "5370072.02": -1.4257671744518663, "5370033.0": -1.402922714653965, "5370055.0": -0.8455486629514853, "5370035.0": -1.7092856491129524, "5370054.0": -0.708744940135568, "5370071.0": -0.994158654547561, "5370053.0": -0.9121472638481622, "5370056.0": -0.9213779509527904, "5370052.0": -1.1130118273134515, "5370051.0": -1.4275973166202645, "5370038.0": -1.1864319369154057, "5370039.0": -1.0403662323595657, "5370040.0": -0.43331965364674396, "5370042.0": -0.739897081924899, "5370036.0": -2.039310802390445, "5370133.02": 0.7992769526393049, "5370037.0": -1.8479889702448116, "5370041.0": -1.524118359440885, "5370049.0": -1.7322823257079134, "5370045.0": -0.364985868634612, "5370050.0": -1.6579560460259832, "5370057.0": -0.9745675700785935, "5370058.0": -1.0468060952231637, "5370059.0": -1.1507040847348389, "5370060.0": -1.2530874617159367, "5370061.0": -1.3913972150139438, "5370062.0": -1.5715405985311846, "5370063.0": -1.4225022294205159, "5370070.0": -0.9236531291870895, "5370069.0": -1.0466686371655727, "5370132.0": 0.5704383758954424, "5370048.0": -1.7096190483007818, "5370064.0": -1.6015100761452488, "5370046.0": -0.779054507915459, "5370047.0": -1.3466368959275037, "5370141.0": 1.0283505549398955, "5370066.0": -1.135159197957865, "5370131.0": 0.039003260891222136, "5370065.0": -0.8513131839164237, "5370202.0": 0.16876713492071677, "5370067.0": -1.282279183879983, "5370068.0": -0.9256883213143027, "5370073.0": -1.0451567216880002, "5370203.0": -0.21613252712464653, "5370204.0": -0.3146918607603425, "5370142.02": 1.2000065439350796, "5370084.05": 0.1757546121353677, "5370085.03": 0.3534898967278467, "5370084.01": -0.43822600554731356, "5370072.04": -0.971521845554424, "5370072.03": -1.108837736423274, "5370084.04": 0.16304419012884977, "5370300.0": 0.4787086526089468, "5370086.01": 0.7704826847877799, "5370301.01": 1.2509090757264243, "5370086.02": 0.3566075819250477, "5370140.04": 1.6406245079453063, "5370201.0": 0.7525326525680546, "5370200.0": 1.1130490346630584, "5370140.06": 1.414896077980211, "5370140.05": 1.4632243435292343, "5370143.0": 1.4187501750727054, "5370140.08": 1.6371493964832218, "5370140.07": 1.6356655506447146, "5370207.01": 1.4993784444999163, "5370144.02": 1.670318057816824, "5370144.01": 1.7831785076289808, "5370224.02": 1.574546393748572, "5500101.0": 1.0432432629865456, "5350620.13": 2.461110728043591, "5350626.0": 2.2623981598610716}