{"5430101.0": -2.194095142791177, "5430200.0": -1.726264402487103, "5370101.04": -0.6135464192676666, "5370120.02": 0.07936042946042586, "5370101.03": -0.764480889770933, "5370122.01": -0.12258400717483176, "5370123.02": 0.44345248958096567, "5370002.08": 0.6638687081692425, "5370002.06": 0.8644078087759497, "5370122.02": 0.11266101579820828, "5370100.05": 0.81970805035723, "5370101.02": 0.13318309343726487, "5370100.04": 1.8245856565344385, "5370100.03": 1.032294412483603, "5370080.05": 0.44861500654045994, "5370001.09": 1.837939638054877, "5370001.02": 0.9541268040920264, "5370001.01": 1.3620025489507392, "5370001.08": 1.7794304388826296, "5370080.06": 1.7203646221474678, "5370100.06": 1.21945369404279, "5370080.07": 1.7752113153707616, "5370080.01": 1.1788616656360806, "5370081.0": -0.5879782878615514, "5370085.01": 0.2813548799555748, "5370084.03": -0.011875913233386723, "5370084.02": -1.282306070519649, "5370083.0": -0.6985258513521025, "5370082.0": -0.44749451805633783, "5370085.02": -0.025083496468685344, "5430201.0": -1.9484925359716116, "5370121.0": 0.032519166500611964, "5370142.01": -1.5025805803295889, "5370001.04": 1.7326354283914083, "5370120.03": 0.5818308848779815, "5370002.07": 0.2831712430963466, "5370120.04": 0.2821506736314998, "5370001.05": 1.8900088620489641, "5370002.01": 0.9856655434410708, "5370123.01": 1.3138043269300537, "5370002.03": 0.7403782519051667, "5370002.04": 0.6221682006163414, "5370004.01": 0.5261551079663955, "5370001.07": 1.1103594705861843, "5370001.06": 1.7540990632879652, "5370080.03": -1.2617393699160186, "5370005.03": -0.5352274614438679, "5370005.02": 0.03872055414150233, "5370005.01": 0.317468713499079, "5370006.0": -1.1882186903877852, "5370026.04": 0.1941239558807624, "5370004.02": 0.8270834036942084, "5370026.05": -0.5776264295985416, "5370025.0": -1.3059919134209101, "5370007.0": -0.09931022578222294, "5370026.03": -0.12907626091833205, "5370008.0": 0.2906786849078196, "5370026.06": -1.540623487336608, "5370009.0": 0.6483870337003381, "5370010.0": 0.596063683181977, "5370024.0": -0.7669283341395619, "5370023.0": -0.5421064363846511, "5370022.0": -0.49332412070593995, "5370003.04": -0.4211356573088324, "5370003.03": -0.25588645450799974, "5370003.02": -0.4749083151935424, "5370124.0": 0.008897554043712088, "5370011.0": 0.18929080292300923, "5370003.01": -1.3337542137892526, "5370012.0": -0.06902297855144636, "5370015.0": -1.1858963975884211, "5370013.0": -0.46448088746871347, "5370014.0": -0.8210685561963424, "5410140.01": 0.7488485911966007, "5370016.0": -0.9529571922991051, "5370130.03": -0.45544030643457856, "5370019.0": -0.3492995857117175, "5370133.01": -0.339469598492015, "5370130.02": -0.16136136770973436, "5370044.0": 0.025436640594097632, "5370017.0": -0.9545664540358489, "5370043.0": -0.8494176301447603, "5370034.0": 0.021125933072414428, "5370026.02": 0.13637754323226198, "5370026.01": -0.24393179130741904, "5370021.0": 0.03283502762066489, "5370027.0": -0.17987020228059059, "5370020.0": 0.33531241399656125, "5370028.0": -0.39056207371987295, "5370029.0": -0.8886672452963732, "5370030.0": -0.9351034029072335, "5370031.0": -0.7200774186376812, "5370032.0": -0.14316094040661168, "5370072.02": -0.2072378972683655, "5370033.0": 0.827049574186205, "5370055.0": -0.4533884623688316, "5370035.0": 0.5809847167467291, "5370054.0": -0.5473565260157229, "5370071.0": -1.3957187557882595, "5370053.0": -0.6009466848972312, "5370056.0": -0.7112563889520379, "5370052.0": -0.4036840430265965, "5370051.0": 0.11716907734160957, "5370038.0": 0.38219624984327966, "5370039.0": -0.9835708459035519, "5370040.0": -0.5195975771447453, "5370042.0": -1.0718681367295826, "5370036.0": -0.011762188074439118, "5370133.02": -0.8142003355241514, "5370037.0": -0.5861941701877683, "5370041.0": -0.8918556803152421, "5370049.0": -0.7711921716950012, "5370045.0": -0.06900876139638046, "5370050.0": -0.10168213441679112, "5370057.0": -1.2151823477303105, "5370058.0": -1.1582492123563919, "5370059.0": -1.0931574060775004, "5370060.0": -0.418126807121337, "5370061.0": -0.27926552936892973, "5370062.0": 0.1988215487418852, "5370063.0": -0.5084816259592737, "5370070.0": -0.7861437715894776, "5370069.0": -0.2787428069035436, "5370132.0": 0.5149531446865027, "5370048.0": -0.9958661441051024, "5370064.0": -0.5531186571807378, "5370046.0": -0.3304028672402648, "5370047.0": -1.3064084423375717, "5370141.0": -0.01483008005939069, "5370066.0": -0.8218478136844106, "5370131.0": -0.1725271953073888, "5370065.0": -0.361563406734274, "5370202.0": -0.3061952633651015, "5370067.0": -0.39562051740668985, "5370068.0": -0.6533140172214275, "5370073.0": -2.260634694315282, "5370203.0": 1.2913356792241122, "5370204.0": -2.14920618167856, "5370142.02": 2.5932543321021866, "5370084.05": 0.259377303606681, "5370085.03": 1.0249550927079156, "5370084.01": -1.0464684441958432, "5370072.04": -0.37009445506457406, "5370072.03": -0.7125864687465785, "5370084.04": 0.21550020113341142, "5370072.01": 0.6632093404700076, "5370300.0": -0.2275063403789761, "5370086.01": 1.8509645495559597, "5370301.01": 4.555038652721229, "5370086.02": 3.2647287268802025, "5370140.04": 0.5999037082205898, "5370201.0": 0.15691655546549368, "5370200.0": 0.6199144703906784, "5370140.06": 0.6887156074417043, "5370140.05": 0.5609552081738028, "5370143.0": 0.09557962545580365, "5370140.08": 0.2456447100195173, "5370140.07": 0.09224537857982741, "5370207.01": 0.3699752278594138, "5370144.02": 0.7567069183456282, "5370144.01": 0.23143764885421358, "5370224.02": -0.35503573799937993, "5500101.0": 1.667900307728425, "5350620.13": 0.5981436586308495, "5350626.0": 2.046560256790668}