{"5430101.0": -0.8211869266374301, "5430200.0": -0.8270802527784904, "5370101.04": -0.9877449725807399, "5370120.02": -1.0391613751316628, "5370101.03": -0.8165241645626136, "5370122.01": -0.8223557184878381, "5370123.02": -0.8093731745418459, "5370002.08": -0.7614968110890776, "5370002.06": -0.7487287469233466, "5370122.02": -0.516040762201557, "5370100.05": -0.8254558605632886, "5370101.02": -1.2930704163072626, "5370100.04": -0.8343116787475103, "5370100.03": -0.8276576556380628, "5370080.05": -0.8223095174337433, "5370001.09": -0.746836450996456, "5370001.02": -0.7895246285110694, "5370001.01": -0.4453136370139967, "5370001.08": -0.7576402949008794, "5370080.06": -0.8171335607418994, "5370100.06": -1.076147214856734, "5370080.07": -0.8114800806424719, "5370080.01": -0.6897650129907739, "5370081.0": -0.12524524652040292, "5370085.01": -0.7207456688176291, "5370084.03": -0.7375918364686228, "5370084.02": -0.24318439574435013, "5370083.0": 0.21806543464592287, "5370082.0": 1.4219685712154058, "5370085.02": -0.08185924531604183, "5430201.0": -0.8255535066949353, "5370121.0": -0.7295392138775882, "5370142.01": -1.9447147721094757, "5370001.04": -0.7186307263076672, "5370120.03": -0.8030942456146087, "5370002.07": -0.784490341822625, "5370120.04": -0.782179367332357, "5370001.05": -0.11180115571040343, "5370002.01": -0.45230376097868724, "5370123.01": -0.1775582871143674, "5370002.03": -0.4553711272056888, "5370002.04": -0.6551247479175213, "5370004.01": -0.15856031443355775, "5370001.07": -0.3587105175782913, "5370001.06": -0.19650910053024126, "5370080.03": -0.31676311625261844, "5370005.03": -0.11965009251576977, "5370005.02": -0.11100184890421645, "5370005.01": -0.11151134160815904, "5370006.0": 0.031008176414728906, "5370026.04": 0.5286221606510066, "5370004.02": -0.14275504591716892, "5370026.05": -0.010431497875029973, "5370025.0": 0.054702466867332725, "5370007.0": 0.29435445664188714, "5370026.03": 0.7619007697209745, "5370008.0": 0.2371506323932951, "5370026.06": 0.2605004820394198, "5370009.0": 0.38910619327552415, "5370010.0": 0.1561792889721203, "5370024.0": -0.4349191204678133, "5370023.0": 0.3246143942556912, "5370022.0": 0.011664227095875614, "5370003.04": -0.6305069323933664, "5370003.03": -0.498665474735007, "5370003.02": -0.3067887443576427, "5370124.0": 0.15173434907940933, "5370011.0": 0.15599276601116718, "5370003.01": -0.30703810695145056, "5370012.0": -0.21420266656025397, "5370015.0": -0.16109470780211863, "5370013.0": -0.42145782537731713, "5370014.0": -0.40488227726221837, "5410140.01": -0.5345490003795096, "5370016.0": 0.010253250705881145, "5370130.03": -0.025742590765186802, "5370018.0": 1.1011068566657158, "5370019.0": 0.550312999121252, "5370133.01": -0.11770715865844689, "5370130.02": 0.5736482994518252, "5370044.0": -0.2599665784807665, "5370017.0": 1.6473560104046925, "5370043.0": 0.45963170641307927, "5370034.0": 1.0820372849389008, "5370026.02": 1.186928779696292, "5370026.01": 0.7440335736135907, "5370021.0": 0.09697690224300409, "5370027.0": 0.5105391453582678, "5370020.0": 0.9098184726809266, "5370028.0": 0.10920294622798717, "5370029.0": -0.7325822432737594, "5370030.0": -0.3268743397091755, "5370031.0": -0.3183846873129885, "5370032.0": -0.20480339893775062, "5370072.02": 1.6909839370798108, "5370033.0": 1.1680254680781146, "5370055.0": -0.40557603299658873, "5370035.0": 2.5330765590043756, "5370054.0": -0.4665018405097407, "5370071.0": -0.2370071257218669, "5370053.0": -0.5343637535999767, "5370056.0": -0.18433146368392422, "5370052.0": -0.33407232035270196, "5370051.0": -0.07830480104493856, "5370038.0": 4.89666754003788, "5370039.0": 2.4841268002532972, "5370040.0": 1.5910070966624974, "5370042.0": 0.5235637698542738, "5370036.0": 3.8387982679266783, "5370133.02": 0.03718948640563492, "5370037.0": 3.4029155492942373, "5370041.0": 2.918901337383805, "5370049.0": 1.8837137775534614, "5370045.0": 0.6523718355460398, "5370050.0": 0.9430367115924765, "5370057.0": -0.6422918827956346, "5370058.0": -0.8272864277628604, "5370059.0": -0.7191375278091979, "5370060.0": -0.5390946030428965, "5370061.0": -0.28344885112220986, "5370062.0": 0.647301462574182, "5370063.0": 0.5938662436207242, "5370070.0": -0.28107840830739655, "5370069.0": -0.39899395080529576, "5370132.0": 0.08781371810932781, "5370048.0": 2.0921750675600728, "5370064.0": 1.4357465281423214, "5370046.0": 0.29759528403448726, "5370047.0": 1.4569561150511683, "5370141.0": -0.40238786378574304, "5370066.0": -0.1057794562839547, "5370131.0": 0.6193155060615471, "5370065.0": 1.1309186496033232, "5370202.0": -0.042578623049541735, "5370067.0": -0.2738181475546093, "5370068.0": -0.3024221854064757, "5370073.0": -0.8336019732222635, "5370203.0": 3.102113656282513, "5370204.0": -0.32688399303219534, "5370142.02": -0.846894691069322, "5370084.05": -0.2701167475731944, "5370085.03": -0.1570130732389906, "5370084.01": 0.02522136235654894, "5370072.04": 1.9801773572910666, "5370072.03": 0.5593399372876895, "5370084.04": -0.6391201606158375, "5370072.01": 1.3760653388667754, "5370300.0": -0.8436265671220275, "5370086.01": -0.8404217110677916, "5370301.01": -0.8591442813108902, "5370086.02": -0.7060953698170802, "5370140.04": -0.4238680468400443, "5370201.0": 0.8466070407642465, "5370200.0": -0.6264294145249519, "5370140.06": -0.47573641225817215, "5370140.05": -0.5474569366860337, "5370143.0": -0.7179576566182705, "5370140.08": -0.4939490110798065, "5370140.07": -0.7092055453446846, "5370207.01": -0.22206613444052167, "5370144.02": -0.49218609370674854, "5370144.01": -1.0737791863650354, "5370224.02": -0.6749983073434288, "5500101.0": -0.6413604168630926, "5350620.13": -0.8223454056932891, "5350626.0": -0.8308843107389948}