{"8350150.01": -0.04878647234607722, "8350155.0": 0.2860993446205899, "8350104.02": 5.677200376418494, "8350104.52": 1.278024796537213, "8350104.51": 6.425892735147709, "8350104.5": 3.835426086761878, "8350104.48": 2.154885536544372, "8350104.43": 2.8479954793630413, "8350104.47": 1.5969042182429602, "8350151.03": 0.13278049937199898, "8350104.56": 0.20783635279637028, "8350104.55": 4.885825427262712, "8350104.62": 1.0222632070090973, "8350104.54": 0.8540020808783699, "8350104.59": 0.8399719938158489, "8350156.0": -0.5220022890768836, "8350104.53": 4.226691767641723, "8350104.8": 0.25344758994076616, "8350104.79": 0.48347109097410745, "8350104.58": 1.0506956451273175, "8350104.61": 0.08914807934574473, "8350104.77": 0.13422190321396318, "8350104.57": 0.551983238513297, "8350104.32": 3.355375251784668, "8350104.78": 0.027889855930950752, "8350104.65": 0.37311182365577816, "8350090.06": 3.458426856251171, "8350104.49": 4.999058181111912, "8350104.3": 0.7218834346440506, "8350104.75": 1.5844807478119698, "8350104.64": -0.4039892734654537, "8350090.05": 3.3391242231612503, "8350104.63": 0.16428482749700046, "8350090.13": 0.11215632083818611, "8350090.12": 0.009048495820946644, "8350104.76": -0.41006581647388574, "8350104.6": -0.03830219491252532, "8350090.09": 0.1134577954244505, "8350104.74": -0.10635122229276937, "8350090.16": -0.10638631503191405, "8350104.36": -0.34421484430261784, "8350090.08": 0.3217969703444879, "8350090.2": -0.1476156863849613, "8350104.72": 0.065203385482809, "8350090.19": -0.37386730967802023, "8350001.07": 0.0940557172689429, "8350090.11": -0.05141537236005537, "8350090.15": -0.636348854006942, "8350090.17": -0.6084137506588819, "8350104.25": -0.1783054014191412, "8350090.04": -0.29796981368439784, "8350104.73": -0.11429143924304165, "8350104.4": -0.40031678351929434, "8350104.69": -0.6058417916303425, "8350002.05": -0.5020196394065892, "8350090.03": -0.7127695859763902, "8350001.06": -0.19709900166480027, "8350104.46": 1.197000738559778, "8350104.42": 0.1265162403830126, "8350104.45": 0.11217914220361133, "8350104.44": -0.18593781364725853, "8350104.41": 0.39400862407030535, "8350090.21": -0.555702633782812, "8350104.2": -0.3166033139472279, "8350090.22": -0.7570462698282171, "8350104.71": 0.29047694961536313, "8350104.68": -0.24330928292190235, "8350090.02": -0.3535666121964044, "8350002.04": -0.663517497630479, "8350090.18": -0.12653216496403394, "8350001.02": -0.20590550778245684, "8350079.1": 0.010200278316878844, "8350001.01": -0.21626829826412675, "8350104.67": -0.3463279073303768, "8350104.66": -0.20859410644964924, "8350090.01": -0.6796490754653103, "8350002.03": -0.8720846964138667, "8350104.7": 0.6326020297864381, "8350001.03": -0.27801395917653643, "8350005.13": 0.07080685411985592, "8350005.11": -0.8264875751963957, "8350005.1": -0.4537746937049589, "8350002.01": -0.8669613861765099, "8350004.02": -1.1962338409109223, "8350160.01": -0.09928325178958956, "8350001.04": -0.4347928326259641, "8350005.12": -0.29243081583644437, "8350001.05": -0.09007912883693987, "8350002.02": -0.7116523291426778, "8350006.2": -0.1965939554435407, "8350015.01": 0.0023380971050905265, "8350005.09": -0.6888964237968237, "8350005.08": -0.5366013358454942, "8350003.0": -0.3980913547231559, "8350104.1": 0.3153228575255156, "8350018.0": -0.1759272149846212, "8350005.07": -0.7180036346688751, "8350012.02": -0.1604091218497787, "8350016.02": -0.218991645306593, "8350019.01": -0.20468464769472747, "8350006.19": -0.004069974899270008, "8350015.02": -0.28178985123094186, "8350012.01": -0.2756546081102266, "8350004.01": -0.4337500021027026, "8350019.02": 0.017940823296221032, "8350017.0": -0.051000681599775256, "8350104.17": -0.8980552689005513, "8350037.0": -0.16843863505915077, "8350038.0": -0.46048134973837607, "8350041.0": -0.6101132967339163, "8350040.0": -0.8657897629961905, "8350042.01": -0.8542445853722128, "8350005.01": -0.4272277257589785, "8350014.0": -0.507347883892841, "8350079.09": 1.3773486047539707, "8350005.02": -0.6972726354522172, "8350011.0": -0.6117498676011155, "8350013.0": -0.7841286536916865, "8350010.0": -0.28687945851819496, "8350006.18": -0.7167417921729261, "8350020.0": -0.37858149238624533, "8350007.02": -1.0086842598431238, "8350036.0": -0.4598033836503819, "8350006.17": -0.04891495127965057, "8350021.0": -0.7341500514110698, "8350022.0": -1.0758689764265994, "8350008.01": -0.4175815673034483, "8350079.08": 0.5623832328416641, "8350035.0": -0.5627618737417814, "8350006.06": -0.7166064993568864, "8350009.0": -0.5756653529278988, "8350079.07": -0.12730345467631304, "8350006.09": -0.32311533960635613, "8350033.02": -0.9410548387767717, "8350008.02": -0.24480132417646644, "8350023.0": -0.8449741620195733, "8350006.04": -0.5036116747031277, "8350034.01": -0.6217734851573079, "8350160.03": -0.15925071770630347, "8350039.0": -0.9156691658321499, "8350007.01": -0.3379889164632096, "8350079.19": -0.38854569706632797, "8350006.08": -0.3970677931481845, "8350034.03": -0.8914841355058671, "8350032.02": -0.9478674035664978, "8350079.2": -0.49475230038934287, "8350033.01": -0.6888871228052241, "8350034.02": -0.7695392296062924, "8350006.03": -0.23165561935403994, "8350024.01": -0.7172256687137283, "8350079.18": -0.409848830057446, "8350030.0": -1.1566086297089921, "8350025.0": -0.39598015650757024, "8350026.02": -0.16556634262887987, "8350032.01": -0.832830367852091, "8350026.01": 0.009150938369093243, "8350024.02": -0.8152478684261955, "8350006.05": -0.5699488245720459, "8350006.16": -0.11004101821134524, "8350045.0": -0.5770675812085665, "8350044.0": -0.857057110620161, "8350046.0": -0.4587353067265176, "8350042.02": -0.695320468569162, "8350043.0": -1.0579650415427342, "8350140.13": -0.3887337456095526, "8350058.0": -0.6802854183238826, "8350075.08": -0.7616858101787656, "8350057.0": -0.8179184031576866, "8350059.0": -0.7060588623237, "8350075.05": -0.4822539446768456, "8350075.09": -0.3461137113279825, "8350060.01": -0.4581569213406224, "8350031.0": -0.7803751365272132, "8350006.15": -0.47115471223478506, "8350027.0": -0.19145357849473052, "8350029.0": -0.7890619138338935, "8350047.0": -0.6214796707025174, "8350079.17": -0.8412231910902883, "8350056.0": -0.6755477333090948, "8350079.16": -0.5148714119090521, "8350006.14": -0.0014595316170105184, "8350055.0": -0.5239609112485248, "8350048.0": -0.4898604176076319, "8350054.03": -0.3647928460441488, "8350006.13": -0.34916603784330624, "8350028.0": -0.002305986869364161, "8350054.01": -0.29207656556653777, "8350049.0": -0.31927325547594504, "8350079.15": -0.8083910060514798, "8350050.0": -0.16345459486340613, "8350060.02": -0.32726954258367236, "8350075.07": -0.37870600384454645, "8350074.0": -0.17362672669916754, "8350075.04": -0.23227206997675062, "8350071.0": -0.16831093738944433, "8350073.0": -0.03621659815563472, "8350075.1": -0.5139174599650269, "8350075.12": 0.031766412715424464, "8350072.0": 0.11567061705714825, "8350075.03": 0.25086066008086605, "8350075.14": -0.03353259224600417, "8350053.0": -0.18667173974976267, "8350061.0": -0.2036255954985044, "8350051.01": 0.061439813033785456, "8350079.14": -0.3613628574384577, "8350062.02": -0.051916927905111696, "8350052.02": -0.017984174039686357, "8350052.01": -0.011786114417748551, "8350006.01": -0.1391128452843408, "8350070.0": 0.09239059296568371, "8350063.0": 0.22139334946054914, "8350051.02": 0.05906541420629296, "8350067.02": 0.35106677371577416, "8350064.01": 0.09013584495849083, "8350069.0": 0.34106985249967486, "8350067.01": 0.43148877984636774, "8350079.13": -0.23096956315593542, "8350066.01": 0.17723302068903085, "8350068.02": 0.6040956692919853, "8350160.04": -0.2697049678636909, "8350065.01": -0.15267664506881337, "8350068.01": 0.40693560979815446, "8350066.02": 0.12401981103425606, "8350078.24": 0.4542660029187773, "8350065.02": -0.26924968327455917, "8350078.23": 0.4336557045235435, "8350078.02": 0.2419655634290979, "8350075.01": 0.2632868316647857, "8350075.13": 0.33138997678203824,