{"8350150.01": -0.06104664545739355, "8350155.0": -1.9442925082387186, "8350104.02": -1.721827525771184, "8350104.52": 0.5108113347605666, "8350104.5": -0.7005455595298504, "8350104.48": -0.453829394158242, "8350104.47": -0.5231179028526997, "8350151.03": -1.0572115541516318, "8350104.56": 0.23195748587092774, "8350104.55": 0.059000738209336115, "8350104.62": 0.3134099522281926, "8350104.59": 2.4232960301968856, "8350156.0": -2.1780428298984758, "8350104.53": 1.1068998380180366, "8350104.8": -0.9887304597880846, "8350104.79": -1.2308207553651236, "8350104.58": 1.718683162051191, "8350104.61": -0.7764725379480207, "8350104.77": -0.673321381957988, "8350104.32": 1.618867808371318, "8350104.78": -0.9286195189365594, "8350104.65": -1.157362036910012, "8350090.06": -0.04593133259720065, "8350104.49": -0.19403268354179778, "8350104.3": 2.4140986647516223, "8350104.75": 2.89690043530564, "8350104.64": -0.4038329275154786, "8350090.05": 0.33114572047662405, "8350104.63": -1.165247489424188, "8350090.13": 0.12176503840334148, "8350090.12": 0.4500288760729252, "8350104.76": 0.40976273074816366, "8350104.6": 0.7683468192276122, "8350090.09": 0.42604290359644276, "8350104.74": 0.0822642157536527, "8350090.16": 0.8214472518228985, "8350104.36": -0.11093354473036952, "8350090.08": 0.6825663516135554, "8350090.2": -0.14789467403495885, "8350104.72": -0.47409943989978287, "8350090.19": 0.030580213242750603, "8350001.07": -0.2278767215488896, "8350090.11": 0.6523239007252907, "8350090.15": -0.22067581705410627, "8350090.17": 0.11120919322732295, "8350104.25": -0.2519378939147496, "8350090.04": -0.3930110377659264, "8350104.73": 0.37159329005495645, "8350104.4": 0.13310007625629022, "8350104.69": 0.5512831660082831, "8350002.05": 0.8150353145230701, "8350090.03": 0.03827186638073411, "8350001.06": -0.7269901200956018, "8350104.46": 0.051571412825666366, "8350104.42": -0.5712028211300941, "8350104.45": -0.3946215174449253, "8350104.44": 0.26843181806607025, "8350104.41": -0.5434373780825775, "8350090.21": -0.10538211304443539, "8350104.2": -0.3035246674120295, "8350090.22": -0.27589029305028556, "8350104.71": -0.6343695790745558, "8350104.68": 0.43972550556868734, "8350090.02": -0.5432743971787314, "8350002.04": -0.46364813842581554, "8350090.18": 4.131153362907973, "8350001.02": -0.8620498681649033, "8350079.1": -1.150621238121007, "8350104.67": -0.2561763726729587, "8350104.66": 0.5287448877150607, "8350090.01": -0.4589343505027423, "8350002.03": -0.5726331260043362, "8350104.7": 3.5314615239857767, "8350001.03": 0.24593504884377237, "8350005.13": -0.945953904793245, "8350005.11": -0.5036588016521977, "8350005.1": 0.15327068253015425, "8350002.01": 0.02760139552955748, "8350004.02": -1.1042661041121895, "8350160.01": -1.0829710624437918, "8350001.04": -0.508482081448727, "8350005.12": -1.0553407757860094, "8350001.05": -0.05352555516562637, "8350002.02": -1.133308475947105, "8350006.2": -1.0916212062472304, "8350005.09": 0.3792394444372675, "8350005.08": -0.589636064055463, "8350003.0": -1.0105943935619701, "8350104.1": -0.06670784874602427, "8350018.0": 0.5491016506038872, "8350005.07": -0.722353200939105, "8350012.02": -0.027592171843600966, "8350016.02": 0.005506937810278494, "8350019.01": 0.5253988466571433, "8350006.19": 0.2732044451324485, "8350015.02": -0.26881490994193874, "8350012.01": -0.1844854978859719, "8350004.01": -0.955447980112665, "8350019.02": 0.47770268063723487, "8350017.0": 0.3591813900173917, "8350104.17": -0.30360338543168586, "8350037.0": 0.9563194904577225, "8350038.0": 0.7914226350424794, "8350041.0": 0.3839502082298684, "8350040.0": 0.15979562048076928, "8350042.01": 0.9046680054644212, "8350005.01": -0.657666725352445, "8350014.0": 0.19102989831033815, "8350079.09": -0.46849547612668285, "8350005.02": -0.7328737025695261, "8350011.0": -0.7791431962584529, "8350013.0": -0.1820396309432029, "8350010.0": -0.7495803071051792, "8350006.18": 0.2226814088339791, "8350020.0": 0.3042463032325102, "8350007.02": -1.3174355173792887, "8350036.0": 0.7890193172987774, "8350006.17": -0.32014218981659825, "8350021.0": -0.5332674917635356, "8350022.0": -1.1151983408673856, "8350008.01": -0.48816486486494864, "8350079.08": -0.0023001921316932713, "8350035.0": 0.14837627144244517, "8350006.06": 0.5621898614842624, "8350009.0": -1.302090287031846, "8350079.07": 0.8308415487020746, "8350006.09": 0.07648726438463731, "8350033.02": -1.7297492384547661, "8350008.02": -0.04999761878733169, "8350023.0": -0.8076856769830371, "8350006.04": 0.40184304842767454, "8350034.01": -1.6362447687893564, "8350160.03": -0.28425576562880067, "8350039.0": -0.34823308002140047, "8350007.01": -0.9270403306827005, "8350079.19": -0.9520553949098945, "8350006.08": -0.6244100882833414, "8350034.03": -1.1571731907053975, "8350032.02": -2.068464758161822, "8350079.2": 1.2578755787353049, "8350033.01": -2.1227371987301518, "8350034.02": -1.747076243811836, "8350006.03": 0.10040504291639529, "8350024.01": -0.41277874648534874, "8350079.18": 0.23259905712199502, "8350030.0": -1.470169766044629, "8350025.0": -0.32438678108631736, "8350026.02": -0.023460614375591483, "8350032.01": -1.867100663028729, "8350026.01": -0.2797941633792916, "8350024.02": -0.5155053540810717, "8350006.05": 0.010060888702527235, "8350006.16": 0.04595823884030844, "8350045.0": -1.6293537875380828, "8350044.0": -0.8107651479804001, "8350046.0": -1.9445228381725543, "8350042.02": 1.0746606622516954, "8350043.0": 0.6048809176173401, "8350058.0": 0.4958944078792532, "8350075.08": 0.8802039673792947, "8350057.0": 0.030635188862957626, "8350059.0": -0.07422809972126296, "8350075.05": 0.9762050422510266, "8350075.09": 1.1701956421678408, "8350060.01": 0.03986297882313598, "8350031.0": -0.996410291051661, "8350006.15": -0.3894688341821424, "8350027.0": -0.7881220458383162, "8350029.0": -0.9095267244323788, "8350047.0": -1.6041854711628016, "8350079.17": -0.5668891054006403, "8350056.0": -0.10072890157620008, "8350079.16": -0.04345717768032032, "8350006.14": -0.05984337119625869, "8350055.0": -1.0288069653183758, "8350048.0": -0.7126294835351719, "8350054.03": -1.1903772666693162, "8350006.13": -0.4530044244593457, "8350028.0": 0.23750711887143733, "8350054.01": -0.7399831510281042, "8350049.0": -0.14711404760939412, "8350079.15": 0.47277697017379405, "8350050.0": 0.08986561582583087, "8350060.02": -0.1807963881440498, "8350075.07": 0.33054092833011967, "8350075.04": 0.4218746568213909, "8350071.0": -0.016037112548004866, "8350073.0": 0.0020012260438003367, "8350075.1": 0.012380853215796909, "8350075.12": 0.35031638612240346, "8350072.0": -0.16751020671850952, "8350075.03": 0.311657126017203, "8350075.14": 1.3008178444508771, "8350053.0": -0.6974478602796327, "8350061.0": -0.4477181008825131, "8350051.01": 0.6201093266833443, "8350079.14": 0.5347057624549949, "8350062.02": -0.18893852537646236, "8350052.02": -0.1733272194654194, "8350070.0": -0.10588357705132807, "8350063.0": -0.6251564286498789, "8350067.02": -0.32355939156016505, "8350064.01": -0.09199288130672571, "8350069.0": 0.11286763416370241, "8350067.01": -0.46058892038686533, "8350079.13": 0.21571274750487082, "8350066.01": -0.4504670494827662, "8350068.02": -0.048179625290866425, "8350160.04": -0.11076656210320424, "8350065.01": -0.3965666968103519, "8350068.01": -0.4710275494704389, "8350066.02": -0.41660500512136434, "8350078.24": 0.6317453683420711, "8350065.02": -0.6915813366841042, "8350078.23": 0.24203720170153256, "8350078.02": 0.04269316531860284, "8350075.01": 0.6343617585515797, "8350075.13": 1.1360636320712496, "8350076.01": 0.7839655181815951, "8350075.02": 0.43440225437840846, "8350077.01": 0.7559993229189292, "8350076.02": 0.8613376973913502, "8350140.17": 1.1613816368650867, "8350077.02": 0.4941341120893842, "8350140.1": 1.4087917752444852, "8350121.18": 0.5465289539977848, "8350078.06": 0.6632046558207187, "8350078.05": 0.4707039842702267, "8350079.12": 1.8401997018321337, "8350121.17": 0.14097901082684697, "8350079.11": 4.247980963411539,