{"8350150.01": -0.02965659842792576, "8350155.0": -2.760171929243647, "8350104.02": -1.4337379021445584, "8350104.52": -0.342547132644459, "8350104.5": -1.1500365108081534, "8350104.48": -0.855166538523017, "8350104.47": -1.0765989197075978, "8350151.03": -1.5576968351737328, "8350104.56": -0.6532892574782672, "8350104.55": -1.3613998781503052, "8350104.62": -0.5068222829975453, "8350104.59": -0.3513799622597769, "8350156.0": -0.27935914850671706, "8350104.53": -1.540339463239628, "8350104.8": -0.8318270561422546, "8350104.79": -0.7005187155189584, "8350104.58": -0.5876275932083348, "8350104.61": -0.7591530304122577, "8350104.77": 0.209627727281493, "8350104.32": -0.8635115745202058, "8350104.78": 0.09313422696713688, "8350104.65": 0.04108753367577295, "8350090.06": -1.2006995132613847, "8350104.49": -1.6095077128921658, "8350104.3": -0.23297767569117545, "8350104.75": 0.6951489653157532, "8350104.64": 0.3897358222590835, "8350090.05": -1.0588968004805737, "8350104.63": 0.7224001794957265, "8350090.13": -0.711544877092528, "8350090.12": -0.6593458045900087, "8350104.76": 1.8153704780915327, "8350104.6": 0.22321903894845505, "8350090.09": -0.611581805575431, "8350104.74": 1.1093211442188646, "8350090.16": -0.19566275877732928, "8350104.36": 0.48454965979177506, "8350090.08": -0.8624794052961204, "8350090.2": -0.3668935771118428, "8350104.72": 0.29492727076447794, "8350090.19": -0.00810606852400523, "8350001.07": -0.6679993402453569, "8350090.11": -0.20767545541414845, "8350090.15": 0.2480578517326663, "8350090.17": 0.4051787253911112, "8350104.25": 0.37387392436789196, "8350090.04": -0.24229014657641218, "8350104.73": 0.8355994421987474, "8350104.4": 0.5527826753092382, "8350104.69": 0.7709775511278628, "8350002.05": 0.8573625143944027, "8350090.03": 0.9005079697896551, "8350001.06": -0.5458219660557395, "8350104.46": -0.6066939623062557, "8350104.42": -0.7395582325661724, "8350104.45": -1.0060801188751451, "8350104.44": -0.28740708638379947, "8350104.41": -1.134019099450681, "8350090.21": 0.07593696409155028, "8350104.2": -0.5639133597813116, "8350090.22": 0.17322735870308437, "8350104.71": 0.952827637848071, "8350104.68": 0.5514850231090113, "8350090.02": -0.05965242896528326, "8350002.04": 0.5070681817302394, "8350090.18": 1.732695588415784, "8350001.02": -0.14093607026607083, "8350079.1": 0.248287546949372, "8350001.01": -0.14023344666235424, "8350104.67": 0.1535000502550333, "8350104.66": -0.5769819813943986, "8350090.01": 0.054229454984431075, "8350002.03": 1.053293496039517, "8350104.7": 1.7539142798420935, "8350001.03": -0.531056418389224, "8350005.13": -0.20016933147581767, "8350005.11": 0.6736336765014445, "8350005.1": -0.08842036500707481, "8350002.01": 0.48401620491953545, "8350004.02": 1.1848717721672009, "8350160.01": 0.24619855874266705, "8350001.04": 0.3456330107523702, "8350005.12": -0.3544473897128498, "8350001.05": -0.6087054994961907, "8350002.02": 0.45168416728662425, "8350006.2": 0.594885600674225, "8350005.09": -0.035232769607465866, "8350005.08": -0.1278660189785037, "8350003.0": 0.07156376001436693, "8350104.1": -0.6884688783412728, "8350018.0": -0.2602086364497208, "8350005.07": 0.3935418750377766, "8350012.02": 0.10190365699617508, "8350016.02": -0.3825880103439152, "8350019.01": -0.8620541133131631, "8350006.19": 0.09708556944999956, "8350015.02": 0.23963798423004462, "8350012.01": 0.5048927025391158, "8350004.01": -0.1357902105259642, "8350019.02": -0.8785562545087359, "8350017.0": 0.17276703765639187, "8350104.17": 0.5473819669566945, "8350037.0": -0.38507629995788895, "8350038.0": -0.023415712870748732, "8350041.0": 0.42020742651925597, "8350040.0": 0.5544871058392581, "8350042.01": 1.7376818895807102, "8350005.01": -0.2486535675047837, "8350014.0": 1.1035494188303134, "8350079.09": -1.4750943484341223, "8350005.02": 0.26622306855047795, "8350011.0": 1.2156838411649917, "8350013.0": 1.6816455335446718, "8350010.0": -0.03169831460721354, "8350006.18": 1.0486719916563927, "8350020.0": 0.6094625607780373, "8350007.02": 0.8800287355559379, "8350036.0": 0.7504199194209432, "8350006.17": 0.14024947590380818, "8350021.0": 1.556435887513351, "8350022.0": 2.5184656484683257, "8350008.01": 0.023681822805071702, "8350079.08": -1.0618017429309154, "8350035.0": 0.9985764994380384, "8350006.06": 0.8525972991363064, "8350009.0": 0.007949713247580195, "8350079.07": -0.1833061372545009, "8350006.09": 0.11397874572778359, "8350033.02": 2.5840303697882363, "8350008.02": -0.3155099531750474, "8350023.0": 1.815052116138792, "8350006.04": 0.7031430469271716, "8350034.01": 1.4263189532322347, "8350160.03": 0.5518138779267955, "8350039.0": 1.2283398982098594, "8350007.01": -0.4238011876828244, "8350079.19": -0.16894474212352048, "8350006.08": 0.18511813130892768, "8350034.03": 1.5420074392206242, "8350032.02": 3.092578922680156, "8350079.2": 0.595371056955989, "8350033.01": 1.8875945267959235, "8350034.02": 0.5916382511254584, "8350006.03": -0.20008980379282762, "8350024.01": 1.0941154055787512, "8350079.18": 0.46130094358217805, "8350030.0": 3.1484183049869094, "8350025.0": -0.104073270108559, "8350026.02": -0.2547713343208944, "8350032.01": 3.375237586348362, "8350026.01": -0.7167162155460115, "8350024.02": 1.6059836515394976, "8350006.05": 0.3501419188315644, "8350006.16": -0.2441386410201891, "8350045.0": 1.1301013886337026, "8350044.0": 0.7269449986113905, "8350046.0": 0.8258225115725664, "8350042.02": 1.2421418971210243, "8350043.0": 1.844159679865268, "8350058.0": 1.108931217990079, "8350075.08": 1.0224763343700745, "8350057.0": 1.4978219009990128, "8350059.0": 0.707394314545843, "8350075.05": 0.7242436361311946, "8350075.09": 1.0174580618325069, "8350060.01": 0.49702311301596724, "8350031.0": 2.4834111993006815, "8350006.15": 0.16232864688375553, "8350027.0": -0.5494720926959832, "8350029.0": 1.7110790193116978, "8350047.0": 1.8632152744458257, "8350079.17": 1.2090717216911386, "8350056.0": 0.9460853100686751, "8350079.16": 0.4694203509537636, "8350006.14": -0.4159296614358655, "8350055.0": 0.4098253359987385, "8350048.0": 1.337836052388054, "8350054.03": 0.08582784157926009, "8350006.13": -0.5543416529685177, "8350028.0": -0.7082046169570555, "8350054.01": 1.4648589346511776, "8350049.0": 0.9770022829816066, "8350079.15": 0.9979120898201072, "8350050.0": 0.3981637990479638, "8350060.02": -0.0062811962564489916, "8350075.07": 0.3622365973418611, "8350075.04": 0.3415195942516121, "8350071.0": -0.2734597998523992, "8350073.0": -0.618874491009147, "8350075.1": 0.5818447389772698, "8350075.12": -0.5837419980852018, "8350072.0": -0.9755092227558679, "8350075.03": -0.7185161857628242, "8350075.14": 0.1280683545471116, "8350053.0": -0.029415599675465386, "8350061.0": -0.2976431472329582, "8350051.01": 0.45070741984071894, "8350079.14": 0.4103778837799221, "8350062.02": -0.7800515191452817, "8350052.02": -0.07812086297930346, "8350006.01": -0.3935192373296739, "8350070.0": -0.9278180171727548, "8350063.0": -1.1174593971564826, "8350067.02": -1.578821292105353, "8350064.01": 0.16972757635184912, "8350069.0": -1.3857252515961531, "8350067.01": -1.9622284263820262, "8350079.13": -0.16922110465352572, "8350066.01": -1.5182845507519522, "8350068.02": -1.993042888027562, "8350160.04": 0.42558627666236504, "8350065.01": -0.7728164753144173, "8350068.01": -1.8007900218241, "8350066.02": -1.1991408462822446, "8350078.24": -1.3174509708895557, "8350065.02": -0.5006996058251137, "8350078.23": -1.4698623923602703, "8350078.02": -1.2127139533819415, "8350075.01": -0.9137090650857124, "8350075.13": -0.6023738248009255, "8350076.01": -1.0988095656569083, "8350075.02": -1.8022964658793703, "8350077.01": -1.5736895142121319, "8350076.02": -1.694041798484787, "8350140.17": -0.7734256561727648, "8350077.02": -1.3729629605513978, "8350140.1": -1.431201650696074, "8350121.18": -0.0938526738102721, "8350078.06": -1.0631090862176078, "8350078.05": -0.5277521120138523, "8350079.12": 0.9076814065412773, "8350121.17": -0.19517722916320862,