{"8350150.01": 0.10744707229519344, "8350155.0": -1.6623057499521585, "8350104.02": -0.4464277787238578, "8350104.52": 2.6117492233054524, "8350104.5": 1.886497681849802, "8350104.48": 2.112657238489466, "8350104.47": 2.368583742484283, "8350151.03": -1.3115803107562203, "8350104.56": 0.033052859724967104, "8350104.55": 2.932955481548438, "8350104.62": 0.9193705394083755, "8350104.59": 3.918807051429287, "8350156.0": -1.9436705068914524, "8350104.53": 3.057337570331799, "8350104.8": 0.5570348156938932, "8350104.79": 0.27292287628783857, "8350104.58": 5.278178371814226, "8350104.61": 0.10595045787505787, "8350104.77": 0.9152103593518673, "8350104.32": 2.454869455185788, "8350104.78": 1.2405474546280038, "8350104.65": 0.333327684358648, "8350090.06": 1.5855469855111826, "8350104.49": 1.1978493888710235, "8350104.3": 3.5372620050376304, "8350104.75": 2.224063168010729, "8350104.64": 0.3772360134563144, "8350090.05": 1.0515136723151068, "8350104.63": 0.6684994420146129, "8350090.13": 1.768268854695496, "8350090.12": 0.22898977082194316, "8350104.76": 1.0759628180093288, "8350104.6": 0.9939196016612534, "8350090.09": 0.9119403113975797, "8350104.74": 1.0568349540839959, "8350090.16": 0.3117284188786225, "8350104.36": -0.01259654584094843, "8350090.08": 0.5057598718373156, "8350090.2": 1.315351230997576, "8350104.72": 0.08160163543690534, "8350090.19": 0.061745313140243535, "8350001.07": -0.2342694776131262, "8350090.11": -0.10931642972677995, "8350090.15": -0.3972661649874285, "8350090.17": 0.23488718153687868, "8350104.25": -0.014720297503485717, "8350090.04": -0.4494354553993529, "8350104.73": 1.1702400000187345, "8350104.4": 0.023751356379853154, "8350104.69": 0.1995677515038613, "8350002.05": 0.2982582169575256, "8350090.03": 0.12936247715046473, "8350001.06": -0.7652739001742646, "8350104.46": 1.548558953878691, "8350104.42": 0.05857168169240989, "8350104.45": 1.136514630122027, "8350104.44": 1.0075593860742877, "8350104.41": 0.7234348270286727, "8350090.21": 0.35785268116532587, "8350104.2": 0.1318281730466817, "8350090.22": -0.8713428038279942, "8350104.71": -0.15089125970911993, "8350104.68": 0.7536732669211893, "8350090.02": -0.3737033333452644, "8350002.04": -0.7930121888827854, "8350090.18": 1.5349272216348417, "8350001.02": -0.31999770662400223, "8350079.1": -0.6191330720060364, "8350001.01": 0.14037417789567622, "8350104.67": 0.13137577391070435, "8350104.66": -0.23217875502234334, "8350090.01": -1.0778059873282753, "8350002.03": -0.4634469298291365, "8350104.7": 2.4628978988205863, "8350001.03": -0.9820002980369079, "8350005.13": -0.03750353849953416, "8350005.11": -0.6645224986120463, "8350005.1": -0.5471234216666275, "8350002.01": -1.0076630113477232, "8350004.02": -1.1603866141609736, "8350160.01": -1.3823620710915823, "8350001.04": -0.27880259926247175, "8350005.12": -0.5584907061639014, "8350001.05": -0.656805451943293, "8350002.02": -0.8323942794921534, "8350006.2": 0.24987544049292984, "8350005.09": -1.2145487182735446, "8350005.08": -1.0541544770936988, "8350003.0": -0.6977420520857962, "8350104.1": 0.6237352367515779, "8350018.0": -0.5373412522422565, "8350005.07": -1.0596236272334507, "8350012.02": -0.5794338137940219, "8350016.02": -1.062870456410264, "8350019.01": -1.2595802779359442, "8350006.19": -0.1226714651669268, "8350015.02": -0.6060343027749283, "8350012.01": -0.12165531993965005, "8350004.01": -0.9758331701026539, "8350019.02": -0.9474345849086476, "8350017.0": -0.5481577939457887, "8350104.17": -1.5724045484118507, "8350037.0": -0.8411157064087792, "8350038.0": -1.2852749609668486, "8350041.0": -1.2498597732863457, "8350040.0": -1.6617702667873848, "8350042.01": -0.7680156467263778, "8350005.01": -1.1822379854808398, "8350014.0": -0.6101476950430498, "8350079.09": -0.2046787729564447, "8350005.02": -1.4493148380764957, "8350011.0": -0.6605991802468575, "8350013.0": -0.6709256001181101, "8350010.0": -0.8338377006476929, "8350006.18": -0.4671718011480353, "8350020.0": -0.8501321553982972, "8350007.02": -1.0960466235761976, "8350036.0": -0.8546854363199996, "8350006.17": -0.15429070187527075, "8350021.0": -0.7912581100386535, "8350022.0": -0.7993580224923447, "8350008.01": -0.9187664992048797, "8350079.08": -0.08926176716405322, "8350035.0": -0.7913506661058265, "8350006.06": -0.5525613702334706, "8350009.0": -1.1356768030988962, "8350079.07": 0.24523588798152754, "8350006.09": -0.20971022111626778, "8350033.02": -0.5682036774427313, "8350008.02": -0.8835737961860219, "8350023.0": -1.0402932237822209, "8350006.04": 0.1992677962520474, "8350034.01": -0.6505101104143208, "8350160.03": -0.2318663369712678, "8350039.0": -1.2137357767336694, "8350007.01": -0.7030351329788035, "8350079.19": -0.2014251122379359, "8350006.08": 0.1143993781551707, "8350034.03": -0.8111512083196382, "8350032.02": -0.3639454439026673, "8350079.2": 0.22782718307639818, "8350033.01": -0.22516265251667078, "8350034.02": -0.8771741724703445, "8350006.03": -0.049664899852866796, "8350024.01": -0.47552460398491075, "8350079.18": 0.053366880458619335, "8350030.0": -0.6524379105016527, "8350025.0": -0.8114831857626343, "8350026.02": 0.0877326810397979, "8350032.01": 0.25146009935429536, "8350026.01": -0.16803643257835912, "8350024.02": -0.1455230438252396, "8350006.05": -0.19710727352283514, "8350006.16": 0.4337846916522103, "8350045.0": -0.31146667306290193, "8350044.0": -1.3641164849641447, "8350046.0": -0.3772299143834754, "8350042.02": -0.7657606002698305, "8350043.0": -0.9337727652822786, "8350058.0": -0.7094153276973979, "8350075.08": -0.29275178374652056, "8350057.0": -0.5031211287550305, "8350059.0": -0.8371876247810935, "8350075.05": -0.12270615591169977, "8350075.09": 0.6150926002323466, "8350060.01": -0.4258853640645832, "8350031.0": -0.3224121144310948, "8350006.15": 0.14440833178898935, "8350027.0": -0.6559157231214472, "8350029.0": -0.5552631178648206, "8350047.0": -0.258639955173333, "8350079.17": 0.4955579223006062, "8350056.0": -0.5550220951267314, "8350079.16": -0.02395626940963582, "8350006.14": 0.33215491112257467, "8350055.0": -0.669397901463204, "8350048.0": -0.17776453345411652, "8350054.03": -0.4951047114821968, "8350006.13": -0.598034639053468, "8350028.0": -0.570266054862659, "8350054.01": 0.42015352368353276, "8350049.0": -0.3656013616962531, "8350079.15": 0.06854574768071413, "8350050.0": -0.31678785577190277, "8350060.02": -0.43285726641765093, "8350075.07": -0.02006522105542619, "8350075.04": 0.9868432198702767, "8350071.0": -0.35214414375691777, "8350073.0": -0.11238326350857203, "8350075.1": 0.12423936686109241, "8350075.12": 0.12219113201078997, "8350072.0": -0.12865928477146532, "8350075.03": 0.759487554641945, "8350075.14": 1.2804189527203158, "8350053.0": -0.4876030186500297, "8350061.0": -0.5673050679340161, "8350051.01": 0.9619888152054045, "8350079.14": -0.3365659354976092, "8350062.02": -0.4948685304426811, "8350052.02": -0.5501073589735829, "8350006.01": -0.11696270901085336, "8350070.0": -0.36369494579721395, "8350063.0": -0.4514193900131649, "8350067.02": -0.3445059642919188, "8350064.01": -0.07343121188906267, "8350069.0": -0.11513295746134385, "8350067.01": -0.44158896122926616, "8350079.13": -0.2804455632858957, "8350066.01": -0.6331355104320309, "8350068.02": 0.03680669249592873, "8350160.04": 0.13395597944811788, "8350065.01": -0.854365021105501, "8350068.01": -0.4081032923986043, "8350066.02": -0.07847651934174166, "8350078.24": 0.5599864264563953, "8350065.02": -0.43163475773403165, "8350078.23": 0.1951203188128246, "8350078.02": 0.0586961708856537, "8350075.01": 0.17137635104306898, "8350075.13": 1.4519503606675164, "8350076.01": 0.45626553906922146, "8350075.02": 0.5956900500086624, "8350077.01": 0.3309766468198612, "8350076.02": 0.7103914662911032, "8350140.17": 1.3904778832386777, "8350077.02": 0.4822828401399951, "8350140.1": 1.563069101014734, "8350121.18": 0.04057654301451725, "8350078.06": 0.6645283587977362, "8350078.05": 0.4613402562464152, "8350079.12": -1.4948414592005226,