{"8350150.01": 0.28879724577643384, "8350155.0": -1.2305770721640334, "8350104.02": -0.6371202918195314, "8350104.52": 1.109796979305947, "8350104.5": 0.0034964277747328767, "8350104.48": 0.1258965691981859, "8350104.47": 0.23773660861265034, "8350151.03": 0.37756036486105593, "8350104.62": 0.5493359053261899, "8350104.59": 3.161435756475163, "8350156.0": -0.6315253274211445, "8350104.53": 1.6785859785765056, "8350104.8": -0.22850357804777544, "8350104.79": -0.44554637006245396, "8350104.58": 1.7512284614014464, "8350104.61": -0.2567647370013204, "8350104.77": -0.06783473085431989, "8350104.32": 1.4690189688944733, "8350104.78": -0.09232341701440182, "8350104.65": -0.4292270761563777, "8350090.06": 0.29385290075795145, "8350104.49": 0.04947770229541019, "8350104.3": 1.8016691210559326, "8350104.75": 5.676412147184997, "8350104.64": -0.16366051497290976, "8350090.05": 0.1980410910008041, "8350104.63": -0.3841871004167664, "8350090.13": 0.2791894823824942, "8350090.12": -0.012481260367260046, "8350104.76": 0.1108805584771897, "8350104.6": 0.42736221683060743, "8350090.09": 0.20503244945721497, "8350104.74": 0.182990569681789, "8350090.16": 0.12174530735012341, "8350104.36": -0.37441771360270804, "8350090.08": 0.4615968283541224, "8350090.2": 0.026358942690861167, "8350104.72": -0.16606741088532503, "8350090.19": -0.24925531621543204, "8350001.07": -0.014439262403974714, "8350090.11": 0.26009001261642484, "8350090.15": -0.4862707642661868, "8350090.17": -0.2965227231423324, "8350104.25": -0.16631018415289492, "8350090.04": -0.3568557489731303, "8350104.73": 0.24288289309232564, "8350104.4": -0.3021020105932098, "8350104.69": -0.03982168177367143, "8350002.05": 0.14421785145826657, "8350090.03": -0.19555681221386123, "8350001.06": -0.4277028626894456, "8350104.46": 0.1858517135986077, "8350104.42": 0.239446472130945, "8350104.45": -0.14718630341409203, "8350104.44": 0.0546737477993989, "8350104.41": 0.042801081173902265, "8350090.21": -0.39119009802554083, "8350104.2": -0.17803638211058556, "8350090.22": -0.473722965096154, "8350104.71": -0.5961445397118362, "8350104.68": 0.12311991844001458, "8350090.02": -0.16942772140168982, "8350002.04": -0.5414722950860186, "8350090.18": 6.018603672441729, "8350001.02": -0.13538787557513787, "8350079.1": -0.5329416311750301, "8350104.67": 0.042832305961181864, "8350104.66": -0.3161432390879711, "8350090.01": -0.5453716843201931, "8350002.03": -0.47020886461283923, "8350104.7": 6.263987271620041, "8350001.03": -0.5487931455258476, "8350005.13": -0.1311528451110486, "8350005.11": -0.5326316058637944, "8350005.1": -0.34227478373640596, "8350002.01": -0.8045722142435511, "8350004.02": -0.899365416208421, "8350160.01": -0.7623581632694126, "8350001.04": -0.12130319032496345, "8350005.12": -0.1917454985347255, "8350001.05": -0.26106572474401823, "8350002.02": -0.5605164293662923, "8350006.2": -0.10015912463736791, "8350005.09": -0.8140374857910144, "8350005.08": -0.5658599022921292, "8350003.0": -0.34828009407202337, "8350104.1": 0.620788207667229, "8350005.07": -0.5124537196976873, "8350012.02": -0.012537730769167539, "8350016.02": -0.4572581896019759, "8350019.01": -0.2998919780090925, "8350006.19": -0.10290707531496517, "8350015.02": -0.256663818114948, "8350012.01": 0.00973682370096127, "8350004.01": -0.40553402439535935, "8350019.02": -0.16812828962773624, "8350017.0": -0.02843948964316628, "8350104.17": -0.6582709064673462, "8350037.0": -0.052582164339279654, "8350038.0": -0.2135242849331081, "8350041.0": -0.30970904241728675, "8350040.0": -0.6460686479275961, "8350042.01": -0.0833502739524545, "8350005.01": -0.5157840483497022, "8350014.0": -0.22668089361062532, "8350079.09": -0.23087645951951943, "8350005.02": -0.5313395141981246, "8350011.0": -0.2493726084642551, "8350013.0": -0.2708266281223936, "8350010.0": -0.2319194067236624, "8350006.18": 0.0030604221834617217, "8350020.0": -0.1964412862082085, "8350007.02": -0.8230648803830062, "8350036.0": -0.2063789234299458, "8350006.17": -0.15768628932537565, "8350021.0": -0.4845111809842157, "8350022.0": -0.5308286023115744, "8350008.01": -0.26659359208155303, "8350079.08": -0.18676772753167217, "8350035.0": -0.3198708605532662, "8350006.06": -0.10303921574960352, "8350009.0": -0.7483974074682997, "8350079.07": 0.1211102105380177, "8350006.09": -0.10736811375632199, "8350033.02": -0.4790741013581035, "8350008.02": -0.2479273943610664, "8350023.0": -0.4542228226087148, "8350006.04": 0.09926108398908798, "8350034.01": -0.5693044028647645, "8350160.03": -0.21144616582362158, "8350039.0": -0.6967192732628423, "8350007.01": -0.5395460379908679, "8350079.19": -0.569087974478024, "8350006.08": -0.21994938847561443, "8350034.03": -0.7423698579652651, "8350032.02": -0.3947797843810719, "8350079.2": 0.07360286236571818, "8350033.01": -0.47937230396890795, "8350034.02": -0.977537284532624, "8350006.03": -0.07348178358279707, "8350024.01": -0.3437416160700583, "8350079.18": -0.1530885595868047, "8350030.0": -0.3522734868703976, "8350025.0": -0.47346962948797994, "8350026.02": -0.20935897347207044, "8350032.01": -0.11509108055454224, "8350026.01": -0.2561968537054325, "8350024.02": -0.2580638268002337, "8350006.05": -0.3675866243450356, "8350006.16": -0.012164671804247035, "8350045.0": -0.6097610348756899, "8350044.0": -0.9531583592802335, "8350046.0": -0.5878976237196064, "8350042.02": -0.08650639816530836, "8350043.0": -0.41787891823186313, "8350058.0": -0.20391615993107748, "8350075.08": -0.2422872115328667, "8350057.0": -0.4020704181115168, "8350059.0": -0.5352406838911378, "8350075.05": 0.04599831839972652, "8350075.09": 0.45585456457616974, "8350060.01": -0.27214098529970654, "8350031.0": -0.06048018323697035, "8350006.15": -0.40334040808712557, "8350027.0": -0.5642314421012621, "8350029.0": -0.3977299648671715, "8350047.0": -0.2999233022380285, "8350079.17": -0.6159369395713649, "8350056.0": -0.480685517591465, "8350079.16": -0.32047458635361775, "8350006.14": 0.18327366057890856, "8350055.0": -0.6519848943643078, "8350048.0": -0.08244400873027384, "8350054.03": -0.6005146514171757, "8350006.13": -0.5086488108554271, "8350028.0": -0.0586565769231403, "8350054.01": 0.2375125774805321, "8350049.0": -0.01609658521661708, "8350079.15": -0.06778143243568986, "8350050.0": 0.05227134235541209, "8350060.02": -0.3781198359984097, "8350075.07": -0.03646145741963222, "8350075.04": 0.30673042846948384, "8350071.0": -0.2994099368075761, "8350073.0": -0.1658338701533885, "8350075.1": -0.1655505829073688, "8350075.12": 0.020944730417692178, "8350072.0": -0.21969531931165656, "8350075.03": 0.2783037665125066, "8350075.14": 0.5872351532072306, "8350053.0": -0.30879424219306295, "8350061.0": -0.4549199747947641, "8350051.01": 0.4463308880113638, "8350079.14": -0.13317145579896805, "8350062.02": -0.3943012356767864, "8350052.02": -0.07683376534963823, "8350070.0": -0.299250784784221, "8350063.0": -0.2513860260986246, "8350067.02": -0.2902281786011551, "8350064.01": 0.08898591189948685, "8350069.0": -0.07023121686617169, "8350067.01": -0.35994849916073784, "8350079.13": 0.28837784733115474, "8350066.01": -0.4473646548499223, "8350068.02": -0.06637429696356174, "8350160.04": -0.1458073430713491, "8350065.01": -0.5409136204415287, "8350068.01": -0.32920822009319073, "8350066.02": -0.29762795853111157, "8350078.24": 0.18024983025641328, "8350065.02": -0.544709517505208, "8350078.23": 0.06696140233771683, "8350078.02": -0.1276333251082166, "8350075.01": 0.17971458011933159, "8350075.13": 0.6940485490507964, "8350076.01": 0.23000645934852074, "8350075.02": 0.20726133892856166, "8350077.01": 0.23785645020088406, "8350076.02": 0.32624075398865926, "8350140.17": 0.4943356304075865, "8350077.02": 0.2377032297664286, "8350140.1": 0.5867496003434476, "8350121.18": -0.24106578098382764, "8350078.06": 0.0749787206355337, "8350078.05": 0.16574577548569813, "8350121.17": -0.06486289126267647, "8350079.11": 6.240208212957764, "8350078.09": 0.019940399115028082, "8350078.03": 0.14473569983893705,