{"8350150.01": -0.915011786536741, "8350155.0": -2.6429270208896196, "8350104.02": -1.475239126528624, "8350104.52": -0.2549433325468886, "8350104.5": -1.248965792017452, "8350104.48": -1.1217641438764239, "8350104.47": -1.2016011042871972, "8350151.03": -0.8593613061293781, "8350104.62": -0.6365398154166564, "8350104.59": 0.06888566000381957, "8350156.0": -1.010189875877676, "8350104.53": -1.352536257476902, "8350104.8": -0.9635669464232601, "8350104.79": -0.8987691821473063, "8350104.58": -0.8424701898374499, "8350104.61": -0.7685205856694731, "8350104.77": -0.3773354890073493, "8350104.32": -0.5019702865026316, "8350104.78": -0.1377006063893336, "8350104.65": -0.5784282553401171, "8350090.06": -0.8870360468648391, "8350104.49": -1.3405221817492634, "8350104.3": -0.27012027063643607, "8350104.75": -2.371334700437159, "8350104.64": 0.003463510443263223, "8350090.05": -0.7620967118835832, "8350104.63": 0.20026080441616517, "8350090.13": -0.31288166402779866, "8350090.12": -0.10770515032023402, "8350104.76": 0.6545320517544483, "8350104.6": 0.02385182143752697, "8350090.09": -0.17913680870609258, "8350104.74": 0.1454986630967608, "8350090.16": 0.49563863953744575, "8350104.36": -0.49924300858621606, "8350090.08": 0.41440325422298, "8350090.2": -0.24862508871504213, "8350104.72": -0.6151929704278897, "8350090.19": 0.32332827982726653, "8350001.07": 0.1522766034779164, "8350090.11": 0.9852443153109305, "8350090.15": 0.16557034574715607, "8350090.17": 0.1686221917031223, "8350104.25": -0.04539653052523147, "8350090.04": 0.6897406104900926, "8350104.73": -0.02978444517086518, "8350104.4": -0.22306689289448772, "8350104.69": -0.1176130342473201, "8350002.05": 0.5693443562412416, "8350090.03": 1.0544942002620417, "8350001.06": 0.0283125526128077, "8350104.46": -0.7427684565133904, "8350104.42": -0.8525063308801174, "8350104.45": -1.188448329463818, "8350104.44": -0.6018577231174733, "8350104.41": -1.0838641600279306, "8350090.21": -0.448467427036051, "8350104.2": -0.6542278102543226, "8350090.22": -0.09265555180343236, "8350104.71": -0.15781518644101508, "8350104.68": -0.4306679506920735, "8350090.02": 0.4649568927103542, "8350002.04": 0.3730322512386216, "8350090.18": -0.2949079265400405, "8350001.02": 0.5298199768776359, "8350079.1": -0.6781866694611448, "8350104.67": -0.6447703685199402, "8350104.66": -0.9328989033023753, "8350090.01": 0.7964861670450213, "8350002.03": 0.8181085528898933, "8350104.7": -1.5413816369810753, "8350001.03": -0.35596765420005977, "8350005.13": -0.833567752112591, "8350005.11": -0.34644162717263316, "8350005.1": -1.0056400953497637, "8350002.01": 0.004949686339110711, "8350004.02": 0.2508207583082361, "8350160.01": -0.26411709791791754, "8350001.04": 0.2960213601779559, "8350005.12": -1.2030941918843145, "8350001.05": -0.19673547036238456, "8350002.02": 0.077121305862203, "8350006.2": -0.6146154534012382, "8350005.09": -0.7381244284857191, "8350005.08": -0.8003054983503021, "8350003.0": -0.051330073363693454, "8350104.1": -0.6554998841499011, "8350005.07": -0.5929292550581297, "8350012.02": 1.1511967520942308, "8350016.02": -0.2927669460704765, "8350019.01": -0.32618142168392705, "8350006.19": -0.8246150810419375, "8350015.02": 0.7075506106275662, "8350012.01": 0.866562403213447, "8350004.01": -0.7837551036938812, "8350019.02": -0.33782974339019445, "8350017.0": 0.685643244478992, "8350104.17": 0.8967165740711751, "8350037.0": 0.19044361845878843, "8350038.0": 0.15484192327431046, "8350041.0": 0.3609990102539966, "8350040.0": 0.3900747663458566, "8350042.01": 1.3452042423077417, "8350005.01": -0.9001510456690693, "8350014.0": 1.427569009850907, "8350079.09": -1.5171529440968459, "8350005.02": -0.7606661920458696, "8350011.0": 1.0423875289369031, "8350013.0": 1.6676975542770098, "8350010.0": -0.32837275425674245, "8350006.18": 0.4845076988353253, "8350020.0": 0.7876908910056847, "8350007.02": 0.559908955585386, "8350036.0": 0.6210230057937329, "8350006.17": -0.06491648302961685, "8350021.0": 1.619474746346963, "8350022.0": 2.531433936512339, "8350008.01": -0.35203843233874155, "8350079.08": -1.5041378097412097, "8350035.0": 1.1022544305261102, "8350006.06": 0.16520525453605556, "8350009.0": -0.4030645399166568, "8350079.07": -0.6123084115641431, "8350006.09": 0.21493062626590256, "8350033.02": 2.755203325020276, "8350008.02": -0.5844381952471231, "8350023.0": 1.5376943240398229, "8350006.04": 0.8073456384635946, "8350034.01": 1.7510208571745378, "8350160.03": -0.47770255858932553, "8350039.0": 0.7587122517721654, "8350007.01": -0.32835293933257526, "8350079.19": -0.6943843827881677, "8350006.08": 0.7926631149246552, "8350034.03": 1.444836303269866, "8350032.02": 3.3327094068328207, "8350079.2": -0.06799870498932775, "8350033.01": 2.7869784696352715, "8350034.02": 0.5154837695775493, "8350006.03": -0.07041769700948922, "8350024.01": 0.6176611835339075, "8350079.18": -0.2903782005413322, "8350030.0": 3.2136759631941865, "8350025.0": -0.34529180666143255, "8350026.02": 0.17128848293621055, "8350032.01": 4.569470596224383, "8350026.01": -0.1975217284155374, "8350024.02": 1.5075045993938112, "8350006.05": 0.027937991468511128, "8350006.16": 0.187992772349504, "8350045.0": 1.495762077935008, "8350044.0": 0.3968971570057426, "8350046.0": 1.4304226108682236, "8350042.02": 1.0679784514524386, "8350043.0": 1.556388144919914, "8350058.0": 1.03293999794044, "8350075.08": 1.0384909192455247, "8350057.0": 1.6463295122807229, "8350059.0": 0.8510512127283316, "8350075.05": 1.1789366211301981, "8350075.09": 1.3970360882328674, "8350060.01": 0.9874293416076388, "8350031.0": 2.9487360745282083, "8350006.15": 0.052456796360990814, "8350027.0": -0.0554845261423062, "8350029.0": 1.932927829637214, "8350047.0": 2.6187392014646296, "8350079.17": -0.04821398085916352, "8350056.0": 1.0882281366830777, "8350079.16": -0.5379951577465383, "8350006.14": 0.7999601495573877, "8350055.0": 0.6480447278102989, "8350048.0": 2.1377040153512175, "8350054.03": 0.5434379138363451, "8350006.13": -0.3288596933084646, "8350028.0": -0.20843060869722532, "8350054.01": 2.8633582154413033, "8350049.0": 1.4346559714828275, "8350079.15": 0.6078123501795645, "8350050.0": 0.8977441519527712, "8350060.02": 0.5294401295465537, "8350075.07": 0.634895156177473, "8350075.04": 0.8406024883099098, "8350071.0": 0.4528425537298395, "8350073.0": 0.09817202209791445, "8350075.1": 0.6358553336227528, "8350075.12": -0.0033912683292311317, "8350072.0": -0.07930166297153998, "8350075.03": 0.2902182918907797, "8350075.14": 0.33402313977556114, "8350053.0": 0.5219088255361048, "8350061.0": 0.1706587554967867, "8350051.01": 1.7492307125632514, "8350079.14": -0.39050551529009825, "8350062.02": -0.26350639418464117, "8350052.02": 0.5483304331832123, "8350070.0": -0.3361392737273882, "8350063.0": -0.40821274137557667, "8350067.02": -0.8275013065635572, "8350064.01": 1.1264408880541814, "8350069.0": -0.6043936212366705, "8350067.01": -1.387766369937022, "8350079.13": -0.722683750164913, "8350066.01": -1.0427813282914826, "8350068.02": -1.153864998667254, "8350160.04": -0.3627488319042883, "8350065.01": -0.4116351058538357, "8350068.01": -1.2503233220545034, "8350066.02": -0.8001724357832777, "8350078.24": -0.598311383408092, "8350065.02": -0.3685537148667588, "8350078.23": -0.6466960501478017, "8350078.02": -0.9226364939347002, "8350075.01": 0.10315619693491823, "8350075.13": 0.0348587984598384, "8350076.01": 0.019948352982751823, "8350075.02": -1.172820323363512, "8350077.01": -0.5206999302226384, "8350076.02": -0.7790057871665459, "8350140.17": -0.35391665035516867, "8350077.02": -0.6160456442598077, "8350140.1": -1.046741175505882, "8350121.18": -0.07726903167673553, "8350078.06": -0.7156632357978412, "8350078.05": -0.023553839637690855, "8350121.17": -0.07659737567596872, "8350079.11": -0.8158170584163648, "8350078.09": 0.1388267880555189, "8350078.03": -0.31399418052927275, "8350078.08": -0.2719011264209559, "8350121.15": -0.521176762502759, "8350078.07": 0.08699060168236705,