{"8350150.01": -0.12386273281308337, "8350155.0": -2.5034695277804326, "8350104.02": -1.3647547874457546, "8350104.52": 2.0489574890399465, "8350104.5": 0.7096450760970864, "8350104.48": 0.971890393613348, "8350104.47": 1.1024399658348547, "8350151.03": -1.1194164343824216, "8350104.56": 0.16047371438660873, "8350104.55": 1.6664943165779913, "8350104.62": 0.7566673198805071, "8350104.59": 4.120555160954192, "8350156.0": -2.507733433538659, "8350104.53": 2.411807382187552, "8350104.8": -0.3701787334931914, "8350104.79": -0.5227615109427795, "8350104.58": 3.9560436821854785, "8350104.61": -0.3077011200975081, "8350104.77": 0.3558233858013921, "8350104.32": 2.246985480982826, "8350104.78": 0.3828925834982571, "8350104.65": -0.268987966479025, "8350090.06": 0.6321528331890038, "8350104.49": 0.33952596844420896, "8350104.3": 3.5182425616600774, "8350104.75": 3.3435047237807143, "8350104.64": 0.05706543041234101, "8350090.05": 0.4568280488983045, "8350104.63": 0.16618516004703698, "8350090.13": 0.9212995336288752, "8350090.12": -0.02063843585769162, "8350104.76": 0.9529609695227016, "8350104.6": 0.8312266471377534, "8350090.09": 0.4781414807075863, "8350104.74": 0.8204926209279078, "8350090.16": 0.18168113401250963, "8350104.36": -0.284540792014906, "8350090.08": 0.38788145525755796, "8350090.2": 0.5292781587448414, "8350104.72": -0.41091467386862024, "8350090.19": -0.2612443847755071, "8350001.07": -0.31937383788619766, "8350090.11": -0.03368766647087635, "8350090.15": -0.825311971084013, "8350090.17": 0.11473791212623123, "8350104.25": -0.10914987552569469, "8350090.04": -0.7821016463995044, "8350104.73": 0.8161748137434968, "8350104.4": 0.02397396912875719, "8350104.69": 0.683979525502107, "8350002.05": 0.4408355123759711, "8350090.03": -0.5974029269720624, "8350001.06": -0.647624949981733, "8350104.46": 0.9068646291956388, "8350104.42": 0.26174675694627836, "8350104.45": 0.4075793206469298, "8350104.44": 0.932604635976072, "8350104.41": 0.13835185013166112, "8350090.21": 0.1730633051704744, "8350104.2": 0.11657423058708608, "8350090.22": -0.44405230127922724, "8350104.71": -0.249545976938162, "8350104.68": 0.35825739555455954, "8350090.02": -0.9836755480819177, "8350002.04": -0.34872005310259335, "8350090.18": 3.6173831286041835, "8350001.02": -0.20622150541288, "8350079.1": -0.7983782241647505, "8350104.67": -0.6354457164758226, "8350104.66": 0.0013415192057482383, "8350090.01": -0.14164129081764712, "8350002.03": -1.015803005132258, "8350104.7": 3.918980879773337, "8350001.03": 0.4018301281263344, "8350005.13": -1.036107215379369, "8350005.11": -0.14892899836109053, "8350005.1": -0.1692618135767403, "8350002.01": -0.18508868307366785, "8350004.02": -1.146319503162257, "8350160.01": -1.0618844660716298, "8350001.04": -0.7481185602216041, "8350005.12": -1.020963169733376, "8350001.05": -0.49361050266640916, "8350002.02": -1.3467746636909341, "8350006.2": -1.0970322058460436, "8350005.09": 0.406792744552455, "8350005.08": -0.6757094873821284, "8350003.0": -0.7493041728498584, "8350104.1": -0.49380444591880596, "8350018.0": 1.4586255805190502, "8350005.07": -0.4017508542185524, "8350012.02": -0.33724602172453966, "8350016.02": -0.7351363685778877, "8350019.01": -0.5537634899589393, "8350006.19": 0.1689607920646988, "8350015.02": -0.26692683334078954, "8350012.01": -0.5031873441301548, "8350004.01": -1.2297169743312297, "8350019.02": -0.5303456985470513, "8350017.0": -0.000359533709596639, "8350104.17": -1.2846876637098634, "8350037.0": -0.15359428671901404, "8350038.0": -0.4862003222326827, "8350041.0": -0.33459155427247783, "8350040.0": -0.9673782844589393, "8350042.01": 0.30985267785604276, "8350005.01": -0.908634928251951, "8350014.0": -0.08810682834495531, "8350079.09": -0.09604423013209544, "8350005.02": -0.8714015489418581, "8350011.0": -0.43906548262294637, "8350013.0": 0.031677740835478994, "8350010.0": -0.8366088361018564, "8350006.18": 0.11764515234565931, "8350020.0": -0.18871500540117636, "8350007.02": -1.1163183449526928, "8350036.0": -0.30273895744538676, "8350006.17": 0.0848856108335236, "8350021.0": -0.20544706373103952, "8350022.0": -0.06267048069339184, "8350008.01": -0.7174886025909846, "8350079.08": -0.15731608394557342, "8350035.0": -0.4348474797834384, "8350006.06": 0.014538244739364431, "8350009.0": -1.2691440173742592, "8350079.07": 0.5687069082301501, "8350006.09": -0.016301995614449487, "8350033.02": 0.03295496419089936, "8350008.02": -0.5875226783344256, "8350023.0": -0.11752462152546987, "8350006.04": 0.30621372630332616, "8350034.01": -0.39200143482864414, "8350160.03": -0.07224361023548122, "8350039.0": -0.8489280831916388, "8350007.01": -0.8522527710975685, "8350079.19": -0.5643989464138804, "8350006.08": -0.19451808884273608, "8350034.03": -0.9177058660407591, "8350032.02": 0.5933545035591008, "8350079.2": 0.5978537698038583, "8350033.01": 0.09935183536424802, "8350034.02": -1.3219399154598235, "8350006.03": -0.08770165280165801, "8350024.01": -0.30304657897776727, "8350079.18": 0.42448739970744326, "8350030.0": 0.47925612075477675, "8350025.0": -0.804078785041597, "8350026.02": -0.20457369354469448, "8350032.01": 1.0133593858067298, "8350026.01": -0.46576475529058786, "8350024.02": 0.07137214681718959, "8350006.05": -0.12289568995398625, "8350006.16": 0.15073986887575233, "8350045.0": -0.6542408316266888, "8350044.0": -1.4491979168525477, "8350046.0": -0.3919018776595439, "8350042.02": 0.013897239548131428, "8350043.0": -0.4544597296148191, "8350058.0": -0.18141243624502865, "8350075.08": -0.4109764472173851, "8350057.0": -0.46549388018651555, "8350059.0": -0.8942765027819574, "8350075.05": -0.07780312410599118, "8350075.09": 0.9261640924201976, "8350060.01": -0.49715552161945126, "8350031.0": 0.8486748572775761, "8350006.15": -0.17834336976974746, "8350027.0": -0.8355501264247235, "8350029.0": -0.03179845527514727, "8350047.0": 0.29469919623559265, "8350079.17": 0.11863421083640381, "8350056.0": -0.6180826825651331, "8350079.16": 0.22390885125863544, "8350006.14": 0.5146662374919826, "8350055.0": -0.9335388615907148, "8350048.0": 0.33971125733650365, "8350054.03": -0.9520880450071018, "8350006.13": -0.5401856721163053, "8350028.0": -0.1299045318455403, "8350054.01": 0.8579741003326655, "8350049.0": 0.3043601154551335, "8350079.15": 0.7978534250951574, "8350050.0": 0.24407573397424748, "8350060.02": -0.6873118815927967, "8350075.07": -0.08552754114951536, "8350075.04": 0.4919683024165024, "8350071.0": -0.7270985235539819, "8350073.0": -0.5474035487066162, "8350075.1": -0.10002928951209468, "8350075.12": -0.19473129364495795, "8350072.0": -0.7203652551412586, "8350075.03": 0.2527520733522392, "8350075.14": 1.1479899243689526, "8350053.0": -0.42518505270127027, "8350061.0": -0.8865846712764323, "8350051.01": 0.992586702671321, "8350079.14": 0.20272834563087372, "8350062.02": -0.8741646267131783, "8350052.02": -0.10032931772147048, "8350070.0": -0.7867610074355632, "8350063.0": -0.6073818046188008, "8350067.02": -0.8875699760421305, "8350064.01": 0.03680737400757811, "8350069.0": -0.5461353262986388, "8350067.01": -1.0323750545899206, "8350079.13": 0.577344494552975, "8350066.01": -0.9813794658088068, "8350068.02": -0.6760813913956873, "8350160.04": 0.44750348455823646, "8350065.01": -0.9237314052933465, "8350068.01": -0.9761182011885012, "8350066.02": -0.5460542546434617, "8350078.24": -0.24791152266088567, "8350065.02": -0.6926329005757135, "8350078.23": -0.3726971949692477, "8350078.02": -0.3059536517011303, "8350075.01": -0.1851477928952691, "8350075.13": 1.155864208701407, "8350076.01": -0.1816320187981581, "8350075.02": -0.04664801385680586, "8350077.01": -0.2935601182410707, "8350076.02": 0.013276233016985012, "8350140.17": 0.9531332106462324, "8350077.02": -0.032918656947969395, "8350140.1": 0.8940914011467594, "8350121.18": -0.16832046584466018, "8350078.06": -0.08776458536534498, "8350078.05": -0.013118594267888618, "8350079.12": 0.4275272158423202, "8350121.17": 0.17051773568916798,