{"8350150.01": -2.3795383176494282, "8350155.0": 3.4365553595583456, "8350104.02": -0.14787250980991087, "8350104.47": -0.5422247170026041, "8350104.62": -0.5943273338145155, "8350156.0": 1.0572074170078551, "8350104.53": -0.800095529973706, "8350104.8": 0.5338532005141612, "8350104.79": 0.7731905417744822, "8350104.58": -0.6702496264542008, "8350104.61": 0.30926669329197426, "8350104.32": -0.9593918510551248, "8350104.78": 0.054943772281366626, "8350104.65": 0.3089951903157368, "8350090.06": -1.0320188587946026, "8350104.49": -1.3950698623758613, "8350104.3": -1.253336915711388, "8350104.75": 2.606288918642165, "8350104.64": -0.3762802688333509, "8350090.05": -0.8356587601801552, "8350104.63": 1.0265744859308013, "8350090.13": -1.1520130033016251, "8350090.12": -0.7789789012964554, "8350104.6": -0.43130801890164494, "8350090.09": -0.7000167155885189, "8350104.74": 1.0168717129566385, "8350090.16": -0.8033352966616544, "8350104.36": -0.4923216678930826, "8350090.08": -0.5408751895802013, "8350090.2": -0.909269312007745, "8350104.72": 2.3223689456178143, "8350090.19": -0.7347192112463596, "8350001.07": -0.4100913561806873, "8350090.11": -0.4910198705829204, "8350090.15": -0.4023243028401545, "8350090.17": -0.6072619020560284, "8350104.25": -0.31290965959244166, "8350090.04": -0.4734008216902505, "8350104.73": 1.5665704321601774, "8350104.4": 0.91724600297871, "8350104.69": 1.059444030159932, "8350002.05": -0.36005183256558, "8350090.03": 0.05740864599975133, "8350001.06": -0.29124409362566894, "8350104.45": -0.9856541487553258, "8350104.44": -0.6250961333241478, "8350104.41": -0.3449395814120807, "8350090.21": -0.9416873731947104, "8350104.2": -0.3971226601213679, "8350090.22": -0.5677215065214771, "8350104.71": 1.1333073871033377, "8350104.68": 1.3667901054580331, "8350090.02": 0.1933081934361694, "8350002.04": -0.3673418424767887, "8350090.18": -2.4967705196831345, "8350001.02": -0.18627304029631944, "8350104.66": 0.21825823921386683, "8350090.01": -0.47957685833022135, "8350002.03": -0.22076958893278, "8350104.7": -0.3266546554564864, "8350001.03": 0.0396404411684825, "8350005.13": 0.50327866004131, "8350005.11": -0.36229740102680524, "8350005.1": -0.4770347077969381, "8350002.01": 0.0017276128066751688, "8350004.02": 0.1504117952625924, "8350160.01": 0.5531803476752409, "8350001.04": 0.15821748652142828, "8350005.12": -0.740939261372625, "8350001.05": 0.3645169069678467, "8350002.02": 0.11037839138789575, "8350006.2": 0.700878415553494, "8350005.09": -0.7834451208744654, "8350005.08": -0.6738540985175108, "8350003.0": 0.22172350912755953, "8350104.1": -1.4582050230179315, "8350005.07": -0.22296348872097171, "8350012.02": 1.1617928896509995, "8350016.02": 0.4234964538999669, "8350006.19": 0.10454782710615401, "8350015.02": 0.8112033593759319, "8350012.01": 0.7395541689084997, "8350019.02": -0.24443436745405242, "8350017.0": 0.532147442743332, "8350104.17": 0.18672377717622554, "8350037.0": -0.3643295497659377, "8350038.0": -0.8246159815971609, "8350041.0": -0.02878736702353706, "8350040.0": 0.3477074630068745, "8350042.01": 0.26765102428620835, "8350005.01": -0.8649235874118053, "8350014.0": 1.0386070230561926, "8350005.02": -0.8818065761748658, "8350011.0": 0.42562328224519863, "8350013.0": 0.8976551670359053, "8350010.0": -0.3600872185932917, "8350006.18": 0.06841605043370566, "8350020.0": 0.47265135727803737, "8350007.02": 0.542740371134041, "8350036.0": 0.2631529590801378, "8350006.17": 0.485675467425707, "8350021.0": 1.5456528894485353, "8350022.0": 1.5137624608647795, "8350008.01": -0.19998268673380884, "8350079.08": 0.1443716807279408, "8350035.0": 0.5881269110977034, "8350006.06": -0.1124864299532913, "8350009.0": 0.1708952368296228, "8350079.07": -0.5376315755961639, "8350006.09": 0.5334711583126651, "8350033.02": 1.233675755666916, "8350008.02": -0.14749624276815246, "8350023.0": 0.3317060566121608, "8350006.04": 0.12234295398639855, "8350034.01": 2.5233274793442333, "8350039.0": 0.4845762573797596, "8350007.01": 0.10216025299311055, "8350079.19": 0.0670482429522828, "8350006.08": 0.44868012541757557, "8350034.03": 2.284831111387509, "8350032.02": 1.218498677383003, "8350033.01": 2.5858366073801826, "8350034.02": 2.202181169025187, "8350024.01": 0.6607134219511717, "8350030.0": 0.583353217953364, "8350025.0": -0.04018549004579354, "8350026.02": 0.7031622523567692, "8350032.01": 1.6328289464689467, "8350026.01": -0.19154202236223758, "8350024.02": 1.076245026467844, "8350006.05": -0.08387297686016146, "8350006.16": -0.2174627020479871, "8350045.0": 2.4099808829339304, "8350044.0": 1.6091841988932916, "8350046.0": 2.03030352599498, "8350042.02": -0.2167748340928517, "8350043.0": 0.7946910388866626, "8350058.0": 0.1476590146043033, "8350075.08": -0.25352776875778993, "8350057.0": 1.2731520847564277, "8350059.0": 0.6852369194069001, "8350075.05": 0.056426444174264186, "8350075.09": -0.5976714414518388, "8350060.01": 1.0890301212348588, "8350031.0": 0.8548536755290403, "8350006.15": -0.5041411215228987, "8350027.0": 0.26980871932724365, "8350029.0": 0.493688027538166, "8350047.0": 1.7712978523615972, "8350079.17": -0.17636225692567653, "8350056.0": 1.679034714073081, "8350079.16": -0.6114347180152899, "8350006.14": 0.2493011131275649, "8350055.0": 2.297285261313972, "8350048.0": 0.7813495526706116, "8350054.03": 2.8229043802320044, "8350006.13": -0.24288861831260664, "8350028.0": -0.31262188920155565, "8350054.01": 2.0839426901757734, "8350049.0": 0.43098187349043027, "8350079.15": -0.11170390647181468, "8350050.0": 0.33568087354628295, "8350060.02": 1.4115649329710895, "8350075.07": -0.438856319362604, "8350075.04": -0.15814494830429685, "8350071.0": 0.8010968897938335, "8350073.0": 0.15923469373017246, "8350075.1": -0.33301304891055944, "8350075.12": -0.6109425037991737, "8350072.0": 0.36133882430990794, "8350075.03": -0.8653440091052923, "8350075.14": -0.8363569795707274, "8350053.0": 0.5311310784268177, "8350061.0": 1.775052999195525, "8350051.01": 0.8074981196260813, "8350079.14": -0.7034951188849803, "8350062.02": 1.8777716976165182, "8350052.02": 0.6973865937205656, "8350070.0": 0.854097457648539, "8350063.0": 0.4066138723152288, "8350067.02": 0.6173157592383054, "8350064.01": 0.6377487063298212, "8350069.0": 0.47220511699614615, "8350067.01": 0.29121817674749045, "8350079.13": -0.93795689452629, "8350066.01": -0.5937728044517357, "8350068.02": 0.12707127901309628, "8350065.01": -0.22030348388313323, "8350068.01": 0.24620963900797632, "8350066.02": -0.5986072144777302, "8350078.24": -0.20539865320544348, "8350065.02": -0.2525819391106214, "8350078.23": -0.9152292055706207, "8350078.02": -0.6636051963877379, "8350075.01": -0.4781675214216881, "8350075.13": -0.8904285438472817, "8350076.01": -0.5377126795366053, "8350075.02": -0.9733868227858019, "8350077.01": -0.6216190861780482, "8350076.02": -0.7427094926258844, "8350140.17": -1.0505011996069793, "8350077.02": -0.2761922012906629, "8350140.1": -1.490841897116381, "8350121.18": -0.9165299307586838, "8350078.06": -0.7079897700266157, "8350078.05": -0.6402996503620895, "8350121.17": -0.9538340656276415, "8350078.09": -0.8231207336599041, "8350078.03": -0.8155881310598297, "8350078.08": -0.5077385186888814, "8350121.15": -0.6404743782795709, "8350078.07": -0.9000102719254316, "8350121.14": -0.36883547370967035, "8350121.12": -0.6467173583332926, "8350121.11": -1.3695982000391314, "8350120.02": -1.774928779665466, "8350120.01": -2.3103606058689734, "8350121.06": -2.3402933506343078, "8350106.04": -1.2762869439942524, "8350078.18": -0.8951410601536604, "8350078.16": -0.9545973854770345, "8350121.13": -1.0162796114884203, "8350164.04": -0.5982520481207618, "8350141.02": -1.0287427355657268, "8350140.09": -0.9338153726062159, "8350140.12": -3.4166105679165546, "8350078.22": -1.1651656191570559, "8350078.21": -0.8956233215218307, "8350140.15": -1.2499368097991157, "8350106.02": -1.028758995230002, "8350078.12": -0.874388581312381, "8350078.2": -0.9306778624199709,