{"8350150.01": 0.5671259690469457, "8350155.0": -1.1463182689079146, "8350104.02": -0.5382041168388285, "8350104.52": -1.046394759839322, "8350104.5": -0.8387950994139988, "8350104.48": -0.7188543991053212, "8350104.47": -1.0001824392801155, "8350151.03": -0.8418854005101848, "8350104.56": -0.4832056317370781, "8350104.55": -1.8852611895965228, "8350104.62": -1.049111160621361, "8350104.59": -2.616469538992551, "8350156.0": 0.6649833914218956, "8350104.53": -2.7878748633559387, "8350104.8": -0.46414662844241766, "8350104.79": -0.12030133364556238, "8350104.58": -2.3849350100812, "8350104.61": -0.5024701760762655, "8350104.77": 0.2942699350159789, "8350104.32": -2.0473990811713794, "8350104.78": 0.1855715075279575, "8350104.65": 0.5339066055126747, "8350090.06": -1.369743803587631, "8350104.49": -1.4263165319241111, "8350104.3": -2.215743763147858, "8350104.75": 1.684828368997294, "8350104.64": 0.4939411570574471, "8350090.05": -1.1812243905298458, "8350104.63": 1.027956947444521, "8350090.13": -0.8460775249925275, "8350090.12": -0.7101130592612963, "8350104.76": 1.6160781452436814, "8350104.6": -0.38305658762542705, "8350090.09": -0.9350979398005285, "8350104.74": 0.8000339708980104, "8350090.16": -0.46318899509333294, "8350104.36": 0.9077544084207588, "8350090.08": -1.0859908295301155, "8350090.2": -0.2416460973100539, "8350104.72": 0.5573369610166229, "8350090.19": 0.1669475989675815, "8350001.07": -0.5486506111193202, "8350090.11": -0.25838420240785037, "8350090.15": 0.7760371602304543, "8350090.17": 0.724325348018452, "8350104.25": 0.3936306062778454, "8350090.04": 0.36045093324649846, "8350104.73": 0.5363353192079919, "8350104.4": 0.8142707055199466, "8350104.69": 0.7355141741174938, "8350002.05": 0.4611291570663251, "8350090.03": 0.9341329625040867, "8350001.06": 0.05970633069097607, "8350104.46": -0.6034322094479057, "8350104.42": -0.9275324358703466, "8350104.45": -0.6255626055066964, "8350104.44": -0.23358058297859327, "8350104.41": -1.066609746209904, "8350090.21": 0.6418612112619352, "8350104.2": 0.022679590584847968, "8350090.22": 0.990770990076737, "8350104.71": 1.5349963523781993, "8350104.68": 0.42001542792970914, "8350090.02": 0.588779563366683, "8350002.04": 0.8226157822307887, "8350090.18": 2.3722621358026217, "8350001.02": 0.10679819355980127, "8350079.1": 0.9393527597286265, "8350104.67": 0.17047638167768991, "8350104.66": -0.20797804566744382, "8350090.01": 1.0850307369745953, "8350002.03": 1.342460537617404, "8350104.7": 1.8548814580187598, "8350001.03": 0.16664367563851584, "8350005.13": 0.0018630243522657058, "8350005.11": 1.218412899303533, "8350005.1": 0.3254523146453688, "8350002.01": 1.2684199809202674, "8350004.02": 2.0795130777713817, "8350160.01": 1.1054101536416823, "8350001.04": 0.27316388944915243, "8350005.12": 0.026134017209227946, "8350001.05": -0.27595233333935404, "8350002.02": 0.9513940784561468, "8350006.2": 0.7809512506090456, "8350005.09": 0.8710831403642244, "8350005.08": 0.5150397434569971, "8350003.0": 0.21484187834847382, "8350104.1": -1.0369771108364643, "8350018.0": -0.25782479479831233, "8350005.07": 0.9521974171825986, "8350012.02": -0.13560682075425073, "8350016.02": -0.21102983430555655, "8350019.01": -0.3414622402002446, "8350006.19": 0.2626126459403639, "8350015.02": -0.12042778043415632, "8350012.01": -0.07669281849487862, "8350004.01": 0.2956339064448872, "8350019.02": -0.7765428042654429, "8350017.0": -0.5470697375465903, "8350104.17": 1.344690908874156, "8350037.0": -0.4403259945538274, "8350038.0": 0.23654751558748047, "8350041.0": 0.6709365418427339, "8350040.0": 1.1906642945252703, "8350042.01": 1.3435114096148748, "8350005.01": 0.2748317106429172, "8350014.0": 0.4611038011525221, "8350079.09": -1.1301832832671956, "8350005.02": 0.8761218344645609, "8350011.0": 0.6703986682793551, "8350013.0": 1.0647203771365092, "8350010.0": -0.09177019429505373, "8350006.18": 0.903615887102685, "8350020.0": 0.1425777879631983, "8350007.02": 1.6275669501469212, "8350036.0": 0.3170965652849026, "8350006.17": 0.19107911539045783, "8350021.0": 0.98918173634706, "8350022.0": 1.7447885125605145, "8350008.01": 0.22199226048213508, "8350079.08": -0.7260993047169331, "8350035.0": 0.5403130357239048, "8350006.06": 0.9029632146866693, "8350009.0": 0.6394098096337305, "8350079.07": -0.30587285027208466, "8350006.09": 0.04015053875580908, "8350033.02": 1.479284766844932, "8350008.02": -0.15807842878256, "8350023.0": 1.256904655105925, "8350006.04": 0.4032500912300498, "8350034.01": 0.7386368352188861, "8350160.03": 0.8580515058544719, "8350039.0": 1.3989960907987442, "8350007.01": 0.09598091973477163, "8350079.19": 0.4700432629536257, "8350006.08": 0.218873225893716, "8350034.03": 1.3291412320850955, "8350032.02": 1.518833173692955, "8350079.2": 0.4866783451853403, "8350033.01": 0.8312168154139956, "8350034.02": 1.021801235459789, "8350006.03": -0.1849176382931866, "8350024.01": 0.9035322309516208, "8350079.18": 0.5853629383761398, "8350030.0": 1.8735359382200583, "8350025.0": 0.2206499710510992, "8350026.02": -0.3333209845788793, "8350032.01": 1.2526420983360234, "8350026.01": -0.700552567796883, "8350024.02": 1.1309816051468005, "8350006.05": 0.7166343775181475, "8350006.16": -0.45213196579288956, "8350045.0": 0.6960050006924718, "8350044.0": 1.2646220856606545, "8350046.0": 0.3966026532531422, "8350042.02": 0.918013627226318, "8350043.0": 1.7015799769531244, "8350058.0": 0.8875581893168205, "8350075.08": 1.1128172312419222, "8350057.0": 1.1836568546257307, "8350059.0": 0.90464506658922, "8350075.05": 0.3254514562820234, "8350075.09": 0.12929242905396632, "8350060.01": 0.33186618263046724, "8350031.0": 1.074971888242342, "8350006.15": 0.5302900822594245, "8350027.0": -0.2245236831351071, "8350029.0": 1.078044276663626, "8350047.0": 0.7614023472974609, "8350079.17": 1.951266226191985, "8350056.0": 0.8710688436485344, "8350079.16": 0.8976585102609145, "8350006.14": -0.7474971615525379, "8350055.0": 0.5215576569786674, "8350048.0": 0.4230980586481343, "8350054.03": 0.11447420617117698, "8350006.13": 0.26498518287704603, "8350028.0": -0.731446806601576, "8350054.01": -0.045851987901584866, "8350049.0": 0.12476571599453001, "8350079.15": 1.3163843488881866, "8350050.0": -0.2178600039549907, "8350060.02": 0.07944358225903872, "8350075.07": 0.19739147189728837, "8350075.04": -0.20914414829434907, "8350071.0": -0.2801839830502538, "8350073.0": -0.611619182263552, "8350075.1": 0.5876811317232581, "8350075.12": -0.7521665345210492, "8350072.0": -0.9067999219294619, "8350075.03": -1.2428193159905303, "8350075.14": -0.6595094079156828, "8350053.0": -0.23934084021039737, "8350061.0": -0.1700667595342221, "8350051.01": -0.9693736804801573, "8350079.14": 0.5619513035754242, "8350062.02": -0.5334148403025524, "8350052.02": -0.4739405579203015, "8350070.0": -0.8596194444115287, "8350063.0": -1.148443545789181, "8350067.02": -1.4253790203039325, "8350064.01": -0.6233212079777547, "8350069.0": -1.4146200848930048, "8350067.01": -1.6040998631648473, "8350079.13": 0.26823275334681224, "8350066.01": -1.0469399189975046, "8350068.02": -1.9118107539346536, "8350160.04": 0.5989932188953485, "8350065.01": -0.3208962481464277, "8350068.01": -1.454363863354273, "8350066.02": -0.8736373576983277, "8350078.24": -1.5926899023465784, "8350065.02": 0.029825049761857448, "8350078.23": -1.6136115958593815, "8350078.02": -1.0831471334706708, "8350075.01": -1.2982373654158268, "8350075.13": -1.434518202549537, "8350076.01": -1.5097975811289583, "8350075.02": -1.9234432257551661, "8350077.01": -1.9315547538047906, "8350076.02": -2.0290105404358503, "8350140.17": -1.3142543524264618, "8350077.02": -1.6855773875201432, "8350140.1": -1.9667361041000273, "8350121.18": 0.15286094326425348, "8350078.06": -1.11916856203328, "8350078.05": -0.8018221716765155, "8350079.12": 0.99995745263373, "8350121.17": -0.1546639622490502, "8350079.11": 2.1014562700470387, "8350078.09": -0.32663156384545755, "8350078.03": -0.78525977614922,