{"8350150.01": 0.3871156187403046, "8350155.0": -1.348532665928427, "8350104.02": -0.7611982799036254, "8350104.52": -0.8645768261111543, "8350104.5": -0.882295944637445, "8350104.48": -0.7624653466414132, "8350104.47": -0.9785900119386789, "8350151.03": -0.8617204252499828, "8350104.56": -0.4393781376793914, "8350104.55": -1.6896205278518062, "8350104.62": -0.8724436828510227, "8350104.59": -1.9474568302033506, "8350156.0": 0.22074097380646304, "8350104.53": -2.309647370603865, "8350104.8": -0.5457878822000987, "8350104.79": -0.3216423374024665, "8350104.58": -1.9214482723494914, "8350104.61": -0.6052231880360927, "8350104.77": 0.1551968489443138, "8350104.32": -1.6548047308881386, "8350104.78": 0.016167320720657106, "8350104.65": 0.2832586760410247, "8350090.06": -1.254997906019538, "8350104.49": -1.3582959041507219, "8350104.3": -1.6605788548781961, "8350104.75": 3.8354624951721714, "8350104.64": 0.29296623811465783, "8350090.05": -1.0984142372391714, "8350104.63": 0.7042139195425943, "8350090.13": -0.7972254305659543, "8350090.12": -0.6970756826964786, "8350104.76": 1.361337032138891, "8350104.6": -0.33298132415243403, "8350090.09": -0.8781379699066912, "8350104.74": 0.6506042448752001, "8350090.16": -0.4486795647089703, "8350104.36": 0.6399729175965652, "8350090.08": -1.0064857174805066, "8350090.2": -0.30363948013217645, "8350104.72": 0.3279607881569836, "8350090.19": 0.010023818001024589, "8350001.07": -0.5741314686077866, "8350090.11": -0.28785970874115263, "8350090.15": 0.5115446217262349, "8350090.17": 0.5050918221132223, "8350104.25": 0.22729452765854452, "8350090.04": 0.12207204125784943, "8350104.73": 0.4340200080695755, "8350104.4": 0.6412935591978073, "8350104.69": 0.6002199393770297, "8350002.05": 0.4233314068104612, "8350090.03": 0.6587280674132476, "8350001.06": -0.10267295407721226, "8350104.46": -0.5934003076124938, "8350104.42": -0.8413253985641748, "8350104.45": -0.7002190938225753, "8350104.44": -0.27073852287180356, "8350104.41": -1.0759306668049697, "8350090.21": 0.40683270495329543, "8350104.2": -0.11239858234813846, "8350090.22": 0.7091858442034888, "8350104.71": 1.2220526346233582, "8350104.68": 0.3187513093348811, "8350090.02": 0.31387727420609396, "8350002.04": 0.6341734817410907, "8350090.18": 4.477245957228726, "8350001.02": 0.0006023137974731609, "8350079.1": 0.6363205191158806, "8350104.67": 0.02321565572671318, "8350104.66": -0.21919409200410442, "8350090.01": 0.8357156171796836, "8350002.03": 0.9507997303025246, "8350104.7": 4.15765791390171, "8350001.03": 0.07285181668801305, "8350005.13": -0.18862066132911615, "8350005.11": 0.9848104745574536, "8350005.1": 0.25729824418940916, "8350002.01": 1.0227496569778416, "8350004.02": 1.604778528352969, "8350160.01": 0.7706804256480978, "8350001.04": 0.12352810743151858, "8350005.12": -0.12441881301805703, "8350001.05": -0.28166216405024236, "8350002.02": 0.6278659908179264, "8350006.2": 0.5458782552576507, "8350005.09": 0.7061613585381692, "8350005.08": 0.39522376101784695, "8350003.0": 0.10377056904600462, "8350104.1": -0.9154610001967655, "8350018.0": -0.18684900122757447, "8350005.07": 0.7765219453615549, "8350012.02": -0.1177661548932899, "8350016.02": -0.2316678899253988, "8350019.01": -0.2902088234114102, "8350006.19": 0.21326393751581543, "8350015.02": -0.0878042454145004, "8350012.01": -0.08127382052355263, "8350004.01": 0.13184983778973422, "8350019.02": -0.6510271334427002, "8350017.0": -0.3838232893172804, "8350104.17": 1.0479013447160754, "8350037.0": -0.270750438522075, "8350038.0": 0.27335716875340016, "8350041.0": 0.5846886162564918, "8350040.0": 1.0250666143251332, "8350042.01": 1.2363665165253646, "8350005.01": 0.18309017546821618, "8350014.0": 0.47343565962215645, "8350079.09": -1.048360784606896, "8350005.02": 0.7234708609482915, "8350011.0": 0.5902893728525153, "8350013.0": 0.994741106301132, "8350010.0": -0.10031621413692494, "8350006.18": 0.803440470948279, "8350020.0": 0.20494892750963994, "8350007.02": 1.245719153824263, "8350036.0": 0.3779496666288524, "8350006.17": 0.10447142503027582, "8350021.0": 0.8806537546488745, "8350022.0": 1.5531295680479145, "8350008.01": 0.1713375892505127, "8350079.08": -0.7048272895019447, "8350035.0": 0.5396774934717593, "8350006.06": 0.772356312586067, "8350009.0": 0.4166114947633387, "8350079.07": -0.2987736483203552, "8350006.09": -0.02680923780440777, "8350033.02": 1.2911592311553117, "8350008.02": -0.1522698972375977, "8350023.0": 1.1001930290641568, "8350006.04": 0.3658690436195635, "8350034.01": 0.6155772926997432, "8350160.03": 0.6291832386106246, "8350039.0": 1.1848434312221114, "8350007.01": -0.056437099983927944, "8350079.19": 0.19340754735159998, "8350006.08": 0.07553516268943429, "8350034.03": 1.1332426713871504, "8350032.02": 1.3343266986382527, "8350079.2": 0.4181646172717371, "8350033.01": 0.7086589817573203, "8350034.02": 0.7410483934705957, "8350006.03": -0.20541379042395588, "8350024.01": 0.8203401085603175, "8350079.18": 0.4307712650260055, "8350030.0": 1.6924818051510013, "8350025.0": 0.13941928021370156, "8350026.02": -0.3076935574007063, "8350032.01": 1.2069032415535998, "8350026.01": -0.6997247651491425, "8350024.02": 1.0491314753974748, "8350006.05": 0.4919331943416944, "8350006.16": -0.43890503445379364, "8350045.0": 0.5515709371057571, "8350044.0": 0.9873823625340615, "8350046.0": 0.25047528389687496, "8350042.02": 0.86497882899665, "8350043.0": 1.5379155793443957, "8350058.0": 0.7799132396248778, "8350075.08": 0.912678375552795, "8350057.0": 1.073934421740414, "8350059.0": 0.7319951274131244, "8350075.05": 0.320236763686604, "8350075.09": 0.1185395964691125, "8350060.01": 0.3077576029143951, "8350031.0": 1.0501886567413707, "8350006.15": 0.3099159662061432, "8350027.0": -0.33261063795831985, "8350029.0": 0.9873095416374847, "8350047.0": 0.7030576302163224, "8350079.17": 1.530470660442577, "8350056.0": 0.7668048610555582, "8350079.16": 0.6970241319011575, "8350006.14": -0.6072429858123909, "8350055.0": 0.3926907389079787, "8350048.0": 0.47681125983709577, "8350054.03": 0.05010638486283747, "8350006.13": 0.03952480769890969, "8350028.0": -0.6200419482044175, "8350054.01": 0.16066000164134622, "8350049.0": 0.2384155140173584, "8350079.15": 1.1260004723043162, "8350050.0": -0.0856353400301483, "8350060.02": 0.04164956549645805, "8350075.07": 0.08449392599114186, "8350075.04": -0.2451870594996549, "8350071.0": -0.26983447624903584, "8350073.0": -0.5839610881336526, "8350075.1": 0.4049391915860308, "8350075.12": -0.7059551835160185, "8350072.0": -0.8499196373213279, "8350075.03": -1.1284143039796475, "8350075.14": -0.5577004918809637, "8350053.0": -0.21035469558271022, "8350061.0": -0.19905986332428913, "8350051.01": -0.6065810366404205, "8350079.14": 0.477194585269051, "8350062.02": -0.5329590988780559, "8350052.02": -0.3391652058769844, "8350070.0": -0.7811331059480223, "8350063.0": -1.018821029947066, "8350067.02": -1.3068026167415163, "8350064.01": -0.41194544119760323, "8350069.0": -1.2567244736832133, "8350067.01": -1.4949105714728308, "8350079.13": 0.22880622956168972, "8350066.01": -1.0188786586157934, "8350068.02": -1.7474982220801036, "8350160.04": 0.5003634393421211, "8350065.01": -0.35971780929018116, "8350068.01": -1.3862828362425608, "8350066.02": -0.8746683495952303, "8350078.24": -1.4109483162268721, "8350065.02": -0.12910440735340434, "8350078.23": -1.4707389214480084, "8350078.02": -1.0345572512400807, "8350075.01": -1.1110349775023491, "8350075.13": -1.197796377836867, "8350076.01": -1.2904362099823217, "8350075.02": -1.700139099282092, "8350077.01": -1.655290250075077, "8350076.02": -1.7718297201366426, "8350140.17": -1.121456795718305, "8350077.02": -1.4813126718741518, "8350140.1": -1.6914336382265405, "8350121.18": 0.05508047868987599, "8350078.06": -1.0456163507377503, "8350078.05": -0.7249590921264333, "8350079.12": 0.9339477203607749, "8350121.17": -0.23590984113429553, "8350079.11": 4.382406328084201, "8350078.09": -0.3282298260218259,