{"8350150.01": 0.03801478214320039, "8350155.0": -0.2110857450926514, "8350104.02": 1.2077595421459852, "8350104.52": 3.7297771350135305, "8350104.5": 4.119360952093349, "8350104.48": 5.234877099374138, "8350104.47": 5.399159598278559, "8350151.03": 0.03338192945056939, "8350104.56": 0.26658511141988556, "8350104.55": 2.466636066957308, "8350104.62": 0.157403785933009, "8350104.59": 2.934784501585023, "8350156.0": -0.5336706191055081, "8350104.53": 1.890702994719796, "8350104.8": 0.08616437083150195, "8350104.79": -0.049723280649529605, "8350104.58": 2.961958714346146, "8350104.61": -0.004013221446659754, "8350104.77": -0.12223225397052707, "8350104.32": 1.9175227736768892, "8350104.78": 0.07942166268893894, "8350104.65": -0.27167226652034265, "8350090.06": 2.5598339425436563, "8350104.49": 2.920032036211748, "8350104.3": 2.438641318892222, "8350104.75": 0.06683138313498814, "8350104.64": -0.15032395627594378, "8350090.05": 1.0561849777131727, "8350104.63": -0.3561276502138217, "8350090.13": 3.392448648039328, "8350090.12": 1.0069248972637703, "8350104.76": -0.34144800975663503, "8350104.6": -0.027987004844529786, "8350090.09": 0.6840148747652526, "8350104.74": -0.12697251169968976, "8350090.16": 0.8172866670155925, "8350104.36": -0.28508451187695416, "8350090.08": 0.2908641128050501, "8350090.2": 2.97214464976028, "8350104.72": -0.25177681070505364, "8350090.19": 0.7832454841700763, "8350001.07": -0.17584899666551485, "8350090.11": -0.07375229500858291, "8350090.15": -0.05735266068257691, "8350090.17": 1.5191236239037196, "8350104.25": -0.225852739352641, "8350090.04": -0.2009946496858164, "8350104.73": -0.14274942465100385, "8350104.4": -0.42186843567680726, "8350104.69": -0.2922546547005003, "8350002.05": -0.329408567406804, "8350090.03": -0.28781372165633734, "8350001.06": -0.2701887460049199, "8350104.46": 3.8867296019975925, "8350104.42": 1.5640953002950173, "8350104.45": 3.141512602586368, "8350104.44": 2.6953225163329515, "8350104.41": 2.5972004211924538, "8350090.21": 1.9377239015647465, "8350104.2": 2.383795755271701, "8350090.22": 0.5871484882554733, "8350104.71": -0.5173323884959944, "8350104.68": -0.19294352016014538, "8350090.02": -0.40925958709131843, "8350002.04": -0.45202249272340284, "8350090.18": 0.3484413817438857, "8350001.02": -0.2590625365213924, "8350079.1": -0.422444867367853, "8350104.67": -0.34242193113028346, "8350104.66": -0.14549593078268655, "8350090.01": -0.4571135551757798, "8350002.03": -0.4045299823216275, "8350104.7": -0.07465423299304584, "8350001.03": -0.038542034993108015, "8350005.13": -0.30917395389308316, "8350005.11": -0.455228727167392, "8350005.1": -0.3711752652425929, "8350002.01": -0.4303297161918615, "8350004.02": -0.6974473947095383, "8350160.01": -0.4795771213975738, "8350001.04": -0.41527521803086015, "8350005.12": -0.37704268157857557, "8350001.05": -0.2476307507838355, "8350002.02": -0.5580068330670955, "8350006.2": -0.5438396008271423, "8350005.09": -0.32813409677335836, "8350005.08": -0.46426550733049504, "8350003.0": -0.4116563135669223, "8350104.1": -0.22906622601385315, "8350018.0": 1.8424826665657557, "8350005.07": -0.4467265387527192, "8350012.02": -0.36726990335309295, "8350016.02": -0.4029253773149955, "8350019.01": -0.389346635300373, "8350006.19": -0.35319370372129716, "8350015.02": -0.3933172528118887, "8350012.01": -0.4033832290136427, "8350004.01": -0.48071557990997543, "8350019.02": -0.2974269613093566, "8350017.0": -0.3248892518242885, "8350104.17": -0.7025266503020762, "8350037.0": -0.3610365206203219, "8350038.0": -0.4971772304306271, "8350041.0": -0.5565851412396232, "8350040.0": -0.6712539682498854, "8350042.01": -0.6762514071344232, "8350005.01": -0.4843208957894765, "8350014.0": -0.5029937695106137, "8350079.09": -0.1506569257465581, "8350005.02": -0.5784452678652258, "8350011.0": -0.516219262252919, "8350013.0": -0.6146447977497831, "8350010.0": -0.4242236995090683, "8350006.18": -0.4495836168705302, "8350020.0": -0.46884374620531355, "8350007.02": -0.6964508482671032, "8350036.0": -0.503136667397751, "8350006.17": -0.35678478616172116, "8350021.0": -0.5906757095661418, "8350022.0": -0.7324754478546592, "8350008.01": -0.4584815189475434, "8350079.08": -0.20593241407109114, "8350035.0": -0.5290649416740839, "8350006.06": -0.5741674538129302, "8350009.0": -0.5189093028792913, "8350079.07": -0.2943608559604536, "8350006.09": -0.4311432887751581, "8350033.02": -0.6697223622901934, "8350008.02": -0.41133833673620274, "8350023.0": -0.6439557281696993, "8350006.04": -0.4620568018700374, "8350034.01": -0.5318957627302313, "8350160.03": -0.5351332858176587, "8350039.0": -0.7015133348306611, "8350007.01": -0.4238831450069721, "8350079.19": -0.5078984950223251, "8350006.08": -0.4146804049161836, "8350034.03": -0.6701012097574603, "8350032.02": -0.6569561137359239, "8350079.2": -0.4821354672109729, "8350033.01": -0.5562422113381874, "8350034.02": -0.6055289628659432, "8350006.03": -0.38230239058825133, "8350024.01": -0.608419613675231, "8350079.18": -0.5061422547179234, "8350030.0": -0.7711345080984109, "8350025.0": -0.4664294067379606, "8350026.02": -0.3378925119821398, "8350032.01": -0.6423945851641442, "8350026.01": -0.30591279768466095, "8350024.02": -0.6218951563999788, "8350006.05": -0.5332493076183756, "8350006.16": -0.3298368536447837, "8350045.0": -0.5313822739124227, "8350044.0": -0.6786744944558811, "8350046.0": -0.484570733057264, "8350042.02": -0.6126476086208593, "8350043.0": -0.7621725986697147, "8350058.0": -0.5752110043097922, "8350075.08": -0.5770937450914161, "8350057.0": -0.6563658936945727, "8350059.0": -0.6087786327397126, "8350075.05": -0.4550260203407102, "8350075.09": -0.20615332093504585, "8350060.01": -0.5163878764996592, "8350031.0": -0.6240078114029646, "8350006.15": -0.48409599725253444, "8350027.0": -0.3787973602789227, "8350029.0": -0.6297106017770764, "8350047.0": -0.5612308201753277, "8350079.17": -0.7223410036589806, "8350056.0": -0.5998091543319117, "8350079.16": -0.5593857021518106, "8350006.14": -0.2722017253568792, "8350055.0": -0.527070941251548, "8350048.0": -0.5150287049905982, "8350054.03": -0.45005550541804873, "8350006.13": -0.421396280491811, "8350028.0": -0.3037118640798057, "8350054.01": -0.42679610754365854, "8350049.0": -0.4715953731271661, "8350079.15": -0.6321089054411562, "8350050.0": -0.3613111887221651, "8350060.02": -0.4631138871690593, "8350075.07": -0.27859978691519477, "8350075.04": -0.1735256325607085, "8350071.0": -0.3969402294825344, "8350073.0": -0.2679465550070805, "8350075.1": -0.20611706372997052, "8350075.12": -0.08196335555513111, "8350072.0": -0.2765018222730095, "8350075.03": -0.07328768699583982, "8350075.14": 0.3020148171078216, "8350053.0": -0.39425083498357616, "8350061.0": -0.41379676169557233, "8350051.01": -0.21961417171486194, "8350079.14": -0.48186901072632227, "8350062.02": -0.3438996258927096, "8350052.02": -0.36151792794168297, "8350070.0": -0.2845999006429512, "8350063.0": -0.2305665539233947, "8350067.02": -0.1741238206152818, "8350064.01": -0.33975800117408766, "8350069.0": -0.1829748594154997, "8350067.01": -0.13956283178314635, "8350079.13": -0.38461069747532467, "8350066.01": -0.246146277853708, "8350068.02": -0.08365585839849572, "8350160.04": -0.4879242968041879, "8350065.01": -0.38652318078594927, "8350068.01": -0.16746519057740988, "8350066.02": -0.23942465542558394, "8350078.24": -0.0711309616958754, "8350065.02": -0.400923045445071, "8350078.23": -0.1359025259027134, "8350078.02": -0.19313764082798626, "8350075.01": -0.1706376037304193, "8350075.13": 0.44846936480215605, "8350076.01": -0.13574380290496713, "8350075.02": 0.26902466190065055, "8350077.01": -0.06595128861624602, "8350076.02": 0.08693695559097248, "8350140.17": 0.6002037791682551, "8350077.02": -0.062183368566304534, "8350140.1": 0.7975497098749703, "8350121.18": -0.4529271145059332, "8350078.06": -0.19450432506787385, "8350078.05": -0.2261611606618554, "8350079.12": -0.6009093946380241, "8350121.17": -0.2873233688610979,