{"8350150.01": -0.2802329630736433, "8350155.0": -1.1060771396569578, "8350104.02": -0.3878204374478636, "8350104.52": 2.310877742669123, "8350104.5": 1.6165858977432657, "8350104.48": 1.7008551615350314, "8350104.47": 1.9295634792359306, "8350151.03": -0.608469104497737, "8350104.56": 0.27622651527511527, "8350104.55": 2.505083415956967, "8350104.62": 0.835363717211321, "8350104.59": 3.9997467818037435, "8350156.0": -1.9156918716226796, "8350104.53": 3.194515085987989, "8350104.8": 0.09779540081985245, "8350104.79": -0.28784016705300447, "8350104.58": 4.347674728617097, "8350104.61": 0.016396816780625108, "8350104.77": 0.038414088611781326, "8350104.32": 2.6760277992275854, "8350104.78": 0.1297862203161833, "8350104.65": -0.3664393318106791, "8350090.06": 1.6117470386394392, "8350104.49": 1.4467841955290244, "8350104.3": 3.5753888765963664, "8350104.75": 0.5261877114515421, "8350104.64": -0.3201307637388313, "8350090.05": 1.2849924123114373, "8350104.63": -0.44247842187299996, "8350090.13": 1.7139945855760148, "8350090.12": 0.7609658987682653, "8350104.76": -0.3023162376705182, "8350104.6": 0.6746184096161203, "8350090.09": 1.1209324315202538, "8350104.74": -0.19011383290469816, "8350090.16": 0.7397860789929078, "8350104.36": -0.8567967760903885, "8350090.08": 0.9110868473792325, "8350090.2": 0.8934968879317449, "8350104.72": -0.9134359698139026, "8350090.19": 0.20036044887635412, "8350001.07": 0.07072798358888402, "8350090.11": 0.24344454241477276, "8350090.15": -0.7600152293104326, "8350090.17": 0.06581773301056933, "8350104.25": -0.3757092197172417, "8350090.04": -0.43979684817450504, "8350104.73": -0.16201100046100592, "8350104.4": -0.6833744290360695, "8350104.69": -0.011303249533591329, "8350002.05": 0.017524045713633793, "8350090.03": -0.5707505288933924, "8350001.06": -0.44025118301410393, "8350104.46": 1.379072177981016, "8350104.42": 0.5395202654661734, "8350104.45": 1.1898883941400227, "8350104.44": 1.1095100243179687, "8350104.41": 0.9466732008771808, "8350090.21": -0.02873306135702813, "8350104.2": 0.3506245647706205, "8350090.22": -0.5507564697642794, "8350104.71": -1.4440551619925701, "8350104.68": -0.3778047695280683, "8350090.02": -0.8559828472912443, "8350002.04": -0.7128978810371206, "8350090.18": 0.6322504033496923, "8350001.02": -0.34758129408212574, "8350079.1": -1.3155720085632798, "8350104.67": -0.45085902761718855, "8350104.66": -0.1759184317792625, "8350090.01": -0.7848947515786117, "8350002.03": -1.0982605103887548, "8350104.7": 0.7367062174018557, "8350001.03": -0.4969711019807245, "8350005.13": -0.8423666353476208, "8350005.11": -1.004031763126875, "8350005.1": -0.7301626386145366, "8350002.01": -0.9151894875647058, "8350004.02": -2.032541300926052, "8350160.01": -1.3384864825781946, "8350001.04": -0.91838765833797, "8350005.12": -0.8057508764024967, "8350001.05": -0.673925773372533, "8350002.02": -1.5255199414078726, "8350006.2": -1.380036998291317, "8350005.09": -0.5444948749339724, "8350005.08": -0.9262546437246616, "8350003.0": -0.9011012378182955, "8350104.1": -0.0880741380960968, "8350018.0": 1.041055899990285, "8350005.07": -1.0918568050929496, "8350012.02": -0.49906979093113074, "8350016.02": -0.8514862176138429, "8350019.01": -0.7331072273858625, "8350006.19": -0.493680709507279, "8350015.02": -0.5253971115472811, "8350012.01": -0.33111190613165636, "8350004.01": -1.2861284304220015, "8350019.02": -0.45320017445398353, "8350017.0": -0.33368645956198995, "8350104.17": -1.4047688530753442, "8350037.0": -0.348883676091553, "8350038.0": -0.898432678659304, "8350041.0": -0.7398924670888345, "8350040.0": -1.3612597333474747, "8350042.01": -0.6662401255448416, "8350005.01": -1.2641127229757414, "8350014.0": -0.7642689912384967, "8350079.09": -0.009733146182623708, "8350005.02": -1.5425205332000742, "8350011.0": -0.9536535112250334, "8350013.0": -0.9384106701988374, "8350010.0": -0.8108029015379588, "8350006.18": -0.7290225953585867, "8350020.0": -0.746303584115889, "8350007.02": -1.4812626189116158, "8350036.0": -0.7997490614534548, "8350006.17": -0.3139570043869998, "8350021.0": -1.050702284489785, "8350022.0": -1.30187946625137, "8350008.01": -0.8589329679810535, "8350079.08": -0.04866011369129586, "8350035.0": -1.0486328087806196, "8350006.06": -0.6652062196530901, "8350009.0": -1.3855045644607773, "8350079.07": 0.2797902350069507, "8350006.09": -0.06099679445253655, "8350033.02": -1.182020375756289, "8350008.02": -0.5992867478537747, "8350023.0": -1.2560160861403746, "8350006.04": 0.10690070055955311, "8350034.01": -0.6683852507999115, "8350160.03": -0.4961427175794311, "8350039.0": -1.3135328026769093, "8350007.01": -0.5480642558459436, "8350079.19": -0.6133077961206113, "8350006.08": -0.021090142509878465, "8350034.03": -1.1751353384548762, "8350032.02": -0.942231974504501, "8350079.2": 0.07295286718042272, "8350033.01": -0.023052904527272242, "8350034.02": -1.1191803263988138, "8350006.03": 0.12117304016871874, "8350024.01": -0.8549018247734761, "8350079.18": -0.20546270094951924, "8350030.0": -1.2424487333258232, "8350025.0": -0.625883037880299, "8350026.02": 0.3946291395066628, "8350032.01": 0.24159559407263015, "8350026.01": 0.2675807042505598, "8350024.02": -0.5109710975851913, "8350006.05": -0.3403466522620648, "8350006.16": 0.648418960833977, "8350045.0": -0.32767115912226763, "8350044.0": -1.4935067887503704, "8350046.0": -0.25945465203113954, "8350042.02": -0.6661577227428738, "8350043.0": -1.125763658481202, "8350058.0": -0.5653627264241543, "8350075.08": -0.3816560202301774, "8350057.0": -0.5354720627633177, "8350059.0": -0.8270165211810944, "8350075.05": 0.18618035084402018, "8350075.09": 1.2243261561832521, "8350060.01": -0.185471673464157, "8350031.0": -0.20704948193599504, "8350006.15": -0.12373282229687167, "8350027.0": -0.27410320215656103, "8350029.0": -0.7346008314828577, "8350047.0": -0.06431678428838702, "8350079.17": -0.6414392552254246, "8350056.0": -0.4993381531335999, "8350079.16": -0.3715848210524709, "8350006.14": 1.1927785892250606, "8350055.0": -0.42219746165158306, "8350048.0": 0.1518539704460012, "8350054.03": -0.025959173371552364, "8350006.13": -0.40794730722715244, "8350028.0": 0.00713218365895241, "8350054.01": 1.2644843753343635, "8350049.0": -0.09915944139484235, "8350079.15": 0.08175213427283959, "8350050.0": 0.19600480480804858, "8350060.02": -0.08451161367860516, "8350075.07": 0.3535470866875524, "8350075.04": 1.1480670879702686, "8350071.0": -0.041397677736238724, "8350073.0": 0.2565771743135006, "8350075.1": 0.2199033622249162, "8350075.12": 0.6981591871715419, "8350072.0": 0.32619032310870993, "8350075.03": 1.196657313959713, "8350075.14": 1.5238225953445454, "8350053.0": -0.025916242547724806, "8350061.0": -0.045455397342206834, "8350051.01": 1.6708833734443058, "8350079.14": -0.26079863495020406, "8350062.02": -0.009052483986406377, "8350052.02": 0.02885928135463036, "8350070.0": 0.12128838984549453, "8350063.0": 0.3624622663533566, "8350067.02": 0.359751635673123, "8350064.01": 0.3619606412101554, "8350069.0": 0.35285694416496033, "8350067.01": 0.33309070967276966, "8350079.13": 0.028591746695747836, "8350066.01": -0.07565271848930483, "8350068.02": 0.4783896269893902, "8350160.04": -0.020619705210729197, "8350065.01": -0.3847830556467322, "8350068.01": 0.10582720876738201, "8350066.02": 0.3721307014157852, "8350078.24": 0.677612629312417, "8350065.02": -0.159289847129297, "8350078.23": 0.47729362658379737, "8350078.02": 0.44213331636048053, "8350075.01": 0.7937554618693694, "8350075.13": 1.8902836177810032, "8350076.01": 0.918017059390196, "8350075.02": 1.2484084160482514, "8350077.01": 0.9201284833137325, "8350076.02": 1.1237265541670456, "8350140.17": 1.7064655150149257, "8350077.02": 0.825018113430616, "8350140.1": 1.7430566961568907, "8350121.18": -0.10641084202070644, "8350078.06": 0.48876313158100043, "8350078.05": 0.390490882007861, "8350079.12": -0.5611617971580296, "8350121.17": 0.43762509031336394, "8350079.11": 0.09652281454576911,