{"8350150.01": 0.6273715765993895, "8350155.0": -3.0154782594346, "8350104.02": -1.6177414295393349, "8350104.52": 0.025145967989719055, "8350104.5": -1.2646270937308475, "8350104.48": -0.9484205554310099, "8350104.47": -1.1640172788963112, "8350151.03": -0.6246655290034884, "8350104.62": -0.5341566707943955, "8350104.59": 1.0954179930432209, "8350156.0": -0.46916091478112876, "8350104.53": -0.9411529896507069, "8350104.8": -0.956692042269209, "8350104.79": -0.8491482468665146, "8350104.58": -0.4585417464338653, "8350104.61": -0.8725266808240106, "8350104.77": 0.10979380947346984, "8350104.32": -0.41147550851640896, "8350104.78": -0.006752606374567857, "8350104.65": -0.10564972813484926, "8350090.06": -1.263786186688641, "8350104.49": -1.7080822447986894, "8350104.3": -0.09204810738164844, "8350104.75": 0.20357301730601363, "8350104.64": 0.28694972508647265, "8350090.05": -1.1310388521023134, "8350104.63": 0.5944352972174046, "8350090.13": -0.7800014213530307, "8350090.12": -0.7420524252655389, "8350104.76": 1.7388732185941522, "8350104.6": 0.19997449328559652, "8350090.09": -0.6626905231311193, "8350104.74": 1.047498001241383, "8350090.16": -0.25638531447216734, "8350104.36": 0.3390534272897901, "8350090.08": -0.3957966263369273, "8350090.2": -0.4668357220555418, "8350104.72": 0.17463436971291518, "8350090.19": -0.12046063684296947, "8350001.07": -0.3853048320804265, "8350090.11": 0.24493116976457976, "8350090.15": 0.09253067163046687, "8350090.17": 0.27616381082422026, "8350104.25": 0.27700202202756463, "8350090.04": 0.007952274975169125, "8350104.73": 0.7724419155137762, "8350104.4": 0.4252262548244552, "8350104.69": 0.6759091190930292, "8350002.05": 0.8059481305405645, "8350090.03": 0.7991332441144389, "8350001.06": -0.3917960779180488, "8350104.46": -0.6902372181201958, "8350104.42": -0.8043857629777702, "8350104.45": -1.1306633313745045, "8350104.44": -0.3794959847489055, "8350104.41": -1.222866687903573, "8350090.21": -0.07979022658890725, "8350104.2": -0.4538476299168805, "8350090.22": 0.3023163439575724, "8350104.71": 0.7850773515744313, "8350104.68": 0.4712257815507553, "8350090.02": 0.33488500360695717, "8350002.04": 0.37425881813614736, "8350090.18": 1.6475685856305864, "8350001.02": 0.13468528814818545, "8350079.1": 0.07585011610732881, "8350104.67": 0.06103642485038255, "8350104.66": -0.712190343464725, "8350090.01": 0.5179644606397954, "8350002.03": 0.9262693467214282, "8350104.7": 1.3539317528581063, "8350001.03": -0.45917067136906714, "8350005.13": -0.309424791579984, "8350005.11": 0.5107804406227332, "8350005.1": -0.2360203191466874, "8350002.01": 0.2992846490827467, "8350004.02": 0.9826031148399837, "8350160.01": 0.052727495177728324, "8350001.04": 0.262160485512745, "8350005.12": -0.48898858925280553, "8350001.05": -0.44445856563349484, "8350002.02": 0.30324925115682033, "8350006.2": 0.47544710689183606, "8350005.09": -0.23729955186931517, "8350005.08": -0.29833087104878797, "8350003.0": -0.03493347937642526, "8350104.1": -0.35555563115347205, "8350005.07": 0.2267739549142689, "8350012.02": 0.5182531823306799, "8350016.02": -0.4939675878425886, "8350019.01": -0.517974115791225, "8350006.19": -0.020181013500486535, "8350015.02": 0.1888070895794183, "8350012.01": 0.47865747842510403, "8350004.01": -0.27594020547671844, "8350019.02": -0.6779283581523826, "8350017.0": 0.16150033414862788, "8350104.17": 0.6903499913155257, "8350037.0": 0.04304534402448183, "8350038.0": 0.22712624862134603, "8350041.0": 0.6337198358739468, "8350040.0": 0.7378314665128881, "8350042.01": 1.6698438582237694, "8350005.01": -0.40635408346202956, "8350014.0": 1.0754444246238966, "8350079.09": -1.602694042032939, "8350005.02": 0.09587673588728916, "8350011.0": 1.1848967021907462, "8350013.0": 1.6505652966789028, "8350010.0": -0.11536835089290819, "8350006.18": 0.9647673891971617, "8350020.0": 0.5633686808224612, "8350007.02": 0.6943234852353174, "8350036.0": 0.6980776010473008, "8350006.17": 0.038008088692220054, "8350021.0": 1.5208976438285975, "8350022.0": 2.5037542316752046, "8350008.01": -0.09483408355082078, "8350079.08": -1.1896492747666443, "8350035.0": 0.94971771259256, "8350006.06": 0.7426706392819952, "8350009.0": -0.15517328863481533, "8350079.07": -0.2657364765541518, "8350006.09": 0.02460664217969025, "8350033.02": 2.607184317187046, "8350008.02": -0.4293840295737682, "8350023.0": 1.777053656009521, "8350006.04": 0.6390225078070477, "8350034.01": 1.408720161327419, "8350160.03": 0.41826838432834934, "8350039.0": 1.1084492572355131, "8350007.01": -0.5759764324605526, "8350079.19": -0.33863050827855445, "8350006.08": 0.08686097511728372, "8350034.03": 1.4665511584630162, "8350032.02": 3.1712189886142115, "8350079.2": 0.5082553162973109, "8350033.01": 1.9133932155675422, "8350034.02": 0.44963309138426766, "8350006.03": -0.297723801074665, "8350024.01": 1.0190270742642495, "8350079.18": 0.34741934547317854, "8350030.0": 3.191318111265837, "8350025.0": -0.23441667030611543, "8350026.02": -0.33559077286423156, "8350032.01": 3.518256396187781, "8350026.01": -0.8087617302297488, "8350024.02": 1.5602711314332072, "8350006.05": 0.2096350064995797, "8350006.16": -0.3112508108022815, "8350045.0": 1.0859277337276494, "8350044.0": 0.5704225223754152, "8350046.0": 0.7825729752375922, "8350042.02": 1.1731111879561293, "8350043.0": 1.7515003902718669, "8350058.0": 1.0318018525423323, "8350075.08": 0.9096218402857749, "8350057.0": 1.4327606501649213, "8350059.0": 0.5848495329925861, "8350075.05": 0.6663220766368623, "8350075.09": 1.0185915836110477, "8350060.01": 0.4183312159116194, "8350031.0": 2.541072498059774, "8350006.15": 0.0253050475604707, "8350027.0": -0.6772255062222996, "8350029.0": 1.6842689248855034, "8350047.0": 1.893740768055074, "8350079.17": 1.0214761834823949, "8350056.0": 0.856949881485498, "8350079.16": 0.31895961276411494, "8350006.14": -0.07631429219911569, "8350055.0": 0.30486337173570394, "8350048.0": 1.3464637138423403, "8350054.03": -0.006024669697570073, "8350006.13": -0.3905856545809709, "8350028.0": -0.4642253417204834, "8350054.01": 1.545539596876642, "8350049.0": 0.9769106139023777, "8350079.15": 1.2307105502063977, "8350050.0": 0.37165877744770054, "8350060.02": -0.11084791999337697, "8350075.07": 0.284399698022636, "8350075.04": 0.31585839624872947, "8350071.0": -0.3676830502752551, "8350073.0": -0.7097879201968026, "8350075.1": 0.48496807452389606, "8350075.12": -0.6575165232932644, "8350072.0": -1.0726515626943125, "8350075.03": -0.742983128589055, "8350075.14": 0.1255733159634555, "8350053.0": -0.09641285850888082, "8350061.0": -0.40315249286893673, "8350051.01": 0.5164381783760243, "8350079.14": 0.2909540999370008, "8350062.02": -0.8973028092296103, "8350052.02": -0.1238241484193327, "8350070.0": -1.0234030951475817, "8350063.0": -1.199547213076635, "8350067.02": -1.6804687310372668, "8350064.01": 0.1725674864892492, "8350069.0": -1.4702016274730922, "8350067.01": -2.0862379977599255, "8350079.13": 0.38277436731920467, "8350066.01": -1.6586342773716407, "8350068.02": -2.0850495237466173, "8350160.04": 0.3052413769356056, "8350065.01": -0.9171574992497291, "8350068.01": -1.9241689103484996, "8350066.02": -1.3239083443867672, "8350078.24": -1.369069522085733, "8350065.02": -0.652167192094043, "8350078.23": -1.5380518086421406, "8350078.02": -1.3144307697469366, "8350075.01": -0.9593076174515976, "8350075.13": -0.5919812343076434, "8350076.01": -1.1383311934663347, "8350075.02": -1.8695418588024526, "8350077.01": -1.616635301136006, "8350076.02": -1.7360188139897434, "8350140.17": -0.7942915449629682, "8350077.02": -1.4215109075969583, "8350140.1": -1.4498083386842522, "8350121.18": -0.21872837791011274, "8350078.06": -1.1443106116203456, "8350078.05": -0.5844841923979883, "8350121.17": -0.2909857945539661, "8350079.11": 1.6673386623559978, "8350078.09": -0.2827762407925714, "8350078.03": -0.6418316453634275, "8350078.08": -0.480262863432261, "8350121.15": -0.6704728094372845, "8350078.07": 0.49156348087245993,