{"8350150.01": 0.22268858799950875, "8350155.0": -2.938549322059348, "8350104.02": -1.510535918934173, "8350104.52": 1.3575762586680205, "8350104.5": -0.07853239922845784, "8350104.48": 0.22957430617130462, "8350104.47": 0.21301306948307544, "8350151.03": -1.544017451627127, "8350104.56": -0.04546270047162658, "8350104.55": 0.9488086443995689, "8350104.62": 0.5928516742253285, "8350104.59": 3.234886079528915, "8350156.0": -2.1076699082996004, "8350104.53": 1.3755525576681258, "8350104.8": -0.14444927476709504, "8350104.79": -0.278735797698546, "8350104.58": 2.8934336418746365, "8350104.61": -0.24532714100000766, "8350104.77": 0.837139681547814, "8350104.32": 1.3171997655798744, "8350104.78": 0.8415603587194651, "8350104.65": 0.3670703437994253, "8350090.06": -0.16805330271967253, "8350104.49": -0.674476326871157, "8350104.3": 2.606916420942127, "8350104.75": 2.9620617963499516, "8350104.64": 0.6802337246010136, "8350090.05": -0.2630449214433877, "8350104.63": 0.9261775560280732, "8350090.13": 0.045256243736001754, "8350090.12": -0.7092787107555124, "8350104.76": 2.3056571391206893, "8350104.6": 1.1698553302387689, "8350090.09": -0.15696334781522273, "8350104.74": 1.9182128059042423, "8350090.16": -0.38127910742769855, "8350104.36": 0.5717892657157391, "8350090.08": -0.31600350000939087, "8350090.2": -0.01902557881658334, "8350104.72": 0.4675399499014536, "8350090.19": -0.46823313490541724, "8350001.07": -0.28413329644506063, "8350090.11": -0.3240826355518892, "8350090.15": -0.6344797025306658, "8350090.17": -0.04831024658041273, "8350104.25": 0.5647178771631283, "8350090.04": -0.7189846482803204, "8350104.73": 1.791082321524314, "8350104.4": 1.0205086254282956, "8350104.69": 1.643809985713728, "8350002.05": 1.161300582235621, "8350090.03": -0.2256139990876508, "8350001.06": -0.26548648731236807, "8350104.46": 0.16794076748966652, "8350104.42": -0.413460093400933, "8350104.45": -0.34274422948200295, "8350104.44": 0.20732551325058343, "8350104.41": -0.5908618633997714, "8350090.21": -0.11249236510595054, "8350104.2": -0.35896327796487476, "8350090.22": -0.25842991834124207, "8350104.71": 1.1507225918458885, "8350104.68": 1.3133840512518364, "8350090.02": -0.6384869674678303, "8350002.04": 0.25426755911477106, "8350090.18": 2.8608281910526605, "8350001.02": 0.3047730490429093, "8350079.1": -0.0019211057788466627, "8350104.67": -0.43513116164323795, "8350104.66": 0.6143436858092803, "8350090.01": 0.7637261556557585, "8350002.03": -0.41446933968295596, "8350104.7": 3.4823470111509742, "8350001.03": 1.1966175093685927, "8350005.13": -0.637749215390436, "8350005.11": 0.832083663583997, "8350005.1": 0.6058549519151584, "8350002.01": 0.8773866962792988, "8350004.02": 0.16331613867465555, "8350160.01": -0.08776242332659362, "8350001.04": -0.6120948650863096, "8350005.12": -0.6082679513054396, "8350001.05": -0.18906678418126402, "8350002.02": -0.5620392901705825, "8350006.2": -0.40824235601420983, "8350005.09": 1.015351262142136, "8350005.08": -0.11023945281262948, "8350003.0": -0.305452833797107, "8350104.1": -0.37605211348848316, "8350018.0": 0.8992910706007324, "8350005.07": 0.4366606838944123, "8350012.02": 0.18742579287065747, "8350016.02": -0.47249111071672134, "8350019.01": -0.47704923733558446, "8350006.19": 0.5343642318546455, "8350015.02": 0.18498998556212176, "8350012.01": -0.0023331686312248164, "8350004.01": -0.7882012807227208, "8350019.02": -0.3944506516137646, "8350017.0": 0.3808576520686461, "8350104.17": -0.8072015380817557, "8350037.0": 0.09168350243449329, "8350038.0": 0.09495628195813653, "8350041.0": 0.04724930866539084, "8350040.0": -0.10508088226760773, "8350042.01": 0.633900877569871, "8350005.01": -0.24886967938903165, "8350014.0": 0.8501917208453322, "8350079.09": -0.43714744754604357, "8350005.02": 0.08311874106003239, "8350011.0": 0.5868202023478165, "8350013.0": 1.380696530887538, "8350010.0": -0.23967975412975737, "8350006.18": 0.6646947751662019, "8350020.0": 0.4559854510288527, "8350007.02": -0.3302129489645935, "8350036.0": 0.437515182501757, "8350006.17": 0.33232007604481245, "8350021.0": 1.0067915261592824, "8350022.0": 1.71273871251605, "8350008.01": -0.13713986841901477, "8350079.08": -0.2874153916636494, "8350035.0": 0.6676721108234592, "8350006.06": 0.41232598666979114, "8350009.0": -0.5700106755952865, "8350079.07": 0.3199522372636004, "8350006.09": -0.0881000074577979, "8350033.02": 1.8240340378151778, "8350008.02": -0.3770268045297544, "8350023.0": 1.2543754224536274, "8350006.04": 0.26960569265734546, "8350034.01": 0.5784869323502816, "8350160.03": 0.30261309616216997, "8350039.0": 0.10854985765414149, "8350007.01": -0.8796703464220811, "8350079.19": -0.18579711799945015, "8350006.08": -0.4711550407069391, "8350034.03": 0.08619089465008789, "8350032.02": 2.238875539951807, "8350079.2": 0.5874144379906168, "8350033.01": 0.757207296149862, "8350034.02": -0.6568776795177328, "8350006.03": -0.3662092746203947, "8350024.01": 0.43448961528305596, "8350079.18": 0.5630839260060103, "8350030.0": 2.0946293111175684, "8350025.0": -0.5025984758607802, "8350026.02": -0.5323834281874666, "8350032.01": 2.0980124534731335, "8350026.01": -0.9727018877736454, "8350024.02": 0.6441815751358253, "8350006.05": -0.1394933574861404, "8350006.16": -0.45464653337831346, "8350045.0": -0.08514266731817621, "8350044.0": -0.49564444418597736, "8350046.0": 0.08096983116510073, "8350042.02": 0.365210395242491, "8350043.0": 0.42561136409653516, "8350058.0": 0.07651686644201669, "8350075.08": -0.37943496024661505, "8350057.0": 0.09154835748934448, "8350059.0": -0.5353925289383886, "8350075.05": -0.22807005008465664, "8350075.09": 0.4870375511956022, "8350060.01": -0.5917535907537043, "8350031.0": 1.7705218533656428, "8350006.15": -0.3464409129888563, "8350027.0": -1.1118330659104243, "8350029.0": 0.7295883512938397, "8350047.0": 0.9831631836492957, "8350079.17": 0.7616723315204268, "8350056.0": -0.29946449983644946, "8350079.16": 0.39899909949925144, "8350006.14": -0.31284898370801145, "8350055.0": -0.7705152308035859, "8350048.0": 0.6870526691563688, "8350054.03": -0.9415018855466037, "8350006.13": -0.5955829130633365, "8350028.0": -0.4636578875814234, "8350054.01": 0.7210940043230114, "8350049.0": 0.5229402209637655, "8350079.15": 0.8359701958958898, "8350050.0": 0.18338865457744688, "8350060.02": -0.860143364727198, "8350075.07": -0.32756651690006144, "8350075.04": -0.16396289107418244, "8350071.0": -1.1904078658630477, "8350073.0": -1.0756083595767536, "8350075.1": -0.24461770751482725, "8350075.12": -0.8442206815776552, "8350072.0": -1.5267340481174863, "8350075.03": -0.7453437791022238, "8350075.14": 0.41284353095656234, "8350053.0": -0.4218135386613594, "8350061.0": -1.0927647331018788, "8350051.01": -0.25345980753006003, "8350079.14": 0.26221818583670603, "8350062.02": -1.2904579090563488, "8350052.02": -0.1567594710897384, "8350070.0": -1.4240598306634809, "8350063.0": -1.271719673287562, "8350067.02": -1.778730513529562, "8350064.01": -0.3035411832265557, "8350069.0": -1.508577490413666, "8350067.01": -1.9669364345968958, "8350079.13": 0.5847719144889221, "8350066.01": -1.7082922517212396, "8350068.02": -1.6917827116354505, "8350160.04": 0.42190174659830626, "8350065.01": -1.3460984497314759, "8350068.01": -1.7720978283536049, "8350066.02": -1.2796918310798497, "8350078.24": -1.192525101740544, "8350065.02": -1.0610068879941081, "8350078.23": -1.3196005493605225, "8350078.02": -1.0178400423262994, "8350075.01": -1.1445871270028762, "8350075.13": 0.02860448021654977, "8350076.01": -1.2566122185091329, "8350075.02": -1.1943499582353718, "8350077.01": -1.4324693122220211, "8350076.02": -1.3005527542101432, "8350140.17": 0.013254975792357803, "8350077.02": -1.1110391806834803, "8350140.1": -0.3140833234010272, "8350121.18": -0.54090977140982, "8350078.06": -0.7459275411252095, "8350078.05": -0.592097862076795, "8350079.12": 0.6799009416222475, "8350121.17": -0.2875767744297862, "8350079.11": 2.6221166106950906,