{"8350150.01": -1.2550544210467967, "8350155.0": -1.7716464390919895, "8350104.02": -1.1309424493848166, "8350104.52": 1.9082570631281788, "8350104.5": 1.457385955068696, "8350104.48": 1.9259929634231931, "8350104.47": 2.0750281234865566, "8350151.03": -1.4749337526879431, "8350104.56": -1.0520313612011394, "8350104.55": 1.5408932294028501, "8350104.62": -0.3302249573816857, "8350104.59": 2.0001333885491697, "8350156.0": -1.813411717739832, "8350104.53": 1.1482484190796955, "8350104.8": -0.7180533173343899, "8350104.79": -0.7476880018484731, "8350104.58": 2.7287051908041864, "8350104.61": -0.7111072836248091, "8350104.77": -0.2343918574592684, "8350104.32": 1.21453077403091, "8350104.78": -0.19614600660678017, "8350104.65": -0.9092901449468086, "8350090.06": 1.3722042060862925, "8350104.49": 0.8138731961614836, "8350104.3": 2.326629584031364, "8350104.75": -1.674761588738448, "8350104.64": -0.7577977011323749, "8350090.05": 0.6040480425999794, "8350104.63": -0.6352490879887269, "8350090.13": 1.8968428308888208, "8350090.12": 0.44718077667721934, "8350104.76": -0.5782275957378588, "8350104.6": -0.4894604511580665, "8350090.09": 0.7233613034064533, "8350104.74": -0.24077064745533305, "8350090.16": 0.7752802441307854, "8350104.36": -1.4313273128193844, "8350090.08": 0.3888216809374481, "8350090.2": 1.3101488809618798, "8350104.72": -1.2442167899931031, "8350090.19": 0.5651116081559672, "8350001.07": 0.17997967463595682, "8350090.11": 0.5835271692387254, "8350090.15": -0.15025393206145427, "8350090.17": 0.20813063849721317, "8350104.25": -0.6887719818215756, "8350090.04": 0.5250003052627229, "8350104.73": -0.570560702952145, "8350104.4": -1.1071091187207374, "8350104.69": 0.08308517547055978, "8350002.05": -0.027408848763622637, "8350090.03": 0.7184162982328327, "8350001.06": -0.2257072338575787, "8350104.46": 1.418673242205058, "8350104.42": -0.17930411706994723, "8350104.45": 1.0290567892784817, "8350104.44": 1.0072066951030412, "8350104.41": 0.755508876583617, "8350090.21": 0.36271899390802165, "8350104.2": 0.39458290644180233, "8350090.22": -0.5720544021830927, "8350104.71": -0.9803883106766328, "8350104.68": -0.27518404897275234, "8350090.02": 0.06017392178668848, "8350002.04": -0.5668564903298352, "8350090.18": 0.15138840174201912, "8350001.02": 0.20280927469101395, "8350079.1": -1.3451817782927074, "8350104.67": -0.007446810066845762, "8350104.66": -0.46853989691112874, "8350090.01": -0.6746519249037707, "8350002.03": 0.1528274536642192, "8350104.7": -0.07225655033157115, "8350001.03": -0.8165795646324645, "8350005.13": -0.9224384752885904, "8350005.11": -0.2765351075799573, "8350005.1": -1.125760093125864, "8350002.01": -0.33361332603852306, "8350004.02": -1.794252533519725, "8350160.01": -0.806406727316994, "8350001.04": -1.3111309737424495, "8350005.12": -0.6738275494085645, "8350001.05": -0.7611593170992695, "8350002.02": -1.405069440824176, "8350006.2": -1.175167838992051, "8350005.09": -0.9056436123637965, "8350005.08": -0.7503290637374499, "8350003.0": -0.6142489548786176, "8350104.1": -0.8071227770439093, "8350018.0": 0.5373511322462367, "8350005.07": -0.5614468713158934, "8350012.02": -0.2720184682432402, "8350016.02": -1.3164592315580885, "8350019.01": -1.5712013910762528, "8350006.19": -0.7779792905435008, "8350015.02": -0.6963075316504412, "8350012.01": -0.4025529571805261, "8350004.01": -1.6176835604068673, "8350019.02": -1.1076822286008936, "8350017.0": -0.5775219496786023, "8350104.17": -0.4847665025432884, "8350037.0": -0.8016640075031256, "8350038.0": -1.3376750558450075, "8350041.0": -0.7211851834264917, "8350040.0": -1.4405908187669667, "8350042.01": -0.35017756979288145, "8350005.01": -1.479809632439917, "8350014.0": -0.30031516946113174, "8350079.09": -0.4734310873911751, "8350005.02": -1.53510867327281, "8350011.0": -0.1193261087865713, "8350013.0": -0.1980326242799108, "8350010.0": -0.9046444419572109, "8350006.18": -0.2672010293981192, "8350020.0": -0.9110861762792158, "8350007.02": -0.5330810611433074, "8350036.0": -1.131392653206382, "8350006.17": -0.09194896168858632, "8350021.0": -0.3609759518351597, "8350022.0": 0.08474853082686808, "8350008.01": -0.8708371812965483, "8350079.08": -0.9138617588068781, "8350035.0": -0.4756725765305567, "8350006.06": -0.8081795101135806, "8350009.0": -1.0021532870727083, "8350079.07": -0.3000410682508488, "8350006.09": -0.04774324516271494, "8350033.02": 0.5037307156977492, "8350008.02": -1.0418321196256515, "8350023.0": -0.6219326347770903, "8350006.04": 0.6887649727916649, "8350034.01": 0.5715954890892782, "8350160.03": -1.0574770909836266, "8350039.0": -0.6975285475506441, "8350007.01": -0.6800802456441756, "8350079.19": -0.9297812090810922, "8350006.08": 0.961020216025746, "8350034.03": 0.030509113056704895, "8350032.02": 0.9507495247621162, "8350079.2": -0.42733556926598726, "8350033.01": 2.355567141429897, "8350034.02": 0.40169704961156666, "8350006.03": -0.2368342844493514, "8350024.01": 0.008004889605754508, "8350079.18": -0.5436374458444027, "8350030.0": 0.41678151023180077, "8350025.0": -0.6505434635794383, "8350026.02": 0.5267320845062482, "8350032.01": 2.865086973404496, "8350026.01": 0.11585115431071225, "8350024.02": 0.4205469009970139, "8350006.05": -0.5198265923562426, "8350006.16": 0.5809797420432937, "8350045.0": 1.5361100345611554, "8350044.0": -0.8205503991346967, "8350046.0": 1.0591117568207153, "8350042.02": -0.23113140829278217, "8350043.0": -0.05735378191915906, "8350058.0": 0.23205853906481944, "8350075.08": 0.7045092913793768, "8350057.0": 0.9646968225396426, "8350059.0": 0.131699428000088, "8350075.05": 1.3619460941333046, "8350075.09": 1.843971257449993, "8350060.01": 0.9507396170898038, "8350031.0": 1.408785038367588, "8350006.15": -0.17703309458412186, "8350027.0": -0.6481913817535514, "8350029.0": 0.09572705060269507, "8350047.0": 2.0288261981084985, "8350079.17": -0.3960094120442765, "8350056.0": 0.7545648223345167, "8350079.16": -0.45811481293760686, "8350006.14": 0.8077701518067045, "8350055.0": 0.9454788030245274, "8350048.0": 1.7248934225994281, "8350054.03": 1.4933254581816313, "8350006.13": -0.9970251638487961, "8350028.0": -0.2483552712094583, "8350054.01": 4.543205877997428, "8350049.0": 0.9996652803455627, "8350079.15": -0.01541077584768481, "8350050.0": -0.3122594111149177, "8350060.02": 0.781512515378911, "8350075.07": 1.0095708639668908, "8350075.04": 2.0741581450923237, "8350071.0": 0.6685466009015621, "8350073.0": 0.6328605175521538, "8350075.1": 0.5023558737936691, "8350075.12": 0.6405429258666961, "8350072.0": 0.8473423708784732, "8350075.03": 1.0763096875342193, "8350075.14": 1.3486237166026478, "8350053.0": 0.6828866245674471, "8350061.0": 0.9544021740184884, "8350051.01": 1.4396188617612746, "8350079.14": -1.215320993454493, "8350062.02": 0.5618840955265679, "8350052.02": 1.1433448921957312, "8350070.0": 0.4992942988341264, "8350063.0": 0.7157040356656694, "8350067.02": 0.358166125384795, "8350064.01": 2.5308500119256383, "8350069.0": 0.5421905886328462, "8350067.01": -0.0060584087676773465, "8350079.13": -0.8154650623446402, "8350066.01": -0.4698315647789256, "8350068.02": 0.360501846638572, "8350160.04": -0.6280690513454429, "8350065.01": -0.3197755768865973, "8350068.01": 0.0851572004559745, "8350066.02": -0.017903436966680248, "8350078.24": 0.5189557618479592, "8350065.02": -0.042433135871332586, "8350078.23": 0.2701404461723896, "8350078.02": -0.11023677223113, "8350075.01": 0.8247487708657836, "8350075.13": 1.3323231202706278, "8350076.01": 1.1274189761320335, "8350075.02": 0.5452413806585619, "8350077.01": 0.9327250482507011, "8350076.02": 0.5666536320504114, "8350140.17": 0.7006087453843813, "8350077.02": 0.4533205397347824, "8350140.1": 0.6288635823559952, "8350121.18": 0.008806884623928148, "8350078.06": 0.019847693367935248, "8350078.05": 0.6280057141538541, "8350079.12": -1.5319331222991917, "8350121.17": 0.42945555574242544, "8350079.11": -1.8709512416103922, "8350078.09": 0.03075465669883276,