{"8350150.01": -0.9730446755337676, "8350155.0": -2.0110207604808985, "8350104.02": -1.5373084924424767, "8350104.52": -0.5261001828468048, "8350104.5": -0.9958022453265388, "8350104.48": -0.9261220788744123, "8350104.47": -1.0572587995942009, "8350151.03": -1.539595966347205, "8350104.56": -1.2576642891885927, "8350104.55": -0.851940594653741, "8350104.62": -0.6701682248182995, "8350104.59": -0.16056742814594654, "8350156.0": -1.1065108816499882, "8350104.53": -0.7667586779343106, "8350104.8": -0.3458683901559855, "8350104.79": -0.22666465734188015, "8350104.58": -0.26856111531497234, "8350104.61": -0.04742334623118937, "8350104.77": 0.31442914538030614, "8350104.32": -0.7414736591052747, "8350104.78": 0.5742229509253799, "8350104.65": 0.20914585317898138, "8350090.06": -0.8345896176677574, "8350104.49": -1.3677457930949823, "8350104.3": -0.16686776576452786, "8350104.75": -1.0971179393766624, "8350104.64": 0.7202252257040512, "8350090.05": -0.8659090574542306, "8350104.63": 0.9853467193201512, "8350090.13": -0.6486186197117234, "8350090.12": -0.49054561230257204, "8350104.76": 1.0768423471031474, "8350104.6": 0.3994527547330965, "8350090.09": -0.24914768186956696, "8350104.74": 0.9934578641744558, "8350090.16": -0.23056014763348479, "8350104.36": -0.036880279703594324, "8350090.08": -0.29148191562533843, "8350090.2": -0.497838502051786, "8350104.72": -0.32909004117147833, "8350090.19": 0.05915036004286092, "8350001.07": 0.14242588263152894, "8350090.11": -0.08400322591141157, "8350090.15": -0.405701595799786, "8350090.17": 0.00681353672310158, "8350104.25": 0.6676662559690131, "8350090.04": 0.12609163969114048, "8350104.73": 0.7133377911730892, "8350104.4": 0.1289196599505077, "8350104.69": 1.1979669819505039, "8350002.05": 0.7633356754209322, "8350090.03": 0.5623198563400628, "8350001.06": 0.1096864612113478, "8350104.46": -0.7529244984382459, "8350104.42": -0.8529509416693071, "8350104.45": -0.8062100283541656, "8350104.44": -0.5950889092539678, "8350104.41": -1.0966913942677778, "8350090.21": -0.4561481122239834, "8350104.2": -0.6879260035873752, "8350090.22": -0.4729817571933248, "8350104.71": 0.5186277324151555, "8350104.68": 0.41257112847523486, "8350090.02": -0.31281288947255614, "8350002.04": 0.821853625900445, "8350090.18": 0.35930156430621824, "8350001.02": 0.5025154192688759, "8350079.1": -0.4446253530328765, "8350104.67": 0.032735668640810574, "8350104.66": -0.29101752716288676, "8350090.01": 0.7954232564247826, "8350002.03": 0.41865481913119074, "8350104.7": 0.41683124211826916, "8350001.03": 0.29876964233675685, "8350005.13": -0.5867407490473021, "8350005.11": 0.7045502701186511, "8350005.1": -0.22516738326324548, "8350002.01": 0.5862381090556447, "8350004.02": 0.07586828998624576, "8350160.01": 0.1034404831286132, "8350001.04": -0.49010758270593685, "8350005.12": -0.5612450336283686, "8350001.05": -0.7751866276486676, "8350002.02": -0.18869535386601533, "8350006.2": -0.3314436371803955, "8350005.09": 0.03741443932780355, "8350005.08": -0.277501554085998, "8350003.0": -0.17240876031147867, "8350104.1": -0.7535452862942185, "8350018.0": 0.14904599890375417, "8350005.07": 0.43182807915736815, "8350012.02": 0.39038076201555605, "8350016.02": -0.0029112726600895385, "8350019.01": -0.5463471332536833, "8350006.19": -0.2804443584277245, "8350015.02": 0.5751525008114083, "8350012.01": 0.2629703085696661, "8350004.01": -0.9311042655729196, "8350019.02": -0.26950635517777877, "8350017.0": 0.9317778371497073, "8350104.17": 0.02058223849425012, "8350037.0": 0.17831865936036478, "8350038.0": -0.4538988748022614, "8350041.0": 0.2595178045597405, "8350040.0": 0.13009609227857982, "8350042.01": 1.1450470814242206, "8350005.01": -0.5943029087148974, "8350014.0": 1.3294828182830054, "8350079.09": -0.9845763597985407, "8350005.02": -0.6052893929696105, "8350011.0": 1.1567937648987374, "8350013.0": 1.8777916351030683, "8350010.0": -0.24993110172030772, "8350006.18": 0.4103462751488993, "8350020.0": 0.7431462486426946, "8350007.02": 0.5654597184661787, "8350036.0": 0.4660972045109771, "8350006.17": 0.31926403242674956, "8350021.0": 1.9539372024081931, "8350022.0": 2.8454282589567237, "8350008.01": -0.3740676957734243, "8350079.08": -1.081859620878494, "8350035.0": 1.1510541701437689, "8350006.06": -0.10096846959479447, "8350009.0": -0.026819106747722983, "8350079.07": -0.30963164149175254, "8350006.09": 0.41025688804913224, "8350033.02": 3.3392195546891443, "8350008.02": -0.7486024207332118, "8350023.0": 1.8617363963826485, "8350006.04": 0.3605843952301815, "8350034.01": 2.128060366498821, "8350160.03": -0.18937399115381875, "8350039.0": 0.8869485166544887, "8350007.01": -0.2701350601828003, "8350079.19": 0.0980567413801212, "8350006.08": 0.6380154463135582, "8350034.03": 1.3663366173713096, "8350032.02": 4.505994846386504, "8350079.2": -0.09928999557913414, "8350033.01": 3.042834492858433, "8350034.02": 0.8093017670678772, "8350006.03": -0.37114489848515814, "8350024.01": 0.7244675998905791, "8350079.18": 0.30659241517215446, "8350030.0": 3.5395754628875613, "8350025.0": -0.3613494310083326, "8350026.02": 0.07510410816101185, "8350032.01": 4.7778861736845215, "8350026.01": 0.05605816679138237, "8350024.02": 1.2021027678954914, "8350006.05": 0.10139376069782136, "8350006.16": 0.0767340638225542, "8350045.0": 1.5126421721535248, "8350044.0": 0.5324358828266531, "8350046.0": 1.965033930445371, "8350042.02": 0.6697697297920445, "8350043.0": 1.1376882915898836, "8350058.0": 0.8663855812984723, "8350075.08": 0.26942417766412413, "8350057.0": 1.6258716550365595, "8350059.0": 0.5007349754352186, "8350075.05": 0.8345851964690705, "8350075.09": 1.399263404573464, "8350060.01": 0.656024841954202, "8350031.0": 3.275725698470381, "8350006.15": 0.25832733950887066, "8350027.0": 0.09086548922654185, "8350029.0": 1.7830285820100225, "8350047.0": 2.615315057576512, "8350079.17": 0.23188183074795093, "8350056.0": 1.0129725733173987, "8350079.16": -0.12191025386002902, "8350006.14": 0.3442733251799687, "8350055.0": 0.6730088326389356, "8350048.0": 1.7225701351947076, "8350054.03": 0.11184416002586958, "8350006.13": 0.09427221135353016, "8350028.0": 0.04323057161461449, "8350054.01": 2.1971359376305357, "8350049.0": 0.9628917876772835, "8350079.15": 0.5161380388446095, "8350050.0": 0.12456752566446627, "8350060.02": 0.30968403053151866, "8350075.07": 0.4668051235487649, "8350075.04": 0.7573985220358688, "8350071.0": -0.29887442414844756, "8350073.0": -0.22362424088892985, "8350075.1": 0.5286976928172257, "8350075.12": -0.47023273270352395, "8350072.0": -0.8086123885728509, "8350075.03": -0.18201480129235265, "8350075.14": 0.4096274774055418, "8350053.0": 0.49310732134709173, "8350061.0": -0.0065515536803012865, "8350051.01": 0.5572482937217691, "8350079.14": -0.20173148230540808, "8350062.02": -0.42578385637132976, "8350052.02": 0.15265016173974105, "8350070.0": -0.7533885639533614, "8350063.0": -0.5296648048235927, "8350067.02": -1.1512116083664476, "8350064.01": 0.5069990103710427, "8350069.0": -1.0839565891347827, "8350067.01": -1.4592242899383217, "8350079.13": -0.7339934271292491, "8350066.01": -1.155855342847605, "8350068.02": -1.2885260849646725, "8350160.04": -0.1475045663040843, "8350065.01": -0.690976643339544, "8350068.01": -1.143568971814743, "8350066.02": -0.7922411929815627, "8350078.24": -1.0397166936729187, "8350065.02": -0.21661392756995587, "8350078.23": -0.790645796749608, "8350078.02": -0.9245426929944007, "8350075.01": -0.8609441406723665, "8350075.13": -0.12313630908356678, "8350076.01": -1.1006432220911417, "8350075.02": -1.3543867902135025, "8350077.01": -1.2571301075811874, "8350076.02": -1.4507181849658315, "8350140.17": -0.5664384754316154, "8350077.02": -0.9822167017881506, "8350140.1": -1.2084326190158008, "8350121.18": -0.43983502862290674, "8350078.06": -0.8256828294740387, "8350078.05": -0.29955349379153634, "8350079.12": 0.450289842057976, "8350121.17": -0.07869954827492878, "8350079.11": -0.2759215070251008,