{"8350150.01": -0.4978836472962259, "8350155.0": -2.34226888035518, "8350104.02": -1.3670039018975795, "8350104.52": 1.5222758449477147, "8350104.5": 0.42012466666752196, "8350104.48": 0.5536614101148999, "8350104.47": 0.5769146773294636, "8350151.03": -1.4655314451194132, "8350104.56": -0.3321503821584063, "8350104.55": 2.0223888400867422, "8350104.62": 0.9638071206510037, "8350104.59": 4.109614348884612, "8350156.0": -2.565324456279362, "8350104.53": 2.4821325207462435, "8350104.8": -0.05267224759485561, "8350104.79": -0.3974327647112712, "8350104.58": 4.426427316685058, "8350104.61": -0.3539886923014535, "8350104.77": 0.898909013011342, "8350104.32": 2.0920746284884415, "8350104.78": 0.32440051912980367, "8350104.65": -0.1083270940570835, "8350090.06": 0.7119565252633487, "8350104.49": 0.03333532724736691, "8350104.3": 3.685432927781051, "8350104.75": 3.57650861335578, "8350104.64": 0.27811865271844993, "8350090.05": 0.4231853614611696, "8350104.63": 0.306479636274746, "8350090.13": 0.5802630697598339, "8350090.12": 0.06262331969913248, "8350104.76": 1.0733593763068587, "8350104.6": 0.6656203058986624, "8350090.09": 0.9629524825376037, "8350104.74": 1.2697203855435601, "8350090.16": 0.33763527117980424, "8350104.36": -0.4682790831220229, "8350090.08": 0.8356859747999319, "8350090.2": 0.42737604422361425, "8350104.72": -0.4170606194667318, "8350090.19": -0.012269523368081342, "8350001.07": -0.5639235731678315, "8350090.11": 0.6495971352773712, "8350090.15": -0.4586765650323455, "8350090.17": -0.1900996464983572, "8350104.25": 0.20640265563912935, "8350090.04": 0.10103582531094796, "8350104.73": 0.8985372242816005, "8350104.4": -0.06490851253317997, "8350104.69": 0.6528425029215663, "8350002.05": -0.14050449875822837, "8350090.03": 0.2973057430232639, "8350001.06": -0.6451721463775273, "8350104.46": 0.42637069524758886, "8350104.42": -1.202868823353987, "8350104.45": -0.1827352315719236, "8350104.44": 0.17135736468092025, "8350104.41": -0.36739405226496763, "8350090.21": -0.5645788498386058, "8350104.2": -0.5358989186266215, "8350090.22": -1.122806030351323, "8350104.71": -0.30907800939010865, "8350104.68": 0.5336215401331502, "8350090.02": -0.371622739649672, "8350002.04": -0.6281850537638995, "8350090.18": 3.7000619009642746, "8350001.02": -0.667100161518511, "8350079.1": -0.9482785991808961, "8350104.67": -0.19207372768758316, "8350104.66": -0.07372621564112374, "8350090.01": 0.02427542158883942, "8350002.03": -0.46863746757413494, "8350104.7": 2.9276054235946756, "8350001.03": -0.023380560359922076, "8350005.13": -1.406548510530631, "8350005.11": -0.46031643823323515, "8350005.1": -0.7236839667870165, "8350002.01": -0.3626742970949072, "8350004.02": -1.6421047763135925, "8350160.01": -1.1896997337206159, "8350001.04": -0.8366426633203479, "8350005.12": -0.8534915336155948, "8350001.05": -1.0718831570301002, "8350002.02": -1.066010289244969, "8350006.2": -1.3349664342104652, "8350005.09": -0.3210039942175752, "8350005.08": -1.2220127130720257, "8350003.0": -1.0311871777656834, "8350104.1": -0.9827500803899016, "8350018.0": 0.5545305575663957, "8350005.07": -0.8270261365008938, "8350012.02": -0.22160644229915694, "8350016.02": -0.4058315026859849, "8350019.01": -0.5632753750264693, "8350006.19": -0.7061309304903205, "8350015.02": -0.18198424740736058, "8350012.01": -0.20927599679219627, "8350004.01": -1.4839235950316951, "8350019.02": -0.36633380023459927, "8350017.0": 0.3196740026194058, "8350104.17": -1.0202406332117204, "8350037.0": 0.02403317762950833, "8350038.0": -0.6501854080533058, "8350041.0": -0.3377345683744478, "8350040.0": -1.0372233968026572, "8350042.01": 0.630297671978054, "8350005.01": -1.6547160113025154, "8350014.0": 0.13748146257919822, "8350079.09": -0.7795711210437453, "8350005.02": -2.0234195976271523, "8350011.0": -0.41736169954069635, "8350013.0": 0.017466045167029397, "8350010.0": -1.0936290952280803, "8350006.18": -0.6267241406497223, "8350020.0": 0.1073096126097688, "8350007.02": -0.8386074400996879, "8350036.0": 0.019880274996959102, "8350006.17": -0.26619424045545353, "8350021.0": -0.016845760260227157, "8350022.0": -0.07030945610828764, "8350008.01": -1.1115408575453183, "8350079.08": -0.7968809649509547, "8350035.0": 0.0023621821482859556, "8350006.06": -0.5279589566510472, "8350009.0": -1.6017109217747894, "8350079.07": -0.1261009395716852, "8350006.09": 0.11344274760114904, "8350033.02": -0.0033508442422423615, "8350008.02": -1.2090712796287402, "8350023.0": -0.2680390064825225, "8350006.04": 0.46625887074312994, "8350034.01": -0.17519355231716216, "8350160.03": -0.5677064291540908, "8350039.0": -0.8379743189787061, "8350007.01": -0.8479753702122529, "8350079.19": -0.7925181405634243, "8350006.08": 0.41155242356238003, "8350034.03": -0.44016715335396933, "8350032.02": 0.6626975132262709, "8350079.2": 0.1207026710090337, "8350033.01": -0.0503754619910343, "8350034.02": -1.1562345658860418, "8350006.03": 0.005999316472766688, "8350024.01": -0.9761578604019073, "8350079.18": 0.07545471206914238, "8350030.0": 0.4902599566824292, "8350025.0": -1.029136500593886, "8350026.02": -0.19717700145064065, "8350032.01": 1.0532223660694784, "8350026.01": 0.26831561685322, "8350024.02": -0.13703063138183874, "8350006.05": 0.08934658690518313, "8350006.16": 0.6193455861659581, "8350045.0": -0.5736161847363248, "8350044.0": -0.8990602589279642, "8350046.0": -0.5714914761407072, "8350042.02": 0.29684096019793527, "8350043.0": -0.18562026894303116, "8350058.0": 0.43798519301633326, "8350075.08": -0.016929391742681082, "8350057.0": 0.12969769481855442, "8350059.0": -0.36934224269497645, "8350075.05": 0.6266558370131398, "8350075.09": 1.6675339372412974, "8350060.01": 0.34877203930267764, "8350031.0": 0.8280814834432579, "8350006.15": 0.4027055243465756, "8350027.0": -0.6316756064637332, "8350029.0": -0.024200393661977224, "8350047.0": -0.0865073296976346, "8350079.17": -0.20327348808148976, "8350056.0": -0.09035136517993786, "8350079.16": -0.5211107413361292, "8350006.14": 0.7337296201565899, "8350055.0": -0.46733115588244956, "8350048.0": 0.0415068827645079, "8350054.03": -0.7961037686677238, "8350006.13": 0.1895457984511212, "8350028.0": 0.3993493225497392, "8350054.01": 0.20144462825972903, "8350049.0": 0.2562646934582715, "8350079.15": 0.8241278200727427, "8350050.0": 0.3388051519618025, "8350060.02": -0.09324421889414614, "8350075.07": 0.6604377829110772, "8350075.04": 1.119048331340515, "8350071.0": -0.25987921761853017, "8350073.0": 0.12618400414856987, "8350075.1": 0.4741674258343355, "8350075.12": 0.16129564351170927, "8350072.0": -0.21565060210169337, "8350075.03": 0.8257298893495443, "8350075.14": 1.5577463755952814, "8350053.0": -0.642950244802141, "8350061.0": -0.330912082984745, "8350051.01": 1.5626729382048288, "8350079.14": 0.402654429792417, "8350062.02": -0.4804009083413256, "8350052.02": -0.4527353640150264, "8350070.0": -0.5353119742213378, "8350063.0": -0.32343400016117757, "8350067.02": -0.5976925047742715, "8350064.01": 0.008983901055290582, "8350069.0": -0.09202284963885717, "8350067.01": -0.631625125331115, "8350079.13": 0.07346120611223286, "8350066.01": -0.4299566104656003, "8350068.02": -0.4414155833786719, "8350160.04": 0.6815461112798502, "8350065.01": -0.426455380270244, "8350068.01": -0.697181742515573, "8350066.02": -0.13600812667019108, "8350078.24": -0.17049023982712708, "8350065.02": -0.3501155607662968, "8350078.23": 0.16954402049056155, "8350078.02": -0.13009906958434844, "8350075.01": 0.4755306674851728, "8350075.13": 1.2516999036520344, "8350076.01": 0.14504234851833245, "8350075.02": -0.05645483075284829, "8350077.01": 0.2859210269066025, "8350076.02": 0.11136171228733988, "8350140.17": 1.0699984818383728, "8350077.02": 0.29669481212329457, "8350140.1": 0.923968643096911, "8350121.18": -0.31353580253183155, "8350078.06": -0.2487441460589304, "8350078.05": 0.36574720427711904, "8350079.12": 0.24821239106855472, "8350121.17": 0.2076597167738842, "8350079.11": 3.569837041187744,