{"8350150.01": -0.5857933891590298, "8350155.0": -1.4143518298460462, "8350104.02": -1.3933345781896878, "8350104.52": -1.1592021260271566, "8350104.5": -1.4759565235154255, "8350104.48": -1.3721092000414954, "8350104.47": -1.441310060897799, "8350151.03": -1.3536042499174632, "8350104.56": -1.080144648035136, "8350104.55": -1.9737984967581075, "8350104.62": -1.3124606287095797, "8350104.59": -2.0501670283965545, "8350156.0": -0.41507186503282406, "8350104.53": -2.3711680725119053, "8350104.8": -1.1460230049295685, "8350104.79": -1.0441171979188568, "8350104.58": -2.195167030471276, "8350104.61": -0.9294186996881313, "8350104.77": -0.755437491322415, "8350104.32": -1.592865182662716, "8350104.78": -0.8471154357871977, "8350104.65": -0.7445133771228403, "8350090.06": -1.2770825356003084, "8350104.49": -1.6925287730122107, "8350104.3": -1.3915167542496516, "8350104.75": -3.614220830644832, "8350104.64": -0.26533674196465507, "8350090.05": -1.4204427760587175, "8350104.63": -0.24104309115009276, "8350090.13": -1.268714464919233, "8350090.12": -0.049533313160979, "8350104.76": 0.5100903834853064, "8350104.6": 0.38740164621111006, "8350090.09": -0.15793392700182332, "8350104.74": -0.2565210481362836, "8350090.16": 0.36398663474272813, "8350104.36": 0.01784101369948958, "8350090.08": -0.0009535314877101251, "8350090.2": -0.8665760250431952, "8350104.72": -0.535762824653673, "8350090.19": 0.37881511312344257, "8350001.07": 0.4736450648687081, "8350090.11": 1.1825641591612823, "8350090.15": 0.21038256807883957, "8350090.17": 0.3897912629673361, "8350104.25": 0.618114668344695, "8350090.04": 0.8022586463143441, "8350104.73": 0.003530142907495961, "8350104.4": 0.08603425584176692, "8350104.69": 0.09122344324020017, "8350002.05": 1.6975175782629268, "8350090.03": 1.745997560932439, "8350001.06": 0.07124289354681343, "8350104.46": -1.1156347542232443, "8350104.42": -1.1905472921208498, "8350104.45": -1.144815997482191, "8350104.44": -0.8508464863090233, "8350104.41": -1.3416717251469776, "8350090.21": -0.23122864352991346, "8350104.2": -0.7839852672332529, "8350090.22": -0.10360184118782549, "8350104.71": 0.32410812995134525, "8350104.68": 0.21543771920896987, "8350090.02": 0.6404592391849664, "8350002.04": 1.43203650004044, "8350090.18": -1.6418766146638717, "8350001.02": 0.833315333868733, "8350079.1": -0.3793995960343514, "8350104.67": 0.8367776128679895, "8350104.66": 0.23475743638762245, "8350090.01": 0.2413102056862957, "8350002.03": 1.2708764860965003, "8350104.7": -1.554177296783511, "8350001.03": -0.4439181839552017, "8350005.13": -0.17021815750520095, "8350005.11": 0.48457649671339553, "8350005.1": 0.3367787685984212, "8350002.01": 0.9514811425383257, "8350004.02": 0.6390246829279952, "8350160.01": 0.5138327071133074, "8350001.04": -0.6343949398116294, "8350005.12": -0.10231976360844436, "8350001.05": 0.6487533623908956, "8350002.02": 0.2127429705171709, "8350006.2": 0.5186300526000902, "8350005.09": 0.09640234040665044, "8350005.08": 0.6856401030663807, "8350003.0": 0.4564611333778678, "8350104.1": -0.4335435709873778, "8350018.0": -0.19611497369711908, "8350005.07": 0.7661881855335728, "8350012.02": 0.3361556070925639, "8350016.02": 0.38237587856770977, "8350019.01": 0.2846175651756853, "8350006.19": 0.2100707788019043, "8350015.02": 0.3115385467768291, "8350012.01": -0.07604360150249788, "8350004.01": 0.20309745260117232, "8350019.02": 0.5542879141982721, "8350017.0": 0.6594055685477586, "8350104.17": 1.3444305046145104, "8350037.0": 1.1188773864615582, "8350038.0": 2.1273139568442914, "8350041.0": 1.7415013980715441, "8350040.0": 2.217342721416059, "8350042.01": 2.4820195560881344, "8350005.01": 1.3513367084600032, "8350014.0": 1.0781099835374963, "8350079.09": -1.493068839471575, "8350005.02": 1.879965942689897, "8350011.0": 0.6226517453080224, "8350013.0": 1.0370968699214314, "8350010.0": 0.9148085089194308, "8350006.18": 0.8598672041507058, "8350020.0": 0.8110823996592164, "8350007.02": 1.1192335484707896, "8350036.0": 1.8100095912301029, "8350006.17": -0.17278571826465136, "8350021.0": 1.009097010327289, "8350022.0": 1.451323219780242, "8350008.01": 1.2576987397857946, "8350079.08": -0.9766995272808378, "8350035.0": 1.381100791957628, "8350006.06": 0.49275330516553795, "8350009.0": 0.5640608717563673, "8350079.07": -0.3040157603576361, "8350006.09": -0.05233528070661102, "8350033.02": 1.1406307083153258, "8350008.02": 1.3550501848172924, "8350023.0": 1.844537308391408, "8350006.04": 0.5436833243544882, "8350034.01": 0.48424672212435105, "8350160.03": -0.2316510644109156, "8350039.0": 1.5174533658099887, "8350007.01": 0.3545312410600352, "8350079.19": -0.6489814818518552, "8350006.08": 0.23928826826504979, "8350034.03": 1.80564790175042, "8350032.02": 1.3624800631174034, "8350079.2": 0.3922537679040879, "8350033.01": 0.44773774734016186, "8350034.02": 0.41840430059446315, "8350006.03": -0.08812444016797218, "8350024.01": 2.3913182789913465, "8350079.18": -0.11008654509110069, "8350030.0": 1.6476929253884103, "8350025.0": 1.806775115612006, "8350026.02": 0.43437055195805757, "8350032.01": 1.431931182363664, "8350026.01": 0.9607186437592784, "8350024.02": 1.163310049910512, "8350006.05": 0.1918843259196331, "8350006.16": 0.4643325640790286, "8350045.0": 0.32306377733461933, "8350044.0": 1.268297533581513, "8350046.0": -0.2471651755320593, "8350042.02": 1.8466441304952024, "8350043.0": 2.498690928365844, "8350058.0": 1.172222382885882, "8350075.08": 0.43456992440050435, "8350057.0": 1.1911548972077688, "8350059.0": 0.9930594766749412, "8350075.05": 0.47338505898324745, "8350075.09": 0.05916368448246719, "8350060.01": 0.8085098338866007, "8350031.0": 1.1810719830684877, "8350006.15": 0.34109358092869946, "8350027.0": 0.38157722744942113, "8350029.0": 1.2235398163062197, "8350047.0": -0.05581073603610687, "8350079.17": 0.12479379934910041, "8350056.0": 0.6375024389543686, "8350079.16": -0.048709952380523384, "8350006.14": 0.2738587923083496, "8350055.0": 0.2323789878754688, "8350048.0": 0.5758247572825369, "8350054.03": -0.29393715304269374, "8350006.13": 0.2969058838874679, "8350028.0": 0.6748206550773073, "8350054.01": -0.3272204472020684, "8350049.0": 0.5922617375217223, "8350079.15": 0.7165685300330655, "8350050.0": 0.0978057737421948, "8350060.02": 0.19151557584455145, "8350075.07": -0.44113247128134453, "8350075.04": -0.4256892797989987, "8350071.0": 0.7678504971729503, "8350073.0": 0.34371300907516356, "8350075.1": -0.1179785715113439, "8350075.12": -0.5286480675544233, "8350072.0": 0.6618909535722353, "8350075.03": -0.3140222878438164, "8350075.14": -0.57284645258869, "8350053.0": -0.0741105351525894, "8350061.0": -0.24083673880682605, "8350051.01": -0.12938686803328697, "8350079.14": -0.15153025737726064, "8350062.02": -0.4712889276078041, "8350052.02": -0.43819470390272797, "8350070.0": 0.22913907672904163, "8350063.0": -0.338877086066288, "8350067.02": -0.36600512802665097, "8350064.01": 0.6378294869593225, "8350069.0": 0.3363323976635496, "8350067.01": -0.4749660849806732, "8350079.13": -0.7661681687034491, "8350066.01": 0.0441443734764895, "8350068.02": -0.9303278551423808, "8350160.04": -0.5114691664328961, "8350065.01": 0.7397275020062588, "8350068.01": -0.3839814883016339, "8350066.02": -0.5270535531564579, "8350078.24": 0.5843445754950978, "8350065.02": 0.4218058044950067, "8350078.23": -0.30198666305200816, "8350078.02": 0.017966899662715193, "8350075.01": 0.31012369511883475, "8350075.13": -1.2666310907719236, "8350076.01": 0.36949403356807803, "8350075.02": -1.1223110589833236, "8350077.01": 0.276683431122733, "8350076.02": -0.5801321189072817, "8350140.17": -1.2882343534955292, "8350077.02": 0.1477517858487768, "8350140.1": -1.6242755078557212, "8350121.18": 0.8374265163865686, "8350078.06": -0.47169699964625417, "8350078.05": -0.4630158542209722, "8350079.12": 1.1373469907764047, "8350121.17": -0.5171369019067747, "8350079.11": -2.5588914496648183, "8350078.09": 0.500066607991009, "8350078.03": -0.2328461889188063,