{"8350150.01": -0.5127537226277011, "8350155.0": -0.9692777942320913, "8350104.02": -0.815320982019949, "8350104.52": -0.6189547278616349, "8350104.5": -0.7646545123779436, "8350104.48": -0.6091812528685006, "8350104.47": -0.7299144797723914, "8350151.03": -0.8482264957495267, "8350104.56": -0.7173513358467053, "8350104.55": -0.8213733542912887, "8350104.62": -0.609479424301622, "8350104.59": -0.9602660515859153, "8350156.0": -0.31542302791221954, "8350104.53": -1.0062920663040178, "8350104.8": -0.59309361836106, "8350104.79": -0.5282892137733084, "8350104.58": -0.7384623561795398, "8350104.61": -0.36047072005386777, "8350104.77": -0.3689337816199426, "8350104.32": -0.8159711429649763, "8350104.78": -0.32537449348595543, "8350104.65": -0.31062151125255116, "8350090.06": -0.7127909665687308, "8350104.49": -0.8244038845145945, "8350104.3": -0.7229153289045256, "8350104.75": -0.8902856565586572, "8350104.64": -0.18766607812554453, "8350090.05": -0.7019037987143615, "8350104.63": -0.010965377411033464, "8350090.13": -0.5900852998220203, "8350090.12": -0.4151870174402214, "8350104.76": 0.015126230992470527, "8350104.6": -0.34212835483194287, "8350090.09": -0.4688260172098926, "8350104.74": -0.08309425513947921, "8350090.16": -0.2858410516202348, "8350104.36": -0.35573943959128934, "8350090.08": -0.5105237940516253, "8350090.2": -0.5161359922099711, "8350104.72": -0.25867284131804513, "8350090.19": -0.21919800034289308, "8350001.07": -0.10115463886970594, "8350090.11": -0.2777380141788942, "8350090.15": -0.3063739809764305, "8350090.17": -0.2148212323829276, "8350104.25": -0.15733503465108037, "8350090.04": -0.29970262410308784, "8350104.73": -0.20397732414807646, "8350104.4": -0.2524779290231672, "8350104.69": -0.1846513163225944, "8350002.05": -0.0394387706580599, "8350090.03": -0.04537813263595069, "8350001.06": -0.23572799885245835, "8350104.46": -0.5900385135119309, "8350104.42": -0.7810662597835276, "8350104.45": -0.6584467796324233, "8350104.44": -0.4936198019329055, "8350104.41": -0.6864206170456659, "8350090.21": -0.38538770913072556, "8350104.2": -0.5804417364477422, "8350090.22": -0.290454673562193, "8350104.71": 0.01890706449951439, "8350104.68": -0.22696323284614972, "8350090.02": -0.329251077818732, "8350002.04": 0.04091517133362299, "8350090.18": -0.40662787922445726, "8350001.02": 0.03666887591551448, "8350079.1": -0.3031947057892441, "8350104.67": -0.2892009553805831, "8350104.66": -0.5605937765127489, "8350090.01": 0.006818689278734691, "8350002.03": -0.07769223173624411, "8350104.7": -0.20215672679133892, "8350001.03": -0.31850211320958777, "8350005.13": -0.507390798485514, "8350005.11": 0.0678245936570253, "8350005.1": -0.37072423906035273, "8350002.01": -0.05430955991759604, "8350004.02": -0.19354003301916417, "8350160.01": -0.12752190301604283, "8350001.04": -0.46071188603503366, "8350005.12": -0.47541718212558376, "8350001.05": -0.5880281758481556, "8350002.02": -0.2462368209891214, "8350006.2": -0.31550622525994065, "8350005.09": -0.3443251004192906, "8350005.08": -0.17137303116652816, "8350003.0": -0.21623145602189214, "8350104.1": -0.457669975025051, "8350018.0": -0.32915611761496116, "8350005.07": -0.046190601049732764, "8350012.02": 0.5238280914711433, "8350016.02": -0.017613849727934804, "8350019.01": -0.2737354018132307, "8350006.19": -0.48100577539256895, "8350015.02": 0.8215500465600578, "8350012.01": 0.47532331337120676, "8350004.01": -0.5764995404804714, "8350019.02": -0.13861777288410349, "8350017.0": 0.8236487169155559, "8350104.17": -0.03240693548151693, "8350037.0": 0.30214905162202543, "8350038.0": -0.14279945385510043, "8350041.0": 0.25491734718005354, "8350040.0": 0.27553165779392186, "8350042.01": 0.3144204265098112, "8350005.01": -0.3997915429840368, "8350014.0": 1.5392184342862487, "8350079.09": -0.8199496360135783, "8350005.02": -0.36510936640931646, "8350011.0": 1.6212479906077963, "8350013.0": 1.7294161155853214, "8350010.0": 0.1584201595865111, "8350006.18": -0.003975713091105696, "8350020.0": 0.8207815547328111, "8350007.02": 0.1875202844935697, "8350036.0": 0.5296894695073034, "8350006.17": -0.1869183807364382, "8350021.0": 2.198463715121306, "8350022.0": 3.0488155506943375, "8350008.01": -0.3419982817062841, "8350079.08": -0.7449152213728708, "8350035.0": 1.198327754472052, "8350006.06": -0.3032666232634845, "8350009.0": 0.10887312812764936, "8350079.07": -0.5617742675555271, "8350006.09": -0.08451369710604509, "8350033.02": 3.887668689227115, "8350008.02": -0.4255489021136875, "8350023.0": 2.1683789614487052, "8350006.04": -0.09432419274376472, "8350034.01": 2.9649986852468757, "8350160.03": -0.35315745721260283, "8350039.0": 0.9417801737584223, "8350007.01": -0.25677498072884597, "8350079.19": -0.39472769542646935, "8350006.08": 0.07766465304954598, "8350034.03": 2.092002355917056, "8350032.02": 4.6514479253112855, "8350079.2": -0.42380690660625603, "8350033.01": 3.9122129136175516, "8350034.02": 1.4884077174321293, "8350006.03": -0.4182966136507652, "8350024.01": 0.9778840658793201, "8350079.18": -0.3440361562078697, "8350030.0": 3.7632882353550094, "8350025.0": -0.03767849249487497, "8350026.02": 0.23014401109018653, "8350032.01": 5.3946743955096395, "8350026.01": -0.15405452060625824, "8350024.02": 1.5227631321115551, "8350006.05": -0.27323751540805735, "8350006.16": -0.19156918461243172, "8350045.0": 2.588725590452945, "8350044.0": 0.7320694202558132, "8350046.0": 2.395854682830182, "8350042.02": 0.18299161956130106, "8350043.0": 0.7533283385228311, "8350058.0": 0.350895697505541, "8350075.08": -0.18649544459908615, "8350057.0": 1.3130380842835183, "8350059.0": 0.39068017555062673, "8350075.05": 0.044038339002439, "8350075.09": 0.06571877367277743, "8350060.01": 0.47402309280283356, "8350031.0": 3.0816784842779983, "8350006.15": -0.32711934984734214, "8350027.0": 0.091537010032228, "8350029.0": 2.223972952613002, "8350047.0": 3.3724978945308437, "8350079.17": -0.1566003881094975, "8350056.0": 0.9741894363424416, "8350079.16": -0.4083194668086092, "8350006.14": 0.5699802437148144, "8350055.0": 1.1190064812504623, "8350048.0": 2.0420737154177515, "8350054.03": 1.4047819909029902, "8350006.13": -0.37911269170263473, "8350028.0": -0.02010690416558519, "8350054.01": 2.9862537769584265, "8350049.0": 1.5357390953355181, "8350079.15": -0.21795338402181758, "8350050.0": 0.6287379150588116, "8350060.02": 0.21141149570006842, "8350075.07": -0.09159867116743815, "8350075.04": -0.15391343959429202, "8350071.0": 0.28754910900395436, "8350073.0": -0.2939255816517599, "8350075.1": -0.13039005639985907, "8350075.12": -0.2752666268456024, "8350072.0": -0.2271224822914634, "8350075.03": -0.1664106486164146, "8350075.14": -0.35682688236797006, "8350053.0": 0.7978843318189253, "8350061.0": 0.41628037281619157, "8350051.01": 1.5856865525898967, "8350079.14": -0.49397322571985486, "8350062.02": -0.15021943240926838, "8350052.02": 0.6069340716138348, "8350070.0": -0.030566153965649726, "8350063.0": 0.15229272861949497, "8350067.02": -0.303427344768213, "8350064.01": 1.148322021930663, "8350069.0": -0.5733176989142688, "8350067.01": -0.6658722290670522, "8350079.13": -0.5992572247224754, "8350066.01": -0.691624683762554, "8350068.02": -0.7917823108745081, "8350160.04": -0.466214620646586, "8350065.01": -0.3999550573777387, "8350068.01": -0.6813698308748533, "8350066.02": -0.6198897815655954, "8350078.24": -0.5686169938119892, "8350065.02": -0.3841182864347609, "8350078.23": -0.6709366496636254, "8350078.02": -0.6443024051663802, "8350075.01": -0.3410234863644698, "8350075.13": -0.5038077929442382, "8350076.01": -0.41615745851113745, "8350075.02": -0.8728624403864866, "8350077.01": -0.670970160102892, "8350076.02": -0.8034575136080199, "8350140.17": -0.6565005263479712, "8350077.02": -0.6826828795070663, "8350140.1": -0.8822654574007078, "8350121.18": -0.4166586322127067, "8350078.06": -0.6123383067098775, "8350078.05": -0.4988727245808934, "8350079.12": -0.23963738872270868, "8350121.17": -0.42280757920718925,