{"8350150.01": -0.7176822676370268, "8350155.0": -2.360777214006128, "8350104.02": -1.8266490079714846, "8350104.52": -0.5678297136062256, "8350104.5": -1.4501748968474113, "8350104.48": -1.204893898492473, "8350104.47": -1.3506057639729843, "8350151.03": -1.535708270401394, "8350104.56": -1.004024464691046, "8350104.55": -1.2059710140132291, "8350104.62": -0.6824017995099599, "8350104.59": -0.3008526139622662, "8350156.0": -1.2548052311864482, "8350104.53": -1.2256827393611738, "8350104.8": -0.9412107079380224, "8350104.79": -0.8622897679710194, "8350104.58": -0.4920307809866142, "8350104.61": -0.691210777853497, "8350104.77": -0.21148697020276172, "8350104.32": -0.6531092032762519, "8350104.78": -0.2148340783638979, "8350104.65": -0.3856244236552447, "8350090.06": -1.0782012512353039, "8350104.49": -1.5570779487512296, "8350104.3": -0.06791784146459924, "8350104.75": -1.036977172214972, "8350104.64": 0.04798879851098078, "8350090.05": -0.9191920368659777, "8350104.63": 0.2911057614708691, "8350090.13": -0.8595935518144128, "8350090.12": -0.48779317919350573, "8350104.76": 0.9059650075656104, "8350104.6": 0.1265614745322305, "8350090.09": -0.3795015970774542, "8350104.74": 0.5385443363597965, "8350090.16": -0.06762983085409804, "8350104.36": -0.13419150799024399, "8350090.08": -0.4127881121005032, "8350090.2": -0.666069725839354, "8350104.72": -0.36768233674001055, "8350090.19": -0.08823495465482586, "8350001.07": -0.35186624759315316, "8350090.11": 0.06288420684842068, "8350090.15": -0.138581045974944, "8350090.17": -0.03545762428127874, "8350104.25": 0.11513745763186564, "8350090.04": -0.12907537431018218, "8350104.73": 0.38383686071408374, "8350104.4": 0.1965651026330739, "8350104.69": 0.6433177619802463, "8350002.05": 0.5383428216161448, "8350090.03": 0.491354201610965, "8350001.06": -0.3125885255773211, "8350104.46": -0.8973424971386703, "8350104.42": -1.0356128809397944, "8350104.45": -1.154364448993909, "8350104.44": -0.6647593197082057, "8350104.41": -1.37152428105853, "8350090.21": -0.454536586754079, "8350104.2": -0.7478834082114167, "8350090.22": -0.3198956711931159, "8350104.71": 0.47321481421934813, "8350104.68": 0.2620694466544131, "8350090.02": -0.24305365513446173, "8350002.04": 0.42414674258869284, "8350090.18": 0.22703910856926154, "8350001.02": -0.015057195882955045, "8350079.1": -0.4107122989406931, "8350104.67": -0.1035312499236711, "8350104.66": -0.2744063157812513, "8350090.01": 0.43139041146743007, "8350002.03": 0.2451011573923647, "8350104.7": 0.16697719577554535, "8350001.03": -0.0008760535326280112, "8350005.13": -0.8047178506321048, "8350005.11": 0.5554860770360132, "8350005.1": -0.13672064071957363, "8350002.01": 0.44957091090001194, "8350004.02": 0.12088472049342641, "8350160.01": -0.1188414459692231, "8350001.04": -0.5579392550676354, "8350005.12": -0.6848391325083475, "8350001.05": -0.5200904610661242, "8350002.02": -0.3106915682203663, "8350006.2": -0.31493939360799406, "8350005.09": 0.03700732216271933, "8350005.08": -0.16735260762545123, "8350003.0": -0.2897706507145982, "8350104.1": -0.8170628653068508, "8350018.0": -0.016135258343677576, "8350005.07": 0.3291972171542665, "8350012.02": 0.2789889909433738, "8350016.02": -0.22949930857671083, "8350019.01": -0.31363465492075, "8350006.19": -0.2115353052044244, "8350015.02": 0.530556081342438, "8350012.01": 0.2815454117350579, "8350004.01": -0.7716744534272648, "8350019.02": -0.3093917046294755, "8350017.0": 0.6233110302904477, "8350104.17": 0.4034397131641279, "8350037.0": 0.37556920508390645, "8350038.0": 0.19623144844406035, "8350041.0": 0.6309834763989199, "8350040.0": 0.6871914401423919, "8350042.01": 1.4136395513542037, "8350005.01": -0.3125906119923982, "8350014.0": 1.3602908827504592, "8350079.09": -1.2063421718281244, "8350005.02": -0.07817179265515697, "8350011.0": 1.2760176146669906, "8350013.0": 1.7337105811869653, "8350010.0": -0.08497847283253343, "8350006.18": 0.5530297830503557, "8350020.0": 0.7983500873916516, "8350007.02": 0.4443135024194982, "8350036.0": 0.9279577152809015, "8350006.17": 0.046267533151964114, "8350021.0": 1.9244906658290089, "8350022.0": 2.7870691607628415, "8350008.01": -0.1417903460718877, "8350079.08": -1.0821512177316717, "8350035.0": 1.1747650455754428, "8350006.06": 0.27676933789779656, "8350009.0": -0.12229271765073887, "8350079.07": -0.42362758939155637, "8350006.09": 0.0822202154249707, "8350033.02": 3.198618334690644, "8350008.02": -0.39708696109596325, "8350023.0": 2.0379155487952274, "8350006.04": 0.45851268344501683, "8350034.01": 2.158552477795357, "8350160.03": -0.2915755442395351, "8350039.0": 1.037569304771782, "8350007.01": -0.4581584197558764, "8350079.19": -0.49691064295286, "8350006.08": 0.23109943127704502, "8350034.03": 1.9227082950148275, "8350032.02": 4.059998521350015, "8350079.2": 0.09167760682623484, "8350033.01": 2.8666337809900426, "8350034.02": 0.820367551217429, "8350006.03": -0.2547692216691064, "8350024.01": 1.0872643485207818, "8350079.18": 0.030674267434506883, "8350030.0": 3.568803140916542, "8350025.0": -0.06533457120978517, "8350026.02": 0.0011175429409083812, "8350032.01": 4.571070425798561, "8350026.01": -0.2667996615165123, "8350024.02": 1.6133603923902704, "8350006.05": 0.001963458060426492, "8350006.16": -0.045433954671888925, "8350045.0": 1.7881216577085088, "8350044.0": 0.7241774770591288, "8350046.0": 1.5711442932321251, "8350042.02": 1.0422166655728313, "8350043.0": 1.5708237911360599, "8350058.0": 1.0344964668491399, "8350075.08": 0.7086919822558884, "8350057.0": 1.6297445831374664, "8350059.0": 0.6963702599928285, "8350075.05": 0.8785714684066318, "8350075.09": 1.2157111475423057, "8350060.01": 0.7272021412782278, "8350031.0": 3.0379150995254403, "8350006.15": -0.12317274546772257, "8350027.0": -0.22980729154508256, "8350029.0": 2.049037885371136, "8350047.0": 2.592112429319803, "8350079.17": 0.19864097372675588, "8350056.0": 1.0818919640601035, "8350079.16": -0.19517341362049173, "8350006.14": 0.45013564310754633, "8350055.0": 0.7202973078287942, "8350048.0": 1.8377149649832973, "8350054.03": 0.5510795463453839, "8350006.13": -0.30468267610568694, "8350028.0": 0.023450446215992626, "8350054.01": 2.3237224630264808, "8350049.0": 1.4184413630449977, "8350079.15": 0.6066608828803881, "8350050.0": 0.6373448159009728, "8350060.02": 0.2058746428930209, "8350075.07": 0.4101437773260747, "8350075.04": 0.4886803262068696, "8350071.0": 0.1502969795005199, "8350073.0": -0.27630983583822566, "8350075.1": 0.4634814348032965, "8350075.12": -0.22737487384455426, "8350072.0": -0.45601818106185965, "8350075.03": -0.14837654068842074, "8350075.14": 0.24509524655944243, "8350053.0": 0.4657309128935737, "8350061.0": 0.049194121372770336, "8350051.01": 1.3033543545332436, "8350079.14": -0.1751922909964899, "8350062.02": -0.4789971812608416, "8350052.02": 0.3014260287953031, "8350070.0": -0.4244612745461625, "8350063.0": -0.45340056203397816, "8350067.02": -0.9309544594545287, "8350064.01": 0.9133589522594677, "8350069.0": -0.8666158882787391, "8350067.01": -1.3439277320491698, "8350079.13": -0.5412400942173468, "8350066.01": -1.1063185537526974, "8350068.02": -1.3401520387015176, "8350160.04": -0.13885153350100968, "8350065.01": -0.4958860017797302, "8350068.01": -1.2319939356623528, "8350066.02": -0.8527895540853978, "8350078.24": -0.7193158553411892, "8350065.02": -0.3349996778438946, "8350078.23": -0.8469620051918578, "8350078.02": -0.855668325066778, "8350075.01": -0.37100247590325486, "8350075.13": -0.24622424603809906, "8350076.01": -0.47344847693223485, "8350075.02": -1.3700378229039454, "8350077.01": -0.9230373602669394, "8350076.02": -1.1011322891094957, "8350140.17": -0.5780117345951034, "8350077.02": -0.8573272316229944, "8350140.1": -1.083102783889631, "8350121.18": -0.20588557086651368, "8350078.06": -0.7652445172735169, "8350078.05": -0.2735561811985556, "8350079.12": 0.8056840649341914, "8350121.17": -0.14051290944924896, "8350079.11": -0.10207127100619559,