{"8350150.01": -0.7082989246700452, "8350155.0": -1.5564110652314693, "8350104.02": -1.0129312534622494, "8350104.52": -0.780898658525101, "8350104.5": -1.1723690154692032, "8350104.48": -1.0137202392950952, "8350104.47": -1.2015243175891692, "8350151.03": -1.1344877588822915, "8350104.56": -0.9025163565940558, "8350104.55": -1.0956379966817444, "8350104.62": -0.6346715495991131, "8350104.59": -0.7016683803162581, "8350156.0": -0.7727780927415322, "8350104.53": -1.0666515052711498, "8350104.8": -0.7524696377943275, "8350104.79": -0.6449560381297946, "8350104.58": -0.7282261928775413, "8350104.61": -0.4633452290742007, "8350104.77": -0.292302238554634, "8350104.32": -0.7963043482098099, "8350104.78": -0.23446845417190865, "8350104.65": -0.32766595886236455, "8350090.06": -0.9531922917077026, "8350104.49": -1.209399240940609, "8350104.3": -0.5042951514486704, "8350104.75": -0.9598218533461429, "8350104.64": -0.06134755414023653, "8350090.05": -0.8408241078062288, "8350104.63": 0.14432845241268558, "8350090.13": -0.8394321569743665, "8350090.12": -0.4328548116348509, "8350104.76": 0.31966475891958823, "8350104.6": -0.032668610941056095, "8350090.09": -0.3633400276477683, "8350104.74": 0.1671729583142028, "8350090.16": -0.18339458649556623, "8350104.36": -0.22397305467642045, "8350090.08": -0.39772263515733974, "8350090.2": -0.7047018634403276, "8350104.72": -0.35881291192197723, "8350090.19": -0.1623038139542862, "8350001.07": -0.1858724269450314, "8350090.11": -0.12016761856244086, "8350090.15": -0.2715133885002804, "8350090.17": -0.21250431996113936, "8350104.25": 0.07263278045085739, "8350090.04": -0.22603115451658148, "8350104.73": -0.05463052938668969, "8350104.4": -0.10214073056488693, "8350104.69": -0.04447485565472241, "8350002.05": 0.29310815141661467, "8350090.03": 0.26414935347033397, "8350001.06": -0.31238073286090556, "8350104.46": -0.8732912311135634, "8350104.42": -0.7392397921092982, "8350104.45": -0.9989421343726507, "8350104.44": -0.6487816196507726, "8350104.41": -0.8336320077606396, "8350090.21": -0.5699925265121103, "8350104.2": -0.7799063715787039, "8350090.22": -0.37599079408942987, "8350104.71": 0.04883292509987727, "8350104.68": -0.21433277788404648, "8350090.02": -0.3476726491985307, "8350002.04": 0.2883814833008103, "8350090.18": -0.21006781935585095, "8350001.02": -0.013918457182281508, "8350079.1": -0.454177882348278, "8350001.01": -0.0448445534368047, "8350104.67": -0.42454048061464383, "8350104.66": -0.6102802344749706, "8350090.01": -0.2220680249953675, "8350002.03": 0.43459160139601033, "8350104.7": -0.3134133164963244, "8350001.03": -0.38791032132974856, "8350005.13": -0.4515602399719068, "8350005.11": -0.13688859594579433, "8350005.1": -0.5677251422935775, "8350002.01": -0.07274279993655977, "8350004.02": 0.17061788427420552, "8350160.01": -0.3030749948589418, "8350001.04": 0.15284412742524198, "8350005.12": -0.768889317610009, "8350001.05": -0.24358051952669452, "8350002.02": 0.05630744272529325, "8350006.2": -0.3381687188237104, "8350005.09": -0.46593820484304954, "8350005.08": -0.5034857753134974, "8350003.0": 0.12231224304883363, "8350104.1": -0.6118051025363863, "8350018.0": -0.18552674439870664, "8350005.07": -0.32127452189577194, "8350012.02": 0.7277275220954786, "8350016.02": 0.13892087625988123, "8350019.01": -0.3692889989827891, "8350006.19": -0.5117131753389387, "8350015.02": 0.9443947741705968, "8350012.01": 0.9229973798844995, "8350004.01": -0.38832600904199466, "8350019.02": -0.12700529306179023, "8350017.0": 1.0906187985354205, "8350104.17": 0.09778846462848156, "8350037.0": 0.28272556010468103, "8350038.0": -0.007667233544524679, "8350041.0": 0.2857187065377655, "8350040.0": 0.33143258541348325, "8350042.01": 0.9220516268792118, "8350005.01": -0.43374318933743417, "8350014.0": 1.6452752880824268, "8350079.09": -1.0014312093151618, "8350005.02": -0.4383602143463716, "8350011.0": 1.6166181870116765, "8350013.0": 1.8650225853104494, "8350010.0": 0.23474965227828729, "8350006.18": 0.11869872828791223, "8350020.0": 1.0704788448766462, "8350007.02": 0.19027426712326034, "8350036.0": 1.0481007232756159, "8350006.17": -0.12821497985893765, "8350021.0": 2.221735938693741, "8350022.0": 3.014401239878381, "8350008.01": -0.25347663987419994, "8350079.08": -0.9541182812293443, "8350035.0": 1.4402838156777593, "8350006.06": -0.10235189716255183, "8350009.0": 0.026460838577937306, "8350079.07": -0.4953010623895066, "8350006.09": -0.0011973068450345794, "8350033.02": 3.612454106392137, "8350008.02": -0.3151408211589531, "8350023.0": 2.190823654466467, "8350006.04": 0.13386678736861096, "8350034.01": 2.668307268300192, "8350160.03": -0.3439304691416311, "8350039.0": 1.1130248456924303, "8350007.01": -0.34259616729288317, "8350079.19": -0.41529566143601737, "8350006.08": 0.10001736611961941, "8350034.03": 2.118257261339492, "8350032.02": 4.506820223962234, "8350079.2": -0.21141838928770434, "8350033.01": 3.355979904710655, "8350034.02": 1.1450432456906319, "8350006.03": -0.3437416220737841, "8350024.01": 1.0233693288736345, "8350079.18": -0.18562297149850374, "8350030.0": 3.778705551358515, "8350025.0": -0.041836660861230515, "8350026.02": 0.16018973748478946, "8350032.01": 5.064623393331008, "8350026.01": -0.04150176283136136, "8350024.02": 1.5525880372822958, "8350006.05": -0.1966013099067669, "8350006.16": -0.010814906376761123, "8350045.0": 2.2080294077579485, "8350044.0": 0.8602540650209752, "8350046.0": 2.062030553062125, "8350042.02": 0.6692131518654417, "8350043.0": 1.2495912075161983, "8350058.0": 0.7249474477215966, "8350075.08": 0.200223970845183, "8350057.0": 1.5165154148200037, "8350059.0": 0.5671454207064477, "8350075.05": 0.44267624053816085, "8350075.09": 0.6083053202924301, "8350060.01": 0.6525817670597187, "8350031.0": 3.188205179149951, "8350006.15": -0.15298954016287128, "8350027.0": 0.07451206462975331, "8350029.0": 2.2007450900333256, "8350047.0": 3.013777549401108, "8350079.17": -0.1295426741319995, "8350056.0": 1.0829689778657923, "8350079.16": -0.419600891200827, "8350006.14": 0.25436935105995123, "8350055.0": 0.9904706444097444, "8350048.0": 1.9669815536687631, "8350054.03": 0.9754854906459773, "8350006.13": -0.4911957094623931, "8350028.0": -0.026963456117421063, "8350054.01": 2.5060141842031256, "8350049.0": 1.550841233226534, "8350079.15": -0.012371300358020748, "8350050.0": 0.7669519458728233, "8350060.02": 0.2807652473034424, "8350075.07": 0.1103577598492075, "8350075.04": 0.13268744525336268, "8350071.0": 0.20590051111892943, "8350073.0": -0.21364880977179904, "8350075.1": 0.14020210690147544, "8350075.12": -0.26501322295695734, "8350072.0": -0.3029952752137608, "8350075.03": -0.154119275241432, "8350075.14": -0.10227164322394469, "8350053.0": 0.7047926007352432, "8350061.0": 0.30341103270182035, "8350051.01": 1.5194288932572726, "8350079.14": -0.3366226108502707, "8350062.02": -0.19533071162882604, "8350052.02": 0.5113681308654081, "8350006.01": 0.10617675264630061, "8350070.0": -0.1067486766275755, "8350063.0": -0.06271742351758453, "8350067.02": -0.45088437448935964, "8350064.01": 1.0192111857870239, "8350069.0": -0.5724507754043576, "8350067.01": -0.8227716813834297, "8350079.13": -0.7327503013499213, "8350066.01": -0.7446012655045467, "8350068.02": -0.9256937739250105, "8350160.04": -0.3370051388002576, "8350065.01": -0.32295126113643, "8350068.01": -0.8149057261252273, "8350066.02": -0.6739904331762019, "8350078.24": -0.5742170259499698, "8350065.02": -0.3334500691580615, "8350078.23": -0.6447554917235134, "8350078.02": -0.6752144660932277, "8350075.01": -0.29786073290899057, "8350075.13": -0.4206390719616666, "8350076.01": -0.39372060590501823, "8350075.02": -1.0837446552611791, "8350077.01": -0.6447488370820726, "8350076.02": -0.8966186913734752, "8350140.17": -0.5904510992548224, "8350077.02": -0.6644415835198172, "8350140.1": -0.9852978425753334, "8350121.18": -0.37018911806574084, "8350078.06": -0.7067076149117681, "8350078.05": -0.3427935546056277,