{"8350150.01": -0.40876410787257533, "8350155.0": -2.356787504276954, "8350104.02": -1.488932766787982, "8350104.52": 1.730060897916201, "8350104.5": 0.3528239385016737, "8350104.48": 0.8184284973082017, "8350104.47": 0.8904270674046764, "8350151.03": -1.0417245577199061, "8350104.56": -0.055490170927212465, "8350104.55": 1.2446647262781825, "8350104.62": 0.6026086988231686, "8350104.59": 3.716737733809045, "8350156.0": -2.408953793866528, "8350104.53": 1.908180038429675, "8350104.8": -0.3391020349229042, "8350104.79": -0.6220391539715211, "8350104.58": 3.0825344749505255, "8350104.61": -0.4249195122454063, "8350104.77": 0.1620170051329473, "8350104.32": 1.9058714747508614, "8350104.78": 0.16485515000182743, "8350104.65": -0.4270019568124743, "8350090.06": 0.5100533356532574, "8350104.49": 0.1101767697169866, "8350104.3": 3.1602362105347765, "8350104.75": 4.287979082244663, "8350104.64": -0.0037658560420797647, "8350090.05": 0.2615538459766415, "8350104.63": -0.22941399248228547, "8350090.13": 0.6612888499960853, "8350090.12": -0.04087640499263464, "8350104.76": 0.871306691693573, "8350104.6": 0.8183669713306517, "8350090.09": 0.38667723868963577, "8350104.74": 0.7652544685822359, "8350090.16": 0.20698206503839442, "8350104.36": -0.2584527617785818, "8350090.08": 0.344934776057784, "8350090.2": 0.3483738429224031, "8350104.72": -0.33402045718793916, "8350090.19": -0.23539878433161818, "8350001.07": -0.2064568769126296, "8350090.11": 0.15261799199190582, "8350090.15": -0.6971043571985778, "8350090.17": -0.09972442968743368, "8350104.25": -0.0016439794140351643, "8350090.04": -0.5351233560943554, "8350104.73": 0.865641187755829, "8350104.4": 0.12285713254458039, "8350104.69": 0.8277886855927693, "8350002.05": 0.7309976998726719, "8350090.03": -0.28545748135592136, "8350001.06": -0.48036054066044054, "8350104.46": 0.6772072477853719, "8350104.42": 0.027431097240817787, "8350104.45": 0.06069934302805455, "8350104.44": 0.49960418889084707, "8350104.41": -0.09563679830584747, "8350090.21": -0.19682577296318632, "8350104.2": -0.14154261376729388, "8350090.22": -0.6133072191018364, "8350104.71": -0.05925713353451702, "8350104.68": 0.6844427613006511, "8350090.02": -0.759196637306083, "8350002.04": -0.23145168488868112, "8350090.18": 4.709787147897685, "8350001.02": -0.06836429616326278, "8350079.1": -0.8233689325739862, "8350104.67": -0.4237750441424081, "8350104.66": 0.47423399534476207, "8350090.01": -0.1776761571138851, "8350002.03": -0.7310733679257502, "8350104.7": 5.145150561958393, "8350001.03": 0.5388299133925618, "8350005.13": -0.829053742114381, "8350005.11": -0.002481935163066869, "8350005.1": 0.10401409271634146, "8350002.01": 0.05405623881380445, "8350004.02": -0.9366812397849533, "8350160.01": -0.8079439317266262, "8350001.04": -0.9538351901706403, "8350005.12": -0.7982403998441079, "8350001.05": -0.16735957650875757, "8350002.02": -1.1859555532274202, "8350006.2": -0.8234184286277266, "8350005.09": 0.2801888924066536, "8350005.08": -0.5053480725287464, "8350003.0": -0.5629725500701639, "8350104.1": -0.28352423395831383, "8350018.0": 0.9421225063011215, "8350005.07": -0.19370526509409497, "8350012.02": -0.3308982733502747, "8350016.02": -0.8406784370916235, "8350019.01": -0.6461610631784824, "8350006.19": 0.22684657079334214, "8350015.02": -0.4300301714539378, "8350012.01": -0.4582572965640402, "8350004.01": -0.9764386099892354, "8350019.02": -0.46670599380051964, "8350017.0": -0.06839074128512203, "8350104.17": -1.078917842335816, "8350037.0": -0.09067499000952263, "8350038.0": -0.34141984831221855, "8350041.0": -0.3015067252728073, "8350040.0": -0.872605289432604, "8350042.01": 0.18361453149686252, "8350005.01": -0.5738990304175282, "8350014.0": -0.1546970375310202, "8350079.09": -0.3570587539257587, "8350005.02": -0.5162503681620533, "8350011.0": -0.3565795947612932, "8350013.0": -0.03683570450389088, "8350010.0": -0.5908511745512682, "8350006.18": 0.2533359648991822, "8350020.0": -0.24255432079900385, "8350007.02": -0.9855293539158373, "8350036.0": -0.1701475512038458, "8350006.17": 0.099168595180438, "8350021.0": -0.36676086073172665, "8350022.0": -0.16077824870317217, "8350008.01": -0.36465696938594083, "8350079.08": -0.2820169044390025, "8350035.0": -0.26633269882946686, "8350006.06": 0.03495454915591094, "8350009.0": -1.041793651386763, "8350079.07": 0.31591741173309096, "8350006.09": -0.11920315271918681, "8350033.02": -0.09580222139186537, "8350008.02": -0.40559164241556084, "8350023.0": -0.16870467102949538, "8350006.04": 0.30577487157652067, "8350034.01": -0.4773876511171973, "8350160.03": -0.31368719238598924, "8350039.0": -0.7652698283838152, "8350007.01": -0.8840695557016894, "8350079.19": -0.5945155471110131, "8350006.08": -0.29705154589124555, "8350034.03": -0.7429263856964613, "8350032.02": 0.161305131456617, "8350079.2": 0.37124469354745093, "8350033.01": -0.18853991990246347, "8350034.02": -1.2129561905933273, "8350006.03": -0.14744611470152025, "8350024.01": -0.1599132350989193, "8350079.18": 0.006934884091335771, "8350030.0": 0.2662981434146719, "8350025.0": -0.6567283871439059, "8350026.02": -0.36122655512038565, "8350032.01": 0.6210174090208084, "8350026.01": -0.5099212009929414, "8350024.02": 0.006495469438631537, "8350006.05": -0.33613922079351144, "8350006.16": -0.03877514871857802, "8350045.0": -0.6619459025965091, "8350044.0": -1.212038108030509, "8350046.0": -0.647832385202892, "8350042.02": 0.09729258185775451, "8350043.0": -0.30446597757435706, "8350058.0": -0.08224049798185082, "8350075.08": -0.12862763231253838, "8350057.0": -0.3570499817281863, "8350059.0": -0.6969922366080338, "8350075.05": 0.18526814923025242, "8350075.09": 0.8477062088736396, "8350060.01": -0.31791418968830676, "8350031.0": 0.5024535065515134, "8350006.15": -0.45430221332832144, "8350027.0": -0.9366867463096591, "8350029.0": -0.14272990735892216, "8350047.0": -0.03686085960078754, "8350079.17": -0.40973950247285573, "8350056.0": -0.5461045020881156, "8350079.16": -0.260236940927696, "8350006.14": 0.2324503136433653, "8350055.0": -0.8467023396084155, "8350048.0": 0.2244898404724145, "8350054.03": -0.830547096944023, "8350006.13": -0.6298852729861781, "8350028.0": -0.165271775705973, "8350054.01": 0.6227656134275671, "8350049.0": 0.20583251907225059, "8350079.15": 0.360496515408574, "8350050.0": 0.11026349551949655, "8350060.02": -0.5913488442888286, "8350075.07": -0.04343716116253869, "8350075.04": 0.5326781656155453, "8350071.0": -0.5306566577023205, "8350073.0": -0.3991097634559119, "8350075.1": -0.07044551917474329, "8350075.12": -0.05226652521464033, "8350072.0": -0.4502010761343884, "8350075.03": 0.3026229014529078, "8350075.14": 1.0262992377081988, "8350053.0": -0.4470476726605536, "8350061.0": -0.8080868438990044, "8350051.01": 0.6097194981050768, "8350079.14": 0.008043952081421366, "8350062.02": -0.8252308536902763, "8350052.02": -0.1765105382761455, "8350070.0": -0.6413185292027825, "8350063.0": -0.5866127895917449, "8350067.02": -0.7997669866632957, "8350064.01": 0.11497619240390394, "8350069.0": -0.38303808495764946, "8350067.01": -0.9322593345308157, "8350079.13": 0.11879220923626681, "8350066.01": -0.9994870470139172, "8350068.02": -0.5482526275068152, "8350160.04": -0.11705679503857551, "8350065.01": -0.9072932574331949, "8350068.01": -0.8501467278926562, "8350066.02": -0.6141168849291095, "8350078.24": 0.12808755176176068, "8350065.02": -0.7425119607907814, "8350078.23": -0.16118022469601012, "8350078.02": -0.31695197337982844, "8350075.01": 0.036759872003804504, "8350075.13": 1.0494455408904952, "8350076.01": 0.17709624258711368, "8350075.02": 0.12173905766141346, "8350077.01": 0.04755261373643725, "8350076.02": 0.253805952111311, "8350140.17": 0.9175715549144686, "8350077.02": 0.19670364980352395, "8350140.1": 0.8761852749613802, "8350121.18": -0.19634585340410485, "8350078.06": 0.044720049143448105, "8350078.05": 0.26590254554105264, "8350079.12": 0.19751437785453518, "8350121.17": 0.15600799699456525,