{"8350150.01": -1.2251598300270443, "8350155.0": 1.0828558279725917, "8350104.02": -1.349834926881989, "8350104.52": -0.7551527609924991, "8350104.5": -2.1459480092314993, "8350104.48": -1.8868542069487637, "8350104.47": -1.6671672405071636, "8350151.03": -0.20815638347563428, "8350104.56": -0.18922247896801409, "8350104.55": -2.202060705911986, "8350104.62": -1.6211355950225734, "8350104.59": -1.5443483586844018, "8350156.0": 1.2613309268946715, "8350104.53": -1.9542564788983596, "8350104.8": -1.1592486085835605, "8350104.79": -1.4184078550420398, "8350104.58": -2.6831276177453067, "8350104.61": -0.11599976652219587, "8350104.77": -1.406673044719885, "8350104.32": -1.0249376066456437, "8350104.78": -1.5664776550468222, "8350104.65": -1.541846157212103, "8350090.06": -1.190477076442873, "8350104.49": -1.6411908217329225, "8350104.3": -1.0185941266408025, "8350104.75": -3.295668208807488, "8350104.64": -0.4268618266453879, "8350090.05": -1.204850638412614, "8350104.63": -1.4635655214858942, "8350090.13": -0.87837881940742, "8350090.12": 0.17148976076864986, "8350104.76": -0.8690325901852273, "8350104.6": 0.3612196871888532, "8350090.09": -0.03894489801801526, "8350104.74": -1.147526602883066, "8350090.16": 0.4977097942782232, "8350104.36": 0.1789859550943233, "8350090.08": 0.3299749514596958, "8350090.2": -0.6857890820509013, "8350104.72": -0.8038029592533187, "8350090.19": 0.21259743647548318, "8350001.07": 0.998393934961902, "8350090.11": 1.121202246529459, "8350090.15": 0.5495495670540832, "8350090.17": 0.34970920178383913, "8350104.25": 0.42110751023308657, "8350090.04": 0.7638441586767531, "8350104.73": -1.371713713379372, "8350104.4": -0.05731064173403143, "8350104.69": -0.5166976452917541, "8350002.05": 1.3264942440805738, "8350090.03": 0.8854157573537491, "8350001.06": 0.7232979287919589, "8350104.46": -1.0750150041826625, "8350104.42": -0.10040599354404757, "8350104.45": -1.4356073885703342, "8350104.44": -0.9827555511718874, "8350104.41": -0.9033600450978222, "8350090.21": -0.12315197051724906, "8350104.2": 0.3445694487549932, "8350090.22": 0.9732208701940251, "8350104.71": -1.5543359022396939, "8350104.68": -1.2593738313310725, "8350090.02": 0.6822099857152766, "8350002.04": 1.5352003661623457, "8350090.18": -0.166157121381579, "8350001.02": 0.8509756809048368, "8350079.1": -0.9226965464338281, "8350001.01": 0.6217854762254335, "8350104.67": -0.04618472459082992, "8350104.66": 0.5591057152544726, "8350090.01": 1.450909113728857, "8350002.03": 1.2373620829658372, "8350104.7": -2.781108273780688, "8350001.03": 0.7332323233672703, "8350005.13": -0.08919396429141602, "8350005.11": 1.119217383220987, "8350005.1": 1.1648013093252194, "8350002.01": 1.2360464903236401, "8350004.02": 1.1213057624056908, "8350160.01": -0.6229619772152597, "8350001.04": 0.37877561125263814, "8350005.12": 0.8363202162814134, "8350001.05": 0.5730382581804746, "8350002.02": 1.1953392374592686, "8350006.2": -0.9944639658015254, "8350005.09": 2.035953918375635, "8350005.08": 2.0741303938813895, "8350003.0": 0.6178891059818757, "8350104.1": 0.0806715577523449, "8350018.0": 0.6872623653018108, "8350005.07": 1.7872272021271849, "8350012.02": -0.10530541688664656, "8350016.02": 0.13192873381485243, "8350019.01": 1.2405781861313, "8350006.19": 0.051580209590311794, "8350015.02": -0.12514842577214477, "8350012.01": -0.38116102633756094, "8350004.01": 1.1839417524618459, "8350019.02": 1.0566347044525017, "8350017.0": 0.3439593234999968, "8350104.17": 1.400051912109915, "8350037.0": 1.3503701576488636, "8350038.0": 1.7317353257075276, "8350041.0": 1.5548872357857273, "8350040.0": 1.9861806467621597, "8350042.01": 1.0818709708856982, "8350005.01": 1.5760039878283054, "8350014.0": 0.14229984269446996, "8350079.09": -2.212095623982728, "8350005.02": 1.888137177075297, "8350011.0": 0.4064679797085562, "8350013.0": -0.04599080757038516, "8350010.0": 0.8064466281031861, "8350006.18": 0.9299086251889149, "8350020.0": 0.5727245546332711, "8350007.02": 0.9820666700216257, "8350036.0": 1.280516145180466, "8350006.17": -0.431680434453678, "8350021.0": 0.1918729447789149, "8350022.0": 0.39579475457130053, "8350008.01": 1.0541964262278438, "8350079.08": -1.4149294389073657, "8350035.0": 0.8531604751485218, "8350006.06": 0.8282836436677198, "8350009.0": 0.6693990122621591, "8350079.07": -0.6026298694687898, "8350006.09": 0.12021941961323915, "8350033.02": 0.3283507830016746, "8350008.02": 1.2205283824410291, "8350023.0": 1.0537831368279218, "8350006.04": 0.20447546901906108, "8350034.01": 0.3761005881347456, "8350160.03": -0.741972238280254, "8350039.0": 1.2545688076741632, "8350007.01": 0.8442668258650989, "8350079.19": -1.061866782004251, "8350006.08": -0.2917899990507516, "8350034.03": 1.4245817830299523, "8350032.02": 0.17768890124580256, "8350079.2": -0.303288382732776, "8350033.01": 0.3741068547058279, "8350034.02": 0.9707018188577535, "8350006.03": 0.6808231272300088, "8350024.01": 1.2093466438348706, "8350079.18": -0.9204845608394856, "8350030.0": 0.8226200836674263, "8350025.0": 1.1838849469238044, "8350026.02": 0.583225421376175, "8350032.01": 0.3139602198863203, "8350026.01": 1.83473498475896, "8350024.02": 0.4545910612014699, "8350006.05": 0.22184466175715223, "8350006.16": 1.0147809377486587, "8350045.0": 0.09949875447154027, "8350044.0": 1.3895371514422896, "8350046.0": 0.045530845363801406, "8350042.02": 0.8060683729125099, "8350043.0": 1.0502749419494755, "8350058.0": 0.5554906464940339, "8350075.08": 0.2357505778171411, "8350057.0": 0.5140410260246433, "8350059.0": 0.6685391713506784, "8350075.05": -0.18814610179896302, "8350075.09": -0.46178348337376895, "8350060.01": 0.09024980098653593, "8350031.0": 0.6054200769624674, "8350006.15": 1.140487559805225, "8350027.0": 1.6606929634773397, "8350029.0": 0.7125632410304213, "8350047.0": -0.49355020592465343, "8350079.17": -0.9953422794873709, "8350056.0": 0.17431551413311036, "8350079.16": -0.635582500896781, "8350006.14": 0.2662670668759068, "8350055.0": 0.3027071916583933, "8350048.0": 0.22471704727807543, "8350054.03": -0.03925340034403581, "8350006.13": 0.789109887471988, "8350028.0": 0.8794087762548818, "8350054.01": -0.7157501272357247, "8350049.0": 0.3728616465493805, "8350079.15": -0.3175479926942025, "8350050.0": 0.37358502854111975, "8350060.02": -0.3524411653073953, "8350075.07": -0.44826401479628425, "8350075.04": -0.6778328079218514, "8350071.0": 0.27612600618130567, "8350073.0": 0.26542468435679134, "8350075.1": -0.0886247229089473, "8350075.12": -0.03789792105278766, "8350072.0": 0.6746550948421495, "8350075.03": -0.1618325397875893, "8350075.14": -0.7901834518897857, "8350053.0": 0.004288989684888899, "8350061.0": -0.3018651360298986, "8350051.01": -0.2484904965986818, "8350079.14": 0.07983173232646172, "8350062.02": -0.3398162847174807, "8350052.02": -0.20880540517897106, "8350006.01": 0.8098563402912557, "8350070.0": 0.17754713872423322, "8350063.0": 0.08181091476392365, "8350067.02": 0.016756086550473153, "8350064.01": 0.6296201430794754, "8350069.0": 0.6590523242967687, "8350067.01": 0.3207366051810196, "8350079.13": -1.0522484707555027, "8350066.01": 0.4265837046779784, "8350068.02": -0.06043006176932243, "8350160.04": -0.8903743552854989, "8350065.01": 0.8002677874623915, "8350068.01": 0.7920009532451934, "8350066.02": -0.37486954498664554, "8350078.24": 1.3933115952248758, "8350065.02": 0.5589162559830826, "8350078.23": 0.5853192214963542, "8350078.02": 0.6307238074623694, "8350075.01": 0.8642439359399262, "8350075.13": -0.95171334130419, "8350076.01": 0.49268791130823436, "8350075.02": -0.1291563022094579, "8350077.01": 0.6373968517529872, "8350076.02": 0.6201391763180719, "8350140.17": -1.1754810945747303, "8350077.02": 1.096327257397878, "8350140.1": -1.2264985760172016, "8350121.18": 0.6559895560492361, "8350078.06": 0.40834157473455274, "8350078.05": 0.1235394908184867, "8350079.12": 0.1476715328814312, "8350121.17": -0.36526535624421613, "8350079.11": -0.9471593575474205,