{"8350150.01": 2.706293195892179, "8350155.0": -1.1292739449338425, "8350104.02": -0.6816904835022258, "8350104.52": -0.9735064042227843, "8350104.5": -0.8832475807178184, "8350104.48": -0.790549752641514, "8350104.47": -0.9938092322307314, "8350151.03": 2.9351658613091125, "8350104.56": -0.5473867511725335, "8350104.55": 0.26901766352194373, "8350104.62": -0.9647171411912249, "8350104.59": -0.15326015810436847, "8350156.0": 0.19405828545073603, "8350104.53": -2.217954864505276, "8350104.8": -0.5893160534026289, "8350104.79": -0.34976826696136576, "8350104.58": -1.9316971644124623, "8350104.61": -0.6104071361391664, "8350104.77": -0.013868971575035789, "8350104.32": -1.671393962258521, "8350104.78": -0.11005755588540184, "8350104.65": 0.14092387664107875, "8350090.06": -1.2314040957382537, "8350104.49": -1.288116286018971, "8350104.3": -1.7577771947911756, "8350104.75": -1.3938088266896136, "8350104.64": 0.12962225911707026, "8350090.05": -1.0783256587359331, "8350104.63": 0.5053351124729618, "8350090.13": -0.8516020851503953, "8350090.12": -0.7302086593290382, "8350104.76": 0.9678425871774665, "8350104.6": -0.47577243559872723, "8350090.09": -0.8850860089921064, "8350104.74": 0.3758496820245637, "8350090.16": -0.5370636318860343, "8350104.36": 0.4298236389354817, "8350090.08": -0.9888792908656288, "8350090.2": -0.41623191349453237, "8350104.72": 0.16080613016765852, "8350090.19": -0.09832237870985013, "8350001.07": -0.623962967442135, "8350090.11": -0.38357186701452606, "8350090.15": 0.33797500328934316, "8350090.17": 0.3001186053390159, "8350104.25": 0.06959552189588625, "8350090.04": 0.03344338489573411, "8350104.73": 0.18071587700010014, "8350104.4": 0.3880696936223077, "8350104.69": 0.34328936025389983, "8350002.05": 0.15532031114054337, "8350090.03": 0.4631889703897376, "8350001.06": -0.1898035527666074, "8350104.46": -0.6792844947368858, "8350104.42": -0.8791057795562357, "8350104.45": -0.7093784367763875, "8350104.44": -0.3937583389984699, "8350104.41": -1.0254322636906614, "8350090.21": 0.2270689541300928, "8350104.2": -0.2286378777153514, "8350090.22": 0.49292672944785515, "8350104.71": 0.8952397085358113, "8350104.68": 0.09574906675021373, "8350090.02": 0.18851096110060728, "8350002.04": 0.39737599661901296, "8350090.18": -0.8514976489159549, "8350001.02": -0.1448804170975628, "8350079.1": 0.43888988397894396, "8350001.01": -0.04780500341780358, "8350104.67": -0.09564754322966285, "8350104.66": -0.3598187571080633, "8350090.01": 0.5751239120658365, "8350002.03": 0.7447365120411682, "8350104.7": -1.1994263481881313, "8350001.03": -0.09072967534740688, "8350005.13": -0.24647913554314493, "8350005.11": 0.6791167740474636, "8350005.1": 0.05039573887700677, "8350002.01": 0.7111750023409771, "8350004.02": 1.2825433938463549, "8350160.01": 0.5627517786228625, "8350001.04": -0.01491073517068205, "8350005.12": -0.21508511886977968, "8350001.05": 0.1298365959594663, "8350002.02": 0.4498032896078733, "8350006.2": 0.3499828643667807, "8350005.09": 0.42898028360435825, "8350005.08": 0.17104336338182013, "8350003.0": -0.05697815827587625, "8350104.1": -0.9545124061821127, "8350018.0": -0.36301350388966097, "8350005.07": 0.49490395009154414, "8350012.02": -0.29845715999442146, "8350016.02": -0.3576864793208449, "8350019.01": -0.4416846357795905, "8350006.19": -0.0013950340943967355, "8350015.02": 0.660782900481618, "8350012.01": 0.49271976392749467, "8350004.01": -0.0014163847998796696, "8350019.02": -0.7523183067371213, "8350017.0": 0.060809634840280825, "8350104.17": 0.7663157837460356, "8350037.0": -0.4850032041445199, "8350038.0": 0.6340073743162605, "8350041.0": 0.8559899392458595, "8350040.0": 1.9336024016921858, "8350042.01": 0.8362532239816809, "8350005.01": 0.003706144146587413, "8350014.0": 1.1035918528325437, "8350079.09": -1.0329633183505513, "8350005.02": 0.44581872779361753, "8350011.0": 0.28485540367835066, "8350013.0": 1.5408410208697618, "8350010.0": -0.27202085373311613, "8350006.18": 0.48459190781199, "8350020.0": 1.0095337109817517, "8350007.02": 0.9595502738992935, "8350036.0": 1.3237882901941795, "8350006.17": -0.06001085438309038, "8350021.0": 1.0036303889480327, "8350022.0": 1.5571693987478912, "8350008.01": -0.02569031285280706, "8350079.08": -0.742581224361443, "8350035.0": 1.4765025769569426, "8350006.06": 0.48202185284316484, "8350009.0": 0.2359399635834153, "8350079.07": -0.41278795848683064, "8350006.09": -0.16753009116538867, "8350033.02": 1.5138775572742373, "8350008.02": -0.3041545287697867, "8350023.0": 1.079460511703442, "8350006.04": 0.11734946178387999, "8350034.01": 2.843262506684243, "8350160.03": 0.4039263244868772, "8350039.0": 1.8994596024467905, "8350007.01": -0.15621545859262367, "8350079.19": 0.10343376938211449, "8350006.08": -0.0540975331634217, "8350034.03": 3.0185134235154587, "8350032.02": 0.9243298575713976, "8350079.2": 0.17315094976061132, "8350033.01": 2.0130519609343756, "8350034.02": 3.3242345131916213, "8350006.03": -0.33050895132795133, "8350024.01": 0.46656963287529757, "8350079.18": 0.22716359691710244, "8350030.0": 1.9533757273859516, "8350025.0": -0.046482354321166354, "8350026.02": -0.4504211302117412, "8350032.01": 0.7451880810421401, "8350026.01": -0.728370595709985, "8350024.02": 1.2679106152319453, "8350006.05": 0.3044282285344357, "8350006.16": -0.5328794334865958, "8350045.0": 1.3561648986008445, "8350044.0": 3.9918374238078154, "8350046.0": 1.6763675499651582, "8350042.02": 1.5943314115942557, "8350043.0": 2.011067272766005, "8350058.0": 1.555337732890287, "8350075.08": 0.6250680243292372, "8350057.0": 2.180137491897579, "8350059.0": 0.9285223832362872, "8350075.05": 0.8184052486360289, "8350075.09": -0.06787669685741421, "8350060.01": 0.5867497231874934, "8350031.0": 1.2584917170452858, "8350006.15": 0.16094929301293556, "8350027.0": -0.39014418203695894, "8350029.0": 0.6040321200511154, "8350047.0": 0.9027707526857766, "8350079.17": 1.1890814323975318, "8350056.0": 1.5071654367116891, "8350079.16": 0.446086981195898, "8350006.14": -0.7354262754199006, "8350055.0": 1.7650089117709806, "8350048.0": 1.210265930375145, "8350054.03": 2.8602809851193, "8350006.13": -0.04136889079193965, "8350028.0": -0.18088232322185735, "8350054.01": 0.5514059774679426, "8350049.0": 1.18455911391252, "8350079.15": 0.767001543175403, "8350050.0": 0.6163841727283588, "8350060.02": 0.47099585265287214, "8350075.07": -0.051953333365067356, "8350075.04": -0.34305517875728403, "8350071.0": -0.4123945645159167, "8350073.0": -0.1819115608808263, "8350075.1": 0.22185293856743446, "8350075.12": -0.7511294385448379, "8350072.0": -0.8769505370140763, "8350075.03": -1.1021321427397404, "8350075.14": -0.6576947193439173, "8350053.0": -0.3775936526440926, "8350061.0": 0.19103446746702665, "8350051.01": -0.8592120867119949, "8350079.14": 0.22263073383929702, "8350062.02": 0.13679063823708143, "8350052.02": 0.22582950884546912, "8350006.01": -0.4302494989140255, "8350070.0": -0.8457145653695005, "8350063.0": -0.4259875519835974, "8350067.02": -1.2718437710285695, "8350064.01": 0.623331421770444, "8350069.0": -1.2377034744842874, "8350067.01": -1.4051526892499733, "8350079.13": 0.0055958315281288504, "8350066.01": -0.9940381819369023, "8350068.02": -1.620797507143921, "8350160.04": 0.24423044620229997, "8350065.01": -0.45257528676163594, "8350068.01": -1.297527491233933, "8350066.02": -0.8706381714607578, "8350078.24": -1.3754746115196248, "8350065.02": -0.21783996891842455, "8350078.23": -1.389154939571667, "8350078.02": -1.01404111318936, "8350075.01": -1.1359641288186617, "8350075.13": -1.2313842775932635, "8350076.01": -1.2947125626643867, "8350075.02": -1.6167234155502688, "8350077.01": -1.6062678596667368, "8350076.02": -1.685894592562249, "8350140.17": -1.157861166648437, "8350077.02": -1.4325745709366375, "8350140.1": -1.6379798811184336, "8350121.18": -0.10421031041021016, "8350078.06": -1.0351212995249943, "8350078.05": -0.7878433891964977, "8350079.12": 0.5957117861508179, "8350121.17": -0.33452592295004197,