{"8350150.01": 0.12375858426360795, "8350155.0": -1.4985360661481617, "8350104.02": -0.8057076687322169, "8350104.52": -0.09718346302905931, "8350104.5": -0.6420326658518517, "8350104.48": -0.49959280890728863, "8350104.47": -0.5891104237837763, "8350151.03": -0.7587823856022899, "8350104.56": -0.1791498477743542, "8350104.55": -0.6495890058321083, "8350104.62": -0.10335553769110149, "8350104.59": 0.06701237586573076, "8350156.0": -0.020699214866059443, "8350104.53": -0.6582775691676325, "8350104.8": -0.3840554554607682, "8350104.79": -0.3589389944050288, "8350104.58": -0.1626568071648549, "8350104.61": -0.42382036641784454, "8350104.77": 0.17292175292165546, "8350104.32": -0.3410277798170388, "8350104.78": 0.07217189036882618, "8350104.65": 0.038777851256174674, "8350090.06": -0.6528146388892924, "8350104.49": -0.8635170316960222, "8350104.3": 0.03822315027781037, "8350104.75": 6.174220762733941, "8350104.64": 0.22986037950565139, "8350090.05": -0.546159348710716, "8350104.63": 0.342489930000727, "8350090.13": -0.4161906346137447, "8350090.12": -0.4296609426074127, "8350104.76": 1.0774663172885206, "8350104.6": 0.19553581547036386, "8350090.09": -0.3772758197292395, "8350104.74": 0.656188421333742, "8350090.16": -0.1836430162795129, "8350104.36": 0.3318677936734119, "8350090.08": -0.5216313935564505, "8350090.2": -0.2531230404303592, "8350104.72": 0.25894843089828196, "8350090.19": -0.11868784732360158, "8350001.07": -0.43265247184975253, "8350090.11": -0.18483156035586207, "8350090.15": 0.08761043732785176, "8350090.17": 0.14087777514950742, "8350104.25": 0.1906166670875678, "8350090.04": -0.22696615806879322, "8350104.73": 0.565514135175182, "8350104.4": 0.34748259039156565, "8350104.69": 0.4926891424458547, "8350002.05": 0.4860788805982081, "8350090.03": 0.41601161974357037, "8350001.06": -0.3691186152243312, "8350104.46": -0.34599440222862443, "8350104.42": -0.3080840093457147, "8350104.45": -0.560525903744324, "8350104.44": -0.17625572314120208, "8350104.41": -0.6277554242805136, "8350090.21": 0.012500196851672475, "8350104.2": -0.33988498551696156, "8350090.22": 0.04889689822681791, "8350104.71": 0.5103748834745019, "8350104.68": 0.42747354030712587, "8350090.02": -0.06973962193729404, "8350002.04": 0.16402738441862305, "8350090.18": 6.583532706300269, "8350001.02": -0.16594053345891238, "8350079.1": 0.203089296243253, "8350001.01": -0.17166092663777302, "8350104.67": 0.23522243155917852, "8350104.66": -0.23439877699180983, "8350090.01": -0.06563046796991076, "8350002.03": 0.47689377586634196, "8350104.7": 6.7528015487486055, "8350001.03": -0.3873929280724721, "8350005.13": -0.02156944825916066, "8350005.11": 0.4235784868766088, "8350005.1": 0.07624025413846543, "8350002.01": 0.21423505735856202, "8350004.02": 0.593857960781686, "8350160.01": 0.13684600009936157, "8350001.04": 0.0605976878067866, "8350005.12": -0.013524313178358728, "8350001.05": -0.45954127433358827, "8350002.02": 0.14391155137837672, "8350006.2": 0.4513385445849446, "8350005.09": 0.026034942947776772, "8350005.08": 0.017863167451232783, "8350003.0": -0.1545966473510373, "8350104.1": -0.29777686108774737, "8350018.0": -0.1805193222220263, "8350005.07": 0.3094558225913511, "8350012.02": -0.3484352571576723, "8350016.02": -0.43243260320561483, "8350019.01": -0.599328984513241, "8350006.19": 0.1887962408394237, "8350015.02": -0.2818339373808141, "8350012.01": -0.16330500143688284, "8350004.01": -0.05022881585921729, "8350019.02": -0.639378650413561, "8350017.0": -0.3055750883994063, "8350104.17": 0.12499576751754317, "8350037.0": -0.44186836053054135, "8350038.0": -0.10620865125471973, "8350041.0": 0.0999615556319018, "8350040.0": 0.10352163166336166, "8350042.01": 0.7753989000781811, "8350005.01": -0.0821222722235554, "8350014.0": 0.07798040078110664, "8350079.09": -0.7450004180559299, "8350005.02": 0.27196874105553615, "8350011.0": 0.1071402667646565, "8350013.0": 0.32646163167100933, "8350010.0": -0.23034025776140876, "8350006.18": 0.6362171211632506, "8350020.0": -0.019424403462357926, "8350007.02": 0.37110410015189943, "8350036.0": 0.10089195096371416, "8350006.17": 0.06359661654492867, "8350021.0": 0.1882171631925641, "8350022.0": 0.5188505931009311, "8350008.01": 0.052072444608200597, "8350079.08": -0.4688115402087695, "8350035.0": 0.11124792819403112, "8350006.06": 0.5434499141586664, "8350009.0": -0.15524340842707215, "8350079.07": -0.015271919861411857, "8350006.09": 0.010645880236308502, "8350033.02": 0.41124364051074513, "8350008.02": -0.16846982981703176, "8350023.0": 0.39996519265012387, "8350006.04": 0.3425943133795337, "8350034.01": -0.03976196035460505, "8350160.03": 0.4020750650916584, "8350039.0": 0.319502229401026, "8350007.01": -0.2999147853910718, "8350079.19": -0.11112488043233336, "8350006.08": -0.02784395774142047, "8350034.03": 0.19309133031565523, "8350032.02": 0.4805331079418299, "8350079.2": 0.3996624247981997, "8350033.01": 0.019621881232990024, "8350034.02": -0.1964561033337175, "8350006.03": -0.10479606400479172, "8350024.01": 0.26658207496029523, "8350079.18": 0.27665072988978173, "8350030.0": 0.7753916591126758, "8350025.0": -0.16310017770640609, "8350026.02": -0.3546731617600747, "8350032.01": 0.5209828392229047, "8350026.01": -0.5870815893194139, "8350024.02": 0.42481937089487476, "8350006.05": 0.16688709930293177, "8350006.16": -0.2675739715085145, "8350045.0": -0.15403442804802864, "8350044.0": 0.015090835370756499, "8350046.0": -0.2885582719616363, "8350042.02": 0.5218289311313662, "8350043.0": 0.6408778108882782, "8350058.0": 0.4026133144471526, "8350075.08": 0.4527256087494963, "8350057.0": 0.2727902894586447, "8350059.0": 0.09223451194789001, "8350075.05": 0.2000098304529595, "8350075.09": 0.417175971772474, "8350060.01": -0.07918223825580532, "8350031.0": 0.5636810612570812, "8350006.15": 0.013609319380568927, "8350027.0": -0.5147569961588511, "8350029.0": 0.304046351914612, "8350047.0": 0.1455957656780666, "8350079.17": 0.6629691204506784, "8350056.0": 0.04273304645578094, "8350079.16": 0.33108027962849057, "8350006.14": -0.45713663138525, "8350055.0": -0.2901983144223688, "8350048.0": 0.1637069974953161, "8350054.03": -0.4782309811140861, "8350006.13": -0.3628280378310411, "8350028.0": -0.5584218134823868, "8350054.01": 0.025856732162486924, "8350049.0": 0.0788029211573606, "8350079.15": 0.5340582412024008, "8350050.0": -0.03450825982483398, "8350060.02": -0.31034787000669345, "8350075.07": 0.09176513127016672, "8350075.04": 0.08308080227813446, "8350071.0": -0.41724795944645177, "8350073.0": -0.502171923753663, "8350075.1": 0.21361504249164232, "8350075.12": -0.3951213346266996, "8350072.0": -0.6850266735970583, "8350075.03": -0.5081636861293491, "8350075.14": 0.03710684926192863, "8350053.0": -0.37563692155951645, "8350061.0": -0.5064766673898865, "8350051.01": -0.3183901803239682, "8350079.14": 0.3103135382078901, "8350062.02": -0.649657293511496, "8350052.02": -0.3094082387572595, "8350006.01": -0.41429229702407294, "8350070.0": -0.7512686495930015, "8350063.0": -0.8515240736349554, "8350067.02": -1.0511120682398163, "8350064.01": -0.31223569048850697, "8350069.0": -0.8516086397389343, "8350067.01": -1.1965977435267372, "8350079.13": 0.03802255213872602, "8350066.01": -0.921421659271561, "8350068.02": -1.1153409253359772, "8350160.04": 0.2878202359643029, "8350065.01": -0.5867292974634116, "8350068.01": -1.0643099991616956, "8350066.02": -0.7171085401913972, "8350078.24": -0.7340456603795725, "8350065.02": -0.39080390994421105, "8350078.23": -0.8202580644861834, "8350078.02": -0.6750902247606666, "8350075.01": -0.5847090334234661, "8350075.13": -0.3090134198670547, "8350076.01": -0.6660508054563641, "8350075.02": -0.9172905067040819, "8350077.01": -0.8926331298951222, "8350076.02": -0.8740635023827042, "8350140.17": -0.3785422896728112, "8350077.02": -0.7313942937359285, "8350140.1": -0.6849780533603018, "8350121.18": -0.05359509375748507, "8350078.06": -0.5142270052502893, "8350078.05": -0.27961686082837495,