{"8350150.01": -0.34380658014080256, "8350155.0": -1.7560094349706443, "8350104.02": -0.8507466595430062, "8350104.52": 1.1738661244559245, "8350104.5": 0.20423427074160272, "8350104.48": 0.4831235859605109, "8350104.47": 0.5635291910820618, "8350151.03": -0.7456785157425226, "8350104.56": -0.036048526578934835, "8350104.55": 0.8507065140057956, "8350104.62": 0.5840876846515007, "8350104.59": 2.684309789483211, "8350156.0": -0.7682138192528767, "8350104.53": 1.4126827658689827, "8350104.8": -0.30323497069429955, "8350104.79": -0.5179680643591014, "8350104.58": 2.2401716088154666, "8350104.61": -0.3383161542515816, "8350104.77": 0.050786812324900454, "8350104.32": 1.3933005900268913, "8350104.78": 0.039162450348856494, "8350104.65": -0.3968281977458583, "8350090.06": 0.3809788688851732, "8350104.49": 0.057048598285888014, "8350104.3": 2.270758938368767, "8350104.75": 5.596484657628852, "8350104.64": -0.061797170665489204, "8350090.05": 0.1983192567378629, "8350104.63": -0.23614260677270116, "8350090.13": 0.46957799767776615, "8350090.12": -0.02046150135220793, "8350104.76": 0.5005687775381911, "8350104.6": 0.5368898612367297, "8350090.09": 0.2629291405529919, "8350104.74": 0.44328761064875555, "8350090.16": 0.17944570467205392, "8350104.36": -0.3043212082154076, "8350090.08": 0.043403785167212904, "8350090.2": 0.24223987066680056, "8350104.72": -0.06351173656644679, "8350090.19": -0.1865403802671627, "8350001.07": -0.4004132754769125, "8350090.11": -0.11603069848505304, "8350090.15": -0.4356426877866737, "8350090.17": -0.11803629903198111, "8350104.25": -0.09682789666147819, "8350090.04": -0.6741399111734002, "8350104.73": 0.49156723570947924, "8350104.4": -0.20881732171210696, "8350104.69": 0.14572670920346062, "8350002.05": 0.2974764912196593, "8350090.03": 0.005412374711045976, "8350001.06": -0.7836130035649204, "8350104.46": 0.44260231435795344, "8350104.42": 0.23388016922024357, "8350104.45": -0.012056810339317799, "8350104.44": 0.28552303418412633, "8350104.41": 0.07585763366144033, "8350090.21": -0.2077976583184637, "8350104.2": -0.3302630523117434, "8350090.22": -0.7022704586581925, "8350104.71": -0.4503991565764247, "8350104.68": 0.34079949603544657, "8350090.02": -0.576363236595598, "8350002.04": -0.5329931753087915, "8350090.18": 5.844842541158308, "8350001.02": -0.4617680563579739, "8350079.1": -0.48569076907859543, "8350001.01": -0.0858890484260045, "8350104.67": 0.16159923158963638, "8350104.66": -0.3881144540148423, "8350090.01": -1.0565353572158669, "8350002.03": -0.3684323394412546, "8350104.7": 6.433292160349258, "8350001.03": -0.8622509665803284, "8350005.13": -0.12904329074963958, "8350005.11": -0.4333408511048655, "8350005.1": -0.3352634170174896, "8350002.01": -0.7983782620821029, "8350004.02": -0.789086362875695, "8350160.01": -0.7732135638693381, "8350001.04": -0.12477032239148426, "8350005.12": -0.24698766043775988, "8350001.05": -0.6086771643487867, "8350002.02": -0.587556100327501, "8350006.2": 0.08945326319102535, "8350005.09": -0.8816212064140654, "8350005.08": -0.6452176045731365, "8350003.0": -0.37705744049738366, "8350104.1": 0.38430442802752823, "8350018.0": -0.21682081061386516, "8350005.07": -0.5035253847551726, "8350012.02": -0.34299637020571416, "8350016.02": -0.6229870214916681, "8350019.01": -0.8661291983248182, "8350006.19": -0.03973703447916985, "8350015.02": -0.2996437248466482, "8350012.01": 0.027222774933643577, "8350004.01": -0.4760722144356692, "8350019.02": -0.5615640896125522, "8350017.0": -0.06349431229252703, "8350104.17": -0.8908367982888918, "8350037.0": -0.46626219640888406, "8350038.0": -0.5690274422962737, "8350041.0": -0.52558557760187, "8350040.0": -0.9117782463339938, "8350042.01": 0.15763343091454401, "8350005.01": -0.6128536349063799, "8350014.0": -0.13537623282886369, "8350079.09": -0.35268223127433185, "8350005.02": -0.5776095097550926, "8350011.0": -0.1205898433174299, "8350013.0": -0.10530578213137137, "8350010.0": -0.29609138042343297, "8350006.18": 0.14464604821869761, "8350020.0": -0.18441205390723633, "8350007.02": -0.7708825212952042, "8350036.0": -0.14462437620955432, "8350006.17": -0.06651316999979229, "8350021.0": -0.3185485209887402, "8350022.0": -0.2251056001312033, "8350008.01": -0.31446149861623307, "8350079.08": -0.2705277525368651, "8350035.0": -0.24361604122921696, "8350006.06": -0.005056928233547425, "8350009.0": -0.8205080019794243, "8350079.07": 0.20851012006125963, "8350006.09": -0.06735954704307494, "8350033.02": -0.1622738841205015, "8350008.02": -0.3312077006347689, "8350023.0": -0.21824042619291945, "8350006.04": 0.2395609758941986, "8350034.01": -0.3730571440750998, "8350160.03": -0.06538561843556763, "8350039.0": -0.6006609764619228, "8350007.01": -0.6633452768171572, "8350079.19": -0.5110161592050081, "8350006.08": -0.17433706357824236, "8350034.03": -0.5304318054047615, "8350032.02": 0.0320137728094347, "8350079.2": 0.24216710818325285, "8350033.01": -0.18843094652000428, "8350034.02": -0.9422091759505269, "8350006.03": -0.09320255252147226, "8350024.01": -0.18628879684933736, "8350079.18": 0.036315883312662035, "8350030.0": 0.09808590720714257, "8350025.0": -0.5142465094192123, "8350026.02": -0.21728601106664205, "8350032.01": 0.4434619178257935, "8350026.01": -0.34975273323731265, "8350024.02": 0.006749431977676945, "8350006.05": -0.2939719917940259, "8350006.16": 0.021654280371236092, "8350045.0": -0.41389801171745755, "8350044.0": -0.9069852678429412, "8350046.0": -0.4967383458049388, "8350042.02": 0.0988477447784659, "8350043.0": -0.19283397252408818, "8350058.0": -0.006648215557519343, "8350075.08": -0.03674929924288433, "8350057.0": -0.17566836717944326, "8350059.0": -0.4440397499154844, "8350075.05": 0.2337550085737992, "8350075.09": 0.7167870381738701, "8350060.01": -0.13814518315780566, "8350031.0": 0.3279997857829687, "8350006.15": -0.34504092067613024, "8350027.0": -0.6706005935073539, "8350029.0": -0.12472816304246657, "8350047.0": 0.000982108225988238, "8350079.17": -0.31454358678394323, "8350056.0": -0.32586298067613784, "8350079.16": -0.13636091345655396, "8350006.14": -0.04811009406933285, "8350055.0": -0.5788605944482177, "8350048.0": 0.1721341080578057, "8350054.03": -0.543646530492083, "8350006.13": -0.8504216744609429, "8350028.0": -0.36753478230355613, "8350054.01": 0.5551932748129264, "8350049.0": 0.20261770779044666, "8350079.15": -0.1467553888270255, "8350050.0": 0.1539519085053956, "8350060.02": -0.3384568235932266, "8350075.07": 0.060833411405968964, "8350075.04": 0.48396088432735584, "8350071.0": -0.2708753283676909, "8350073.0": -0.22005192022433911, "8350075.1": -0.03464084823840175, "8350075.12": 0.02479851176277987, "8350072.0": -0.2772814033414244, "8350075.03": 0.2766772425183209, "8350075.14": 0.8032664772489381, "8350053.0": -0.3063615196401565, "8350061.0": -0.45465746184435984, "8350051.01": 0.6808743536697235, "8350079.14": -0.04807092408873501, "8350062.02": -0.47230896800910893, "8350052.02": -0.06511235019708325, "8350006.01": -0.38065257506179956, "8350070.0": -0.37605241174367765, "8350063.0": -0.3825393900175189, "8350067.02": -0.47228125959203043, "8350064.01": 0.21597075261865806, "8350069.0": -0.19290421781064448, "8350067.01": -0.5924365561914587, "8350079.13": -0.27985398398552, "8350066.01": -0.6656638029098053, "8350068.02": -0.2868093250226421, "8350160.04": 0.021407765656513023, "8350065.01": -0.6367580523884796, "8350068.01": -0.552443337608616, "8350066.02": -0.4061116718444529, "8350078.24": 0.12244190868062572, "8350065.02": -0.5673748715082568, "8350078.23": -0.06091997560312817, "8350078.02": -0.2057902082427605, "8350075.01": 0.12529313824484295, "8350075.13": 0.8088077162224655, "8350076.01": 0.20409122166330676, "8350075.02": 0.11029495108736781, "8350077.01": 0.13401922005879713, "8350076.02": 0.22096519916108262, "8350140.17": 0.6311179922950896, "8350077.02": 0.1551731445791161, "8350140.1": 0.6635746092592617, "8350121.18": -0.15076191456556914, "8350078.06": 0.04884465872386595,