{"8350150.01": 0.6488283114309737, "8350155.0": -0.7775961661477733, "8350104.02": -0.4130109314718597, "8350104.52": -1.174563349503855, "8350104.5": -0.771087844164342, "8350104.48": -0.6704803150681646, "8350104.47": -0.971012574967845, "8350151.03": -0.7086576353285364, "8350104.56": -0.4464139718947341, "8350104.55": -1.8753756212421107, "8350104.62": -1.1566029620355238, "8350104.59": -2.8732347375841365, "8350156.0": 0.5527854178472805, "8350104.53": -2.8229311612032784, "8350104.8": -0.3904045290263811, "8350104.79": -0.03037294297132855, "8350104.58": -2.576704841275645, "8350104.61": -0.4650581800669563, "8350104.77": 0.2715979308302668, "8350104.32": -2.1611572373327723, "8350104.78": 0.1843173405185591, "8350104.65": 0.5648180714603751, "8350090.06": -1.357841230380729, "8350104.49": -1.34674104797469, "8350104.3": -2.4642815028037632, "8350104.75": 2.403071606759199, "8350104.64": 0.4299552566890828, "8350090.05": -1.1759794571335878, "8350104.63": 0.9925929725244828, "8350090.13": -0.8967408805395207, "8350090.12": -0.7333241474210684, "8350104.76": 1.4105828507940714, "8350104.6": -0.5561840360809921, "8350090.09": -0.9654387576535486, "8350104.74": 0.6350947264343064, "8350090.16": -0.5647793212408067, "8350104.36": 0.8504879294728095, "8350090.08": -1.0854494998256343, "8350090.2": -0.26981820842825155, "8350104.72": 0.4811132700800724, "8350090.19": 0.13577895742732382, "8350001.07": -0.5392291246530537, "8350090.11": -0.29404294779376877, "8350090.15": 0.752610059488578, "8350090.17": 0.6442053539407877, "8350104.25": 0.29362756812000623, "8350090.04": 0.4321148149549886, "8350104.73": 0.40073445248428013, "8350104.4": 0.7915909859252241, "8350104.69": 0.6755440181485032, "8350002.05": 0.2858366441933296, "8350090.03": 0.8111054116055867, "8350001.06": 0.14891554943956928, "8350104.46": -0.625198111285841, "8350104.42": -1.017281298458285, "8350104.45": -0.5532804571666922, "8350104.44": -0.26766398781263834, "8350104.41": -1.0564121437287577, "8350090.21": 0.6204112207645028, "8350104.2": 0.06170192247368109, "8350090.22": 1.02109311146158, "8350104.71": 1.5395977488709325, "8350104.68": 0.3560492462642506, "8350090.02": 0.634244218155275, "8350002.04": 0.8064696473951709, "8350090.18": 2.960799247267219, "8350001.02": 0.11511854339748373, "8350079.1": 0.925525164440328, "8350001.01": -0.30315275655318935, "8350104.67": 0.1071784956611014, "8350104.66": -0.11979895484873103, "8350090.01": 1.2361949549625633, "8350002.03": 1.2289990359103502, "8350104.7": 2.432134607073283, "8350001.03": 0.31784980149781883, "8350005.13": -0.04750132161682715, "8350005.11": 1.2134691776257125, "8350005.1": 0.3824639291209426, "8350002.01": 1.3286778467766067, "8350004.02": 2.069744615434508, "8350160.01": 1.1395465035725267, "8350001.04": 0.18376811754362424, "8350005.12": -0.0075686287433495555, "8350001.05": -0.1869509692811969, "8350002.02": 0.909973120387141, "8350006.2": 0.7218118420752805, "8350005.09": 0.9887335520947773, "8350005.08": 0.560521795514634, "8350003.0": 0.23480894218190623, "8350104.1": -1.1089525005377623, "8350018.0": -0.2556171467574379, "8350005.07": 0.9385225236421962, "8350012.02": -0.12952480888649628, "8350016.02": -0.1707395879319161, "8350019.01": -0.19942547385615914, "8350006.19": 0.250067666801356, "8350015.02": -0.15203072907937826, "8350012.01": -0.15864848634042678, "8350004.01": 0.3088555962029783, "8350019.02": -0.6768002127470024, "8350017.0": -0.6129289178163816, "8350104.17": 1.3831169499430473, "8350037.0": -0.35301920183405255, "8350038.0": 0.2824280634077387, "8350041.0": 0.6918945432161426, "8350040.0": 1.2366987987748688, "8350042.01": 1.163671133792336, "8350005.01": 0.34767975077377905, "8350014.0": 0.36235328843240205, "8350079.09": -0.9351445114186603, "8350005.02": 0.8757284360220482, "8350011.0": 0.5697103858054974, "8350013.0": 0.9362651669580936, "8350010.0": -0.07683857373445954, "8350006.18": 0.7291093948763178, "8350020.0": 0.06353755154281343, "8350007.02": 1.6175147085924388, "8350036.0": 0.2332308312852035, "8350006.17": 0.19616359582682502, "8350021.0": 0.8950681056240867, "8350022.0": 1.5875584639279574, "8350008.01": 0.20420706329943356, "8350079.08": -0.6210909947034505, "8350035.0": 0.45899586854941005, "8350006.06": 0.7645811598569968, "8350009.0": 0.7218282855310271, "8350079.07": -0.3138440173552988, "8350006.09": -0.0026315771770184983, "8350033.02": 1.2750654733755356, "8350008.02": -0.1452225665246476, "8350023.0": 1.1435039301312009, "8350006.04": 0.2593702244770277, "8350034.01": 0.6734944387830664, "8350160.03": 0.7777256207900541, "8350039.0": 1.3542878614752534, "8350007.01": 0.1451928265998666, "8350079.19": 0.5812507967353787, "8350006.08": 0.1789512281681848, "8350034.03": 1.2790105050221008, "8350032.02": 1.2557074968665893, "8350079.2": 0.38696187594197645, "8350033.01": 0.7134740371946826, "8350034.02": 1.0973571065823204, "8350006.03": -0.23454246625777106, "8350024.01": 0.8358790743449281, "8350079.18": 0.5813789453646557, "8350030.0": 1.6220566048817475, "8350025.0": 0.2518934672578089, "8350026.02": -0.3369178252833126, "8350032.01": 0.9489348855519499, "8350026.01": -0.6835241502476094, "8350024.02": 1.0113359888635551, "8350006.05": 0.6872392189364126, "8350006.16": -0.5064208337342018, "8350045.0": 0.6794895071030098, "8350044.0": 1.309467016401932, "8350046.0": 0.3736047910833797, "8350042.02": 0.7779422204396129, "8350043.0": 1.5562416882710666, "8350058.0": 0.7865167640801919, "8350075.08": 1.0179596061462208, "8350057.0": 1.085614891289616, "8350059.0": 0.8888019088441435, "8350075.05": 0.21092462704099949, "8350075.09": -0.08810058154070452, "8350060.01": 0.302359153312317, "8350031.0": 0.8444960516240649, "8350006.15": 0.5273490953285657, "8350027.0": -0.1414591059404413, "8350029.0": 0.9781333723073874, "8350047.0": 0.6437947555278765, "8350079.17": 1.966757395487603, "8350056.0": 0.839559223350497, "8350079.16": 0.9015923163944237, "8350006.14": -0.742679117919681, "8350055.0": 0.5796139704294696, "8350048.0": 0.3168765166307517, "8350054.03": 0.2107254155529288, "8350006.13": 0.40393733059697035, "8350028.0": -0.6744971469085725, "8350054.01": -0.18103498926286238, "8350049.0": 0.03992626580072878, "8350079.15": 1.268943218758612, "8350050.0": -0.29194918816007, "8350060.02": 0.10910002765472511, "8350075.07": 0.11899552926260601, "8350075.04": -0.33611979523020846, "8350071.0": -0.23185210589335412, "8350073.0": -0.5890516417893503, "8350075.1": 0.4985853423325785, "8350075.12": -0.765974122418384, "8350072.0": -0.831455942970512, "8350075.03": -1.2794626088079466, "8350075.14": -0.7926193812556246, "8350053.0": -0.21322766727004944, "8350061.0": -0.09026959630091459, "8350051.01": -1.0991997501205637, "8350079.14": 0.4968071649258137, "8350062.02": -0.4406876008691047, "8350052.02": -0.4718353064905919, "8350006.01": -0.23482403115012213, "8350070.0": -0.7636151669952261, "8350063.0": -1.041336250596661, "8350067.02": -1.281406972551929, "8350064.01": -0.6674215920841777, "8350069.0": -1.3277764861017045, "8350067.01": -1.426773204407599, "8350079.13": 0.335444200271624, "8350066.01": -0.8978336717330373, "8350068.02": -1.7826229206642117, "8350160.04": 0.5820674747036604, "8350065.01": -0.20623092694961118, "8350068.01": -1.3018297318553045, "8350066.02": -0.7693882246995126, "8350078.24": -1.5821257018187325, "8350065.02": 0.1167252539974653, "8350078.23": -1.5657736826068338, "8350078.02": -0.9984590265254709, "8350075.01": -1.3152651456724196, "8350075.13": -1.5252843821572177, "8350076.01": -1.5080442460801484, "8350075.02": -1.8455681717844121, "8350077.01": -1.8929416914808113, "8350076.02": -2.0088367267915648, "8350140.17": -1.3458559549204452, "8350077.02": -1.6831139307671001, "8350140.1": -1.9537968345973855, "8350121.18": 0.1667497102098592, "8350078.06": -1.0996603636695044, "8350078.05": -0.8343737811371091, "8350079.12": 0.9436038963424906, "8350121.17": -0.15809092320186816, "8350079.11": 2.684478166226455,