{"8350150.01": -0.13916220191933548, "8350155.0": -0.9880362772096564, "8350104.02": -0.35976156004811893, "8350104.52": 2.464910233183216, "8350104.5": 1.7521435416351918, "8350104.48": 2.30157011627395, "8350104.47": 2.465688919334356, "8350151.03": 0.012166808856857269, "8350104.56": 0.47293620535129544, "8350104.55": 2.094978230932039, "8350104.62": 0.8958643898653275, "8350104.59": 4.129135614368165, "8350156.0": -0.48553389649442574, "8350104.53": 2.6170666259585262, "8350104.8": 0.002402069104691079, "8350104.79": -0.2883595134425428, "8350104.58": 3.5760294424146633, "8350104.61": -0.12091938472768805, "8350104.77": 0.10336040147408991, "8350104.32": 2.4998447460445425, "8350104.78": 0.09457122491885556, "8350104.65": -0.43054434195252744, "8350090.06": 1.5223828515960653, "8350104.49": 1.3441605248853328, "8350104.3": 3.4240661048719145, "8350104.75": 0.7153707004415044, "8350104.64": -0.18782065599352274, "8350090.05": 1.0099404820995657, "8350104.63": -0.5225039686569439, "8350090.13": 1.6179602766155128, "8350090.12": 0.42481457654382754, "8350104.76": 0.14641195621041161, "8350104.6": 0.4000322015129649, "8350090.09": 0.7862799024276579, "8350104.74": 0.2127016052385001, "8350090.16": 0.4798389916533971, "8350104.36": -0.4651557296162866, "8350090.08": 0.49393633301478124, "8350090.2": 1.2905048691103984, "8350104.72": 0.031187846429677875, "8350090.19": 0.04918107192653745, "8350001.07": -0.3750979671557861, "8350090.11": 0.024339779943467126, "8350090.15": -0.24578588420562297, "8350090.17": 0.24049990807823488, "8350104.25": -0.25563482839225515, "8350090.04": -0.49213422837748383, "8350104.73": 0.40123349572441225, "8350104.4": -0.40730771082789063, "8350104.69": -0.04956486577755054, "8350002.05": -0.04053439115610575, "8350090.03": -0.07343088158859304, "8350001.06": -0.777868130028475, "8350104.46": 1.7553741886110623, "8350104.42": 0.8818501606559231, "8350104.45": 1.3021565792301015, "8350104.44": 1.3539508279361034, "8350104.41": 1.081736449803029, "8350090.21": 0.6257665433520564, "8350104.2": 0.4849886905172972, "8350090.22": -0.5594833487828023, "8350104.71": -0.8009392051601715, "8350104.68": 0.3328663463731404, "8350090.02": -0.3304562207634606, "8350002.04": -0.919873981914699, "8350090.18": 0.8263819265365446, "8350001.02": -0.6087458117328233, "8350079.1": -0.3363282724726164, "8350001.01": -0.10170717138062355, "8350104.67": 0.31956545002226777, "8350104.66": -0.19324934834184745, "8350090.01": -1.0359787624622976, "8350002.03": -0.9195706700508423, "8350104.7": 1.3076695324427803, "8350001.03": -0.8440264633760682, "8350005.13": -0.08483249581978415, "8350005.11": -0.6043098891128007, "8350005.1": -0.24702845703529244, "8350002.01": -1.044374594313519, "8350004.02": -1.2243772253857237, "8350160.01": -0.8382518762164747, "8350001.04": -0.5563319171090585, "8350005.12": -0.15583133844973834, "8350001.05": -0.7027937735723395, "8350002.02": -1.0516656216574998, "8350006.2": 0.1936682839839223, "8350005.09": -0.9025355369677176, "8350005.08": -0.6753286674480732, "8350003.0": -0.6620341049712007, "8350104.1": 1.085572542646328, "8350018.0": -0.20835285555655841, "8350005.07": -0.6498458159474163, "8350012.02": -0.9029730240853175, "8350016.02": -1.0438455451259883, "8350019.01": -1.0172223599477643, "8350006.19": 0.08312931413650336, "8350015.02": -0.9673571402883124, "8350012.01": -0.7127662545077689, "8350004.01": -0.5959493121827296, "8350019.02": -0.7425074338015412, "8350017.0": -0.8035470500292456, "8350104.17": -1.1511444916641742, "8350037.0": -0.8005326513376246, "8350038.0": -0.9377483267700601, "8350041.0": -0.9199616902469951, "8350040.0": -1.4391993810306993, "8350042.01": -0.5527065673331644, "8350005.01": -0.7275705211897131, "8350014.0": -1.2018657453074997, "8350079.09": 0.4020249024148016, "8350005.02": -0.7949332804503519, "8350011.0": -1.0681505421414026, "8350013.0": -1.3382826648222677, "8350010.0": -0.7235314516841184, "8350006.18": -0.1833213242977066, "8350020.0": -1.0597541560478065, "8350007.02": -1.1745730077390084, "8350036.0": -0.9214928615952195, "8350006.17": -0.008088673055322688, "8350021.0": -1.573684501268907, "8350022.0": -1.838339313511347, "8350008.01": -0.48107893739018937, "8350079.08": 0.31592568890648187, "8350035.0": -1.2431523799478374, "8350006.06": -0.21566032991537346, "8350009.0": -1.0345136429061972, "8350079.07": 0.5286765334187479, "8350006.09": -0.13533451679868583, "8350033.02": -1.9354913440497588, "8350008.02": -0.40163222277785543, "8350023.0": -1.3987371727749458, "8350006.04": 0.12540473184201065, "8350034.01": -1.5834484617934643, "8350160.03": 0.08756672528198782, "8350039.0": -1.5275574626737614, "8350007.01": -0.664336910824993, "8350079.19": -0.2745231659538413, "8350006.08": -0.23725039030310832, "8350034.03": -1.585108357901406, "8350032.02": -1.9908096818470713, "8350079.2": 0.29237495891152243, "8350033.01": -1.5726772588407563, "8350034.02": -1.5415165661920966, "8350006.03": 0.03524864708508918, "8350024.01": -0.8554880460506019, "8350079.18": 0.1799022308785055, "8350030.0": -1.7307385641339916, "8350025.0": -0.6733207088848284, "8350026.02": -0.24230767651328677, "8350032.01": -1.6881720704061285, "8350026.01": -0.27460116380325195, "8350024.02": -0.8356463277270765, "8350006.05": -0.3001724074110349, "8350006.16": 0.16720846890627744, "8350045.0": -1.2604791205561672, "8350044.0": -1.5245476742410224, "8350046.0": -1.363030135634278, "8350042.02": -0.46706093235655743, "8350043.0": -1.106821706499085, "8350058.0": -0.4163460617023114, "8350075.08": -0.06753619369214212, "8350057.0": -1.0211478613858174, "8350059.0": -0.8098489540118493, "8350075.05": 0.12877776104669342, "8350075.09": 0.5345687059396831, "8350060.01": -0.30649240974295816, "8350031.0": -1.1765681182289824, "8350006.15": -0.2559676427426164, "8350027.0": -0.7103668565549053, "8350029.0": -1.1259949209874671, "8350047.0": -1.3006972731136768, "8350079.17": -0.1905798238712544, "8350056.0": -0.8454000936176647, "8350079.16": 0.19954942010031493, "8350006.14": 0.0007322583977302463, "8350055.0": -0.9710401290361449, "8350048.0": -0.6579607017324742, "8350054.03": -0.8227291167984406, "8350006.13": -0.6530159801109106, "8350028.0": -0.3556592682508221, "8350054.01": -0.4516943044371958, "8350049.0": -0.430049277870583, "8350079.15": -0.2227533554393634, "8350050.0": -0.20799825676530684, "8350060.02": -0.29793516997494635, "8350075.07": 0.014854707457116242, "8350075.04": 0.6501766374195983, "8350071.0": -0.09635460573051241, "8350073.0": 0.006298657036158087, "8350075.1": -0.05017120749667731, "8350075.12": 0.47901099555183424, "8350072.0": 0.33303236025325145, "8350075.03": 0.6382101319827258, "8350075.14": 1.1930946977447972, "8350053.0": -0.5681052604696175, "8350061.0": -0.3895685426010761, "8350051.01": 0.3556982448791199, "8350079.14": -0.04553932927609783, "8350062.02": -0.1189373401693804, "8350052.02": -0.280091255508377, "8350006.01": -0.3565768499926992, "8350070.0": -0.054304703100219065, "8350063.0": -0.14342296933031531, "8350067.02": 0.08304179274541797, "8350064.01": 0.03520635159371729, "8350069.0": 0.45931687043776315, "8350067.01": 0.17916575077208174, "8350079.13": -0.02933094255694946, "8350066.01": -0.16008046623903074, "8350068.02": 0.5866131672168011, "8350160.04": 0.2413001566213663, "8350065.01": -0.27656751437328986, "8350068.01": 0.1769875081285822, "8350066.02": 0.2776422341854988, "8350078.24": 0.9731659321655256, "8350065.02": -0.09856715975165256, "8350078.23": 0.6913142454698803, "8350078.02": 0.47378576701158553, "8350075.01": 0.5608402223713729, "8350075.13": 1.475329993075515, "8350076.01": 0.940750066409405, "8350075.02": 1.2654399073626181, "8350077.01": 0.9717239596035421, "8350076.02": 1.22243137977091, "8350140.17": 1.6200445513967137, "8350077.02": 0.9833272407449652, "8350140.1": 1.9471481698809443, "8350121.18": 0.3775385587181434, "8350078.06": 0.8676164383499376, "8350078.05": 0.7908018120408976, "8350079.12": -0.9208198194270859,