{"8350150.01": -0.04160913993500465, "8350155.0": -2.968316541592844, "8350104.02": -1.7079503279554324, "8350104.52": 1.5528234798303164, "8350104.5": 0.16088154945295927, "8350104.48": 0.5648915355437365, "8350104.47": 0.5678794169728053, "8350151.03": -1.283288424606116, "8350104.56": 0.0010304202386178978, "8350104.55": 0.8449098908652753, "8350104.62": 0.469334800593704, "8350104.59": 3.4269937947218563, "8350156.0": -2.380084777106777, "8350104.53": 1.4715755472476688, "8350104.8": -0.47925803118255256, "8350104.79": -0.6311982491763167, "8350104.58": 2.9101427168814347, "8350104.61": -0.569466404581541, "8350104.77": 0.49738777951522445, "8350104.32": 1.4838830900457112, "8350104.78": 0.35266727858886837, "8350104.65": -0.1091548784802819, "8350090.06": 0.05182156294634467, "8350104.49": -0.3029587188626024, "8350104.3": 2.7937406674545984, "8350104.75": 3.586666208670942, "8350104.64": 0.23183076888596965, "8350090.05": -0.07921432199470894, "8350104.63": 0.3604937578726115, "8350090.13": 0.49248803846027994, "8350090.12": -0.3557170519314767, "8350104.76": 1.6165380899601847, "8350104.6": 0.7510004509747862, "8350090.09": 0.03945331930281255, "8350104.74": 1.341007126478575, "8350090.16": -0.08206992289918061, "8350104.36": 0.04361397103778452, "8350090.08": -0.10358947408470878, "8350090.2": 0.25290461342727755, "8350104.72": -0.14129896866075475, "8350090.19": -0.32566280341800885, "8350001.07": -0.505270930173857, "8350090.11": -0.14566257526148163, "8350090.15": -0.664763483983649, "8350090.17": 0.17046633660797797, "8350104.25": 0.08161377828484813, "8350090.04": -0.733382301385082, "8350104.73": 1.1423868088701477, "8350104.4": 0.4592430456823974, "8350104.69": 1.1206243830300562, "8350002.05": 0.7595534448888612, "8350090.03": -0.3211133169733349, "8350001.06": -0.5661451748472437, "8350104.46": 0.5396271180868227, "8350104.42": -0.2164272628988019, "8350104.45": -0.04739612789965526, "8350104.44": 0.6352368428235505, "8350104.41": -0.3218061024674356, "8350090.21": 0.09944595400012453, "8350104.2": -0.08537176213251599, "8350090.22": -0.22517845970727435, "8350104.71": 0.4232352896845698, "8350104.68": 0.7218110438475592, "8350090.02": -0.8086324837635908, "8350002.04": -0.036499624129517495, "8350090.18": 3.96525378799202, "8350001.02": -0.06986008034075664, "8350079.1": -0.49731613298470506, "8350104.67": -0.575228858902272, "8350104.66": 0.16945121787781997, "8350090.01": 0.3013548779409042, "8350002.03": -0.6031346495390838, "8350104.7": 4.343699314652895, "8350001.03": 0.6183934480695792, "8350005.13": -0.9540155151007276, "8350005.11": 0.3398343684764703, "8350005.1": 0.13910677593422702, "8350002.01": 0.3570882512749225, "8350004.02": -0.36180100558566064, "8350160.01": -0.601189928936312, "8350001.04": -0.7265361327650214, "8350005.12": -0.9095055324086393, "8350001.05": -0.48553417827489703, "8350002.02": -0.9388042735727584, "8350006.2": -0.7268710573223967, "8350005.09": 0.6458800066379815, "8350005.08": -0.4115230348129375, "8350003.0": -0.6179137051559171, "8350104.1": -0.6089846501946149, "8350018.0": 1.1222088788219202, "8350005.07": 0.04314266456485236, "8350012.02": -0.14666289994192325, "8350016.02": -0.6779736073086867, "8350019.01": -0.6506324062808849, "8350006.19": 0.27457033131596803, "8350015.02": -0.12195226720704855, "8350012.01": -0.2512682903863874, "8350004.01": -1.057970494561039, "8350019.02": -0.6121552490824466, "8350017.0": 0.14900033145298539, "8350104.17": -0.8430358542191644, "8350037.0": -0.057084688101333714, "8350038.0": -0.12016133745436855, "8350041.0": -0.12932127521800652, "8350040.0": -0.40825564238799483, "8350042.01": 0.6391733778568356, "8350005.01": -0.6450671413279195, "8350014.0": 0.44773308649479343, "8350079.09": -0.5260995005786554, "8350005.02": -0.39290655686631853, "8350011.0": 0.08871233881534922, "8350013.0": 0.8728153416065438, "8350010.0": -0.5687767820091955, "8350006.18": 0.4819486063815718, "8350020.0": 0.17282825170271876, "8350007.02": -0.6121692392137273, "8350036.0": 0.11566122320961197, "8350006.17": 0.16805474172805698, "8350021.0": 0.5354714461511509, "8350022.0": 1.1241474998535679, "8350008.01": -0.4496875078043669, "8350079.08": -0.42173787023048775, "8350035.0": 0.2611302933409503, "8350006.06": 0.374845873760616, "8350009.0": -1.0069406945923862, "8350079.07": 0.37277315417522333, "8350006.09": -0.02033170074880047, "8350033.02": 1.1712204381829854, "8350008.02": -0.5765816564895784, "8350023.0": 0.7129888641163756, "8350006.04": 0.4650048383620177, "8350034.01": 0.28542863988796763, "8350160.03": 0.09623087812708263, "8350039.0": -0.22112656533288685, "8350007.01": -0.9426855865781842, "8350079.19": -0.4149262199384932, "8350006.08": -0.22517892106934634, "8350034.03": -0.22664943146890681, "8350032.02": 1.7157374189596208, "8350079.2": 0.7017846720398581, "8350033.01": 0.7549398253883941, "8350034.02": -0.9104571837489088, "8350006.03": -0.17165727240450598, "8350024.01": 0.1116194418147211, "8350079.18": 0.45729584685300007, "8350030.0": 1.5282914988539889, "8350025.0": -0.7319508066271379, "8350026.02": -0.4502758683422618, "8350032.01": 1.9751802015603925, "8350026.01": -0.8752764526886107, "8350024.02": 0.42942532399999916, "8350006.05": -0.07996624823312153, "8350006.16": -0.17539834050217168, "8350045.0": -0.20321831198531945, "8350044.0": -0.8638548829691317, "8350046.0": 0.0011908111581644249, "8350042.02": 0.37831103981729425, "8350043.0": 0.3212310999258879, "8350058.0": 0.08948537053624547, "8350075.08": -0.014652964617446316, "8350057.0": 0.05061299310960984, "8350059.0": -0.5586524898931239, "8350075.05": 0.0977365721133042, "8350075.09": 0.8402243605152102, "8350060.01": -0.3490071795225634, "8350031.0": 1.5494808403475218, "8350006.15": -0.2972531909838609, "8350027.0": -1.1100160398560193, "8350029.0": 0.5262313691523585, "8350047.0": 0.883880191190887, "8350079.17": 0.42958939329674034, "8350056.0": -0.2569488646852373, "8350079.16": 0.23472464018944486, "8350006.14": 0.04562328591522209, "8350055.0": -0.7267997875462678, "8350048.0": 0.6850216461980152, "8350054.03": -0.8454937787290374, "8350006.13": -0.7001074502399587, "8350028.0": -0.38513889247563005, "8350054.01": 1.0882863373194385, "8350049.0": 0.5333403595790817, "8350079.15": 0.9352397960497132, "8350050.0": 0.1560119397441, "8350060.02": -0.6591784123114758, "8350075.07": -0.09291736378935486, "8350075.04": 0.32968130522966677, "8350071.0": -0.8933400242933166, "8350073.0": -0.7852243137486691, "8350075.1": 0.03386606832987897, "8350075.12": -0.5095902815207387, "8350072.0": -1.1299752858169654, "8350075.03": -0.2964245419570461, "8350075.14": 0.8680944927140922, "8350053.0": -0.3483272149811693, "8350061.0": -0.9300311789630703, "8350051.01": 0.5737598878996089, "8350079.14": 0.2569573602857126, "8350062.02": -1.065138698854094, "8350052.02": -0.14014486497820527, "8350070.0": -1.1259289230147087, "8350063.0": -1.0160168657795225, "8350067.02": -1.4503475350354669, "8350064.01": -0.10539770483603113, "8350069.0": -1.1091461465854255, "8350067.01": -1.7081618332193362, "8350079.13": 0.44223403951584017, "8350066.01": -1.4862626924971238, "8350068.02": -1.408721074112836, "8350160.04": 0.379022172398429, "8350065.01": -1.1405073261014564, "8350068.01": -1.5717364894431995, "8350066.02": -1.0694175866172804, "8350078.24": -0.8340473044268145, "8350065.02": -0.9278696845703385, "8350078.23": -1.0300562650890013, "8350078.02": -0.8204755240593143, "8350075.01": -0.7180938197143182, "8350075.13": 0.6177395523944987, "8350076.01": -0.7774331632756257, "8350075.02": -0.732878924331274, "8350077.01": -0.9866812220232515, "8350076.02": -0.7929120064290359, "8350140.17": 0.48469244414331364, "8350077.02": -0.7170255261677863, "8350140.1": 0.1798508021955145, "8350121.18": -0.36337349836085137, "8350078.06": -0.5872554502920257, "8350078.05": -0.28707978756426317, "8350079.12": 0.6760235236189798, "8350121.17": -0.08976920226371585, "8350079.11": 3.934185006192705,