{"8350150.01": 0.7730849215893694, "8350155.0": -0.19754548438043895, "8350104.02": -0.7440389225474046, "8350104.52": 0.030869150083238397, "8350104.5": -0.3733024366504985, "8350104.48": -0.2347523075364498, "8350104.47": -0.3150732100083728, "8350151.03": 0.5826098596839832, "8350104.62": -0.09576597094054137, "8350104.59": -0.37761592787628373, "8350156.0": 0.9731049838270354, "8350104.53": -0.896067380422271, "8350104.8": -0.10237033535218644, "8350104.79": 0.046957550463451375, "8350104.58": -0.9091955096041271, "8350104.61": 0.12756872897099394, "8350104.77": 0.20745526587023963, "8350104.32": -0.7884009338601891, "8350104.78": 0.01474679763897539, "8350104.65": 0.43705617835086535, "8350090.06": -0.9456853179391607, "8350104.49": -0.7418567873480789, "8350104.3": -0.8863574318122153, "8350104.75": 1.2943306669651131, "8350104.64": 0.47972467679105374, "8350090.05": -0.795792502096035, "8350104.63": 0.31078234083182016, "8350090.13": -0.7249780049231968, "8350090.12": -0.8446207150367484, "8350104.76": 1.1785134081182498, "8350104.6": 0.2686233764138407, "8350090.09": -0.8655268184981592, "8350104.74": 0.8198452370315725, "8350090.16": -0.7471826133460124, "8350104.36": 1.0930914958589775, "8350090.08": -1.0190323211212484, "8350090.2": -0.5938445090500091, "8350104.72": 1.0245719858072802, "8350090.19": -0.6861051771065138, "8350001.07": -0.008336385211635832, "8350090.11": -0.82202986068127, "8350090.15": -0.41881416041141406, "8350090.17": 0.0411288516716905, "8350104.25": 0.6620274744202416, "8350090.04": -0.8453773098418859, "8350104.73": 1.3893510948894745, "8350104.4": 1.343153580018851, "8350104.69": 1.442965688870879, "8350002.05": 1.3628590013718744, "8350090.03": -0.47101402409965465, "8350001.06": -0.2324097527717655, "8350104.46": -0.35729386488569953, "8350104.42": 0.36081052320796425, "8350104.45": -0.18175368340474005, "8350104.44": -0.05554506950782, "8350104.41": -0.64748123807212, "8350090.21": 0.28244319984615557, "8350104.2": -0.13043887040251304, "8350090.22": 0.04016882940339772, "8350104.71": 1.6923712168902025, "8350104.68": 1.3644700003065782, "8350090.02": -0.7250796711772124, "8350002.04": 0.6178889892873914, "8350090.18": 0.7118574327715389, "8350001.02": -0.08346862310692721, "8350079.1": 0.9743239978308865, "8350104.67": 1.5434257487637848, "8350104.66": 1.188316643830828, "8350090.01": -0.3639205194810192, "8350002.03": 0.8924552926955076, "8350104.7": 2.3343180714552085, "8350001.03": -0.24820989511943634, "8350005.13": 1.502133431699296, "8350005.11": 2.307653512435803, "8350005.1": 1.8302933813212374, "8350002.01": 0.760024774720222, "8350004.02": 1.5700278671380798, "8350160.01": 0.5309708237026143, "8350001.04": -0.17489919194838796, "8350005.12": 1.9560683002959602, "8350001.05": -0.30305707125079884, "8350002.02": 0.8800093324326195, "8350006.2": 1.5950976987000371, "8350005.09": 2.1477542475424016, "8350005.08": 2.130680290558489, "8350003.0": 1.0283168141425196, "8350104.1": 0.2740898029420873, "8350005.07": 2.392146319503518, "8350012.02": -0.4167049791291636, "8350016.02": -0.3549374007685588, "8350019.01": -0.3108152591459052, "8350006.19": 2.001756330298682, "8350015.02": -0.23953739663101434, "8350012.01": -0.427007007472913, "8350004.01": 1.9083578051830423, "8350019.02": -0.3093531422873254, "8350017.0": -0.16861913631830183, "8350104.17": -0.3626134517857083, "8350037.0": -0.11723674316159742, "8350038.0": 0.41613634626963353, "8350041.0": 0.1710059704827876, "8350040.0": 0.5161733258132388, "8350042.01": 0.29910368911664303, "8350005.01": 2.427373881045112, "8350014.0": -0.033679185465503685, "8350079.09": 0.05810650938151364, "8350005.02": 3.084921153288492, "8350011.0": 1.0697110559750629, "8350013.0": 0.5432926199558394, "8350010.0": 1.3741976990683393, "8350006.18": 1.9000807099277655, "8350020.0": 0.32173833263644114, "8350007.02": 1.052485224861959, "8350036.0": 0.4259937942174266, "8350006.17": 0.6260077381346507, "8350021.0": 0.3230473337065164, "8350022.0": 0.8373313283723975, "8350008.01": 1.3881920293497922, "8350079.08": 0.42358131636767354, "8350035.0": 0.5549982990993354, "8350006.06": 1.2406894196183524, "8350009.0": 1.4618053393053032, "8350079.07": 0.18823468384431324, "8350006.09": -0.04584224446975287, "8350033.02": 0.7667104808239747, "8350008.02": 1.1707402587594962, "8350023.0": 1.7130555319259622, "8350006.04": 0.08268175710883859, "8350034.01": -0.10062425982733178, "8350160.03": 0.9681502935879608, "8350039.0": 0.6898020430120005, "8350007.01": 0.05142068019808028, "8350079.19": 0.3773313549652027, "8350006.08": -0.8521452930978656, "8350034.03": 0.343496190290599, "8350032.02": 0.42729254957243085, "8350079.2": 0.3949596262699501, "8350033.01": -0.5496022764588174, "8350034.02": -0.15339993378391417, "8350006.03": -0.19323023725274538, "8350024.01": 1.696060191158765, "8350079.18": 0.28876514430969225, "8350030.0": 1.0643674123745128, "8350025.0": 1.0054030700077627, "8350026.02": -0.909013920029127, "8350032.01": -0.10802281107154309, "8350026.01": -1.0718908758144001, "8350024.02": 0.711903361504313, "8350006.05": -0.1939001763719387, "8350006.16": -0.9224297337915742, "8350045.0": -0.5981275632037539, "8350044.0": 0.027674222268944074, "8350046.0": -0.5985941368300828, "8350042.02": 0.10064105265064788, "8350043.0": 0.29617090132962964, "8350058.0": -0.2495151100622215, "8350075.08": -0.3005357218812823, "8350057.0": -0.48147284121879275, "8350059.0": -0.4150430688101107, "8350075.05": -0.8792084539396526, "8350075.09": -0.8564673278929694, "8350060.01": -0.8842105322505351, "8350031.0": 0.7540483952181677, "8350006.15": -0.36038313266231753, "8350027.0": 0.009765383427389923, "8350029.0": 1.0955764933945669, "8350047.0": -0.17289870858347722, "8350079.17": 0.7342094005888617, "8350056.0": -0.7172008704943414, "8350079.16": 0.5912751723688606, "8350006.14": -1.0944490892594836, "8350055.0": -1.1221648974912009, "8350048.0": -0.11696744321419088, "8350054.03": -1.344618662191437, "8350006.13": -0.4028995280191658, "8350028.0": 0.13905275063802908, "8350054.01": -0.7244711738222008, "8350049.0": 0.07752506819009695, "8350079.15": 0.10199126176041626, "8350050.0": 0.1226035527495226, "8350060.02": -1.1891277256698327, "8350075.07": -0.8825519108641257, "8350075.04": -1.0214004819433071, "8350071.0": -1.2507666493915466, "8350073.0": -1.2877153043804692, "8350075.1": -0.28676457485315743, "8350075.12": -0.9738208574992957, "8350072.0": -1.3803766592600897, "8350075.03": -1.2961059682541727, "8350075.14": -0.7086250363784433, "8350053.0": -0.36099290503634834, "8350061.0": -1.2852122361941583, "8350051.01": -1.4505750957455847, "8350079.14": 0.5100875428775721, "8350062.02": -1.287389761568973, "8350052.02": -0.1342982325490352, "8350070.0": -1.4682330750111825, "8350063.0": -1.2038984243082842, "8350067.02": -1.68182804425207, "8350064.01": -1.1413490710675191, "8350069.0": -1.3135471607579412, "8350067.01": -1.472972737257393, "8350079.13": 0.8736768203128624, "8350066.01": -1.2646482490766973, "8350068.02": -1.3967237486857302, "8350160.04": 0.1337742450125547, "8350065.01": -0.8784658680047035, "8350068.01": -1.2328448650328414, "8350066.02": -1.0565878154654968, "8350078.24": -1.074136117204753, "8350065.02": -0.6505050970855838, "8350078.23": -1.2667008653082983, "8350078.02": -0.8432851452558318, "8350075.01": -1.328967269225935, "8350075.13": -0.9967093189352432, "8350076.01": -1.423286235889062, "8350075.02": -1.0389150689746418, "8350077.01": -1.4692922333278169, "8350076.02": -1.2278127881811738, "8350140.17": -0.5368552983366669, "8350077.02": -0.9326204545698887, "8350140.1": -0.6654560626308473, "8350121.18": -0.4628453406605185, "8350078.06": -0.5882681409345314, "8350078.05": -0.752785176724901, "8350121.17": -0.45492964624963594, "8350079.11": 1.2971621103428963, "8350078.09": -0.5902343549414573, "8350078.03": -0.49719551802647094, "8350078.08": -0.33354367748345387, "8350121.15": -0.5487070215964742, "8350078.07": -0.013833535146245104,