{"8350150.01": -1.3378995017514796, "8350155.0": -1.0178576567652455, "8350104.02": 0.18412223217180027, "8350104.52": -0.01705106445055789, "8350104.5": -0.028863563592345064, "8350104.48": 0.2232013696338051, "8350104.47": 0.2920034295851915, "8350151.03": -0.8378997450041882, "8350104.62": -0.6962287247469786, "8350104.59": -0.3893457771987771, "8350156.0": -1.312461200772904, "8350104.53": -0.304847936863935, "8350104.8": -0.7852952311469694, "8350104.79": -0.9918237830965364, "8350104.58": -0.15399952648036014, "8350104.61": -0.8011935637355904, "8350104.77": -1.0354250458079488, "8350104.32": 0.16561273485319475, "8350104.78": -0.8248621910909003, "8350104.65": -1.1145690510933937, "8350090.06": 0.6685729647716433, "8350104.49": 0.43505395629913607, "8350104.3": 0.3675187942780575, "8350104.75": -1.9828251048096863, "8350104.64": -0.9131535379969837, "8350090.05": 0.41077799905217405, "8350104.63": -1.0769439223868356, "8350090.13": 0.7861483755992992, "8350090.12": 0.9930590673174643, "8350104.76": -1.3628242320554982, "8350104.6": -0.6670224804592317, "8350090.09": 0.7091870042101137, "8350104.74": -1.3113708438637472, "8350090.16": 0.9556013671772913, "8350104.36": -1.1966810996235115, "8350090.08": 0.7417081871787208, "8350090.2": 0.6695561083613983, "8350104.72": -1.386240213013048, "8350090.19": 0.9601081879910733, "8350001.07": -0.09151835230669356, "8350090.11": 0.9703844709868494, "8350090.15": 0.7416910484783431, "8350090.17": 0.3048227317746752, "8350104.25": -0.7390315021962536, "8350090.04": 1.4299691017239775, "8350104.73": -1.4610028971720324, "8350104.4": -1.26984113536676, "8350104.69": -1.4440766193635852, "8350002.05": -0.8808037775624815, "8350090.03": 0.9350384561922915, "8350001.06": -0.025148862513238633, "8350104.46": 0.39149954530505526, "8350104.42": 0.04155425142608108, "8350104.45": 0.05220099668510031, "8350104.44": 0.031350924189175094, "8350104.41": 0.42769047415152484, "8350090.21": 0.0115900597482923, "8350104.2": 0.34097564915989076, "8350090.22": 0.09701362702936729, "8350104.71": -1.7140298459004109, "8350104.68": -1.4904079584061019, "8350090.02": 1.3011210571885956, "8350002.04": -0.43397686696115406, "8350090.18": 0.03936692099359595, "8350001.02": -0.13529483280778015, "8350079.1": -0.7828752797982156, "8350104.67": -1.3356515913069407, "8350104.66": -1.1288057834348626, "8350090.01": 1.0111775829246037, "8350002.03": -0.6330873590393655, "8350104.7": -2.118853225095986, "8350001.03": 0.08177833658599015, "8350005.13": -1.3297461553800525, "8350005.11": -1.4870923224662298, "8350005.1": -1.401363345315893, "8350002.01": -0.3891296593507064, "8350004.02": -1.1125155537154618, "8350160.01": -0.32578960741920926, "8350001.04": -0.11395173217377512, "8350005.12": -1.4095956394499076, "8350001.05": 0.0010905724300991524, "8350002.02": -0.6519476583276295, "8350006.2": -1.435146064705505, "8350005.09": -1.3954075986397088, "8350005.08": -1.3661585159529095, "8350003.0": -0.6550229470425467, "8350104.1": -0.43273854104412346, "8350005.07": -1.4802726032738722, "8350012.02": -0.13700962301945757, "8350016.02": -0.44184657733075555, "8350019.01": -0.35351120470328634, "8350006.19": -1.4194683825754213, "8350015.02": -0.4085195156649716, "8350012.01": -0.21460840394542816, "8350004.01": -1.222952636654143, "8350019.02": -0.4020010798484793, "8350017.0": -0.4973453814808496, "8350104.17": 0.9054591422913999, "8350037.0": -0.1567017333944098, "8350038.0": -0.656993598503907, "8350041.0": -0.008066089752815947, "8350040.0": -0.42304597991676296, "8350042.01": -0.08064824765917084, "8350005.01": -1.5511333585803209, "8350014.0": -0.5319703750377432, "8350079.09": 0.12755054482191536, "8350005.02": -1.7765111273620855, "8350011.0": -1.0548068051073813, "8350013.0": -0.9305373057247834, "8350010.0": -1.2532784895536222, "8350006.18": -0.7171302468595715, "8350020.0": -0.6441919793857503, "8350007.02": -0.23023709282228041, "8350036.0": -0.5059262967318775, "8350006.17": -0.49471229678647477, "8350021.0": -0.8179736164337106, "8350022.0": -1.1610809192061589, "8350008.01": -0.8282046595867535, "8350079.08": -0.3311449725526118, "8350035.0": -0.8086030111651257, "8350006.06": -0.4924132038743998, "8350009.0": -1.0721249849454524, "8350079.07": -0.4799949589202523, "8350006.09": 0.10093969897730706, "8350033.02": -1.2759626154392614, "8350008.02": -0.5870861084141779, "8350023.0": -1.4809125570111838, "8350006.04": 0.4951232025307528, "8350034.01": 0.2684371245813455, "8350160.03": -1.1021600403273024, "8350039.0": -0.5111233253109028, "8350007.01": 0.2714723365205746, "8350079.19": -0.7987046770255628, "8350006.08": 0.9998931306816762, "8350034.03": 0.3836481114626539, "8350032.02": -1.2687786759874065, "8350079.2": -0.3690511346208118, "8350033.01": 0.4455462808541065, "8350034.02": 0.8692676936902745, "8350006.03": 0.48676023967699833, "8350024.01": -0.7675615750508576, "8350079.18": -0.18923922331653598, "8350030.0": -1.2878579151613003, "8350025.0": -0.4015245200882754, "8350026.02": 0.8138383905977945, "8350032.01": -0.2559836527776044, "8350026.01": 1.154661137316877, "8350024.02": -0.2971946230510465, "8350006.05": 0.310106283925521, "8350006.16": 0.9977878798991993, "8350045.0": 1.1053741925811589, "8350044.0": 0.8468598583172419, "8350046.0": 0.4632542411679463, "8350042.02": 0.15736101343680772, "8350043.0": 0.10259055558419412, "8350058.0": 0.6462133831865307, "8350075.08": 0.87933154729707, "8350057.0": 1.19140558922042, "8350059.0": 0.9922417636421175, "8350075.05": 1.2850333206843625, "8350075.09": 0.6985088087026332, "8350060.01": 1.6941977640385655, "8350031.0": -0.8592049725253301, "8350006.15": 0.5905764777554401, "8350027.0": 0.33177970865247103, "8350029.0": -0.510734872190422, "8350047.0": -0.08319193502904282, "8350079.17": -0.36380763218480977, "8350056.0": 1.4899072246316092, "8350079.16": -0.12929637453695506, "8350006.14": 1.2443818896946917, "8350055.0": 2.212910310606159, "8350048.0": 0.22603719384133725, "8350054.03": 2.481106748432718, "8350006.13": 0.487546733423938, "8350028.0": 0.3043150881101221, "8350054.01": 0.7914832771840369, "8350049.0": 0.3010001886478194, "8350079.15": 0.195092131502241, "8350050.0": 0.06651580935768124, "8350060.02": 1.9394141397732227, "8350075.07": 1.0730888620861454, "8350075.04": 1.0905286198907118, "8350071.0": 1.9987709071585924, "8350073.0": 1.6793113622861762, "8350075.1": 0.5098266613777314, "8350075.12": 1.0959351758636084, "8350072.0": 2.185195964462174, "8350075.03": 1.3372407572832257, "8350075.14": 0.36378194654081075, "8350053.0": 0.33435595095938325, "8350061.0": 2.030827003796469, "8350051.01": 2.0275202310207208, "8350079.14": -0.4461814216730795, "8350062.02": 1.67651168819124, "8350052.02": 0.047385777004882834, "8350070.0": 2.0165181673068098, "8350063.0": 1.1525689480789627, "8350067.02": 2.1229227015162664, "8350064.01": 1.4026310262104655, "8350069.0": 1.660225151227888, "8350067.01": 1.6518342356629216, "8350079.13": -1.1776577094523748, "8350066.01": 1.3698296252822184, "8350068.02": 1.4103881733142452, "8350160.04": 0.33735511959514164, "8350065.01": 1.166647126037815, "8350068.01": 1.3490974120831343, "8350066.02": 1.0292416461754488, "8350078.24": 1.3227660463041917, "8350065.02": 0.8498807655668443, "8350078.23": 1.2630439618917615, "8350078.02": 0.6864306670503018, "8350075.01": 1.6045244626316792, "8350075.13": 0.5624118326463988, "8350076.01": 1.838541781442472, "8350075.02": 1.0557667190425009, "8350077.01": 1.619808954641702, "8350076.02": 1.5702027163425036, "8350140.17": 0.09271949249990555, "8350077.02": 1.2668128698328625, "8350140.1": 0.16966024005705319, "8350121.18": 0.7205286095235823, "8350078.06": 0.4868835864862084, "8350078.05": 0.758559567744456, "8350121.17": 0.45871227850942026, "8350079.11": -0.8300275632412568, "8350078.09": 0.9677609088008673, "8350078.03": 0.5738673901353915, "8350078.08": 0.4430034633824431, "8350121.15": 0.2980372010128072, "8350078.07": 0.22456172993240117,