{"8350150.01": -0.3952102605215348, "8350155.0": -2.310353380777125, "8350104.02": -1.4666707930841314, "8350104.52": 1.6650703651441903, "8350104.5": 0.3159321940512412, "8350104.48": 0.7819956158694379, "8350104.47": 0.8358970985334937, "8350151.03": -1.0168226314612065, "8350104.56": -0.05703517087992403, "8350104.55": 1.1903943949323004, "8350104.62": 0.5728754980136378, "8350104.59": 3.6001253747603332, "8350156.0": -2.35598092169373, "8350104.53": 1.8412956287757485, "8350104.8": -0.3522441544055782, "8350104.79": -0.6240400255216164, "8350104.58": 2.978792148299458, "8350104.61": -0.430121290869451, "8350104.77": 0.1361356229360218, "8350104.32": 1.8379094704649104, "8350104.78": 0.13486380935645886, "8350104.65": -0.4359529561492375, "8350090.06": 0.48034306984487146, "8350104.49": 0.09582257336182594, "8350104.3": 3.046961296898137, "8350104.75": 4.453291385697289, "8350104.64": -0.01952042328661127, "8350090.05": 0.24400042306790756, "8350104.63": -0.24046196198573785, "8350090.13": 0.6293035613661364, "8350090.12": -0.034940920752884096, "8350104.76": 0.8305497064486305, "8350104.6": 0.7751252824591588, "8350090.09": 0.3662634936913868, "8350104.74": 0.7215683986344301, "8350090.16": 0.19925355394409083, "8350104.36": -0.2691008344489363, "8350090.08": 0.3178639135085026, "8350090.2": 0.3148828176124885, "8350104.72": -0.3522970159196639, "8350090.19": -0.22488578534997658, "8350001.07": -0.20607447769777754, "8350090.11": 0.13102911325189515, "8350090.15": -0.6902952115444663, "8350090.17": -0.09289667547370307, "8350104.25": -0.014650499994755154, "8350090.04": -0.5222549815972158, "8350104.73": 0.8160307230745795, "8350104.4": 0.10913961315639997, "8350104.69": 0.7890789361794956, "8350002.05": 0.7089243175023685, "8350090.03": -0.26432277887055095, "8350001.06": -0.4746843530302991, "8350104.46": 0.6439280470129632, "8350104.42": 0.019971924827125637, "8350104.45": 0.04600583188915376, "8350104.44": 0.48197605769294577, "8350104.41": -0.09984136844048558, "8350090.21": -0.19885406893255114, "8350104.2": -0.14399764657838737, "8350090.22": -0.5898203486779148, "8350104.71": -0.08646289683612933, "8350104.68": 0.642090801814676, "8350090.02": -0.7449578080054008, "8350002.04": -0.21996842024103497, "8350090.18": 4.892598536535097, "8350001.02": -0.07540446761245502, "8350079.1": -0.82493243208023, "8350104.67": -0.42093144805246735, "8350104.66": 0.4505511220933714, "8350090.01": -0.1809946979157218, "8350002.03": -0.6986698946211363, "8350104.7": 5.308545711946127, "8350001.03": 0.5000910916073589, "8350005.13": -0.8158500309816425, "8350005.11": -0.01040342100186054, "8350005.1": 0.10023820606881834, "8350002.01": 0.039921963572828935, "8350004.02": -0.9083436288855009, "8350160.01": -0.78914063201309, "8350001.04": -0.9371373353640383, "8350005.12": -0.7826440811550174, "8350001.05": -0.16859221923998594, "8350002.02": -1.15750044874637, "8350006.2": -0.7994010922796473, "8350005.09": 0.26361960210926433, "8350005.08": -0.4849057912603008, "8350003.0": -0.5406577948553231, "8350104.1": -0.27206676884544323, "8350018.0": 0.9228707075397006, "8350005.07": -0.1894305202065867, "8350012.02": -0.31692796875125834, "8350016.02": -0.8038136552668591, "8350019.01": -0.6209820003007703, "8350006.19": 0.21846305859853862, "8350015.02": -0.4183041753017538, "8350012.01": -0.44127594020398836, "8350004.01": -0.9401020869509249, "8350019.02": -0.44593652864001687, "8350017.0": -0.06435510976209576, "8350104.17": -1.0345378968769383, "8350037.0": -0.08410314220406567, "8350038.0": -0.3189548472834344, "8350041.0": -0.2849592816720838, "8350040.0": -0.8384550594997889, "8350042.01": 0.21466461195582914, "8350005.01": -0.5550545420562258, "8350014.0": -0.14191554491449518, "8350079.09": -0.36663075619583857, "8350005.02": -0.5035587503237431, "8350011.0": -0.3503793322715847, "8350013.0": -0.02870581466683524, "8350010.0": -0.5753481660907556, "8350006.18": 0.2624624296728414, "8350020.0": -0.23037810907971534, "8350007.02": -0.9517263550621189, "8350036.0": -0.16387659714529293, "8350006.17": 0.09917727628623654, "8350021.0": -0.34974621325093175, "8350022.0": -0.15978583727154544, "8350008.01": -0.3510343240452241, "8350079.08": -0.2840854631605907, "8350035.0": -0.25966658013513455, "8350006.06": 0.045389149175179576, "8350009.0": -1.0196508942837532, "8350079.07": 0.3082486292484576, "8350006.09": -0.10569559850770387, "8350033.02": -0.10202054628669657, "8350008.02": -0.3961208336842087, "8350023.0": -0.16758778786039644, "8350006.04": 0.30927843348887196, "8350034.01": -0.4695315598929397, "8350160.03": -0.31710221092578483, "8350039.0": -0.7480682300860808, "8350007.01": -0.8647106578381214, "8350079.19": -0.5900183406456418, "8350006.08": -0.2810398049325425, "8350034.03": -0.7343177591555549, "8350032.02": 0.15429072361570956, "8350079.2": 0.3626896274619001, "8350033.01": -0.18996546549627566, "8350034.02": -1.1966598244643383, "8350006.03": -0.13368946533482892, "8350024.01": -0.16357563947849207, "8350079.18": -0.005442889128534068, "8350030.0": 0.2537550018787345, "8350025.0": -0.6419816839572289, "8350026.02": -0.3455127364247121, "8350032.01": 0.5937457614557555, "8350026.01": -0.4946392132683691, "8350024.02": -0.0009901407328499463, "8350006.05": -0.33115615901509027, "8350006.16": -0.027454212677084835, "8350045.0": -0.661004665646724, "8350044.0": -1.1851966291683456, "8350046.0": -0.6362226261006814, "8350042.02": 0.1163609157331974, "8350043.0": -0.278103573244258, "8350058.0": -0.0628310873008352, "8350075.08": -0.09028212940207589, "8350057.0": -0.3437445964812927, "8350059.0": -0.6641804751734575, "8350075.05": 0.20318334371284788, "8350075.09": 0.837294214038256, "8350060.01": -0.31206295187846994, "8350031.0": 0.48005177247332964, "8350006.15": -0.4393084351190125, "8350027.0": -0.9155825801326912, "8350029.0": -0.15578940432664734, "8350047.0": -0.03582709487842778, "8350079.17": -0.40514449918279816, "8350056.0": -0.5383870682067328, "8350079.16": -0.26896693616090417, "8350006.14": 0.23117619264391434, "8350055.0": -0.827079059555022, "8350048.0": 0.22027432244508405, "8350054.03": -0.8214443898942047, "8350006.13": -0.6122994961457414, "8350028.0": -0.17265920678010788, "8350054.01": 0.6034248973446518, "8350049.0": 0.1969033370011044, "8350079.15": 0.35435488566550727, "8350050.0": 0.09840109866262275, "8350060.02": -0.5924125615260134, "8350075.07": -0.030450775349216298, "8350075.04": 0.5451362318173802, "8350071.0": -0.5258903853491436, "8350073.0": -0.39352821737073523, "8350075.1": -0.05652667707491092, "8350075.12": -0.04376259336182744, "8350072.0": -0.45782726393927586, "8350075.03": 0.27611154708651875, "8350075.14": 1.0017076191970837, "8350053.0": -0.44388214714149565, "8350061.0": -0.7902374664617586, "8350051.01": 0.5638440785445666, "8350079.14": 0.005252821721250935, "8350062.02": -0.8147134566510063, "8350052.02": -0.17307985972684026, "8350070.0": -0.6324656173614946, "8350063.0": -0.5697667594780781, "8350067.02": -0.7806920990415981, "8350064.01": 0.1222215340448692, "8350069.0": -0.38723260872690074, "8350067.01": -0.9132315213941169, "8350079.13": 0.11218667588143764, "8350066.01": -0.9761215574854007, "8350068.02": -0.5409253599441567, "8350160.04": -0.11681143778324495, "8350065.01": -0.8854785683490194, "8350068.01": -0.8255180164889568, "8350066.02": -0.6025229996867478, "8350078.24": 0.11059288648688433, "8350065.02": -0.722502191922976, "8350078.23": -0.16685480448142148, "8350078.02": -0.31657074825467196, "8350075.01": 0.02584815768945229, "8350075.13": 1.006796453606357, "8350076.01": 0.15859353571265503, "8350075.02": 0.10776153700293314, "8350077.01": 0.043284045511145904, "8350076.02": 0.22506361209743458, "8350140.17": 0.8665978693912834, "8350077.02": 0.17050896836102944, "8350140.1": 0.8260459367131652, "8350121.18": -0.18854350104400797, "8350078.06": 0.03884075227514634, "8350078.05": 0.24635427986445715, "8350079.12": 0.21766597632570078, "8350121.17": 0.14783926862986102,