{"8350150.01": -0.6770740274979569, "8350155.0": -1.2674311639705702, "8350104.02": 0.02220284518936423, "8350104.52": 1.2733088307904608, "8350104.5": 1.3720723909573833, "8350104.48": 2.0398814123015403, "8350104.47": 2.0829883866447587, "8350151.03": -1.179333845365565, "8350104.56": -0.8309541572895693, "8350104.55": 0.3322239359432947, "8350104.62": -0.19136529748988867, "8350104.59": 0.6166942781053809, "8350156.0": -0.9944793156714226, "8350104.53": 0.37515888946774645, "8350104.8": -0.06674463172287413, "8350104.79": -0.21409746950392683, "8350104.58": 1.0102499831465401, "8350104.61": -0.19664540628530658, "8350104.77": 0.14387411112076648, "8350104.32": 0.2964556229478235, "8350104.78": 0.3850518349197132, "8350104.65": 0.045196434577453065, "8350090.06": 1.145821217460734, "8350104.49": 1.0704899091458477, "8350104.3": 0.6829000541356972, "8350104.75": -0.3130150935563465, "8350104.64": -0.06846158726632857, "8350090.05": 0.44868719833075404, "8350104.63": 0.26852512812721807, "8350090.13": 2.06509464556902, "8350090.12": 0.5678548917666724, "8350104.76": 0.388574574637425, "8350104.6": -0.053431972901483396, "8350090.09": 0.31690609529848246, "8350104.74": 0.47451726371270364, "8350090.16": 0.5882006544810476, "8350104.36": -0.4305014509587979, "8350090.08": 0.1337593632644164, "8350090.2": 1.766445300927644, "8350104.72": 0.036749766505699645, "8350090.19": 1.0885662029217147, "8350001.07": 0.027409389068264893, "8350090.11": -0.14341911895109985, "8350090.15": 0.03224916626899354, "8350090.17": 0.8736251542111007, "8350104.25": -0.10459514990862194, "8350090.04": -0.10580779673551181, "8350104.73": 0.395478514386453, "8350104.4": -0.1140382525219237, "8350104.69": 0.5549624942021886, "8350002.05": 0.22642424092840652, "8350090.03": 0.0066788514767486, "8350001.06": -0.03583185406600708, "8350104.46": 1.6130149558869822, "8350104.42": 0.43447269315653003, "8350104.45": 1.1256129511042985, "8350104.44": 1.0209607952121342, "8350104.41": 0.8615902115526818, "8350090.21": 0.7226543347703718, "8350104.2": 0.8003359916169279, "8350090.22": 0.046224528737662834, "8350104.71": 0.1562369830348928, "8350104.68": 0.317598873340638, "8350090.02": -0.5956242136644662, "8350002.04": -0.12623147902465173, "8350090.18": 0.13218034345311552, "8350001.02": 0.5109336230571381, "8350079.1": -0.43260943150507863, "8350104.67": -0.19117788472099853, "8350104.66": -0.3133068142601758, "8350090.01": 1.0366667716751223, "8350002.03": -0.18910935789938518, "8350104.7": 0.467387856276604, "8350001.03": 0.22910085632837993, "8350005.13": -0.35399136436504836, "8350005.11": 0.8549015898196374, "8350005.1": -0.4032834092052824, "8350002.01": 0.7494208847700667, "8350004.02": -0.5071914311322464, "8350160.01": -0.07594181286014927, "8350001.04": -0.8474404912566589, "8350005.12": -0.3125408979231944, "8350001.05": -0.5368375585833679, "8350002.02": -0.4404021749981947, "8350006.2": -0.37041176997882086, "8350005.09": -0.23601974360641428, "8350005.08": 0.535038810586642, "8350003.0": 0.4881420307857375, "8350104.1": 0.38415213850178614, "8350018.0": 0.9213348978738595, "8350005.07": 0.5905794803651934, "8350012.02": 0.9681168762114809, "8350016.02": -0.6325988402407925, "8350019.01": -0.8367805258797211, "8350006.19": -0.5513128656156072, "8350015.02": 1.4662864988591306, "8350012.01": 2.042582053816152, "8350004.01": -0.7151529142358062, "8350019.02": -0.700958987527756, "8350017.0": 0.28851380925168446, "8350104.17": -0.8752832027462779, "8350037.0": -0.4259722532529858, "8350038.0": -0.8824304941918891, "8350041.0": -0.7990207865757436, "8350040.0": -0.8218712500397238, "8350042.01": -0.6754416420725873, "8350005.01": -0.5354929575557985, "8350014.0": 1.7903809437588645, "8350079.09": -0.7518705501300779, "8350005.02": -0.6236165974259414, "8350011.0": 3.9902928174701575, "8350013.0": 3.3504397763960485, "8350010.0": 2.0661686594219084, "8350006.18": -0.3743623932428311, "8350020.0": -0.06574132117672683, "8350007.02": -0.23253954935995771, "8350036.0": -0.48365993761661213, "8350006.17": -0.4798004070403625, "8350021.0": 2.108012090613329, "8350022.0": 4.20847323288428, "8350008.01": -0.4408653890212373, "8350079.08": -0.8024796101871112, "8350035.0": 0.4107435372760567, "8350006.06": -0.6817906714734783, "8350009.0": 1.1135939566644546, "8350079.07": -0.6805760446172251, "8350006.09": -0.6101820834260118, "8350033.02": 4.791998408876177, "8350008.02": -0.7731770357552821, "8350023.0": 2.1124760720068707, "8350006.04": -0.21585253030892235, "8350034.01": 1.8952501413286291, "8350160.03": -0.5531557958050008, "8350039.0": -0.28389681393171456, "8350007.01": -0.37413190897128157, "8350079.19": -0.6647367679030171, "8350006.08": -0.09527147374202341, "8350034.03": 0.2789526666530517, "8350032.02": 4.703320609264948, "8350079.2": -0.6584488555948547, "8350033.01": 2.003704373385159, "8350034.02": 0.4767195248538223, "8350006.03": -0.6040359514389113, "8350024.01": 2.0836319677968755, "8350079.18": -0.6184691929199789, "8350030.0": 3.1450620038736035, "8350025.0": -0.3710614801761668, "8350026.02": 0.10859667478719243, "8350032.01": 2.465108961891601, "8350026.01": -0.3711228563890245, "8350024.02": 2.025525668039571, "8350006.05": -0.4776506679146516, "8350006.16": -0.21525275626379536, "8350045.0": 1.0538751867241642, "8350044.0": -0.649865209978903, "8350046.0": 1.034194701491343, "8350042.02": -0.6888296688004409, "8350043.0": -0.27046774049020655, "8350058.0": -0.736231787201913, "8350075.08": -0.740568270237036, "8350057.0": 0.01327721463798573, "8350059.0": -0.6865700905446056, "8350075.05": -0.45934281240772895, "8350075.09": 0.011004527999472664, "8350060.01": -0.37128634582174896, "8350031.0": 0.939248596793231, "8350006.15": -0.3421129807440745, "8350027.0": -0.5863748193387036, "8350029.0": 1.4309495653417537, "8350047.0": 1.1493133251883392, "8350079.17": -0.33861723963504287, "8350056.0": -0.17006877977431215, "8350079.16": -0.6338322858758041, "8350006.14": -0.12600203582226288, "8350055.0": -0.13393425017182176, "8350048.0": 0.4789856007477122, "8350054.03": 0.18440939420332317, "8350006.13": -0.5856378245023531, "8350028.0": -0.32934453011872916, "8350054.01": 1.2000127779328462, "8350049.0": -0.10710171425446592, "8350079.15": -0.35913126559020975, "8350050.0": -0.11977977356183182, "8350060.02": -0.3810426961333525, "8350075.07": -0.25891620764075657, "8350075.04": 0.07322471064363842, "8350071.0": -0.5883816195720342, "8350073.0": -0.4795255557024789, "8350075.1": -0.11339053375025028, "8350075.12": -0.41157507560519047, "8350072.0": -0.542510298060657, "8350075.03": -0.12221229051758856, "8350075.14": 0.17284536333137918, "8350053.0": -0.0937284966343825, "8350061.0": -0.4771929231895531, "8350051.01": 0.10859069357494627, "8350079.14": -0.7461451330040869, "8350062.02": -0.5085309462603861, "8350052.02": -0.19330389694949135, "8350070.0": -0.6752496143123832, "8350063.0": -0.5643419977265596, "8350067.02": -0.6132345666717063, "8350064.01": -0.014361446692442522, "8350069.0": -0.7088971205489699, "8350067.01": -0.7854389491034743, "8350079.13": -0.755480001135449, "8350066.01": -0.9582774202304402, "8350068.02": -0.7861152075613611, "8350160.04": -0.7380530882155708, "8350065.01": -0.7302440042127898, "8350068.01": -0.7559837023605694, "8350066.02": -0.6911506940908904, "8350078.24": -0.8332302255050913, "8350065.02": -0.5954101246951559, "8350078.23": -0.7379166124842091, "8350078.02": -0.7348040999007328, "8350075.01": -0.66388148472484, "8350075.13": 0.05454407872648777, "8350076.01": -0.660279484085388, "8350075.02": -0.6696957544734259, "8350077.01": -0.8101606536684455, "8350076.02": -0.8721988399328645, "8350140.17": -0.29722063952942857, "8350077.02": -0.9085965073847657, "8350140.1": -0.5862805559224201, "8350121.18": -0.5605859520758375, "8350078.06": -0.8698238330406478, "8350078.05": -0.7067230264363575, "8350079.12": -0.7677916782519084, "8350121.17": -0.47895968611888456, "8350079.11": -0.9127196163965441,