{"8350150.01": -0.4782185971242282, "8350155.0": -2.0919411864886412, "8350104.02": -2.4202617496898977, "8350104.52": -0.07690720079987981, "8350104.5": -1.0777206572874882, "8350104.48": -0.7367225107176892, "8350104.47": -0.46664561178111263, "8350151.03": 1.2118061885361915, "8350104.56": -0.5709448016721109, "8350104.55": 0.19042112065637504, "8350104.62": -0.7859171671039469, "8350104.59": 0.4939222217617351, "8350156.0": -0.27073176417608164, "8350104.53": -0.2592134203601539, "8350104.8": -0.5523331612727106, "8350104.79": -1.09733061909422, "8350104.58": -0.45282205983995577, "8350104.61": -0.8267737507013277, "8350104.77": -1.1088138401884973, "8350104.32": 0.16822647299833865, "8350104.78": -0.8367710353845916, "8350104.65": -0.7654028722781551, "8350090.06": -0.08551521883615126, "8350104.49": -0.40151999421148415, "8350104.3": 0.27246857439951117, "8350104.75": -2.0079868877387472, "8350104.64": -0.315457881504249, "8350090.05": 0.07108444727149808, "8350104.63": -1.06832079662684, "8350090.13": 0.31400987745473635, "8350090.12": 0.4977070135315061, "8350104.76": -1.0427350976509027, "8350104.6": -0.6269788674995126, "8350090.09": 0.2636534949260844, "8350104.74": -1.5323626992327473, "8350090.16": 0.7468190928842936, "8350104.36": -0.7098507946737258, "8350090.08": 0.31455110842483436, "8350090.2": 0.28664381166873915, "8350104.72": -0.9901470246751921, "8350090.19": 0.21281183580909727, "8350001.07": 0.557667965761135, "8350090.11": 0.8946211002753935, "8350090.15": 0.710635147419366, "8350090.17": 0.16408072322704012, "8350104.25": -0.5232741697050086, "8350090.04": 0.8763323232582287, "8350104.73": -1.2241630646735515, "8350104.4": -1.0512628663578722, "8350104.69": -0.6623313343257332, "8350002.05": -0.3903972144970708, "8350090.03": 1.1044185465957865, "8350001.06": -0.2672496762029066, "8350104.46": -0.18517919364642355, "8350104.42": -2.4303313879766986, "8350104.45": -0.39717434258136164, "8350104.44": -0.22404403824895364, "8350104.41": -1.3064015062536838, "8350090.21": -0.052003415558965205, "8350104.2": -1.0308861246704182, "8350090.22": -1.0423417336594343, "8350104.71": -1.399989696278195, "8350104.68": -0.6279613969818216, "8350090.02": 1.0147197697187134, "8350002.04": -0.6446009093640138, "8350090.18": 0.07207540253879088, "8350001.02": -0.010830140860012653, "8350079.1": -0.7562484861306501, "8350104.67": 0.522995273510789, "8350104.66": -0.2234502820317717, "8350090.01": -0.7406311019735212, "8350002.03": 0.8735388617532287, "8350104.7": -0.5184110546871304, "8350001.03": -1.0860454785462816, "8350005.13": -0.2830417510684138, "8350005.11": -0.7842816911429625, "8350005.1": -1.0445926982033729, "8350002.01": -0.6916171360197372, "8350004.02": -1.072105189062964, "8350160.01": -0.5221951567737443, "8350001.04": -1.074864682806428, "8350005.12": 0.4308368556013677, "8350001.05": -0.6749427585683598, "8350002.02": 0.1198624397239965, "8350006.2": -0.09805610857261861, "8350005.09": -1.1134408532221152, "8350005.08": -0.810700829532519, "8350003.0": -0.8207731109980007, "8350104.1": -0.19768327526700288, "8350018.0": -0.9310713983917421, "8350005.07": -0.6235638767128903, "8350012.02": 0.2552082466113667, "8350016.02": -0.1694175292329034, "8350019.01": -0.200918876553256, "8350006.19": -0.9131625527089856, "8350015.02": -0.11162753067881913, "8350012.01": 0.7596981111410253, "8350004.01": -0.8325432778728985, "8350019.02": -0.2713255915088745, "8350017.0": -0.2586223208869073, "8350104.17": -0.44644284170747733, "8350037.0": -0.1560679573677772, "8350038.0": -0.23086450406114886, "8350041.0": -0.4460821502319595, "8350040.0": -0.5209904052630406, "8350042.01": -0.3581270536076491, "8350005.01": -1.0330804463097194, "8350014.0": -0.059491367426949195, "8350079.09": 0.1935163251063916, "8350005.02": -1.3164599128742955, "8350011.0": 0.3846032567335699, "8350013.0": -0.14238855594104738, "8350010.0": -0.424961420192855, "8350006.18": -0.2220120467421279, "8350020.0": -0.44887356212607293, "8350007.02": -0.022097567565923737, "8350036.0": -0.5293161957523926, "8350006.17": -0.01745792140774805, "8350021.0": -0.16243834142404592, "8350022.0": -0.1921353550479384, "8350008.01": -0.5484925965795167, "8350079.08": -0.5226453946705987, "8350035.0": -0.062226263114660486, "8350006.06": -0.3122750298120107, "8350009.0": -0.6493198805183431, "8350079.07": -0.45351761574677857, "8350006.09": 0.18392225060300274, "8350033.02": -0.04105340694698193, "8350008.02": -0.37275053430442373, "8350023.0": -0.8314953090472026, "8350006.04": 0.94084036249201, "8350034.01": 0.7856906392535848, "8350160.03": -0.8551699083272909, "8350039.0": -0.5039635213012289, "8350007.01": 0.03265061424155611, "8350079.19": -0.6147636174610124, "8350006.08": 1.2088111588562802, "8350034.03": 1.5480642343041253, "8350032.02": -0.14652346904383606, "8350079.2": -0.324678968605468, "8350033.01": 1.2928384087108231, "8350034.02": 1.6108431758549289, "8350006.03": 0.46307165208604634, "8350024.01": -0.36737784210550817, "8350079.18": -0.372258617065681, "8350030.0": -0.577147331250623, "8350025.0": -0.4699595176803783, "8350026.02": 0.690844588924589, "8350032.01": 0.24816924084342823, "8350026.01": 0.6187030704803456, "8350024.02": -0.1251590761110196, "8350006.05": 0.13397967585899423, "8350006.16": 0.9340338030567573, "8350045.0": 2.1907997066438107, "8350044.0": 1.1411258390456298, "8350046.0": 1.7644553372388811, "8350042.02": -0.050150716295322854, "8350043.0": 0.4001372430762839, "8350058.0": 0.2527704944320343, "8350075.08": 0.8152167968696519, "8350057.0": 1.379182443489413, "8350059.0": 0.982079012338889, "8350075.05": 0.8930759534491017, "8350075.09": 0.5728350530607643, "8350060.01": 1.8950381447631452, "8350031.0": -0.22694369388223257, "8350006.15": 0.3719339733148213, "8350027.0": -0.1323806759064294, "8350029.0": -0.22623388267272743, "8350047.0": 0.593852822887116, "8350079.17": -0.7317004781366641, "8350056.0": 1.6640040716012487, "8350079.16": -0.7366464894845173, "8350006.14": 0.7499226288332839, "8350055.0": 2.7019353606073238, "8350048.0": 0.620531078862431, "8350054.03": 2.4651278756808326, "8350006.13": -0.07491853817564383, "8350028.0": 0.09788035833192721, "8350054.01": 1.0041213436122647, "8350049.0": 0.16177494420779273, "8350079.15": 0.3667869361584083, "8350050.0": -0.14113960197342354, "8350060.02": 2.14520197261547, "8350075.07": 0.7543198245824433, "8350075.04": 1.0494914326944003, "8350071.0": 2.017658167084604, "8350073.0": 1.5529757033324525, "8350075.1": 0.5095130582757593, "8350075.12": 0.814868497693733, "8350072.0": 2.002096796094517, "8350075.03": 0.9612219757148709, "8350075.14": 0.2696895557481427, "8350053.0": 0.8677803444717462, "8350061.0": 2.429196868346023, "8350051.01": 1.2366686806324434, "8350079.14": -0.601096751833461, "8350062.02": 2.0493228389174356, "8350052.02": 0.3258758772110238, "8350070.0": 1.553797432658951, "8350063.0": 0.882299556711772, "8350067.02": 1.5798236362935074, "8350064.01": 0.7995645749425827, "8350069.0": 1.2827952459224774, "8350067.01": 0.45721862433240706, "8350079.13": -2.0599289337857485, "8350066.01": 0.7982205481615634, "8350068.02": 1.2077392292549352, "8350160.04": -0.17239129325520477, "8350065.01": 0.897563496075676, "8350068.01": 0.795795852465757, "8350066.02": 0.36344617939231394, "8350078.24": 0.9235008766739392, "8350065.02": 0.28353406860764335, "8350078.23": 0.6984537471173294, "8350078.02": 0.0727554591921806, "8350075.01": 1.6260941026527689, "8350075.13": 0.6279674676909152, "8350076.01": 1.5867530092454458, "8350075.02": 1.1074204289907967, "8350077.01": 1.328208791506675, "8350076.02": 1.3534163194936986, "8350140.17": -0.3929754993470275, "8350077.02": 1.0356703769120787, "8350140.1": -0.2847812453581338, "8350121.18": 0.5026970072236573, "8350078.06": 0.4307213911769494, "8350078.05": 1.075609486964959, "8350079.12": -0.7372089293991343, "8350121.17": 0.3471702051899978, "8350079.11": -1.5092319018781226, "8350078.09": 1.0622592619633446,