{"8350150.01": -0.40439210878198745, "8350155.0": -2.1177922610692037, "8350104.02": -1.3766848578099158, "8350104.52": 1.4783981536454789, "8350104.5": 0.24183295985746733, "8350104.48": 0.6554100467454174, "8350104.47": 0.7132959785937025, "8350151.03": -0.9507815443785815, "8350104.56": -0.07263777870768393, "8350104.55": 1.0649617754603828, "8350104.62": 0.5088845503364738, "8350104.59": 3.2820289479507365, "8350156.0": -2.1894653309877357, "8350104.53": 1.707447698463859, "8350104.8": -0.37109409423165207, "8350104.79": -0.6141980133135768, "8350104.58": 2.7144203525768327, "8350104.61": -0.4247007205126955, "8350104.77": 0.06614580444010439, "8350104.32": 1.6888535738755766, "8350104.78": 0.0559997162211431, "8350104.65": -0.4683626148780686, "8350090.06": 0.4430747317413894, "8350104.49": 0.07850303289480205, "8350104.3": 2.7978607442797534, "8350104.75": 4.859545918751033, "8350104.64": -0.08500949481947921, "8350090.05": 0.23135330918290603, "8350104.63": -0.29460328697326804, "8350090.13": 0.5650428096018723, "8350090.12": -0.03165547402515217, "8350104.76": 0.6462030304207025, "8350104.6": 0.6465758160303591, "8350090.09": 0.33696691353515407, "8350104.74": 0.576551891525618, "8350090.16": 0.18475991864761987, "8350104.36": -0.3387466276378474, "8350090.08": 0.297311159304138, "8350090.2": 0.2692279474118594, "8350104.72": -0.39296113290168494, "8350090.19": -0.21981946091892407, "8350001.07": -0.2334479945296059, "8350090.11": 0.10891091612179798, "8350090.15": -0.648786704356712, "8350090.17": -0.13789295052244419, "8350104.25": -0.08517752885445616, "8350090.04": -0.5065419774535234, "8350104.73": 0.6594109826219596, "8350104.4": 0.02052327481694703, "8350104.69": 0.6371433852532243, "8350002.05": 0.5611066723885837, "8350090.03": -0.29979817150759, "8350001.06": -0.4880432968697414, "8350104.46": 0.557246843394058, "8350104.42": -0.006686848981399376, "8350104.45": -0.005946398284517945, "8350104.44": 0.40373659266973255, "8350104.41": -0.12006034727472181, "8350090.21": -0.24286409799735648, "8350104.2": -0.16984973223444128, "8350090.22": -0.5967276090281524, "8350104.71": -0.1862987528415027, "8350104.68": 0.5013748675277414, "8350090.02": -0.7127535446015362, "8350002.04": -0.2778569188685086, "8350090.18": 5.276381808712345, "8350001.02": -0.12649907348284853, "8350079.1": -0.8311047658875851, "8350104.67": -0.4141786033234746, "8350104.66": 0.3380485091337621, "8350090.01": -0.2358307784782986, "8350002.03": -0.7081916166893708, "8350104.7": 5.648494960107834, "8350001.03": 0.38488296770590763, "8350005.13": -0.7974192924876133, "8350005.11": -0.08786721756756037, "8350005.1": 0.024789003025859953, "8350002.01": -0.06243578562163396, "8350004.02": -0.9342059771516342, "8350160.01": -0.8025334189598156, "8350001.04": -0.8958882126392651, "8350005.12": -0.7492786166531157, "8350001.05": -0.20361846567938294, "8350002.02": -1.107885288385899, "8350006.2": -0.784343344232635, "8350005.09": 0.16088682473515536, "8350005.08": -0.4920397737818843, "8350003.0": -0.5325559898909114, "8350104.1": -0.25304888980803364, "8350018.0": 0.794151669320492, "8350005.07": -0.2490275943394073, "8350012.02": -0.3110134537482332, "8350016.02": -0.7408754876083278, "8350019.01": -0.5509687874597525, "8350006.19": 0.13850670047084715, "8350015.02": -0.38358912767851966, "8350012.01": -0.4038071750170554, "8350004.01": -0.9022879093647082, "8350019.02": -0.3900055051523676, "8350017.0": -0.0585679200194283, "8350104.17": -0.952008906030226, "8350037.0": -0.04959188863317388, "8350038.0": -0.2930026147776397, "8350041.0": -0.2665592581172207, "8350040.0": -0.7691354421234806, "8350042.01": 0.19212648277721872, "8350005.01": -0.5586346006780416, "8350014.0": -0.13919434470652436, "8350079.09": -0.34728571677074344, "8350005.02": -0.530657219868419, "8350011.0": -0.3625218020321467, "8350013.0": -0.07195147005607565, "8350010.0": -0.5486777062434004, "8350006.18": 0.18013630801432295, "8350020.0": -0.2279708682747594, "8350007.02": -0.9309256231909839, "8350036.0": -0.1423733702220727, "8350006.17": 0.04242547750117759, "8350021.0": -0.3546874989184506, "8350022.0": -0.21951455951929844, "8350008.01": -0.36004269132575184, "8350079.08": -0.2890115998788622, "8350035.0": -0.2566565907598067, "8350006.06": -0.010856578402344224, "8350009.0": -0.9781873028650658, "8350079.07": 0.24529679144806524, "8350006.09": -0.11374535479596361, "8350033.02": -0.1759650431020948, "8350008.02": -0.37950617272689435, "8350023.0": -0.20987983669052104, "8350006.04": 0.2637734620536918, "8350034.01": -0.4529190023329304, "8350160.03": -0.35297539185400867, "8350039.0": -0.7067693526780364, "8350007.01": -0.810274358916386, "8350079.19": -0.6110892164106557, "8350006.08": -0.2741733819659019, "8350034.03": -0.6876284144841507, "8350032.02": 0.08198576583096577, "8350079.2": 0.28470604135620525, "8350033.01": -0.20663357537356813, "8350034.02": -1.1265766941065387, "8350006.03": -0.1330464468979136, "8350024.01": -0.19091217687197104, "8350079.18": -0.06991215084864669, "8350030.0": 0.15240412571847967, "8350025.0": -0.6029332070301748, "8350026.02": -0.3042767691581476, "8350032.01": 0.49884852942858904, "8350026.01": -0.4327567426980515, "8350024.02": -0.016596292380527893, "8350006.05": -0.34837639650204566, "8350006.16": -0.01904458468271444, "8350045.0": -0.6031807789365261, "8350044.0": -1.0902453853816816, "8350046.0": -0.6061080927058057, "8350042.02": 0.11510299681413777, "8350043.0": -0.2447758449848987, "8350058.0": -0.033863208093384604, "8350075.08": -0.07754999286655509, "8350057.0": -0.26365076123470926, "8350059.0": -0.5721215919518108, "8350075.05": 0.24872376909744193, "8350075.09": 0.8093741446255991, "8350060.01": -0.2219132434556378, "8350031.0": 0.4076532416296326, "8350006.15": -0.4338927632764762, "8350027.0": -0.8269679123207201, "8350029.0": -0.15545173103863666, "8350047.0": -0.03330673503480589, "8350079.17": -0.473050547626761, "8350056.0": -0.45419112934841815, "8350079.16": -0.3092938673532632, "8350006.14": 0.2566600591450925, "8350055.0": -0.738673207448523, "8350048.0": 0.20072149927957172, "8350054.03": -0.7360906286374272, "8350006.13": -0.6055171885763894, "8350028.0": -0.12952985829822408, "8350054.01": 0.5875602585583966, "8350049.0": 0.21158639008907068, "8350079.15": 0.26294221786631233, "8350050.0": 0.11986815906483528, "8350060.02": -0.4718032320631973, "8350075.07": 0.017633417707412488, "8350075.04": 0.5009842970898943, "8350071.0": -0.4336334294376468, "8350073.0": -0.2956405704103351, "8350075.1": -0.06909326488213968, "8350075.12": -0.002736992244436848, "8350072.0": -0.3644978507022305, "8350075.03": 0.3020927808572902, "8350075.14": 0.9515793284021405, "8350053.0": -0.398840148103091, "8350061.0": -0.6707499632385939, "8350051.01": 0.6616603297611036, "8350079.14": -0.03597522493669, "8350062.02": -0.6979327164038641, "8350052.02": -0.12388603512664743, "8350070.0": -0.52003967852008, "8350063.0": -0.46042176211423375, "8350067.02": -0.6663413992290441, "8350064.01": 0.1579728900867065, "8350069.0": -0.27979951800315167, "8350067.01": -0.7774934019161007, "8350079.13": 0.07316406496710467, "8350066.01": -0.8559118949894489, "8350068.02": -0.4353832247118881, "8350160.04": -0.14198855158290746, "8350065.01": -0.7775436572860356, "8350068.01": -0.7106768366466272, "8350066.02": -0.5078653948460604, "8350078.24": 0.11301700637059783, "8350065.02": -0.6571397368480696, "8350078.23": -0.10455386214485028, "8350078.02": -0.26574693880142697, "8350075.01": 0.08201187250238774, "8350075.13": 0.9450312004793145, "8350076.01": 0.19945598698942882, "8350075.02": 0.12954553945806785, "8350077.01": 0.09858739057979121, "8350076.02": 0.2455348685888968, "8350140.17": 0.8076346322241162, "8350077.02": 0.18931821963001583, "8350140.1": 0.7863293420884394, "8350121.18": -0.16609288960510554, "8350078.06": 0.04970299665017653, "8350078.05": 0.23948820415951358, "8350079.12": 0.1925938535223037, "8350121.17": 0.12093469497952584,