{"8350150.01": -0.7811740524888858, "8350155.0": -1.738030243813714, "8350104.02": -0.891068731015434, "8350104.52": -0.42653648569908575, "8350104.5": -0.7458467017882536, "8350104.48": -0.6546310176146267, "8350104.47": -0.7440710865074236, "8350151.03": -1.3890246609296706, "8350104.56": -0.9830748054536572, "8350104.55": -0.7126245158496995, "8350104.62": -0.6065190868393031, "8350104.59": -0.20449096586446688, "8350156.0": -1.0574442387830871, "8350104.53": -0.6106918543547196, "8350104.8": -0.7170260750483545, "8350104.79": -0.6305101883407266, "8350104.58": -0.059999153681329964, "8350104.61": -0.6761510780726347, "8350104.77": -0.29264750265781536, "8350104.32": -0.3612003392597913, "8350104.78": -0.33471413563813057, "8350104.65": -0.4519960482782408, "8350090.06": -0.49979707434087056, "8350104.49": -0.7618922226630795, "8350104.3": -0.036989583354640226, "8350104.75": -0.5627554566925838, "8350104.64": -0.37581542916065014, "8350090.05": -0.49601005237557244, "8350104.63": -0.13607664386324533, "8350090.13": -0.1432473295610816, "8350090.12": -0.1848477269445686, "8350104.76": 0.06051329342173916, "8350104.6": -0.4403978782709424, "8350090.09": -0.3018748263325949, "8350104.74": 0.053179978544690136, "8350090.16": -0.02645509643429365, "8350104.36": -0.6968191679267942, "8350090.08": -0.3454346867670847, "8350090.2": -0.11519268880875679, "8350104.72": -0.5918663427591484, "8350090.19": 0.12086595331716492, "8350001.07": -0.4952464929899059, "8350090.11": -0.22823466491825184, "8350090.15": -0.1642929589852298, "8350090.17": -0.06413274843274519, "8350104.25": -0.4958479367499976, "8350090.04": -0.39419211472972837, "8350104.73": -0.1527006181388528, "8350104.4": -0.4749919687299058, "8350104.69": -0.23117816254357731, "8350002.05": -0.06870447443747896, "8350090.03": 0.18518976265255743, "8350001.06": -0.5201284778000741, "8350104.46": -0.3377675940425087, "8350104.42": -0.6237589001506969, "8350104.45": -0.7925963307934182, "8350104.44": -0.38602360081313297, "8350104.41": -0.6860451889817253, "8350090.21": -0.45714126073827793, "8350104.2": -0.557873359471654, "8350090.22": -0.4312731831102962, "8350104.71": -0.29290613520406433, "8350104.68": -0.47813965338727665, "8350090.02": -0.3679205739886905, "8350002.04": -0.11260572066849585, "8350090.18": 0.18905214870207357, "8350001.02": -0.16693280041485467, "8350079.1": -0.6419516780460515, "8350001.01": 0.2739787662376864, "8350104.67": -0.8049233951860336, "8350104.66": -0.9040715524131469, "8350090.01": -0.5163473163997557, "8350002.03": 0.19649069727554597, "8350104.7": -0.09386441589566824, "8350001.03": -0.12918310232127664, "8350005.13": -0.6788165456913926, "8350005.11": -0.675022647974283, "8350005.1": -1.023667506174219, "8350002.01": -0.28550987301776787, "8350004.02": -0.18335151414958725, "8350160.01": -0.6272983624268734, "8350001.04": 0.9520093455833486, "8350005.12": -1.092212144966483, "8350001.05": 0.14236504547449552, "8350002.02": 0.46615031554937486, "8350006.2": -0.5058877864239705, "8350005.09": -0.9602215818663962, "8350005.08": -0.9973024840201135, "8350003.0": 1.141039553894355, "8350104.1": -0.7250121742687333, "8350018.0": -0.37188669970217914, "8350005.07": -0.8199399687182826, "8350012.02": 1.7561219573962816, "8350016.02": 0.34662937165691154, "8350019.01": -0.24646660190281874, "8350006.19": -0.6824941451080587, "8350015.02": 1.4313122227883195, "8350012.01": 2.9444296986369354, "8350004.01": -0.28958668004808846, "8350019.02": -0.10004391061488176, "8350017.0": 1.1241627240571987, "8350104.17": 0.21495459796159158, "8350037.0": 0.04687613694805917, "8350038.0": -0.24831827332538192, "8350041.0": -0.20929798457284632, "8350040.0": -0.03063805136693815, "8350042.01": 0.857233497446229, "8350005.01": -0.7982681146050238, "8350014.0": 1.9152068818461314, "8350079.09": -1.0234700846084146, "8350005.02": -0.9297632118051569, "8350011.0": 2.7812027457638355, "8350013.0": 2.970184339615232, "8350010.0": 1.315188250269082, "8350006.18": -0.13064748013940836, "8350020.0": 0.9368796313571328, "8350007.02": 0.012415912495093669, "8350036.0": 0.516937841856546, "8350006.17": -0.3401784202450986, "8350021.0": 1.9768247167386277, "8350022.0": 3.3170012415766275, "8350008.01": -0.4534702375643918, "8350079.08": -1.0451529815014664, "8350035.0": 1.14666374602196, "8350006.06": -0.31551577799875125, "8350009.0": 0.21618676971210524, "8350079.07": -0.6144168967559611, "8350006.09": -0.1931796645421356, "8350033.02": 3.363169209159296, "8350008.02": -0.5482357344781148, "8350023.0": 1.7856829032381558, "8350006.04": 0.2829156673368008, "8350034.01": 1.9897219839315619, "8350160.03": -0.5814569370971198, "8350039.0": 0.6818705422975837, "8350007.01": -0.37588844218310646, "8350079.19": -0.7244061655086623, "8350006.08": 0.1975351175819491, "8350034.03": 1.2997078083164562, "8350032.02": 3.8464075339029358, "8350079.2": -0.3420865852733281, "8350033.01": 2.9010880925785925, "8350034.02": 1.0898230385585472, "8350006.03": -0.3178379955067793, "8350024.01": 1.070356322260923, "8350079.18": -0.43455841610869755, "8350030.0": 3.1139557253400754, "8350025.0": -0.3439030094084906, "8350026.02": 0.1501265889954132, "8350032.01": 4.105049205854711, "8350026.01": -0.23139506268643553, "8350024.02": 1.5129841857973771, "8350006.05": -0.3098188749357432, "8350006.16": -0.03200650623903381, "8350045.0": 2.0598216849455104, "8350044.0": 0.44723377518736324, "8350046.0": 2.0400261266471826, "8350042.02": 0.5843110203316152, "8350043.0": 1.4177660103120158, "8350058.0": 0.540887074401886, "8350075.08": 0.5487093283538078, "8350057.0": 1.9895395917746377, "8350059.0": 0.7937249084190918, "8350075.05": 0.8610187071877973, "8350075.09": 0.9903134591237575, "8350060.01": 0.9991396332653905, "8350031.0": 2.5634495132730306, "8350006.15": -0.1970384754410762, "8350027.0": -0.32262640706280465, "8350029.0": 1.6983073259177868, "8350047.0": 2.610868562462823, "8350079.17": -0.20940059658373142, "8350056.0": 1.6006265402531434, "8350079.16": -0.6401826449701282, "8350006.14": -0.03949292679216453, "8350055.0": 1.452705304651488, "8350048.0": 1.7532450112967557, "8350054.03": 1.3755808019094287, "8350006.13": -0.7915818036270523, "8350028.0": -0.35136134524763724, "8350054.01": 3.116771731759506, "8350049.0": 1.0091058074825057, "8350079.15": -0.09883102104140139, "8350050.0": 0.4334174029001379, "8350060.02": 0.909151589019295, "8350075.07": 0.44809752072740044, "8350075.04": 0.8239769318424894, "8350071.0": 0.4647797857127958, "8350073.0": 0.24442744080562342, "8350075.1": 0.34695371580402584, "8350075.12": -0.21395957092563675, "8350072.0": -0.17579744364058342, "8350075.03": 0.24260455134412662, "8350075.14": 0.43080497693002306, "8350053.0": 0.8267672301674772, "8350061.0": 0.811635234840232, "8350051.01": 1.4472126148141913, "8350079.14": -0.5240309467030089, "8350062.02": 0.4092283786449075, "8350052.02": 0.5732393311516573, "8350006.01": -0.2239162326758077, "8350070.0": 0.21789980747769863, "8350063.0": 0.04384669972102634, "8350067.02": -0.11494439296409517, "8350064.01": 0.8843168431808449, "8350069.0": -0.38290764644326936, "8350067.01": -0.5819834224630314, "8350079.13": -0.8161332930275492, "8350066.01": -0.5335712669008775, "8350068.02": -0.7358799787969974, "8350160.04": -0.37396446235542374, "8350065.01": -0.1109660662518716, "8350068.01": -0.6626873621158582, "8350066.02": -0.47692026254540687, "8350078.24": -0.6818466189386694, "8350065.02": -0.32962343753350803, "8350078.23": -0.7077687996739669, "8350078.02": -0.7424641671525611, "8350075.01": -0.14734420996861983, "8350075.13": 0.10555657009727852, "8350076.01": -0.2686127536152069, "8350075.02": -0.8927956459430574, "8350077.01": -0.512979352896546, "8350076.02": -0.8286459639852145, "8350140.17": -0.38960206793164964, "8350077.02": -0.7748402181239645, "8350140.1": -0.7181704477166565, "8350121.18": -0.36091238107437856, "8350078.06": -0.8989828309406429, "8350078.05": -0.4302499475702367, "8350079.12": -0.3533697840756054,