{"8350150.01": -0.18190542314615657, "8350155.0": -1.2919314821022714, "8350104.02": -0.27176951194453747, "8350104.52": 2.9016666231903923, "8350104.5": 2.316239040885406, "8350104.48": 2.5991862029132737, "8350104.47": 2.9440527040932234, "8350151.03": -1.0932728054249088, "8350104.56": -0.14217825866149283, "8350104.55": 2.9190981098111712, "8350104.62": 0.7663627822417436, "8350104.59": 3.980814671679668, "8350156.0": -1.7639750878540101, "8350104.53": 2.8249199737319683, "8350104.8": 0.6154908578447436, "8350104.79": 0.38062186824449434, "8350104.58": 4.801245103077654, "8350104.61": 0.24449088575296551, "8350104.77": 0.554256258001818, "8350104.32": 2.5238814107550263, "8350104.78": 1.063802292956126, "8350104.65": 0.15767763694104972, "8350090.06": 1.7672878936087189, "8350104.49": 1.453228555487786, "8350104.3": 3.5292478544865165, "8350104.75": 1.2789823669432976, "8350104.64": 0.46077507327485456, "8350090.05": 1.011619757647249, "8350104.63": 0.45750402774636256, "8350090.13": 2.017586600872285, "8350090.12": 0.35276761228921166, "8350104.76": 0.7936204730542623, "8350104.6": 0.9835836452250999, "8350090.09": 0.7911042898032105, "8350104.74": 0.5603016317236261, "8350090.16": 0.4738837672508661, "8350104.36": -0.11530753664024895, "8350090.08": 0.4862622908504315, "8350090.2": 1.6741481952776933, "8350104.72": -0.05184189160315844, "8350090.19": 0.12896388212116228, "8350001.07": 0.025329092698176053, "8350090.11": 0.1764426050541146, "8350090.15": -0.24087856057814522, "8350090.17": 0.35238387733723553, "8350104.25": -0.09693804036217782, "8350090.04": -0.3426753054461694, "8350104.73": 0.7555739430328904, "8350104.4": 0.005921948042360315, "8350104.69": 0.03223885204449741, "8350002.05": 0.2869438698725382, "8350090.03": 0.4249177439935234, "8350001.06": -0.585286467081493, "8350104.46": 1.970252087693306, "8350104.42": 0.009685653080181602, "8350104.45": 1.3709910898736009, "8350104.44": 1.2627079347689263, "8350104.41": 0.9622992733773109, "8350090.21": 0.6455033092465093, "8350104.2": 0.3148727669567112, "8350090.22": -0.6480362503796206, "8350104.71": -0.19572286347633364, "8350104.68": 0.6938268766354265, "8350090.02": 0.01812080865402493, "8350002.04": -0.7094779599066555, "8350090.18": 0.9615585153324953, "8350001.02": -0.20346484564792092, "8350079.1": -0.7346754358243693, "8350001.01": 0.2584415869695735, "8350104.67": 0.24704067858523737, "8350104.66": -0.029910596885322924, "8350090.01": -0.897109744146575, "8350002.03": -0.47882052991747587, "8350104.7": 1.4795198011197723, "8350001.03": -0.7835412615365066, "8350005.13": 0.09266889152730602, "8350005.11": -0.6446804423177663, "8350005.1": -0.4277001450646111, "8350002.01": -0.9325625230775585, "8350004.02": -1.097373702774037, "8350160.01": -1.363814352341187, "8350001.04": -0.2630159696883468, "8350005.12": -0.3308040114168217, "8350001.05": -0.5604175985755633, "8350002.02": -0.8281284757157488, "8350006.2": 0.16619404849481698, "8350005.09": -1.0067215927408193, "8350005.08": -0.8107941377512355, "8350003.0": -0.6269270349257005, "8350104.1": 0.6338707658184621, "8350018.0": -0.5030820852786542, "8350005.07": -0.999187071793297, "8350012.02": -0.6470541949022568, "8350016.02": -1.1491421786966145, "8350019.01": -1.2655521336976117, "8350006.19": -0.040533634484317065, "8350015.02": -0.8705278245398848, "8350012.01": -0.32277076897759166, "8350004.01": -0.7958467560065307, "8350019.02": -0.9412947007152396, "8350017.0": -0.8209375663978989, "8350104.17": -1.4922135684338456, "8350037.0": -0.9763720841296699, "8350038.0": -1.3222954735490327, "8350041.0": -1.3176077962542994, "8350040.0": -1.6356286556266855, "8350042.01": -0.9784038392663147, "8350005.01": -1.0688493316865897, "8350014.0": -0.9327942600531046, "8350079.09": -0.08393299060766769, "8350005.02": -1.3513656457138439, "8350011.0": -0.8121363812933717, "8350013.0": -0.9789276759347438, "8350010.0": -0.883791218045578, "8350006.18": -0.26714671089837133, "8350020.0": -1.1015357532145074, "8350007.02": -0.9768160816892053, "8350036.0": -1.0755889497004012, "8350006.17": 0.022383787207717804, "8350021.0": -1.077648346497304, "8350022.0": -1.1885770030346812, "8350008.01": -0.8521064729291181, "8350079.08": 0.04529804165379737, "8350035.0": -1.087943151057062, "8350006.06": -0.47288348872694363, "8350009.0": -1.1115865284683015, "8350079.07": 0.27932977120393065, "8350006.09": 0.027262147842177738, "8350033.02": -1.0457806971221038, "8350008.02": -0.9305125335286771, "8350023.0": -1.2192926038558964, "8350006.04": 0.18368316279701977, "8350034.01": -0.8910910356677895, "8350160.03": -0.2910187724863811, "8350039.0": -1.4978440495510543, "8350007.01": -0.6487217382254922, "8350079.19": -0.15439894470894738, "8350006.08": 0.1582029236374426, "8350034.03": -1.1937237612460294, "8350032.02": -0.8315394458528415, "8350079.2": 0.2530323146882401, "8350033.01": -0.4454416018479269, "8350034.02": -1.1489950424537794, "8350006.03": -0.009327637976703067, "8350024.01": -0.7301514074112454, "8350079.18": 0.036336272522477724, "8350030.0": -1.059596154308008, "8350025.0": -0.7612655840623466, "8350026.02": 0.11090556425793993, "8350032.01": -0.3269114557400304, "8350026.01": -0.0748104090672104, "8350024.02": -0.5117852430244493, "8350006.05": -0.06476360069859721, "8350006.16": 0.4127230152452972, "8350045.0": -0.6280549552171423, "8350044.0": -1.363118133111989, "8350046.0": -0.5634507389910146, "8350042.02": -0.9986921805440736, "8350043.0": -1.2403353679204876, "8350058.0": -0.8772534381983221, "8350075.08": -0.3471342501264468, "8350057.0": -0.8425939916001458, "8350059.0": -0.8803647206415463, "8350075.05": -0.1154431005206174, "8350075.09": 0.5141057182167391, "8350060.01": -0.4274485344508721, "8350031.0": -0.6415005678731763, "8350006.15": 0.05761261024829738, "8350027.0": -0.5945921601628903, "8350029.0": -0.9174193276622326, "8350047.0": -0.5871898510744253, "8350079.17": 0.14554673873215904, "8350056.0": -0.7257054196066646, "8350079.16": -0.04944312957914842, "8350006.14": 0.31333966223586573, "8350055.0": -0.7223533516691548, "8350048.0": -0.37097789485287674, "8350054.03": -0.3767607917579535, "8350006.13": -0.34630357478074586, "8350028.0": -0.4812331117619957, "8350054.01": 0.25013378305540385, "8350049.0": -0.5885012356394947, "8350079.15": -0.013160618887303752, "8350050.0": -0.41294637402190637, "8350060.02": -0.28325341518957725, "8350075.07": -0.055689915180349436, "8350075.04": 0.7475971847639069, "8350071.0": -0.3110203052965402, "8350073.0": -0.05012356862653755, "8350075.1": 0.08560616827852874, "8350075.12": 0.28047543365337807, "8350072.0": 0.052197787362880985, "8350075.03": 0.6893575812144883, "8350075.14": 0.9467139315570801, "8350053.0": -0.4749449428152007, "8350061.0": -0.4412888288344146, "8350051.01": 0.414675493937214, "8350079.14": -0.3710582189173194, "8350062.02": -0.27586903332553353, "8350052.02": -0.512130041620301, "8350006.01": -0.13889752261889754, "8350070.0": -0.12261850662023678, "8350063.0": -0.26628534817242117, "8350067.02": -0.13410255702763696, "8350064.01": 0.08404095685096535, "8350069.0": 0.09274486770750509, "8350067.01": -0.09377057163428337, "8350079.13": -0.30957676054914857, "8350066.01": -0.39004360419150447, "8350068.02": 0.27073558090916416, "8350160.04": -0.09945587842065866, "8350065.01": -0.6857996101320306, "8350068.01": -0.055018909739397576, "8350066.02": 0.15807194152860218, "8350078.24": 0.824084934937868, "8350065.02": -0.14463059628334562, "8350078.23": 0.4285331263744376, "8350078.02": 0.34125776526600055, "8350075.01": 0.2868425815679607, "8350075.13": 1.2596746472439628, "8350076.01": 0.5832475114885255, "8350075.02": 0.7354082248825926, "8350077.01": 0.523947119180674, "8350076.02": 0.9194352829691809, "8350140.17": 1.288206665939632, "8350077.02": 0.687509922197126, "8350140.1": 1.4140228481042447, "8350121.18": 0.15588863841822795, "8350078.06": 0.7171009469731715, "8350078.05": 0.7209900000489461, "8350079.12": -1.5024189319072496,