{"8350150.01": 0.48031352928662985, "8350155.0": -1.3765522784954467, "8350104.02": -0.6718445745029746, "8350104.52": 1.6305549498857344, "8350104.5": 0.19394681271729947, "8350104.48": 0.34835244719910263, "8350104.47": 0.5123831146978219, "8350151.03": 0.7010740546732437, "8350104.62": 0.8938465131475621, "8350104.59": 4.377693156550848, "8350156.0": -0.7208924962019053, "8350104.53": 2.4675801150584586, "8350104.8": -0.15548710020570589, "8350104.79": -0.4576560256141958, "8350104.58": 2.5342323381557783, "8350104.61": -0.19129936790168844, "8350104.77": -0.011657959998295995, "8350104.32": 2.1369437448189563, "8350104.78": -0.030950275605663703, "8350104.65": -0.4857453733814621, "8350090.06": 0.5750332500408862, "8350104.49": 0.2737978945963103, "8350104.3": 2.5824512441201533, "8350104.75": 4.441932142038001, "8350104.64": -0.139183651622809, "8350090.05": 0.4324857897800931, "8350104.63": -0.47516378401861636, "8350090.13": 0.5087594672812424, "8350090.12": 0.11125220756090515, "8350104.76": 0.1389671988023601, "8350104.6": 0.6900729577693846, "8350090.09": 0.4169562390241036, "8350104.74": 0.26928105059758395, "8350090.16": 0.269024948726086, "8350104.36": -0.4148581016698584, "8350090.08": 0.7486432924132004, "8350090.2": 0.14249570766482672, "8350104.72": -0.13470320967677848, "8350090.19": -0.269239138487691, "8350001.07": 0.0958180344746908, "8350090.11": 0.4394345192090078, "8350090.15": -0.5913640222008482, "8350090.17": -0.3383360931511391, "8350104.25": -0.12599648519789425, "8350090.04": -0.404109739640385, "8350104.73": 0.3788886068004476, "8350104.4": -0.3323472720679243, "8350104.69": 0.00915665734442153, "8350002.05": 0.2486045519677854, "8350090.03": -0.23152444397513683, "8350001.06": -0.47711993107410156, "8350104.46": 0.390460130579452, "8350104.42": 0.47728241192827675, "8350104.45": -0.02132459070048822, "8350104.44": 0.19879477032725115, "8350104.41": 0.24785665575954743, "8350090.21": -0.4350022698933035, "8350104.2": -0.1285841878914416, "8350090.22": -0.5772969045916502, "8350104.71": -0.7751223519776934, "8350104.68": 0.2518992752379481, "8350090.02": -0.1722617065070774, "8350002.04": -0.6752552785938982, "8350090.18": 4.796770500978473, "8350001.02": -0.1310514322280436, "8350079.1": -0.6321651405177138, "8350104.67": 0.1879601131333026, "8350104.66": -0.26753275379332925, "8350090.01": -0.6885772751005004, "8350002.03": -0.6313399300424449, "8350104.7": 5.175215079912556, "8350001.03": -0.6899723075686706, "8350005.13": -0.046218410386588055, "8350005.11": -0.6384741528774122, "8350005.1": -0.3179468936067228, "8350002.01": -1.0362887768756492, "8350004.02": -1.2107185720275102, "8350160.01": -0.945586580531035, "8350001.04": -0.20053655010058188, "8350005.12": -0.09953589188268513, "8350001.05": -0.3134689958922215, "8350002.02": -0.7677607523011261, "8350006.2": -0.059492983855038865, "8350005.09": -0.977286978725433, "8350005.08": -0.6287772716561804, "8350003.0": -0.5182937863332847, "8350104.1": 0.9947644825823194, "8350005.07": -0.5856978089081674, "8350012.02": -0.1855646902319111, "8350016.02": -0.5675904715062441, "8350019.01": -0.33446401752236304, "8350006.19": -0.02788223661057341, "8350015.02": -0.427410190525458, "8350012.01": -0.21185335233963243, "8350004.01": -0.461516826926919, "8350019.02": -0.1379830893351922, "8350017.0": -0.06151709571907188, "8350104.17": -0.9050735956210341, "8350037.0": -0.02930895483457155, "8350038.0": -0.23332168099427117, "8350041.0": -0.3723404927428244, "8350040.0": -0.869157941542401, "8350042.01": -0.1665592105913678, "8350005.01": -0.567778034313465, "8350014.0": -0.45507253028688527, "8350079.09": -0.10425748230079285, "8350005.02": -0.6012815808822799, "8350011.0": -0.572458125310969, "8350013.0": -0.6456859854789727, "8350010.0": -0.3784396243938792, "8350006.18": 0.04563494609955125, "8350020.0": -0.2975659214275464, "8350007.02": -1.1000363609244361, "8350036.0": -0.2729288233434492, "8350006.17": -0.12065212239979926, "8350021.0": -0.8219228851892163, "8350022.0": -1.0492613440618483, "8350008.01": -0.2587115838779939, "8350079.08": -0.057770592204992505, "8350035.0": -0.502420037566089, "8350006.06": -0.0834343993358433, "8350009.0": -0.9841801948561623, "8350079.07": 0.29600362067809155, "8350006.09": -0.06025807234257728, "8350033.02": -0.9788962368594472, "8350008.02": -0.20494759287196465, "8350023.0": -0.7714129706028615, "8350006.04": 0.16434943689005968, "8350034.01": -0.9286370257800606, "8350160.03": -0.20527524412977718, "8350039.0": -0.9834694891334159, "8350007.01": -0.617016511340186, "8350079.19": -0.6435924095400238, "8350006.08": -0.24422155523253436, "8350034.03": -1.095278180387021, "8350032.02": -0.8993922387908377, "8350079.2": 0.17621302430280536, "8350033.01": -0.875569978907165, "8350034.02": -1.379707276112857, "8350006.03": 0.009291337558617834, "8350024.01": -0.5343363979265477, "8350079.18": -0.12232711269896877, "8350030.0": -0.7718711891285661, "8350025.0": -0.5430435269772262, "8350026.02": -0.20754907004039114, "8350032.01": -0.515744998497032, "8350026.01": -0.22035720168649833, "8350024.02": -0.47265960579914584, "8350006.05": -0.42434377840794324, "8350006.16": 0.07677098040737174, "8350045.0": -0.9661391294308689, "8350044.0": -1.306407683196787, "8350046.0": -0.9227587601182647, "8350042.02": -0.13584029994315291, "8350043.0": -0.683249607105025, "8350058.0": -0.2848821111901876, "8350075.08": -0.3426894940146671, "8350057.0": -0.6958117413060922, "8350059.0": -0.7522386655045068, "8350075.05": 0.0504181042257834, "8350075.09": 0.5986545463290196, "8350060.01": -0.39770802424343654, "8350031.0": -0.28993000314765194, "8350006.15": -0.47059786293409894, "8350027.0": -0.6446039604904966, "8350029.0": -0.6652213300913014, "8350047.0": -0.6003574230574638, "8350079.17": -0.8122174347205487, "8350056.0": -0.7505465848964583, "8350079.16": -0.34157949595393555, "8350006.14": 0.3203222118308264, "8350055.0": -0.9461531419618014, "8350048.0": -0.21297751376429389, "8350054.03": -0.85751720042402, "8350006.13": -0.5688550587445159, "8350028.0": 0.034102901841256715, "8350054.01": 0.10712738442183188, "8350049.0": -0.04368006912739585, "8350079.15": -0.08659996663832384, "8350050.0": 0.10344979278062356, "8350060.02": -0.517751990742158, "8350075.07": -0.018128115425529914, "8350075.04": 0.4372062370638629, "8350071.0": -0.36264788709647583, "8350073.0": -0.13950109226631952, "8350075.1": -0.20330812552886313, "8350075.12": 0.14767108288703734, "8350072.0": -0.1670658837806904, "8350075.03": 0.48054972804055335, "8350075.14": 0.8507704067298736, "8350053.0": -0.40733465178745026, "8350061.0": -0.5977670077428938, "8350051.01": 0.5746244244435134, "8350079.14": -0.09170917485465443, "8350062.02": -0.4641757176565988, "8350052.02": -0.05842041741801255, "8350070.0": -0.3089093272045776, "8350063.0": -0.21041493939844366, "8350067.02": -0.24063499226746934, "8350064.01": 0.1454504640980335, "8350069.0": 0.07453604637256969, "8350067.01": -0.28673587142648216, "8350079.13": 0.4865557471390537, "8350066.01": -0.424541986692665, "8350068.02": 0.12939120322489436, "8350160.04": -0.11557333444658412, "8350065.01": -0.6194345763003187, "8350068.01": -0.24129168785521773, "8350066.02": -0.23869617701739146, "8350078.24": 0.43976350346084975, "8350065.02": -0.6179872956754685, "8350078.23": 0.287815586230913, "8350078.02": 0.01159408139431233, "8350075.01": 0.38399801791407073, "8350075.13": 1.0549662349553919, "8350076.01": 0.4640025079421903, "8350075.02": 0.5093541997450876, "8350077.01": 0.5191232682469766, "8350076.02": 0.6694334864085093, "8350140.17": 0.8288968124147853, "8350077.02": 0.5321702510639952, "8350140.1": 1.0061961272285866, "8350121.18": -0.2190058530971752, "8350078.06": 0.29655894453151566, "8350078.05": 0.3640629136161422, "8350121.17": 0.03647713025410685, "8350079.11": 5.122789462771663, "8350078.09": 0.1561783516887016, "8350078.03": 0.3585477259020953, "8350078.08": -0.04539852519654045,