{"8350150.01": -0.6740224747652669, "8350155.0": -1.1305327248242143, "8350104.02": -0.9893824304645306, "8350104.52": 0.601654613035111, "8350104.5": -0.3095631700921008, "8350104.48": -0.633309746096761, "8350104.47": -0.41771102482565425, "8350151.03": -1.1907144004947787, "8350104.56": -0.7045971957091421, "8350104.55": 1.396541057306758, "8350104.62": -0.26525934908387694, "8350104.59": 2.3535852505039507, "8350156.0": -1.3999788223251663, "8350104.53": 1.6317372695270815, "8350104.8": -0.3040813488679951, "8350104.79": 0.13929472756659442, "8350104.58": 2.9526355842712535, "8350104.61": -0.48851736540309065, "8350104.77": 0.31915473566092395, "8350104.32": 2.083012804369705, "8350104.78": -0.031462089680715184, "8350104.65": -0.3148484606705845, "8350090.06": 0.8066017348137065, "8350104.49": 0.23329213120104023, "8350104.3": 2.9752943164704497, "8350104.75": -0.35975334640582673, "8350104.64": -0.21092325045243268, "8350090.05": 1.329180622230752, "8350104.63": -0.2438696605326357, "8350090.13": 0.3590675932473951, "8350090.12": 1.2085248295118967, "8350104.76": 0.10293420900380167, "8350104.6": -0.2008959749140314, "8350090.09": 2.1297887681880288, "8350104.74": 0.06870166152884058, "8350090.16": 1.521771511293132, "8350104.36": -0.7438738290850356, "8350090.08": 2.159632942611845, "8350090.2": 0.21235018020943397, "8350104.72": -0.7689461631094053, "8350090.19": 1.4977683591919164, "8350001.07": 0.11672830341103567, "8350090.11": 2.254151048419693, "8350090.15": 1.1918270889736167, "8350090.17": 0.3423294937441606, "8350104.25": -0.4309846787670458, "8350090.04": 1.8643696081555663, "8350104.73": -0.2897672138162838, "8350104.4": -0.2833431018295987, "8350104.69": 0.5295286897570434, "8350002.05": 0.3002605003045254, "8350090.03": 2.708906196298481, "8350001.06": 0.37675368357359434, "8350104.46": -0.28818233050758296, "8350104.42": -0.7023850346788716, "8350104.45": -0.2505997794728709, "8350104.44": -0.5253707615754293, "8350104.41": -0.9774634329921947, "8350090.21": -0.483372945962969, "8350104.2": -0.8472717580422268, "8350090.22": -0.9236761895082974, "8350104.71": -0.8458969088014971, "8350104.68": 0.18173039544987285, "8350090.02": 1.3885536642924874, "8350002.04": 0.4967394249066972, "8350090.18": 1.4389063728683054, "8350001.02": 0.2732415964511082, "8350079.1": -0.6720942241340244, "8350001.01": 1.7479549197303839, "8350104.67": 0.45339938377492206, "8350104.66": 0.17182834641728298, "8350090.01": 1.0630333877051228, "8350002.03": -0.0022601399883441786, "8350104.7": 0.5298024099560779, "8350001.03": 0.5681250466564154, "8350005.13": -0.23596862430264734, "8350005.11": -0.4462074873829535, "8350005.1": -0.06957642515876011, "8350002.01": 0.011832242370835643, "8350004.02": -0.5129810799656586, "8350160.01": -1.004674925437426, "8350001.04": 0.689568810098749, "8350005.12": -0.04637154506164649, "8350001.05": -0.49331881507605646, "8350002.02": -0.18278767112310174, "8350006.2": -0.3428976199143712, "8350005.09": -0.7260734472460393, "8350005.08": -0.3209811444930484, "8350003.0": -0.1511526121093025, "8350104.1": -0.35727162519080913, "8350018.0": -0.40823012070854864, "8350005.07": -0.19819258081577829, "8350012.02": 0.16659326126195975, "8350016.02": -0.7301564637703082, "8350019.01": -1.1289862346737665, "8350006.19": -0.6260001777715553, "8350015.02": -0.9220726353828845, "8350012.01": 0.2606016173642024, "8350004.01": -0.6705859824451719, "8350019.02": -0.9397444406738819, "8350017.0": -1.019925375095378, "8350104.17": 0.09497013219258754, "8350037.0": -0.9829735709786908, "8350038.0": -0.9043516337979721, "8350041.0": -0.45451577642978963, "8350040.0": -1.1572086216293966, "8350042.01": 0.7340276167668961, "8350005.01": -0.6425935421713727, "8350014.0": -0.8434652364836618, "8350079.09": -0.562174890471141, "8350005.02": -0.9866730624911738, "8350011.0": -1.1934414695478406, "8350013.0": -0.9216060469642938, "8350010.0": -1.0437605658248696, "8350006.18": 0.6822293679767677, "8350020.0": -0.97345312286106, "8350007.02": 0.3895329533137615, "8350036.0": -1.091114149791481, "8350006.17": 0.660642702721715, "8350021.0": -1.06602714823538, "8350022.0": -1.3420586328502082, "8350008.01": -0.2446295308863005, "8350079.08": -0.09555111944853868, "8350035.0": -0.9552547605620643, "8350006.06": 0.9948837250817588, "8350009.0": -0.8314269030707905, "8350079.07": 0.3350496032420342, "8350006.09": 0.8264159048081114, "8350033.02": -1.4319289853805872, "8350008.02": -0.8920405305956066, "8350023.0": -1.3481602455943411, "8350006.04": 2.1372250238401995, "8350034.01": -1.1035680742892409, "8350160.03": -0.5226496867142636, "8350039.0": -1.210649497420051, "8350007.01": -0.1333663444068315, "8350079.19": -0.2781795835458187, "8350006.08": 2.1565789561163524, "8350034.03": -1.2533204612121256, "8350032.02": -1.3018694476979606, "8350079.2": 0.9888143065298974, "8350033.01": -1.2112579669779109, "8350034.02": -1.2331258177234865, "8350006.03": 1.2492456680705892, "8350024.01": -1.255120766946103, "8350079.18": -0.4174402707089933, "8350030.0": -1.2824259260278201, "8350025.0": -1.0087984108492247, "8350026.02": -0.3280066812306538, "8350032.01": -1.3887947157138396, "8350026.01": 0.435600271322877, "8350024.02": -0.9971275231927426, "8350006.05": 0.8586459168497523, "8350006.16": 1.6878733836662865, "8350045.0": -1.212022138350286, "8350044.0": -1.300355106494835, "8350046.0": -1.1489269194973784, "8350042.02": 0.4318361548059719, "8350043.0": -0.7233657661062599, "8350058.0": 1.1117389488762246, "8350075.08": 2.5735957524582576, "8350057.0": -1.323200817085724, "8350059.0": -0.1851149831320776, "8350075.05": 1.8318874538563368, "8350075.09": 3.640192393037427, "8350060.01": -0.7170112481484348, "8350031.0": -1.2202344442977708, "8350006.15": 1.1110699302368725, "8350027.0": -0.4154090020727777, "8350029.0": -1.1676938506763526, "8350047.0": -1.2666636382134855, "8350079.17": -0.308425920206131, "8350056.0": -1.292542687605765, "8350079.16": -0.449571898344468, "8350006.14": 0.7864992446791349, "8350055.0": -1.173197231078059, "8350048.0": -0.9334401158083268, "8350054.03": -1.2679697839505495, "8350006.13": 0.3203987273800697, "8350028.0": -0.6478186255000198, "8350054.01": -0.9795470305847993, "8350049.0": -0.8667761699441954, "8350079.15": 0.8041250132276857, "8350050.0": -0.6626017921615159, "8350060.02": -0.8421251117466234, "8350075.07": 2.8602519800513697, "8350075.04": 3.2243959611572035, "8350071.0": -0.25299831373179543, "8350073.0": 0.2533042164433099, "8350075.1": 1.5211349925228934, "8350075.12": 1.144343849348057, "8350072.0": 0.47933364872182394, "8350075.03": 1.6687651375683796, "8350075.14": 1.6044043233359804, "8350053.0": -0.6738393217913233, "8350061.0": -0.6115514140018122, "8350051.01": -0.42334001014937783, "8350079.14": -0.9412293465449665, "8350062.02": -0.3899096513328084, "8350052.02": -0.7303324889714589, "8350006.01": 0.07728594953357895, "8350070.0": -0.5882028485470252, "8350063.0": -0.4852759923856107, "8350067.02": -0.33621237684065153, "8350064.01": -0.20083006474464418, "8350069.0": 0.35602020695618986, "8350067.01": -0.5626107818421682, "8350079.13": -0.6709767723686189, "8350066.01": -0.21441627357907472, "8350068.02": 0.6197285688010091, "8350160.04": -0.495577863104656, "8350065.01": -0.31014680081185425, "8350068.01": -0.10699512763453961, "8350066.02": -0.04355270313325502, "8350078.24": 0.7177204445938118, "8350065.02": -0.20986090489179085, "8350078.23": 0.8511654361845563, "8350078.02": 0.17982038925033764, "8350075.01": 1.1065589539179972, "8350075.13": 1.6849199945949838, "8350076.01": 1.2876886829002332, "8350075.02": 0.023672356305428882, "8350077.01": 0.9389253668755765, "8350076.02": 1.0896865026974702, "8350140.17": 0.6900034572284321, "8350077.02": 0.5737996302240771, "8350140.1": 0.5119245536362118, "8350121.18": 0.4682088159685593, "8350078.06": 0.4182108622044861, "8350078.05": 1.179039976319907, "8350079.12": 0.30391981100612553, "8350121.17": 0.4715506277281212,