{"5410140.01": 2.222251647538162, "5410151.0": 0.5057772696998952, "5410002.15": 2.3964380461203048, "5410001.06": -0.1747798689075983, "5410002.14": 1.548636592729093, "5410001.05": 0.25910499714877677, "5410001.03": 0.24045030857206748, "5410009.04": -0.6851416612668227, "5410008.01": 0.35545894355692154, "5410009.01": -0.22243870754431228, "5410005.02": -0.23210273667379477, "5410007.0": -0.7914701194401945, "5410005.01": -1.108406778384752, "5410006.0": -1.595538586357866, "5410009.02": -0.8289865062602741, "5410004.01": -0.08778773815208155, "5410010.0": 0.09311324502254417, "5410011.0": -1.2918418948901873, "5410019.0": -1.417490013074096, "5410004.02": -0.5445857834753994, "5410012.0": -1.404841388936946, "5410018.0": -0.3982935562476221, "5410014.06": 0.80049809483902, "5410130.01": -0.9173415363555714, "5410016.0": -0.5437307550383088, "5410014.02": 0.26418169917337064, "5410021.0": -0.024881605759938953, "5410015.0": -0.22381071373818962, "5410102.0": -0.662567131468259, "5410014.08": 1.7567602965572466, "5410103.0": 0.22599131277361656, "5410023.0": 0.6639493719218754, "5410022.0": 1.1696798000672106, "5410014.03": 1.3106348969950097, "5410107.01": 1.0918055133860625, "5410024.0": 0.4106621257881807, "5410108.02": 0.012234872616463164, "5410002.12": 1.364644052459527, "5410129.01": -0.8457614599876947, "5410002.13": 1.219751445116423, "5410002.09": 0.993573555500879, "5410001.01": -1.055590238664484, "5410008.04": 0.6276101682229147, "5410002.07": 0.36881142482061097, "5410008.05": 0.13279437305592462, "5410002.04": 0.09481747183207782, "5410002.06": 0.5575710716522411, "5410002.01": -0.01704555621241546, "5410002.02": -0.09388471076018784, "5410025.0": -3.0578065168878767, "5410008.02": 0.15843629134610906, "5410008.06": -0.18198353503110112, "5410003.0": -1.1294795970051386, "5410002.03": -0.5097983956115476, "5410009.05": -0.4224224109359191, "5410100.0": -1.3614351385749164, "5410013.0": -1.0317209534794651, "5410017.0": -0.3636292175100337, "5410014.04": -0.2742347913606565, "5410020.0": -0.354947652388936, "5410014.09": 1.1250920356439131, "5410110.0": 1.8850463322260607}