{"5410140.01": 2.337274636913271, "5410151.0": 0.7720165933392042, "5410002.15": 2.621778251661257, "5410001.06": 0.05557856524271315, "5410002.14": 1.4997000502775546, "5410001.05": 0.8017866993596636, "5410001.03": 0.3691291699905809, "5410009.04": -0.5694877331011622, "5410008.01": 0.21703917206794743, "5410009.01": -0.029712670168560655, "5410005.02": -0.42943793467256886, "5410007.0": -0.9040270682524336, "5410005.01": -1.3164103929892874, "5410006.0": -1.5803184604147107, "5410009.02": -0.6964075726225828, "5410004.01": -0.14580368531079674, "5410010.0": -0.0822599054779641, "5410011.0": -1.563407614263793, "5410019.0": -1.3091816862094707, "5410004.02": -0.8491130064572203, "5410012.0": -1.623784966968141, "5410018.0": -0.6359715902054912, "5410014.06": 0.7736463005167502, "5410130.01": -0.6886557542846006, "5410016.0": -1.0426294698240834, "5410014.02": 0.30903335510230195, "5410021.0": -0.613417150076001, "5410015.0": -0.4733321846757631, "5410102.0": -0.8675431409540987, "5410014.08": 1.733254519984148, "5410103.0": -0.23664794712535472, "5410023.0": 0.22569436687292355, "5410022.0": 1.1179793471422443, "5410014.03": 1.1142094131643456, "5410107.01": 1.215150263337904, "5410024.0": 0.2639241680767337, "5410108.02": 0.512887473408182, "5410002.12": 1.6370955174701352, "5410129.01": -0.44409400889594286, "5410002.13": 1.4571977502985205, "5410002.09": 0.7845510877299734, "5410001.01": -0.7778003518442044, "5410008.04": 0.6092963531385247, "5410002.07": 0.2977782483593215, "5410008.05": 0.12102761614612102, "5410002.04": 0.33651443755689014, "5410002.06": 0.5084334616050084, "5410002.01": 0.04150422727689431, "5410002.02": -0.13652237934481432, "5410025.0": -1.8340764205877367, "5410008.02": 0.038323915551048866, "5410008.06": -0.26082958974931897, "5410003.0": -0.9603790254333168, "5410002.03": -0.2803914980914124, "5410009.05": -0.456368242814429, "5410100.0": -1.3469761748988287, "5410013.0": -1.2048233322915491, "5410017.0": -0.6715676908584819, "5410014.04": -0.32544177312610534, "5410020.0": -0.5619421646636695, "5410014.09": 1.2927435587797327, "5410110.0": 1.8542140662840805}