{"5410140.01": 2.176479509301729, "5410151.0": 0.9361727092942166, "5410002.15": 2.126382223841503, "5410001.06": 0.2936144961541084, "5410002.14": 1.490575130885436, "5410001.05": 1.1413683865995303, "5410001.03": 0.6292593795089682, "5410009.04": -0.44653337073607885, "5410008.01": 0.40750149794710655, "5410009.01": 0.14065220826377525, "5410005.02": 0.13274123922715864, "5410007.0": -0.7243338841319801, "5410005.01": -0.9112150111123722, "5410006.0": -0.9422675560107052, "5410009.02": -0.5324831372610564, "5410004.01": -0.053681067552543434, "5410010.0": 0.15577324111357502, "5410011.0": -1.2976201701190786, "5410019.0": -1.2358470290867836, "5410004.02": -0.7335635059199918, "5410012.0": -1.2534766708237706, "5410018.0": -0.6167934086965211, "5410014.06": 0.757878735361827, "5410130.01": -0.5743480610594395, "5410016.0": -0.9583379731455351, "5410014.02": 0.38821625229972545, "5410021.0": -0.9191972618864633, "5410015.0": -0.41075102081351633, "5410102.0": -1.2863799768860045, "5410014.08": 1.3851194667526605, "5410103.0": -0.6254744228082545, "5410023.0": -0.19091276471947108, "5410022.0": 1.0471783507286916, "5410014.03": 0.9181700213374362, "5410107.01": 0.8126605685764521, "5410024.0": 0.07719352590117294, "5410108.02": 0.5212257300520876, "5410002.12": 1.361786819714954, "5410129.01": -0.2419348714971345, "5410002.13": 1.585021497359545, "5410002.09": 0.60155404918229, "5410001.01": -0.562426452472269, "5410008.04": 0.2144191460973969, "5410002.07": 0.34544101853447934, "5410008.05": -0.14626614338966068, "5410002.04": 0.5394313890434952, "5410002.06": 0.4184910962649931, "5410002.01": 0.39798048571887257, "5410002.02": 0.1649935218785878, "5410025.0": -3.9339042421490618, "5410008.02": -0.0642235269477911, "5410008.06": -0.4362334770488335, "5410003.0": -0.5060127638875068, "5410002.03": 0.1889080995921829, "5410009.05": -0.44572948956936, "5410100.0": -1.4902219830696075, "5410013.0": -0.8105207336070742, "5410017.0": -0.6076331500382629, "5410014.04": -0.018738757555332334, "5410020.0": -0.8781394524998788, "5410014.09": 1.0349490644813524, "5410110.0": 1.4640624754859028}