{"5410140.01": 2.2773507145716416, "5410151.0": 0.598475879798091, "5410002.15": 2.2901220289457003, "5410001.06": -0.06873396542078675, "5410002.14": 1.5030898599688183, "5410001.05": 0.45691829471743395, "5410001.03": 0.3244916541016792, "5410009.04": -0.6655433283103258, "5410008.01": 0.3843766022700025, "5410009.01": -0.140918224641856, "5410005.02": -0.1393106099150417, "5410007.0": -0.7980173957871449, "5410005.01": -1.0521543755949538, "5410006.0": -1.4478459712237266, "5410009.02": -0.7145520243946957, "5410004.01": -0.08598734383777992, "5410010.0": 0.125734178833429, "5410011.0": -1.1864440673380945, "5410019.0": -1.292379159004027, "5410004.02": -0.5824317209845947, "5410012.0": -1.285868890191191, "5410018.0": -0.33962999811510847, "5410014.06": 0.7234662733772528, "5410130.01": -0.8079782268836868, "5410016.0": -0.5235678194086524, "5410014.02": 0.11357732414651023, "5410021.0": -0.0869860548885757, "5410015.0": -0.3113101960368071, "5410102.0": -0.7089709565570915, "5410014.08": 1.5480975855921046, "5410103.0": 0.19926329666481274, "5410023.0": 0.598503431857633, "5410022.0": 1.0744167191777612, "5410014.03": 1.1621174563170389, "5410107.01": 1.0633060578219895, "5410024.0": 0.32243717850872056, "5410108.02": 0.0376409112970347, "5410002.12": 1.3860410676747443, "5410129.01": -0.7159067675807836, "5410002.13": 1.3220654462768096, "5410002.09": 0.9034130558035998, "5410001.01": -0.9396831957114234, "5410008.04": 0.609816246965821, "5410002.07": 0.3383491095804224, "5410008.05": 0.13434688035044237, "5410002.04": 0.11592137951024194, "5410002.06": 0.49821102040421145, "5410002.01": 0.06607328451844498, "5410002.02": -0.10525006029883759, "5410025.0": -3.840570575102563, "5410008.02": 0.11770171457485738, "5410008.06": -0.18620546961418202, "5410003.0": -1.0054758116416307, "5410002.03": -0.45391866657202157, "5410009.05": -0.4053406036412192, "5410100.0": -1.2486343079874211, "5410013.0": -0.9440215069755454, "5410017.0": -0.3334768543156564, "5410014.04": -0.29818178758966607, "5410020.0": -0.385365570238239, "5410014.09": 1.0411703278293203, "5410110.0": 1.7641665243468583}