{"5410140.01": 0.11626008781598511, "5410151.0": 0.34355008466957127, "5410002.15": -0.497583369387598, "5410001.06": 0.2665812589763576, "5410002.14": 0.2092266688732424, "5410001.05": -0.7218294704929572, "5410001.03": 0.1779349493792466, "5410009.04": 0.09885595597587757, "5410008.01": -0.28547314133269414, "5410009.01": -0.46648901227881706, "5410005.02": 0.11556431704927923, "5410007.0": 0.08859342759698789, "5410005.01": 0.7671431038338504, "5410006.0": -0.3189780851324449, "5410009.02": -0.1652270850493429, "5410004.01": 0.6321366733108813, "5410010.0": -0.6348773705611728, "5410011.0": 0.14214261220276897, "5410019.0": 0.3706591113198082, "5410004.02": 0.9549665608722574, "5410012.0": 0.21999083271049846, "5410018.0": -0.1073613386403887, "5410014.06": -0.19852973352653097, "5410130.01": 0.7100326798260734, "5410016.0": 0.6972524106069313, "5410014.02": -0.3736430960645824, "5410021.0": 0.5765173978652745, "5410015.0": 0.28197079400491326, "5410102.0": 0.24958666763183923, "5410014.08": -0.05203341752324384, "5410103.0": 0.012644741336968737, "5410023.0": 0.4048704363248773, "5410022.0": -0.912722487367609, "5410014.03": 0.28021838323950926, "5410107.01": -0.258677727153225, "5410024.0": 0.3430251759801585, "5410108.02": -0.40660868174119197, "5410002.12": -0.13060606453394932, "5410129.01": 0.2350727835626534, "5410002.13": -0.11355951967034414, "5410002.09": 0.744364268383329, "5410001.01": 0.6684116368981471, "5410008.04": 0.7284247489698049, "5410002.07": 0.2911909140737478, "5410008.05": 0.7606565647357258, "5410002.04": -0.23767124101857307, "5410002.06": 0.45125110308211214, "5410002.01": -0.03789218760780618, "5410002.02": -0.10006579430355352, "5410025.0": -7.072074343011552, "5410008.02": 0.5896646866634818, "5410008.06": 0.9560179817466886, "5410003.0": 0.02288894267191321, "5410002.03": -0.6340305769531275, "5410009.05": 0.6255291547901345, "5410100.0": 0.3861648157978846, "5410013.0": -0.12169565515148491, "5410017.0": -0.17287982123358955, "5410014.04": -0.09939849584506412, "5410020.0": -0.13648985178783693, "5410014.09": -0.023047840878474998, "5410110.0": -0.23991652453174592}