{"5410140.01": 0.37547550115526523, "5410151.0": 0.44831848819415604, "5410002.15": 0.8727407380394002, "5410001.06": -0.40281985109288215, "5410002.14": 0.5139631208392513, "5410001.05": -0.36208386431268047, "5410001.03": -0.30953961010330894, "5410009.04": -0.2957363740408312, "5410008.01": -0.31299807769048477, "5410009.01": -0.4762284320228252, "5410005.02": -0.797125823662354, "5410007.0": -0.8156530496830093, "5410005.01": -1.0718926331943253, "5410006.0": -1.2143264183031537, "5410009.02": -0.44254626168530464, "5410004.01": 0.5255660986622858, "5410010.0": -0.38938278214489364, "5410011.0": -0.9668014666926388, "5410019.0": -0.5168103144680477, "5410004.02": -0.648638686703857, "5410012.0": -1.0005534734954944, "5410018.0": -0.3509955381175697, "5410014.06": 0.09565978322593544, "5410130.01": 0.14165960870117694, "5410016.0": -0.44876236155984117, "5410014.02": -0.137240707743085, "5410021.0": -0.0026352522213520086, "5410015.0": -0.47929402873645155, "5410102.0": 0.06146074797772354, "5410014.08": 1.050188862800558, "5410103.0": 0.19958987420566793, "5410023.0": 0.18800896131763575, "5410022.0": 0.2100354162054527, "5410014.03": 0.5315721643338068, "5410107.01": 0.4862676806683033, "5410024.0": 0.12601809577301287, "5410108.02": 0.028599777263845768, "5410002.12": 0.5257883365129915, "5410129.01": 0.24295744381395942, "5410002.13": 0.5145180309969087, "5410002.09": 0.4027842252854329, "5410001.01": -0.3900646404654174, "5410008.04": 0.2585268337203022, "5410002.07": -0.0845528313789553, "5410008.05": 0.14601906103519058, "5410002.04": -0.2321542931454933, "5410002.06": 0.03213563814867565, "5410002.01": -0.40591017916208044, "5410002.02": -0.3280362593885003, "5410025.0": 6.732039410290307, "5410008.02": 0.09953420433974654, "5410008.06": 0.013437638697645322, "5410003.0": -0.5907852351196806, "5410002.03": -0.690811007418425, "5410009.05": -0.43645889735061827, "5410100.0": -0.24594054277414468, "5410013.0": -0.8593336816839178, "5410017.0": -0.44600154051594687, "5410014.04": -0.4201711233105305, "5410020.0": 0.05888733484791929, "5410014.09": 0.8897208798403685, "5410110.0": 0.8008112824951146}