{"5410140.01": 2.1256636532671513, "5410151.0": 0.5966114868397842, "5410002.15": 2.195775709764862, "5410001.06": 0.03715164083565016, "5410002.14": 1.3202107789905009, "5410001.05": 0.739486145600006, "5410001.03": 0.38241434807603214, "5410009.04": -0.40182680567217194, "5410008.01": 0.4449346395755206, "5410009.01": 0.10828700471976949, "5410005.02": -0.07363151698247897, "5410007.0": -0.6406802689446102, "5410005.01": -0.9261416777225927, "5410006.0": -1.1405601569271264, "5410009.02": -0.4766635626977531, "5410004.01": -0.10696397602630892, "5410010.0": 0.22375984339397068, "5410011.0": -1.1462266216253618, "5410019.0": -1.0406226361034712, "5410004.02": -0.635826469160941, "5410012.0": -1.2271110300316104, "5410018.0": -0.3315153192076197, "5410014.06": 0.7337105130682978, "5410130.01": -0.6430705298134043, "5410016.0": -0.7642665931540217, "5410014.02": 0.19310768953588653, "5410021.0": -0.39509030028501824, "5410015.0": -0.3507023977423059, "5410102.0": -0.7566696670201377, "5410014.08": 1.3632509439784306, "5410103.0": -0.1059327087457836, "5410023.0": 0.263846727025414, "5410022.0": 0.9563903335662354, "5410014.03": 0.9259820338159936, "5410107.01": 0.9369028543620593, "5410024.0": 0.13988104573779697, "5410108.02": 0.21752114009384166, "5410002.12": 1.35073955960908, "5410129.01": -0.47876844457183576, "5410002.13": 1.318291473219784, "5410002.09": 0.7119089749131485, "5410001.01": -0.6987520448865215, "5410008.04": 0.4340794637901354, "5410002.07": 0.3695840661975028, "5410008.05": 0.03910393230165423, "5410002.04": 0.32024034962254805, "5410002.06": 0.45756781340937247, "5410002.01": 0.13078890020265094, "5410002.02": -0.033746974385719955, "5410025.0": -4.823352523377523, "5410008.02": 0.07782759004599651, "5410008.06": -0.2324161775553786, "5410003.0": -0.7164360027563401, "5410002.03": -0.14948008398041368, "5410009.05": -0.2654131296909558, "5410100.0": -1.163227382439211, "5410013.0": -0.8416111724560519, "5410017.0": -0.4277583059309615, "5410014.04": -0.20934301330570523, "5410020.0": -0.4300654477096353, "5410014.09": 1.0196952015962504, "5410110.0": 1.4991570837535744}