{"5410140.01": -1.8225184522734168, "5410151.0": -0.6997406507988336, "5410002.15": -1.8543425232541202, "5410001.06": 0.23306688681237092, "5410002.14": -1.458898470665283, "5410001.05": 0.46750413098710575, "5410001.03": 0.025633498541809997, "5410009.04": 0.7187473517199164, "5410008.01": 0.04205200660288374, "5410009.01": 0.6398864124533158, "5410005.02": 0.7116131111152642, "5410007.0": 0.919162615202598, "5410005.01": 1.015322377550543, "5410006.0": 1.9844105501896245, "5410009.02": 1.0306218618341831, "5410004.01": -0.05333047179354269, "5410010.0": 0.6858977246033963, "5410011.0": 1.4245217374861905, "5410019.0": 1.3148706740666105, "5410004.02": 0.2226624595924502, "5410012.0": 1.506137359511014, "5410018.0": 0.8127894026726329, "5410014.06": -0.5287077164341512, "5410130.01": 0.5017830300533931, "5410016.0": 0.3882310176284641, "5410014.02": 0.030597665539080544, "5410021.0": -0.037083011734152016, "5410015.0": 0.16894854747057192, "5410102.0": 0.6016205542974249, "5410014.08": -1.5702686897466858, "5410103.0": 0.1253975056240427, "5410023.0": -0.6757929746337418, "5410022.0": -0.401417956425949, "5410014.03": -1.3205386330074187, "5410107.01": -0.915061560598986, "5410024.0": -0.5867411481941488, "5410108.02": 0.10735869949772046, "5410002.12": -1.1950528705710721, "5410129.01": 0.7990929614775485, "5410002.13": -1.041321885563597, "5410002.09": -1.2940557816374547, "5410001.01": 0.8043869241595306, "5410008.04": -1.00615792481049, "5410002.07": -0.38920279681222186, "5410008.05": -0.5775616728887931, "5410002.04": 0.14162874127540714, "5410002.06": -0.7091612025209363, "5410002.01": 0.2852220253756923, "5410002.02": 0.2458422339053157, "5410025.0": -3.281644621227551, "5410008.02": -0.4390869731257444, "5410008.06": -0.4024837666312986, "5410003.0": 1.3024126342555982, "5410002.03": 0.9620369111048103, "5410009.05": 0.1811901649474919, "5410100.0": 1.2470384134798556, "5410013.0": 1.3190188588625602, "5410017.0": 0.768042252579523, "5410014.04": 0.4692571699002011, "5410020.0": 0.7106381594123435, "5410014.09": -1.0352667769401758, "5410110.0": -1.6192060994987714}