{"5410140.01": 2.706198897620181, "5410151.0": 0.5259838050997185, "5410002.15": 1.9179541294237017, "5410001.06": -0.7850343390567064, "5410002.14": 1.9640273362287586, "5410001.05": 0.012975259223125231, "5410001.03": 0.33525086169188156, "5410009.04": -0.838723882937411, "5410008.01": 0.06990782594576896, "5410009.01": -0.31511529138625505, "5410005.02": -0.07260887096201296, "5410007.0": -0.7569975629869902, "5410005.01": -0.9402794111920278, "5410006.0": -1.7865744288360017, "5410009.02": -0.9441765542815131, "5410004.01": 0.04502132100469458, "5410010.0": 0.1919065347403806, "5410011.0": -1.1428090609498585, "5410019.0": -1.5713105674097132, "5410004.02": -0.23635645361431282, "5410012.0": -1.3837102024006702, "5410018.0": -0.23663893068181202, "5410014.06": 0.7064102317925834, "5410130.01": -0.9420573532173865, "5410016.0": -0.15573751980776943, "5410014.02": 0.1767550242065611, "5410021.0": 0.5104211912405487, "5410015.0": -0.35765148486086357, "5410102.0": -0.5435982605023981, "5410014.08": 1.9690173679066905, "5410103.0": 0.634840355662364, "5410023.0": 1.170212228598497, "5410022.0": 1.2160050322109017, "5410014.03": 1.349398338564893, "5410107.01": 1.1406105338154096, "5410024.0": 0.5728240773938921, "5410108.02": -0.428792000220869, "5410002.12": -0.3450490303073572, "5410129.01": -1.8313219146686621, "5410002.13": 0.6495423272807388, "5410002.09": 1.4312571546438033, "5410001.01": -1.1736354092053514, "5410008.04": -0.5155609332910296, "5410002.07": 0.6081725947729156, "5410008.05": 0.3634545904248839, "5410002.04": 0.01122943843837957, "5410002.06": 0.20414214536200498, "5410002.01": 0.03831337775170292, "5410002.02": -0.02914681512177081, "5410025.0": -0.8116041571613097, "5410008.02": -0.04689544762594667, "5410008.06": 0.09590476263820998, "5410003.0": -1.274356253004245, "5410002.03": -0.6903242743125647, "5410009.05": -0.29914884243010753, "5410100.0": -1.418124413470903, "5410013.0": -1.0285365741657733, "5410017.0": -0.1924480402968538, "5410014.04": -0.6941592468702228, "5410020.0": -0.2921579322617109, "5410014.09": 1.2889436955395663, "5410110.0": 2.173961020275628}