{"5410140.01": -2.8851355142998862, "5410151.0": -1.078748635423836, "5410002.15": -1.9585173636502184, "5410001.06": -0.1205740985596632, "5410002.14": -1.491619603109775, "5410001.05": -0.711856134228615, "5410001.03": -0.6073464845479812, "5410009.04": 0.5391761778369666, "5410008.01": -0.353763529882957, "5410009.01": 0.3368683782630476, "5410005.02": 0.32978931651254056, "5410007.0": 1.1783554699636496, "5410005.01": 1.4041933828197921, "5410006.0": 1.802717229437718, "5410009.02": 0.6445460412494887, "5410004.01": -0.013591733139514476, "5410010.0": -0.20335552066660692, "5410011.0": 1.3446132411432006, "5410019.0": 0.9955002120035195, "5410004.02": 0.7845052445158558, "5410012.0": 1.2614062860768254, "5410018.0": 0.1562132887386375, "5410014.06": -0.28146768697065266, "5410130.01": 0.3159325378454971, "5410016.0": 0.05747864704089903, "5410014.02": 0.9160714487161931, "5410021.0": 0.06243754979576007, "5410015.0": 0.5652559032437933, "5410102.0": 1.4113495878281888, "5410014.08": -1.2880002621150017, "5410103.0": 0.28994865932118713, "5410023.0": -0.8637875317213111, "5410022.0": -0.4504064952454868, "5410014.03": -1.2326713487785468, "5410107.01": -1.3688030529121318, "5410024.0": -0.24459370869304614, "5410108.02": -0.3084403128065158, "5410002.12": -1.7103170967805914, "5410129.01": 0.6575734328513161, "5410002.13": -1.8410725289537513, "5410002.09": -1.2722702868208051, "5410001.01": 0.5444439601424969, "5410008.04": -0.6520414670955647, "5410002.07": -0.5344297100640982, "5410008.05": 0.16048003689456938, "5410002.04": 0.11910354739263714, "5410002.06": -0.5294085298406419, "5410002.01": -0.048019572851177444, "5410002.02": 0.40453073862265587, "5410025.0": 1.27599377828065, "5410008.02": -0.10188524268532338, "5410008.06": -0.13568341303611903, "5410003.0": 1.301667861333041, "5410002.03": 1.110699293239149, "5410009.05": 0.4091176154922982, "5410100.0": 1.3182889011797376, "5410013.0": 1.2985629288043767, "5410017.0": 0.43842404768331017, "5410014.04": 0.7732914797837179, "5410020.0": 0.7340678093680041, "5410014.09": -0.9027239663608672, "5410110.0": -1.7520732021800642}