{"5410140.01": -2.569405465073732, "5410151.0": 0.4223123446912152, "5410002.15": -2.2864615567440527, "5410001.06": -0.413549492986525, "5410002.14": -1.992712939935811, "5410001.05": 0.24489670586165432, "5410001.03": -0.8757751440668058, "5410009.04": 0.9056855895968291, "5410008.01": 0.021754319630129745, "5410009.01": 0.9250331758883926, "5410005.02": -0.7835039089054955, "5410007.0": 0.3268194343331269, "5410005.01": -0.5735764947037258, "5410006.0": 0.6961258976041931, "5410009.02": 0.070459615163512, "5410004.01": 0.015194035731282323, "5410010.0": 0.6772862212585393, "5410011.0": 0.7240320246764221, "5410019.0": 1.190264196098512, "5410004.02": -0.20405576630555086, "5410012.0": 0.9885169598840748, "5410018.0": 0.6879320416172869, "5410014.06": -0.8948865472525507, "5410130.01": -0.016193472673129875, "5410016.0": 0.6484010448505002, "5410014.02": -0.04917523223436193, "5410021.0": -0.3956813509673064, "5410015.0": -0.15170379868274678, "5410102.0": 2.0151638220256998, "5410014.08": 0.10247945634713607, "5410103.0": 1.3323193426299227, "5410023.0": -0.37407698923682015, "5410022.0": -0.09832016535612059, "5410014.03": -0.8788005421124523, "5410107.01": -1.8044093064277118, "5410024.0": 0.2709983327524194, "5410108.02": 1.2099120241077888, "5410002.12": -1.6550785679716107, "5410129.01": 0.7013910177598034, "5410002.13": -1.6666752970515644, "5410002.09": 0.19401100452997075, "5410001.01": -0.21492969437554268, "5410008.04": -0.3006017907998017, "5410002.07": -1.3607769918509067, "5410008.05": 0.5017292768609455, "5410002.04": -1.2525578622133493, "5410002.06": 0.06630524823587892, "5410002.01": -0.5069088483815347, "5410002.02": 0.15845691445489443, "5410025.0": 2.4681513447080548, "5410008.02": -0.08404493215802916, "5410008.06": 0.2043747187176101, "5410003.0": 0.5796173087012634, "5410002.03": -0.13919824379848528, "5410009.05": 0.0763445261777947, "5410100.0": 1.6933312377770642, "5410013.0": 0.00465862437238003, "5410017.0": 0.49816158296243856, "5410014.04": 0.45369873735817307, "5410020.0": 1.8923020981653118, "5410014.09": -0.27155999141889137, "5410110.0": -1.1534998318455585}