{"5410140.01": 1.9573548438153043, "5410151.0": -0.4130266067473967, "5410002.15": 0.24771699806354977, "5410001.06": 0.5576788964285943, "5410002.14": 2.3742583265473938, "5410001.05": -1.9177471665005943, "5410001.03": 0.49234668732657516, "5410009.04": -0.5487836584047119, "5410008.01": 0.2710672943391512, "5410009.01": -1.137233653333033, "5410005.02": 0.28244122734085636, "5410007.0": -0.7596668662543812, "5410005.01": 0.6079806591085143, "5410006.0": -1.7485076107830535, "5410009.02": -1.048217618974952, "5410004.01": 0.4550957586685319, "5410010.0": -0.7681185546206222, "5410011.0": -0.6359016962291177, "5410019.0": -1.8876587809548098, "5410004.02": 0.3372699647241013, "5410012.0": -1.5422389109444652, "5410018.0": -0.35908773647286113, "5410014.06": 0.4687951152591749, "5410130.01": -0.5941759907188853, "5410016.0": 0.047885030776405914, "5410014.02": -0.6672673697483871, "5410021.0": 1.253867418535452, "5410015.0": 0.12379633178588964, "5410102.0": -0.7565940855663544, "5410014.08": 1.1074135988048037, "5410103.0": 1.6241493088827226, "5410023.0": 1.6223178895611217, "5410022.0": 0.35037023525062766, "5410014.03": 1.0184633802882819, "5410107.01": 0.8175966052725969, "5410024.0": 0.6130900879152408, "5410108.02": -0.8470524154190403, "5410002.12": 0.29029164943488683, "5410129.01": -0.8110147591507249, "5410002.13": 0.26411045318705323, "5410002.09": 0.6811131568874693, "5410001.01": -0.7926013694147291, "5410008.04": 1.0995330668082604, "5410002.07": 0.35539069518442595, "5410008.05": 0.14739935091062004, "5410002.04": -0.1090227892124374, "5410002.06": 1.2778056382683336, "5410002.01": 0.394836601785604, "5410002.02": 0.22706287208101567, "5410025.0": -2.470161687861778, "5410008.02": 0.41797216318726765, "5410008.06": 2.319538373526824, "5410003.0": -0.940514501529125, "5410002.03": 0.2156241346102426, "5410009.05": -0.23055733386818023, "5410100.0": -0.9146501218376243, "5410013.0": -0.8485752263847341, "5410017.0": -0.9733433977971425, "5410014.04": -0.8771771243426875, "5410020.0": 0.2096271280496163, "5410014.09": -0.2491725087641385, "5410110.0": 0.3168085992195024}