{"5410140.01": -2.353020268563587, "5410151.0": -0.2243059913648916, "5410002.15": -2.3008852009539047, "5410001.06": 0.45783519764993, "5410002.14": -1.628380207000514, "5410001.05": 0.27658431972362085, "5410001.03": -0.03807852181049387, "5410009.04": 1.108164712876042, "5410008.01": -0.2914961519664922, "5410009.01": -0.17069475006998763, "5410005.02": 0.36014679044118697, "5410007.0": 1.0283689235990119, "5410005.01": 1.2073213069505029, "5410006.0": 2.033625231256513, "5410009.02": 0.315570309536606, "5410004.01": 0.24529524669754857, "5410010.0": 0.10187974028204953, "5410011.0": 1.4050668222781377, "5410019.0": 0.7487790113797168, "5410004.02": 0.5200263446395538, "5410012.0": 1.6402774218924008, "5410018.0": 0.5203021490629937, "5410014.06": -0.6567167837595108, "5410130.01": 1.2090572506133077, "5410016.0": 0.44131178294549284, "5410014.02": 0.11667334340181301, "5410021.0": -0.2091109959599909, "5410015.0": 0.33950204711101334, "5410102.0": 0.8200105173566106, "5410014.08": -1.633252364666484, "5410103.0": -0.3305911437538781, "5410023.0": -0.8533165177041351, "5410022.0": -0.8980276084479333, "5410014.03": -1.3272240220196243, "5410107.01": -0.8244140710922324, "5410024.0": -0.2700398075936436, "5410108.02": 0.7079161986760848, "5410002.12": -1.1675732640538787, "5410129.01": 1.3598258323743586, "5410002.13": -1.0624356911545827, "5410002.09": -1.108195067517542, "5410001.01": 1.4351649937248392, "5410008.04": -1.7170115425928476, "5410002.07": -0.30455332595276274, "5410008.05": -1.1402833240927808, "5410002.04": 0.2782889009104357, "5410002.06": -0.5079750622070609, "5410002.01": 0.25184473560911036, "5410002.02": 0.3177113907868467, "5410025.0": -0.9751237082999117, "5410008.02": -0.11339039821613382, "5410008.06": 0.19561376845723003, "5410003.0": 1.533506620173419, "5410002.03": 0.9632705844507582, "5410009.05": -0.31422062444850246, "5410100.0": 0.33054458014082205, "5410013.0": 1.2934936683527303, "5410017.0": 0.47715513131813825, "5410014.04": 0.6082700355661562, "5410020.0": 0.5745096865322991, "5410014.09": -0.9692433222186424, "5410110.0": -1.8333548592853297}