{"5410140.01": 2.095897072025867, "5410151.0": 0.5499766675536713, "5410002.15": 2.3664687119798926, "5410001.06": -0.11795042861956499, "5410002.14": 1.469503500959071, "5410001.05": 0.4524308081749071, "5410001.03": 0.23486293677558912, "5410009.04": -0.5198213367468042, "5410008.01": 0.4322555499697768, "5410009.01": -0.009940851042708138, "5410005.02": -0.26008981143131704, "5410007.0": -0.7158810933092558, "5410005.01": -1.1240011930647542, "5410006.0": -1.442824663360138, "5410009.02": -0.6623106802636992, "5410004.01": -0.14906563160266348, "5410010.0": 0.13551355019530517, "5410011.0": -1.3364338436376866, "5410019.0": -1.2743265646769368, "5410004.02": -0.6461766101843833, "5410012.0": -1.4334438198955417, "5410018.0": -0.4176046113770388, "5410014.06": 0.8075841907698472, "5410130.01": -0.8240503798753891, "5410016.0": -0.7583071894596506, "5410014.02": 0.3188566081870698, "5410021.0": -0.2860249156115618, "5410015.0": -0.2830485607363711, "5410102.0": -0.7184627232083285, "5410014.08": 1.6159701090028593, "5410103.0": 0.010681406620577389, "5410023.0": 0.455449654550067, "5410022.0": 1.1165765215996508, "5410014.03": 1.1513096045938886, "5410107.01": 1.104593865110029, "5410024.0": 0.33665478723621667, "5410108.02": 0.15929395573984778, "5410002.12": 1.420950254360584, "5410129.01": -0.7369761166610025, "5410002.13": 1.3068198371916337, "5410002.09": 0.8698494657769567, "5410001.01": -0.9602734910582267, "5410008.04": 0.5775005075401514, "5410002.07": 0.4031522353702924, "5410008.05": 0.1148390373272648, "5410002.04": 0.2881148689839883, "5410002.06": 0.570636265216734, "5410002.01": 0.038203409044900855, "5410002.02": -0.0090214914685778, "5410025.0": -3.633352283658193, "5410008.02": 0.14778100704535263, "5410008.06": -0.17480192525116428, "5410003.0": -0.9367831245558821, "5410002.03": -0.2383887882337317, "5410009.05": -0.3619935457552167, "5410100.0": -1.3190940454123286, "5410013.0": -1.018582204572043, "5410017.0": -0.4613101837380249, "5410014.04": -0.22781752412301648, "5410020.0": -0.41962415013194987, "5410014.09": 1.1235395901788159, "5410110.0": 1.8025178036425962}