{"5410140.01": -0.26682368829210634, "5410151.0": 0.2572643149709345, "5410002.15": -0.7981849797051951, "5410001.06": 0.3104113425860359, "5410002.14": -0.10204060033511207, "5410001.05": -0.5361547274547086, "5410001.03": 0.13240770438521163, "5410009.04": 0.22325819923983645, "5410008.01": -0.3387010122399712, "5410009.01": -0.35850854202002685, "5410005.02": 0.07013051182507897, "5410007.0": 0.19508569158766131, "5410005.01": 0.7902027218058422, "5410006.0": 0.023438186093574457, "5410009.02": 0.007346569003717454, "5410004.01": 0.5643148992918563, "5410010.0": -0.6275890424653252, "5410011.0": 0.3311341757505059, "5410019.0": 0.6078134271145739, "5410004.02": 0.8901929409816577, "5410012.0": 0.4348361211567251, "5410018.0": -0.07469909669540876, "5410014.06": -0.27965922532989596, "5410130.01": 0.8618584548074207, "5410016.0": 0.6858228692420066, "5410014.02": -0.2996974509429237, "5410021.0": 0.45959741957211686, "5410015.0": 0.29981511532963356, "5410102.0": 0.4076781489949039, "5410014.08": -0.2805879764306519, "5410103.0": -0.03887118347233571, "5410023.0": 0.24144231239379577, "5410022.0": -0.9099369094563282, "5410014.03": 0.052696347696254066, "5410107.01": -0.31437404777279904, "5410024.0": 0.2905774470319663, "5410108.02": -0.14529825117194886, "5410002.12": -0.29455865803069714, "5410129.01": 0.47614841166182015, "5410002.13": -0.292138599358398, "5410002.09": 0.45757203631927373, "5410001.01": 0.8128887228371212, "5410008.04": 0.5318055399238885, "5410002.07": 0.18898540312398904, "5410008.05": 0.6544525574822576, "5410002.04": -0.17913726116767073, "5410002.06": 0.30090617199406233, "5410002.01": -0.00935990685567118, "5410002.02": -0.051429700625434345, "5410025.0": -7.096754794721287, "5410008.02": 0.4660464524374509, "5410008.06": 0.8628136897316643, "5410003.0": 0.2484204326759651, "5410002.03": -0.40732229451935, "5410009.05": 0.594743178005198, "5410100.0": 0.5840511981625973, "5410013.0": 0.08096279101323328, "5410017.0": -0.06985685111586346, "5410014.04": 0.009812048599613049, "5410020.0": -0.01583934978731522, "5410014.09": -0.13775447273589153, "5410110.0": -0.481654932127051}