{"5410140.01": -0.07048401391431366, "5410151.0": 0.22346466522595762, "5410002.15": -0.5284659258597534, "5410001.06": 0.2667953713218775, "5410002.14": 0.026037820490339, "5410001.05": -0.6103304853404382, "5410001.03": 0.07701906171401522, "5410009.04": 0.0881677758097484, "5410008.01": -0.24651491820162022, "5410009.01": -0.3838925139176331, "5410005.02": 0.021691176659477125, "5410007.0": 0.09651690527373613, "5410005.01": 0.5884142251620713, "5410006.0": -0.15417604291588133, "5410009.02": -0.10906472980387419, "5410004.01": 0.501824107612528, "5410010.0": -0.5431182291140831, "5410011.0": 0.27146375939436185, "5410019.0": 0.3932093110161164, "5410004.02": 0.8171573637092046, "5410012.0": 0.3083771292100447, "5410018.0": -0.04303239768017863, "5410014.06": -0.1858019389622529, "5410130.01": 0.6560037541680017, "5410016.0": 0.7264534327605017, "5410014.02": -0.24485535808009434, "5410021.0": 0.59578944967517, "5410015.0": 0.33785646386853463, "5410102.0": 0.4134522976781894, "5410014.08": -0.05833662977833652, "5410103.0": 0.13590285736701593, "5410023.0": 0.42761237553481335, "5410022.0": -0.6500613397843025, "5410014.03": 0.24316320581599404, "5410107.01": -0.14590911447909075, "5410024.0": 0.36075717434326476, "5410108.02": -0.2086279292092436, "5410002.12": -0.1897749570764334, "5410129.01": 0.28740519632045897, "5410002.13": -0.23237578164329428, "5410002.09": 0.5702379904042517, "5410001.01": 0.5574126975881025, "5410008.04": 0.6079667459836725, "5410002.07": 0.16644802648017484, "5410008.05": 0.640885525065882, "5410002.04": -0.2776602825620521, "5410002.06": 0.32577308007721384, "5410002.01": -0.04089400031729396, "5410002.02": -0.045257925438402305, "5410025.0": -7.28681853438343, "5410008.02": 0.48174562991727055, "5410008.06": 0.811371455685703, "5410003.0": 0.034525203046768815, "5410002.03": -0.4997199990563583, "5410009.05": 0.4741981547450059, "5410100.0": 0.41300825578972594, "5410013.0": 0.023242540788005448, "5410017.0": 0.030540950570986658, "5410014.04": -0.008240575570501224, "5410020.0": 0.013915034258939422, "5410014.09": -0.020000993637655735, "5410110.0": -0.23239155380662221}