{"5410140.01": -1.8343704796346738, "5410151.0": -1.1827137295669867, "5410002.15": -1.473395487261013, "5410001.06": -0.4639455968342174, "5410002.14": -1.2342583194962728, "5410001.05": -0.14625056219486943, "5410001.03": -0.4118343556081726, "5410009.04": 0.3176437087990678, "5410008.01": 0.5072584918668146, "5410009.01": 0.6530647490428694, "5410005.02": 0.5559004605973019, "5410007.0": 0.9992326123576792, "5410005.01": 0.5796334937062418, "5410006.0": 1.9635774563907686, "5410009.02": 0.9672517569255498, "5410004.01": -0.5113235039553102, "5410010.0": 1.4462181324591858, "5410011.0": 1.830854888225497, "5410019.0": 0.7603463051769245, "5410004.02": -0.03031703363551499, "5410012.0": 1.637470817046247, "5410018.0": 1.3588395746469384, "5410014.06": -0.20808607932642698, "5410130.01": -0.3698942678335609, "5410016.0": 0.7602001292133495, "5410014.02": 0.3426615185607746, "5410021.0": 0.7462323113583185, "5410015.0": 0.4612840882298879, "5410102.0": 0.8015070923359958, "5410014.08": -1.2570547917051367, "5410103.0": 1.071757257347174, "5410023.0": -0.1091672257319736, "5410022.0": 0.48335980783379323, "5410014.03": -1.009701772924687, "5410107.01": -0.7897790128846994, "5410024.0": -0.5407930521995568, "5410108.02": -0.4173510748610168, "5410002.12": -1.251736266054719, "5410129.01": -0.1404924048209333, "5410002.13": -1.1347740260150208, "5410002.09": -1.325096985057343, "5410001.01": -0.22852122116367615, "5410008.04": -1.2598406257703967, "5410002.07": -0.44452305728382147, "5410008.05": -0.9808539820557891, "5410002.04": -0.06777165520746581, "5410002.06": -0.8408507211508821, "5410002.01": 0.0724631105772108, "5410002.02": 0.3123490803857808, "5410025.0": -2.670594724057887, "5410008.02": -0.6064383110788565, "5410008.06": -0.8474222305625508, "5410003.0": 0.7230894397909412, "5410002.03": 0.9813709703458815, "5410009.05": -0.25263052764536587, "5410100.0": 1.0478024069261311, "5410013.0": 1.6719448239620556, "5410017.0": 1.45458445867042, "5410014.04": 0.4736271373451102, "5410020.0": 1.1458173461631223, "5410014.09": -1.0331024011653538, "5410110.0": -1.0524579415428696}