{"5410140.01": 2.7537191122014963, "5410151.0": 1.0824052561805777, "5410002.15": 1.8493738590986537, "5410001.06": 0.3017895923728442, "5410002.14": 1.4346002318763151, "5410001.05": 0.6814058462841917, "5410001.03": 0.41167569156408207, "5410009.04": -0.9044835553661863, "5410008.01": -0.21826217825084232, "5410009.01": -0.6560261962459126, "5410005.02": -0.6222715967009175, "5410007.0": -1.4955519309110668, "5410005.01": -1.6763941699700746, "5410006.0": -1.967257732246055, "5410009.02": -0.9569563363975239, "5410004.01": 0.18532447727245582, "5410010.0": -0.23479497496515442, "5410011.0": -1.2406528155585324, "5410019.0": -1.0447937484951735, "5410004.02": -1.0987982548191362, "5410012.0": -0.8215510508269802, "5410018.0": -0.18515306127742634, "5410014.06": 0.13731371877977266, "5410130.01": -0.16274408213861397, "5410016.0": 0.07029722790323084, "5410014.02": -1.0128078697278993, "5410021.0": -0.04101543770073529, "5410015.0": -0.684077652386056, "5410102.0": -0.8874802232979875, "5410014.08": 1.5912426933904047, "5410103.0": 0.09258656527645863, "5410023.0": 0.6316412803403251, "5410022.0": 0.8332226861447996, "5410014.03": 1.1438330993305756, "5410107.01": 1.5523390603144236, "5410024.0": 0.2596655937154612, "5410108.02": 0.7788792359756106, "5410002.12": 1.835499201078246, "5410129.01": -0.28228967199364613, "5410002.13": 1.7475866078374795, "5410002.09": 0.9326854303819504, "5410001.01": -0.6449806987513423, "5410008.04": 0.8799332885319711, "5410002.07": -0.06688195131001401, "5410008.05": 0.08961983940839541, "5410002.04": -0.34654485906046056, "5410002.06": 0.45201475990393225, "5410002.01": 0.09816918813646379, "5410002.02": -0.6029413508543041, "5410025.0": 0.44154975809358893, "5410008.02": -0.07208665797459449, "5410008.06": 0.07760857357200522, "5410003.0": -1.522292817132595, "5410002.03": -1.3109827140525874, "5410009.05": -0.7423165740017054, "5410100.0": -0.900395390833109, "5410013.0": -1.1078395406185857, "5410017.0": -0.23090602891024287, "5410014.04": -0.6374943880585021, "5410020.0": -0.5531665744777462, "5410014.09": 0.8958839745027908, "5410110.0": 1.69032623584318}