{"5410140.01": 1.9679940538272092, "5410151.0": 1.26504704811515, "5410002.15": 1.9507779388880808, "5410001.06": 0.6951510038656868, "5410002.14": 1.211744759043346, "5410001.05": 0.7550039222614054, "5410001.03": 0.6865931124568107, "5410009.04": 0.3819301598890716, "5410008.01": 0.5487237623240687, "5410009.01": 0.40305035273451006, "5410005.02": -0.3065054741149813, "5410007.0": -0.9579647549755022, "5410005.01": -0.41394141436043114, "5410006.0": -1.0314430786753361, "5410009.02": -0.07055950809955501, "5410004.01": 0.5930170303100748, "5410010.0": -0.46739047247860505, "5410011.0": -1.7544033941847978, "5410019.0": -0.4450798613008926, "5410004.02": -0.4741805997039624, "5410012.0": -1.7139132210063306, "5410018.0": -1.0486690542433017, "5410014.06": 0.8170296130496465, "5410130.01": 0.37815372155878996, "5410016.0": -1.7118615986929637, "5410014.02": -0.3984245453309638, "5410021.0": -1.6940143228909856, "5410015.0": -0.988964991720253, "5410102.0": -1.1476391707758506, "5410014.08": 1.3167451778047639, "5410103.0": -2.060079981617686, "5410023.0": -1.1120284172558166, "5410022.0": -0.4326040352062233, "5410014.03": 0.2507004754341289, "5410107.01": 0.4293002970483935, "5410024.0": -0.9944642840761212, "5410108.02": 0.4402496925530693, "5410002.12": 1.8350129062086518, "5410129.01": 0.328366709633521, "5410002.13": 1.5418154097389716, "5410002.09": 1.384606921592858, "5410001.01": 0.27394766982368, "5410008.04": 1.4030922243730815, "5410002.07": 0.25763115474154724, "5410008.05": 0.799078113309394, "5410002.04": -0.14161887662840844, "5410002.06": 0.8417630051964307, "5410002.01": -0.4900571806189484, "5410002.02": -0.4648116104985298, "5410025.0": 0.17002648842326057, "5410008.02": 0.7114627056102752, "5410008.06": 0.781742130941284, "5410003.0": -0.22009616121775655, "5410002.03": -0.5745975422285771, "5410009.05": 0.8266877885301314, "5410100.0": -1.4296047175492201, "5410013.0": -0.959355012273527, "5410017.0": -1.1821231686193323, "5410014.04": -0.25058570840677036, "5410020.0": -1.238888756482988, "5410014.09": 0.9940836551203173, "5410110.0": -0.06465808917315269}