{"5410140.01": 1.9680564680756092, "5410151.0": 0.5357031623890209, "5410002.15": 2.0973109843705586, "5410001.06": -0.10435689536614, "5410002.14": 1.5223577460863114, "5410001.05": 0.39467421984858236, "5410001.03": 0.10045644589999918, "5410009.04": -0.5568066341711421, "5410008.01": 0.5328367893836891, "5410009.01": -0.12401579814911944, "5410005.02": -0.16014875696393865, "5410007.0": -0.6720219463299949, "5410005.01": -1.0298686933592165, "5410006.0": -1.3976538533784153, "5410009.02": -0.6936054562787635, "5410004.01": -0.136559151377378, "5410010.0": -0.048698562182088886, "5410011.0": -1.3314215526035946, "5410019.0": -1.4556940877769278, "5410004.02": -0.541942528156949, "5410012.0": -1.3418216926397986, "5410018.0": -0.650549016996524, "5410014.06": 0.857418944721335, "5410130.01": -0.7492199446503969, "5410016.0": -0.6684225342111394, "5410014.02": 0.27866633891329523, "5410021.0": -0.3091878597931765, "5410015.0": -0.22660249297886176, "5410102.0": -0.7607530667588494, "5410014.08": 1.5073475663904485, "5410103.0": -0.11279171092721287, "5410023.0": 0.4199470379803443, "5410022.0": 0.9387660554857696, "5410014.03": 1.108327274084279, "5410107.01": 0.816411923246864, "5410024.0": 0.4303505417651983, "5410108.02": -0.06121816816125404, "5410002.12": 1.5329324611131396, "5410129.01": -0.8001062906092987, "5410002.13": 1.6270906091002033, "5410002.09": 1.0163308922571632, "5410001.01": -1.0712875695299355, "5410008.04": 0.6073983834960828, "5410002.07": 0.5238776436550164, "5410008.05": 0.19960765216394144, "5410002.04": 0.4253739691030412, "5410002.06": 0.8576627592233994, "5410002.01": 0.1655982208323703, "5410002.02": 0.13392310178422911, "5410025.0": -3.6802496426251388, "5410008.02": 0.40055512267146415, "5410008.06": 0.16760191709781483, "5410003.0": -0.8708722541318721, "5410002.03": -0.26204583265211234, "5410009.05": -0.3458792873485283, "5410100.0": -1.5062154602362465, "5410013.0": -0.9622256186112035, "5410017.0": -0.5277619806976476, "5410014.04": -0.12410441984741793, "5410020.0": -0.6189547625597165, "5410014.09": 1.049284007413005, "5410110.0": 1.687195283507775}