{"5410140.01": 2.5187386394825824, "5410151.0": 0.6478497046828956, "5410002.15": 2.4471868651620428, "5410001.06": 0.02023842098687722, "5410002.14": 1.4071430568029288, "5410001.05": 0.870497932025213, "5410001.03": 0.44121335962112634, "5410009.04": -0.6213427829150984, "5410008.01": 0.2473706459355616, "5410009.01": -0.1277836409588816, "5410005.02": -0.3617006861519598, "5410007.0": -0.9339330536789114, "5410005.01": -1.3057256225852374, "5410006.0": -1.5471738744350816, "5410009.02": -0.6033346600215772, "5410004.01": -0.15118923762456898, "5410010.0": 0.04396703415389749, "5410011.0": -1.303091785410236, "5410019.0": -1.2183149537178415, "5410004.02": -0.8375267741951835, "5410012.0": -1.3616588288700748, "5410018.0": -0.3329366362137736, "5410014.06": 0.5750733005731694, "5410130.01": -0.7687235342183866, "5410016.0": -0.7015120662524316, "5410014.02": -0.016360417322576867, "5410021.0": -0.22439572688875944, "5410015.0": -0.4945397718387015, "5410102.0": -0.5593792229532658, "5410014.08": 1.517942131855177, "5410103.0": 0.21713289338108355, "5410023.0": 0.5932461116794556, "5410022.0": 1.1428655234545484, "5410014.03": 1.0260358992920655, "5410107.01": 1.3681790724448575, "5410024.0": 0.30009192169492094, "5410108.02": 0.3752659216376609, "5410002.12": 1.5819190945518684, "5410129.01": -0.5129111929757288, "5410002.13": 1.4513686790972957, "5410002.09": 0.7596227500643841, "5410001.01": -0.825036101758102, "5410008.04": 0.5265622847782786, "5410002.07": 0.22513778701991777, "5410008.05": 0.05379244921434788, "5410002.04": 0.11275502438139594, "5410002.06": 0.3859054182419936, "5410002.01": 0.06646040308887859, "5410002.02": -0.2899321468103277, "5410025.0": -3.1207696715506295, "5410008.02": -0.005148463930056001, "5410008.06": -0.2966437619621183, "5410003.0": -1.0562171529158784, "5410002.03": -0.605384931498744, "5410009.05": -0.5474069050473181, "5410100.0": -1.0524152018016102, "5410013.0": -1.030477354883306, "5410017.0": -0.3406419469409373, "5410014.04": -0.45083986345733007, "5410020.0": -0.2142542199904734, "5410014.09": 1.073577542004654, "5410110.0": 1.8215623244659542}