{"5410140.01": -1.7745433112241238, "5410151.0": -0.5732153497145343, "5410002.15": -1.6096514262972033, "5410001.06": 0.0997205959372168, "5410002.14": -1.2311369775131966, "5410001.05": 0.30271746992396453, "5410001.03": -0.05914073632690586, "5410009.04": 0.8548753912402358, "5410008.01": 0.2306981518470098, "5410009.01": 0.8198300119371906, "5410005.02": 0.4880524317513, "5410007.0": 0.924358620951539, "5410005.01": 0.8164634504680717, "5410006.0": 1.7338007798071315, "5410009.02": 1.0350535712331796, "5410004.01": -0.08437617562966403, "5410010.0": 0.6998918311838689, "5410011.0": 1.1232252086219838, "5410019.0": 1.2853529256212843, "5410004.02": 0.15545590515579252, "5410012.0": 1.1785536061579265, "5410018.0": 0.6380737741223718, "5410014.06": -0.38858220579562547, "5410130.01": 0.3984605994340294, "5410016.0": 0.19375536504512558, "5410014.02": 0.1986976635484549, "5410021.0": -0.17600829398227594, "5410015.0": 0.2061168466498781, "5410102.0": 0.40734879150473463, "5410014.08": -1.2853879660140468, "5410103.0": -0.12171172066906547, "5410023.0": -0.7760861544706946, "5410022.0": -0.33785654750495503, "5410014.03": -1.1203753792561353, "5410107.01": -0.8456961941105018, "5410024.0": -0.43793129635906064, "5410108.02": 0.1903563932468792, "5410002.12": -0.9805056800054133, "5410129.01": 0.6458492042305345, "5410002.13": -0.7804815284873794, "5410002.09": -1.0433895563497377, "5410001.01": 0.64658122112108, "5410008.04": -0.7665560018264318, "5410002.07": -0.13705140272627162, "5410008.05": -0.33639144950808325, "5410002.04": 0.38241353644163323, "5410002.06": -0.4433889859640193, "5410002.01": 0.308057613077461, "5410002.02": 0.4800956255046773, "5410025.0": -4.839062066779954, "5410008.02": -0.1768938895834783, "5410008.06": -0.07739963731393246, "5410003.0": 1.135062587398267, "5410002.03": 1.1423333824155812, "5410009.05": 0.4092685956532576, "5410100.0": 1.024992767466159, "5410013.0": 1.06898549291266, "5410017.0": 0.4893196761864881, "5410014.04": 0.49489811296727715, "5410020.0": 0.4179264054999156, "5410014.09": -0.8318480700328547, "5410110.0": -1.3919756028186314}