{"5410140.01": 2.553000419962219, "5410151.0": 1.1855407187413727, "5410002.15": 1.933716823392589, "5410001.06": 0.43584334626006976, "5410002.14": 1.2994417418963533, "5410001.05": 0.7379247493955634, "5410001.03": 0.5134744421071524, "5410009.04": -0.8695155579962462, "5410008.01": -0.3601739674147866, "5410009.01": -0.7853918791791205, "5410005.02": -0.8422778937287643, "5410007.0": -1.4527160795718217, "5410005.01": -1.65731300433594, "5410006.0": -2.0860488631525884, "5410009.02": -1.005818088377153, "5410004.01": 0.31929424716855576, "5410010.0": -0.43209697520549667, "5410011.0": -1.1713129192341443, "5410019.0": -1.1314513819255974, "5410004.02": -1.075890074239169, "5410012.0": -0.8759884975502001, "5410018.0": -0.21257314132334532, "5410014.06": 0.06679506435065356, "5410130.01": -0.14601993548987952, "5410016.0": 0.008552026856470205, "5410014.02": -0.760645849975074, "5410021.0": -0.06989757800587934, "5410015.0": -0.7672431174182854, "5410102.0": -0.6925077696430213, "5410014.08": 1.7602578549194554, "5410103.0": 0.19387906069504696, "5410023.0": 0.5634099207554756, "5410022.0": 0.9065104831050327, "5410014.03": 1.0703601896864312, "5410107.01": 1.5585101287031746, "5410024.0": 0.26428730707541964, "5410108.02": 0.9638599766430235, "5410002.12": 1.765034422648237, "5410129.01": -0.07084696254310933, "5410002.13": 1.5471006600067214, "5410002.09": 0.795062116740464, "5410001.01": -0.5279488731473345, "5410008.04": 0.9021668104542312, "5410002.07": -0.19370310176566005, "5410008.05": 0.08145668276146872, "5410002.04": -0.27547763928238783, "5410002.06": 0.33113456126573354, "5410002.01": 0.0958487391996147, "5410002.02": -0.695032069474714, "5410025.0": 0.7783127464445758, "5410008.02": -0.17211313548128318, "5410008.06": 0.0652699046437595, "5410003.0": -1.5707161639490088, "5410002.03": -1.3107053626211678, "5410009.05": -0.8566528588190911, "5410100.0": -0.803556357059113, "5410013.0": -1.1380314924111978, "5410017.0": -0.2806547407665224, "5410014.04": -0.5990747129475196, "5410020.0": -0.45412055938803847, "5410014.09": 1.0299355809406558, "5410110.0": 1.6175358766031434}