{"5410140.01": 2.1204826149539198, "5410151.0": -0.5374678550155907, "5410002.15": 1.8793847404165123, "5410001.06": 0.16709400253930123, "5410002.14": 1.3752354781131921, "5410001.05": -0.5839018020725574, "5410001.03": 0.20840983529541404, "5410009.04": -0.5017293691355388, "5410008.01": 0.13424798848093009, "5410009.01": -1.1811808344391395, "5410005.02": 0.2675604404806593, "5410007.0": -0.7711897617270816, "5410005.01": -0.6037057457568811, "5410006.0": -1.4535078287675947, "5410009.02": -1.5450200739703914, "5410004.01": -0.08302242306034988, "5410010.0": 0.5331720039046137, "5410011.0": -1.3695153040515144, "5410019.0": -1.7997925302799722, "5410004.02": -0.2093327275531627, "5410012.0": -1.048974124022013, "5410018.0": -0.36584988109131367, "5410014.06": 1.3133412459140033, "5410130.01": -0.6054910556135176, "5410016.0": 0.184087304666089, "5410014.02": -0.1850930712830047, "5410021.0": 0.8530065922220808, "5410015.0": 0.28879227221852516, "5410102.0": -0.20538073956034428, "5410014.08": 1.7552066027038993, "5410103.0": 0.9779413524271697, "5410023.0": 1.515531818306373, "5410022.0": 1.561514388314948, "5410014.03": 1.5342156304230399, "5410107.01": 1.4858074534420422, "5410024.0": 0.353227456157039, "5410108.02": -0.09009871958400047, "5410002.12": 0.432623741536088, "5410129.01": -1.3229877657852671, "5410002.13": 0.6057166115679501, "5410002.09": 0.371556967413748, "5410001.01": -1.2397720770463638, "5410008.04": 0.17367874174035486, "5410002.07": 0.14767647807824727, "5410008.05": -0.41945028378622806, "5410002.04": -0.21069444346687496, "5410002.06": 0.2229686210229782, "5410002.01": 0.12328752565624836, "5410002.02": 0.31120260404648975, "5410025.0": -2.2848633818834387, "5410008.02": 0.7545639236627147, "5410008.06": -0.5006286369517505, "5410003.0": -0.9391670094282877, "5410002.03": -0.3527147892335437, "5410009.05": -0.8973193529417384, "5410100.0": -1.7865817248052875, "5410013.0": -0.6923286483759972, "5410017.0": -0.25451864586875234, "5410014.04": -0.5500594728901421, "5410020.0": 0.04710156299023443, "5410014.09": 0.9317045346285948, "5410110.0": 1.960999546124268}