{"5410140.01": 2.649397031169802, "5410151.0": 0.8973811455522023, "5410002.15": 1.9363438934705304, "5410001.06": 0.21367608496598844, "5410002.14": 1.613789972422551, "5410001.05": 0.8654006627112896, "5410001.03": 0.8450475156386662, "5410009.04": -0.6647087042958579, "5410008.01": -0.3748187219809108, "5410009.01": -0.39065078352354904, "5410005.02": -1.086131212620774, "5410007.0": -1.1033984968327242, "5410005.01": -1.2703973604808614, "5410006.0": -1.7101571808579437, "5410009.02": -0.4863205819555084, "5410004.01": 0.7119724743066543, "5410010.0": -0.8332831663536061, "5410011.0": -1.5485797032887012, "5410019.0": -0.8030590660323178, "5410004.02": -1.0019940721051055, "5410012.0": -1.6462072255770497, "5410018.0": -0.9526063000049109, "5410014.06": 0.22941712533909212, "5410130.01": 0.6083824956521363, "5410016.0": -1.188926110412445, "5410014.02": -0.6822538246988815, "5410021.0": -0.602641370545777, "5410015.0": -1.2221832659278478, "5410102.0": -0.7261240436782386, "5410014.08": 1.763826441929405, "5410103.0": -0.09590406325808803, "5410023.0": -0.31534090522831304, "5410022.0": -0.023653917327280796, "5410014.03": 0.536573672149138, "5410107.01": 0.43113367862480234, "5410024.0": 0.025923095569348346, "5410108.02": 0.25328143230880545, "5410002.12": 1.394257609358607, "5410129.01": 0.7353733269465628, "5410002.13": 1.4756193816830832, "5410002.09": 0.7122417426965312, "5410001.01": 0.05529769158387956, "5410008.04": 0.8326803561422875, "5410002.07": 0.17903301718296358, "5410008.05": 0.4282850104389022, "5410002.04": 0.25450824361885854, "5410002.06": 0.5462890540151634, "5410002.01": -0.06699289118553428, "5410002.02": -0.511828893037155, "5410025.0": 2.0984068878629816, "5410008.02": 0.08202376623450224, "5410008.06": 0.4856841185837576, "5410003.0": -0.8867448880849741, "5410002.03": -0.6952532997979475, "5410009.05": -0.2569759816357404, "5410100.0": -0.36527881120032174, "5410013.0": -1.6049816427000845, "5410017.0": -0.9635297241581372, "5410014.04": -0.9762552656814741, "5410020.0": -0.43235344205911297, "5410014.09": 1.6064132192439562, "5410110.0": 1.0218747691246755}