{"5410140.01": 2.0816158827445213, "5410151.0": 0.928377481211673, "5410002.15": 1.867027063225866, "5410001.06": -0.020651041083101913, "5410002.14": 1.3343717735238656, "5410001.05": 0.8726430317282489, "5410001.03": 0.6388218436711481, "5410009.04": 1.0452135848274817, "5410008.01": 0.7619727935223215, "5410009.01": 1.05925867706434, "5410005.02": 0.4162543542997753, "5410007.0": 0.07229430158842916, "5410005.01": 0.19792182277333728, "5410006.0": -0.22883689779624106, "5410009.02": 1.3392792999022531, "5410004.01": -0.06200405105527342, "5410010.0": 0.6596867822143505, "5410011.0": -1.0354372971844508, "5410019.0": 0.6920903536085447, "5410004.02": -0.6837241965282342, "5410012.0": -0.9668651516694512, "5410018.0": 0.10293691075428178, "5410014.06": -0.05043817373039045, "5410130.01": 0.016573013612342462, "5410016.0": -1.6832916887590164, "5410014.02": -1.2304116446910567, "5410021.0": -1.5431663177083021, "5410015.0": -1.5020660003319004, "5410102.0": -1.418142112376909, "5410014.08": -0.2563935640539954, "5410103.0": -1.5752050219557814, "5410023.0": -1.484657563340457, "5410022.0": -1.060257263724602, "5410014.03": -0.7294651365131011, "5410107.01": -0.7802153103518277, "5410024.0": -0.825380100604967, "5410108.02": -0.3812533744382508, "5410002.12": 1.8010774233709943, "5410129.01": -0.049328821926928654, "5410002.13": 2.246743505463292, "5410002.09": 0.14589267308043757, "5410001.01": 0.24551105020862138, "5410008.04": 0.054741066379008115, "5410002.07": 1.3026224753132656, "5410008.05": 0.16772797271084136, "5410002.04": 1.2923135220853232, "5410002.06": 0.09340535779982409, "5410002.01": 0.42573916074308626, "5410002.02": -0.33330989995469135, "5410025.0": -2.110103009489659, "5410008.02": 0.3561569000809277, "5410008.06": -0.022671279411609978, "5410003.0": 0.40149543545692623, "5410002.03": 0.3226074778845642, "5410009.05": 1.2607437690659737, "5410100.0": -0.09600760059852396, "5410013.0": -0.9088138543650025, "5410017.0": -1.3062479972750136, "5410014.04": -0.8564865453317914, "5410020.0": -1.1141755260009139, "5410014.09": 0.3972012793253838, "5410110.0": -0.2853115969897152}