{"5410140.01": -1.6973620697249565, "5410151.0": -1.028143304190338, "5410002.15": -1.3719279165746394, "5410001.06": -0.4190601179842888, "5410002.14": -1.0635282712716103, "5410001.05": -0.06349204283149412, "5410001.03": -0.032615363536433226, "5410009.04": 0.6367804410963859, "5410008.01": 0.5607799094558957, "5410009.01": 0.8467177501138601, "5410005.02": 0.949011669893012, "5410007.0": 1.1711939917830614, "5410005.01": 1.0711727180958792, "5410006.0": 1.98107869076618, "5410009.02": 1.2324130414374617, "5410004.01": -0.32227680142651227, "5410010.0": 1.434974558461816, "5410011.0": 1.6088584536337611, "5410019.0": 1.234388824777584, "5410004.02": 0.1237793043281313, "5410012.0": 1.3802913452065027, "5410018.0": 1.4404653201703068, "5410014.06": -0.40945643522037983, "5410130.01": -0.24085011203707993, "5410016.0": 0.3367639792154482, "5410014.02": -0.015315138814256057, "5410021.0": 0.3865760636665031, "5410015.0": 0.19126220598100876, "5410102.0": 0.39149924372757194, "5410014.08": -1.4173169001734633, "5410103.0": 0.6150414847913138, "5410023.0": -0.6498290113134687, "5410022.0": -0.07028185748576905, "5410014.03": -1.2245048999390564, "5410107.01": -1.244687796486208, "5410024.0": -0.7174465188121733, "5410108.02": -0.5408910950482542, "5410002.12": -1.164220048150418, "5410129.01": 0.06710050069139463, "5410002.13": -0.9557619794325407, "5410002.09": -1.31998287017478, "5410001.01": 0.27035315885438915, "5410008.04": -1.2683621691361011, "5410002.07": -0.06912315097927582, "5410008.05": -0.9323351005038648, "5410002.04": 0.32615631206627094, "5410002.06": -0.7725503971634028, "5410002.01": 0.2526601789212116, "5410002.02": 0.34575121744980103, "5410025.0": -2.828316898660165, "5410008.02": -0.5391097988349953, "5410008.06": -0.7863753779596858, "5410003.0": 1.0142395393338886, "5410002.03": 1.2599247473148567, "5410009.05": 0.12838977811934066, "5410100.0": 1.1071722923727798, "5410013.0": 1.2739109750379287, "5410017.0": 1.0559789017770402, "5410014.04": 0.20803544774743654, "5410020.0": 0.8106567863930277, "5410014.09": -1.1360910150935397, "5410110.0": -1.4121643737218863}