{"5410140.01": -2.0939223183804416, "5410151.0": -0.8184892874488818, "5410002.15": -2.4678107952074044, "5410001.06": -0.16482708068301505, "5410002.14": -1.357838775508524, "5410001.05": -0.23155990885804933, "5410001.03": -0.4543230335489694, "5410009.04": 0.8867995864383175, "5410008.01": 0.069050688188114, "5410009.01": 0.8569601282788475, "5410005.02": 0.8923521568233835, "5410007.0": 0.979944208142452, "5410005.01": 1.2635354235555791, "5410006.0": 2.204628673138785, "5410009.02": 1.1492546344302614, "5410004.01": -0.2515588923074907, "5410010.0": 0.5064383713698744, "5410011.0": 1.153710899659881, "5410019.0": 1.716511277737231, "5410004.02": 0.5950311588727709, "5410012.0": 1.4685250443575764, "5410018.0": 0.39253893241637955, "5410014.06": -0.4095561562224233, "5410130.01": 0.8221675472406685, "5410016.0": 0.3605910765767386, "5410014.02": -0.28634922894748893, "5410021.0": -0.18432226499877297, "5410015.0": 0.5448904739496165, "5410102.0": 0.26177833634412495, "5410014.08": -2.1128979846494538, "5410103.0": -0.6244769206320223, "5410023.0": -0.7356330510406958, "5410022.0": -1.144495229743435, "5410014.03": -1.1673499674214742, "5410107.01": -1.1443359780744693, "5410024.0": -0.33059172000211345, "5410108.02": -0.1917343944512185, "5410002.12": -1.318154181238964, "5410129.01": 0.47692662556319215, "5410002.13": -0.9017483238020114, "5410002.09": -0.8459756183215261, "5410001.01": 0.8589176191084759, "5410008.04": -0.8560868358459218, "5410002.07": -0.02382677725841341, "5410008.05": -0.1266681002980925, "5410002.04": 0.023748108133366138, "5410002.06": -0.33866124799971137, "5410002.01": 0.09370472796532922, "5410002.02": 0.5219127677851576, "5410025.0": -1.3778444252058153, "5410008.02": 0.07550882369443046, "5410008.06": 0.03362763604704461, "5410003.0": 1.58898370504899, "5410002.03": 0.9560434400670261, "5410009.05": 0.836717172226906, "5410100.0": 1.118496960697013, "5410013.0": 1.2692905587334862, "5410017.0": 0.3941846381942342, "5410014.04": 0.43175555378742214, "5410020.0": 0.21770937335694626, "5410014.09": -1.3496200742274709, "5410110.0": -1.7115777556054206}