{"5410140.01": 4.524521694767527, "5410151.0": 0.7837817335359918, "5410002.15": 2.1890116572419034, "5410001.06": 1.2798822828307392, "5410002.14": 0.9452967020497935, "5410001.05": 3.029377145405999, "5410001.03": 1.7061383031269257, "5410009.04": -0.6216221132789481, "5410008.01": -0.5249593853522915, "5410009.01": -0.4352394587607368, "5410005.02": -0.1994155423626977, "5410007.0": -0.8445482048182452, "5410005.01": -0.5933161651611865, "5410006.0": -0.7833223204199035, "5410009.02": -0.5461965566070904, "5410004.01": 0.054105766388221614, "5410010.0": -0.6547376775767734, "5410011.0": -0.9108563480997008, "5410019.0": -0.6810942539916013, "5410004.02": -0.6089083765139724, "5410012.0": -0.8289435741508132, "5410018.0": -0.7447762330070485, "5410014.06": -0.13132070366527687, "5410130.01": 0.683967806731367, "5410016.0": -0.7818301387615201, "5410014.02": -0.7224916448186495, "5410021.0": -0.7491855998604735, "5410015.0": -0.8369974754041051, "5410102.0": -0.8113613515164226, "5410014.08": 0.28972681404444883, "5410103.0": -0.7261178565886123, "5410023.0": -0.4418054701959608, "5410022.0": -0.33489143165876667, "5410014.03": 0.1640823293484376, "5410107.01": 0.022677219983338808, "5410024.0": -0.4325738751241104, "5410108.02": 0.1668104746569897, "5410002.12": 0.7274871273396595, "5410129.01": 1.5084045475599364, "5410002.13": 0.8293087544384262, "5410002.09": 0.12946691760871526, "5410001.01": 1.3849157954497264, "5410008.04": -0.2811216719485571, "5410002.07": 0.0438009313360765, "5410008.05": -0.2503741282192305, "5410002.04": 0.07191550080193493, "5410002.06": -0.21549542955110446, "5410002.01": 0.4530241055578161, "5410002.02": -0.5112612034036286, "5410025.0": 0.2320304746899818, "5410008.02": -0.4813294840200202, "5410008.06": -0.56900453973156, "5410003.0": -0.12232729982918959, "5410002.03": -0.5532340275753042, "5410009.05": -0.5518469479892274, "5410100.0": -0.6055031474422142, "5410013.0": -0.827121601399878, "5410017.0": -0.8319897765272771, "5410014.04": -0.6390683174545071, "5410020.0": -0.7573255783818023, "5410014.09": 0.7088731567671678, "5410110.0": 0.21490766950728032}