{"5410140.01": 2.597738554745123, "5410151.0": 1.1654965378019686, "5410002.15": 2.4866312588670607, "5410001.06": 0.22645087084010473, "5410002.14": 1.263388295983995, "5410001.05": 1.3029330297762027, "5410001.03": 0.5322306315167326, "5410009.04": -0.09317749893171173, "5410008.01": 0.312219447069312, "5410009.01": 0.1978903697306694, "5410005.02": -0.4075206519988846, "5410007.0": -0.867420022834632, "5410005.01": -1.1433709549874156, "5410006.0": -1.365089100677745, "5410009.02": -0.4179342911584036, "5410004.01": -0.10564665424058216, "5410010.0": -0.0487769037235389, "5410011.0": -1.5982517368790958, "5410019.0": -0.8160652989340426, "5410004.02": -0.9039749985342133, "5410012.0": -1.5679845459319808, "5410018.0": -0.6475873401941119, "5410014.06": 0.6774989568937387, "5410130.01": -0.18831846148998013, "5410016.0": -1.2957651307559273, "5410014.02": -0.18859501208670412, "5410021.0": -1.0989159214427364, "5410015.0": -0.7035430803288781, "5410102.0": -1.140245436274869, "5410014.08": 1.3171994995329006, "5410103.0": -1.0302719904738473, "5410023.0": -0.24350102682094815, "5410022.0": 0.5118301995389707, "5410014.03": 0.8768371259889558, "5410107.01": 1.0741358823023932, "5410024.0": -0.0007243149904744107, "5410108.02": 0.9645497432719501, "5410002.12": 1.8051332626003458, "5410129.01": -0.05066674280361714, "5410002.13": 1.840811234690066, "5410002.09": 0.8082604528624656, "5410001.01": -0.31131027262346844, "5410008.04": 0.3422809433100039, "5410002.07": 0.5060673302844895, "5410008.05": 0.04352439219031043, "5410002.04": 0.5399583075903683, "5410002.06": 0.43379055164775515, "5410002.01": 0.13549829273081102, "5410002.02": -0.22212205051434775, "5410025.0": -2.0220066332120203, "5410008.02": 0.09498263068067477, "5410008.06": -0.19487736929237282, "5410003.0": -0.7029598810148228, "5410002.03": -0.3194014890532876, "5410009.05": -0.04814213803033468, "5410100.0": -1.3977769523513828, "5410013.0": -1.1428861368828005, "5410017.0": -1.0025927470570966, "5410014.04": -0.40197580142453515, "5410020.0": -0.913934720440319, "5410014.09": 1.2463315367115848, "5410110.0": 1.2996639692322007}