{"5410140.01": -1.53068389542247, "5410151.0": -0.0029587485705190354, "5410002.15": -1.4999114924497796, "5410001.06": 0.2824301494957181, "5410002.14": -0.9708130427302155, "5410001.05": -0.2867553387457841, "5410001.03": -0.105878576691537, "5410009.04": 0.6338366020158231, "5410008.01": -0.5422830817304022, "5410009.01": -0.018823776678507695, "5410005.02": -0.2644368506695586, "5410007.0": 0.5826627751756953, "5410005.01": 0.7235516693090439, "5410006.0": 0.8594097246684537, "5410009.02": 0.531940587347295, "5410004.01": 0.29489558185113696, "5410010.0": -0.40718605515344924, "5410011.0": 0.8539617910673474, "5410019.0": 1.1886377144769096, "5410004.02": 0.6502017210530551, "5410012.0": 0.9807229423800956, "5410018.0": 0.2007783243182784, "5410014.06": -0.5315368079566012, "5410130.01": 1.1156750964885966, "5410016.0": 0.6432498315362069, "5410014.02": 0.004883235683458073, "5410021.0": 0.24955253538866135, "5410015.0": 0.38689669824999406, "5410102.0": 0.825985795551952, "5410014.08": -0.8139707424926548, "5410103.0": -0.06602276327862688, "5410023.0": -0.19068536326545488, "5410022.0": -0.7833600048702918, "5410014.03": -0.4992264526252213, "5410107.01": -0.4332802288599032, "5410024.0": 0.2046112961124616, "5410108.02": 0.5858404380000791, "5410002.12": -0.7360188533130071, "5410129.01": 0.9333455409988248, "5410002.13": -0.842989244991727, "5410002.09": -0.3589584067926906, "5410001.01": 1.0820840081389553, "5410008.04": -0.07488461997787253, "5410002.07": -0.0969786833039731, "5410008.05": 0.25053381869083285, "5410002.04": 0.011285760319129808, "5410002.06": -0.21579341620945489, "5410002.01": 0.021865847211302067, "5410002.02": 0.08764524391182577, "5410025.0": -6.070457123561894, "5410008.02": 0.11466782352593818, "5410008.06": 0.5189634099773978, "5410003.0": 0.70760229148792, "5410002.03": 0.16190231613089537, "5410009.05": 0.41301035604206016, "5410100.0": 1.2374314057055946, "5410013.0": 0.6005387130861611, "5410017.0": 0.24347001420609218, "5410014.04": 0.22385177533424996, "5410020.0": 0.4213152609964015, "5410014.09": -0.44373905068707326, "5410110.0": -1.0416054749052146}