{"5410140.01": -1.1282931621706782, "5410151.0": -1.3497087600395943, "5410002.15": -1.419428534003297, "5410001.06": -0.3373559343766943, "5410002.14": -1.2612782965962201, "5410001.05": -0.207456448739109, "5410001.03": -0.5110153361010443, "5410009.04": 0.13899551887760314, "5410008.01": 0.753832991450324, "5410009.01": 0.7886979083518413, "5410005.02": 0.7241990369097111, "5410007.0": 1.1676817262212957, "5410005.01": 0.7630364612485847, "5410006.0": 1.8903289712932247, "5410009.02": 1.2155656901152703, "5410004.01": -0.4762399983900763, "5410010.0": 1.7203143732150759, "5410011.0": 2.276112756572131, "5410019.0": 0.5662687783139392, "5410004.02": 0.5223590464496104, "5410012.0": 1.8722914326159128, "5410018.0": 1.553762511406307, "5410014.06": -0.1475403791146844, "5410130.01": -0.035618479597637386, "5410016.0": 0.8815348093332659, "5410014.02": 0.1232858987476934, "5410021.0": 0.5064397658633967, "5410015.0": 0.5880562862787855, "5410102.0": -0.017159095270115877, "5410014.08": -1.1856364157950061, "5410103.0": 0.16003255876962072, "5410023.0": -0.21638580693051057, "5410022.0": -0.12154560083289481, "5410014.03": -1.026905859585775, "5410107.01": -0.9797448913087469, "5410024.0": -0.7082657204612121, "5410108.02": -0.24978240027870457, "5410002.12": -1.1965976299535903, "5410129.01": -0.21486628445921302, "5410002.13": -1.0630954632236806, "5410002.09": -1.401402913708666, "5410001.01": -0.022738216830603487, "5410008.04": -1.225379620994411, "5410002.07": -0.30046245649499326, "5410008.05": -1.0234205433321832, "5410002.04": -0.20685953734610543, "5410002.06": -0.9333907453566765, "5410002.01": 0.13546211909000594, "5410002.02": 0.38705557883693825, "5410025.0": -2.3506223236433605, "5410008.02": -0.5373880999228876, "5410008.06": -1.0092909338341596, "5410003.0": 0.8128035746461982, "5410002.03": 0.8838359908793741, "5410009.05": -0.2296518493958025, "5410100.0": 0.47521908457940115, "5410013.0": 1.7600625604063012, "5410017.0": 1.7412313973926132, "5410014.04": 0.06338951212854138, "5410020.0": 0.7348081006376987, "5410014.09": -0.9337762760975785, "5410110.0": -1.1783604264447658}