{"5410140.01": 1.9643464968805637, "5410151.0": 0.5006883527157145, "5410002.15": 2.130367997959958, "5410001.06": -0.02581716046372616, "5410002.14": 1.3267992418349164, "5410001.05": 0.5396021299159571, "5410001.03": 0.3061200097654929, "5410009.04": -0.4411977809406574, "5410008.01": 0.43907552555042967, "5410009.01": 0.05094040433470438, "5410005.02": -0.09361154424269845, "5410007.0": -0.605104116870784, "5410005.01": -0.9137280509372454, "5410006.0": -1.1960137572574168, "5410009.02": -0.5493372486910336, "5410004.01": -0.08959105004393643, "5410010.0": 0.19550611829128944, "5410011.0": -1.1324865059809925, "5410019.0": -1.09162903615569, "5410004.02": -0.5468000768192891, "5410012.0": -1.2274360302816625, "5410018.0": -0.317148290263589, "5410014.06": 0.728448016817705, "5410130.01": -0.7023251554648094, "5410016.0": -0.6592833017259924, "5410014.02": 0.24698402952672807, "5410021.0": -0.26256028102292644, "5410015.0": -0.2725377017578496, "5410102.0": -0.6738827325473362, "5410014.08": 1.411147627039004, "5410103.0": 0.022851249767693677, "5410023.0": 0.39588802365601156, "5410022.0": 0.9875844770735693, "5410014.03": 1.0016462244935813, "5410107.01": 0.946221790558801, "5410024.0": 0.24714567728363301, "5410108.02": 0.11903683620839298, "5410002.12": 1.2745544869473362, "5410129.01": -0.580100239160393, "5410002.13": 1.2076911157912098, "5410002.09": 0.7674674286510366, "5410001.01": -0.7875798962359378, "5410008.04": 0.5002718878447909, "5410002.07": 0.38335920399752965, "5410008.05": 0.09340404235755281, "5410002.04": 0.2872632362843784, "5410002.06": 0.5125344348013182, "5410002.01": 0.11091264101111843, "5410002.02": 0.019195857878144304, "5410025.0": -4.925177371941995, "5410008.02": 0.13236298106391747, "5410008.06": -0.16992922894288673, "5410003.0": -0.751745964991149, "5410002.03": -0.16465700753804577, "5410009.05": -0.2813139837654557, "5410100.0": -1.1590669219778955, "5410013.0": -0.8681933997913391, "5410017.0": -0.3777651762276009, "5410014.04": -0.18965511165038282, "5410020.0": -0.3653917142667736, "5410014.09": 1.0128495444114538, "5410110.0": 1.5587987472434546}