{"5410140.01": 2.221316349652086, "5410151.0": 0.720920187953145, "5410002.15": 2.45983788102972, "5410001.06": 0.025031416676994753, "5410002.14": 1.4546407819089155, "5410001.05": 0.7688856821066248, "5410001.03": 0.3174131051118964, "5410009.04": -0.43702730180409904, "5410008.01": 0.4001554942092465, "5410009.01": 0.11398497136037633, "5410005.02": -0.2808711100875685, "5410007.0": -0.7583340694255158, "5410005.01": -1.1895076825762954, "5410006.0": -1.3818328221214906, "5410009.02": -0.5827569003156612, "5410004.01": -0.15635643269576627, "5410010.0": 0.07913835725609132, "5410011.0": -1.4788383428724667, "5410019.0": -1.2271536263553044, "5410004.02": -0.800987438373659, "5410012.0": -1.5359424060897733, "5410018.0": -0.5574560298109079, "5410014.06": 0.8056720664379601, "5410130.01": -0.6958410727704291, "5410016.0": -1.0373921580093153, "5410014.02": 0.32511510687762746, "5410021.0": -0.6476425717608083, "5410015.0": -0.4190831676855186, "5410102.0": -0.9188920600822702, "5410014.08": 1.5989162574342992, "5410103.0": -0.29464963596131843, "5410023.0": 0.17717652571659392, "5410022.0": 1.0628336788073136, "5410014.03": 1.0415792899257352, "5410107.01": 1.1170175324931362, "5410024.0": 0.21332891488891662, "5410108.02": 0.40319193086250227, "5410002.12": 1.5307065825362094, "5410129.01": -0.5039284310172836, "5410002.13": 1.4646991535732763, "5410002.09": 0.7777613900773488, "5410001.01": -0.7877154509246838, "5410008.04": 0.5289783088616209, "5410002.07": 0.38304420699653213, "5410008.05": 0.0967174344544701, "5410002.04": 0.42107069315715895, "5410002.06": 0.5568453779860779, "5410002.01": 0.09755430465841565, "5410002.02": 0.0007282011236887293, "5410025.0": -3.1310320192902648, "5410008.02": 0.10372684353136223, "5410008.06": -0.21495999764254978, "5410003.0": -0.8292397294889752, "5410002.03": -0.09324127189412204, "5410009.05": -0.3325360782019093, "5410100.0": -1.3582537557243448, "5410013.0": -1.0977335849436936, "5410017.0": -0.6429111397103894, "5410014.04": -0.2311052935077678, "5410020.0": -0.581283703019442, "5410014.09": 1.2074410863591316, "5410110.0": 1.7290761701391386}