{"5410140.01": -1.962656177149961, "5410151.0": -0.656316295557967, "5410002.15": -1.6958631232209802, "5410001.06": 0.003137920247850714, "5410002.14": -1.1749381814267976, "5410001.05": 0.28514246454884673, "5410001.03": -0.11736670329492616, "5410009.04": 0.8248448055490373, "5410008.01": 0.3023523259521, "5410009.01": 0.8537060016500596, "5410005.02": 0.6186425687440944, "5410007.0": 1.0511718737844085, "5410005.01": 0.9078990629243252, "5410006.0": 2.001680495167207, "5410009.02": 1.0349334346340875, "5410004.01": -0.2254202768960651, "5410010.0": 0.8261027285527831, "5410011.0": 1.2672462212013458, "5410019.0": 1.196717483919013, "5410004.02": 0.1439186647928128, "5410012.0": 1.2498566104487754, "5410018.0": 0.9073654568814493, "5410014.06": -0.35704620871720505, "5410130.01": 0.23607741505652613, "5410016.0": 0.21071273875615393, "5410014.02": 0.1912870257051991, "5410021.0": -0.12594210599599373, "5410015.0": 0.23167293105571002, "5410102.0": 0.5215206880022761, "5410014.08": -1.47711286774571, "5410103.0": 0.03550310688418783, "5410023.0": -0.6355549495571697, "5410022.0": -0.28345147807244775, "5410014.03": -1.2093808737859302, "5410107.01": -0.8975691826687175, "5410024.0": -0.6293089095327299, "5410108.02": -0.01703869137467091, "5410002.12": -1.19746992453006, "5410129.01": 0.48144907757198313, "5410002.13": -0.9460544369352191, "5410002.09": -1.1402562580382074, "5410001.01": 0.5386829532550291, "5410008.04": -0.9968026416864941, "5410002.07": -0.15990456531693684, "5410008.05": -0.5554484805226978, "5410002.04": 0.3828031524479598, "5410002.06": -0.5250849708810238, "5410002.01": 0.321812547145872, "5410002.02": 0.591669432755486, "5410025.0": -3.9423836542552486, "5410008.02": -0.2937470490640495, "5410008.06": -0.32709558533798827, "5410003.0": 1.3079966328636117, "5410002.03": 1.3696215195919184, "5410009.05": 0.2685617949547469, "5410100.0": 1.0058497383441065, "5410013.0": 1.1573847574668097, "5410017.0": 0.637384335592724, "5410014.04": 0.5458175544585031, "5410020.0": 0.5368201003686102, "5410014.09": -0.9779440096655176, "5410110.0": -1.5201880200449498}