{"5410140.01": 2.496206196122351, "5410151.0": 1.1502748996528191, "5410002.15": 2.2789221383506932, "5410001.06": 0.3135877674799669, "5410002.14": 1.2619711481970595, "5410001.05": 1.2521839042096645, "5410001.03": 0.5821329501636705, "5410009.04": -0.35426142630230156, "5410008.01": 0.01659152820778245, "5410009.01": -0.06028792413377398, "5410005.02": -0.45325301670116386, "5410007.0": -1.0411970206756314, "5410005.01": -1.2275039853282925, "5410006.0": -1.5369541453813043, "5410009.02": -0.5725849637205006, "5410004.01": -0.005683006401850671, "5410010.0": -0.5391687721391671, "5410011.0": -1.6954887573493933, "5410019.0": -1.0019021540744735, "5410004.02": -0.8637266989569068, "5410012.0": -1.6310622698753359, "5410018.0": -0.9210325441270714, "5410014.06": 0.6561296319897305, "5410130.01": -0.046368801695960804, "5410016.0": -1.329455587090818, "5410014.02": 0.013243251918420951, "5410021.0": -1.125506125805525, "5410015.0": -0.6570003102308446, "5410102.0": -0.9541661660879681, "5410014.08": 1.4558055734683244, "5410103.0": -0.9496256811445366, "5410023.0": -0.0953201833923557, "5410022.0": 0.6674381041272858, "5410014.03": 0.9205875797901446, "5410107.01": 1.577693805512214, "5410024.0": 0.2727089057677205, "5410108.02": 1.284559258910036, "5410002.12": 1.7041536380335067, "5410129.01": -4.8057698159625304e-05, "5410002.13": 1.7122667699553156, "5410002.09": 0.6335864257789807, "5410001.01": -0.21111990081444307, "5410008.04": 0.41039546105176083, "5410002.07": 0.2810064382380399, "5410008.05": 0.11053221911330217, "5410002.04": 0.4611176123333413, "5410002.06": 0.4545670500068186, "5410002.01": 0.11992222554276752, "5410002.02": -0.3278447275246828, "5410025.0": -0.8093319062457646, "5410008.02": -0.01278925355713565, "5410008.06": -0.2615474387277359, "5410003.0": -0.7208317184114557, "5410002.03": -0.3484424083119106, "5410009.05": -0.33896608948155366, "5410100.0": -1.2759124304290412, "5410013.0": -1.2777754233675949, "5410017.0": -1.0817842474138644, "5410014.04": -0.3604460397577465, "5410020.0": -0.9097211309163877, "5410014.09": 1.2518799109109884, "5410110.0": 1.6586459184400149}