{"9350100.0": -2.3688154539966493, "9350001.0": -0.44089441546212343, "9350101.0": -2.4220171944491407, "9350006.0": -0.4999478027860443, "9350005.0": -0.24590928586130403, "9350002.0": 0.9493855655210337, "9350004.0": -1.0976819118111858, "9350007.0": -1.292523405005733, "9350008.0": -0.019416300981071187, "9350003.01": 0.9208347309457884, "9350003.02": 0.47253003341086547, "9350010.03": 0.038938495838434124, "9350009.0": 0.0507638688416161, "9350123.01": 0.2643227379892245, "9350010.01": 0.4998996296733055, "9350010.02": -0.28147769971014014, "9350014.01": -0.25274842888385884, "9350013.01": 0.15217314149167258, "9350014.02": -0.12577168761123322, "9350011.02": -0.19626971929699685, "9350123.02": -0.7741961195493661, "9350013.02": 0.880320890139336, "9350011.01": 1.6169702647975341, "9350012.0": 1.5896583396149868, "9350110.0": -0.057184561482200774, "9350124.0": 0.6879306482839429, "9350125.02": -0.2601029697530637, "9350111.02": 0.07606864394309097, "9350126.0": 2.1351599661493}