{"9350100.0": -0.699673539114853, "9350001.0": 0.2727448874470549, "9350101.0": -0.7698842920015669, "9350006.0": 1.5576936490301363, "9350005.0": -0.06539948425097114, "9350002.0": 1.2222898016807733, "9350004.0": -1.2707096686929225, "9350007.0": -1.2325536393137533, "9350008.0": -0.48403108853787835, "9350003.01": 3.1147971435728135, "9350003.02": 0.38083455918010745, "9350010.03": -0.5619640844940145, "9350009.0": -0.3223512814138779, "9350123.01": 0.11892296367103082, "9350010.01": 0.5548334467602875, "9350010.02": -1.3326018949035197, "9350014.01": 0.06354284350688304, "9350013.01": -0.7253653485156284, "9350014.02": 0.6768054273486791, "9350011.02": -1.2846961870756606, "9350123.02": 0.4273340599991566, "9350013.02": 0.24729460309710571, "9350011.01": 0.7235908443413184, "9350012.0": 0.21157769772856805, "9350110.0": -1.1011444167296525, "9350124.0": 1.5887905012270784, "9350125.02": -0.008369373106926372, "9350111.02": -0.9252891195550752, "9350126.0": -0.3770190108848343}