{"9350100.0": -2.36966561053281, "9350001.0": -0.44212955686617006, "9350101.0": -2.422695304073813, "9350006.0": -0.4980964916778195, "9350005.0": -0.24361224367868908, "9350002.0": 0.9508256254413244, "9350004.0": -1.0949963935021187, "9350007.0": -1.291455946286512, "9350008.0": -0.01921884262652855, "9350003.01": 0.9177190469726765, "9350003.02": 0.4740699005960156, "9350010.03": 0.03974901613270694, "9350009.0": 0.05346380945661077, "9350123.01": 0.26600106853540295, "9350010.01": 0.4990587979474759, "9350010.02": -0.2783482771560375, "9350014.01": -0.25321383471666953, "9350013.01": 0.15215490557626812, "9350014.02": -0.1265659733312709, "9350011.02": -0.19732281004394978, "9350123.02": -0.7770960146616241, "9350013.02": 0.8809776061697945, "9350011.01": 1.61356783629435, "9350012.0": 1.5930256838477046, "9350110.0": -0.058687433977508766, "9350124.0": 0.6828500098777585, "9350125.02": -0.2611560996215579, "9350111.02": 0.0741348494094334, "9350126.0": 2.1366626764955092}