{"9350100.0": -2.806462851073452, "9350001.0": -0.3060148798148811, "9350101.0": -2.8376056494966315, "9350006.0": -0.6943992330918229, "9350005.0": -0.1141585905237655, "9350002.0": 1.156266662756661, "9350004.0": -0.8515183997795297, "9350007.0": -0.8936334831746405, "9350008.0": 0.5250710858166295, "9350003.01": 1.1805869448227584, "9350003.02": 0.6339219450790053, "9350010.03": 0.24357635403396896, "9350009.0": 0.24276846424725823, "9350123.01": 0.211126188051068, "9350010.01": 0.5794271085960228, "9350010.02": 0.038987226649236914, "9350014.01": -0.08288769083590672, "9350013.01": 0.22092002788315035, "9350014.02": -0.23857061112472483, "9350011.02": -0.03077920878987602, "9350123.02": -0.8631951051887323, "9350013.02": 0.7032878134214532, "9350011.01": 1.7285143938639422, "9350012.0": 1.2805935339686358, "9350110.0": 0.0506373200048915, "9350124.0": 0.06655142894082765, "9350125.02": -0.2607690737615132, "9350111.02": 0.12863998834819537, "9350126.0": 0.9891182901718111}