{"9350100.0": -2.366121009950506, "9350001.0": 0.029544543164946233, "9350101.0": -2.3282853421325087, "9350006.0": -0.43051397365530136, "9350005.0": 0.16282136719845844, "9350002.0": 1.8143962482735492, "9350004.0": -0.23859744815222372, "9350007.0": -1.0177758120895775, "9350008.0": 0.47222400053606517, "9350003.01": 1.6537810011085161, "9350003.02": 1.1088734398420128, "9350010.03": 0.615317208695411, "9350009.0": 0.14151702740740532, "9350123.01": 0.23397635099911332, "9350010.01": 0.9172612171983967, "9350010.02": -0.1030797149513001, "9350014.01": -0.42462009620337565, "9350013.01": -0.05815161843446773, "9350014.02": -0.7463524715763749, "9350011.02": -0.11102488877647462, "9350123.02": -1.354139029277826, "9350013.02": 0.12942912429979883, "9350011.01": 1.333939697050909, "9350012.0": 1.269427679170767, "9350110.0": -0.209938566876787, "9350124.0": -0.375323566022785, "9350125.02": -0.8015320624186123, "9350111.02": -0.3047047150003982, "9350126.0": 0.9876514105732762}