{"9350100.0": 0.681913101389633, "9350001.0": -0.8562291738519985, "9350101.0": 0.44814884753141526, "9350006.0": 0.22411484218602026, "9350005.0": -0.4812545367253405, "9350002.0": -2.1671884403222275, "9350004.0": -1.597908674318198, "9350007.0": -0.48351552172335993, "9350008.0": -0.6923986784479852, "9350003.01": -1.545719058726845, "9350003.02": -1.3765684883123166, "9350010.03": -0.949841712698696, "9350009.0": -0.10061149248179123, "9350123.01": 0.08792762004161343, "9350010.01": -1.0794582363104368, "9350010.02": -0.3824029897734454, "9350014.01": 0.4749511567380404, "9350013.01": 0.24514410059545902, "9350014.02": 1.3461806170895967, "9350011.02": -0.010025719045008716, "9350123.02": 1.1969803196636735, "9350013.02": 0.870309975470976, "9350011.01": 0.3550268302173956, "9350012.0": -0.31172213459287096, "9350110.0": 0.6011035008413604, "9350124.0": 1.7545605017243482, "9350125.02": 1.5967132901632137, "9350111.02": 1.1866075816387855, "9350126.0": 0.9651625720390272}