{"9350100.0": -1.2709800489782896, "9350001.0": 0.17510749527917277, "9350101.0": -1.3362977566665473, "9350006.0": 0.7955146606789567, "9350005.0": -0.3692663066561918, "9350002.0": 1.5569719670465019, "9350004.0": -1.297200472012982, "9350007.0": -1.2666893164162996, "9350008.0": -0.34558501504432626, "9350003.01": 2.724632454600493, "9350003.02": 0.8583024112216223, "9350010.03": -0.6322029524803779, "9350009.0": -0.719160030691365, "9350123.01": -0.13277239121785758, "9350010.01": 0.4667993043406313, "9350010.02": -1.3316863318286245, "9350014.01": -0.6335969946376242, "9350013.01": -0.43954630128435523, "9350014.02": -0.08583887271032647, "9350011.02": -0.24189540806215498, "9350123.02": -0.6323512996422163, "9350013.02": 0.32652247084715735, "9350011.01": 2.3239379111419933, "9350012.0": 0.4356380201300851, "9350110.0": -0.0711355117757811, "9350124.0": 0.4787636092239076, "9350125.02": -0.3135982229633363, "9350111.02": 0.09246428489374547, "9350126.0": 0.8851486436644397}