{"9350100.0": -2.6619105007348893, "9350001.0": -0.5092275590144413, "9350101.0": -2.677779446434836, "9350006.0": -0.8871866961997361, "9350005.0": 0.13285743145755022, "9350002.0": 0.9934132240767, "9350004.0": -0.6179151029574607, "9350007.0": -1.1250616290853492, "9350008.0": 0.4828454897563825, "9350003.01": 0.4545059112171776, "9350003.02": 0.5864365441779893, "9350010.03": 0.6126988150397319, "9350009.0": 0.44375986447978205, "9350123.01": 0.4898867796194208, "9350010.01": 0.581339262634577, "9350010.02": 0.22195307245751847, "9350014.01": -0.14729317014167828, "9350013.01": 0.22933475135624207, "9350014.02": -0.37999509818852684, "9350011.02": -0.0694038841190652, "9350123.02": -1.1366684812650871, "9350013.02": 0.5508838523338071, "9350011.01": 1.4164988579517444, "9350012.0": 1.661643838506539, "9350110.0": -0.027917744788671536, "9350124.0": 0.027253022242284965, "9350125.02": -0.21488817681501288, "9350111.02": 0.01182884739520952, "9350126.0": 1.5581079250420684}