{"9350100.0": -2.763277907903325, "9350001.0": -0.2672580925050651, "9350101.0": -2.705707827737844, "9350006.0": -1.0827243694553115, "9350005.0": 0.33583472006430404, "9350002.0": 1.2631026950686923, "9350004.0": 0.03871259384156957, "9350007.0": -0.7175118033893207, "9350008.0": 0.9564689547636573, "9350003.01": 0.6921903277682113, "9350003.02": 0.5212963245608013, "9350010.03": 1.1812391266690887, "9350009.0": 0.8713580331624446, "9350123.01": 0.3862865902395965, "9350010.01": 1.0807514702308358, "9350010.02": 0.43121044000738085, "9350014.01": 0.2070255666158161, "9350013.01": 0.2321773698910811, "9350014.02": -0.7599883755910037, "9350011.02": -0.1706258993317652, "9350123.02": -0.8850983457257149, "9350013.02": 0.1792718557557274, "9350011.01": -0.09610755002703089, "9350012.0": 1.5019229732550539, "9350110.0": -0.3211311951571246, "9350124.0": -0.11171456646381048, "9350125.02": -0.48250734889125, "9350111.02": -0.46532568303279426, "9350126.0": 0.9501299233170691}