{"9350100.0": -1.799852616613799, "9350001.0": -1.0508555556772738, "9350101.0": -1.850354470534725, "9350006.0": -0.5359595798558406, "9350005.0": 0.027990234602149233, "9350002.0": -0.9004478876971711, "9350004.0": -0.8161968729603164, "9350007.0": -0.5605909427260279, "9350008.0": 0.37853268747672564, "9350003.01": -1.5295351500908483, "9350003.02": -1.0731249058451329, "9350010.03": 0.49125041824780363, "9350009.0": 2.000266929311611, "9350123.01": 0.8349987801453242, "9350010.01": 0.25883595758169803, "9350010.02": 0.7319286393327449, "9350014.01": 1.0300529164834316, "9350013.01": 0.35851039632636406, "9350014.02": 0.5893077797700885, "9350011.02": -0.6722124049569488, "9350123.02": -0.40654447740076116, "9350013.02": 1.2264418183917785, "9350011.01": 0.036042703215910965, "9350012.0": 2.004367986159187, "9350110.0": -0.5401855527752217, "9350124.0": 1.0115423505551462, "9350125.02": 0.8392172220425429, "9350111.02": -0.41369469255811053, "9350126.0": 0.3302682900496692}