{"9350100.0": -1.2105792107392281, "9350001.0": 0.6530241625728141, "9350101.0": -1.0310354343406354, "9350006.0": -0.3881319953921344, "9350005.0": 0.5810700656344776, "9350002.0": 2.151040236062578, "9350004.0": 1.2076170571262066, "9350007.0": 0.07564031023037901, "9350008.0": 0.8568705900754853, "9350003.01": 1.5383331515100391, "9350003.02": 1.3905067761300152, "9350010.03": 1.100430795838814, "9350009.0": 0.30637438829551356, "9350123.01": -0.08779682391169222, "9350010.01": 1.1946420000353772, "9350010.02": 0.4185181973280077, "9350014.01": -0.3910774223377783, "9350013.01": -0.26561363668167304, "9350014.02": -1.3191719951714531, "9350011.02": 0.037487462693257395, "9350123.02": -1.4364354867515736, "9350013.02": -0.7897857294796662, "9350011.01": -0.04497366720613136, "9350012.0": 0.4304800365007839, "9350110.0": -0.4318933181359342, "9350124.0": -1.7911095623560793, "9350125.02": -1.5494107963633919, "9350111.02": -0.8815925857875025, "9350126.0": -0.32342756537889816}