{"9350100.0": -2.206702222838707, "9350001.0": -0.5511628963953108, "9350101.0": -2.347194828906059, "9350006.0": -0.04963992351197579, "9350005.0": -0.33552009493950935, "9350002.0": 0.004689520614858313, "9350004.0": -1.6587202920764885, "9350007.0": -1.320615106771263, "9350008.0": -0.02145246367814256, "9350003.01": 0.5520166307972443, "9350003.02": -0.2338746545701628, "9350010.03": -0.41094461940977867, "9350009.0": 0.048952521365597315, "9350123.01": 0.4542668314898545, "9350010.01": 0.004992162872335866, "9350010.02": -0.5878913703264191, "9350014.01": 0.022332447290616956, "9350013.01": 0.13790208349966732, "9350014.02": 0.4154149949310658, "9350011.02": -0.2917364270415899, "9350123.02": -0.14960181060758562, "9350013.02": 1.101905499149058, "9350011.01": 2.1317705181580253, "9350012.0": 1.2307167329489015, "9350110.0": 0.07555299094538664, "9350124.0": 1.4570203059367655, "9350125.02": 0.5331284032040066, "9350111.02": 0.4274416686051846, "9350126.0": 1.5669533992645093}