{"9350100.0": -1.3705657096454067, "9350001.0": 0.5827310317532177, "9350101.0": -1.2095374050353045, "9350006.0": -0.421510148108225, "9350005.0": 0.4644281133419124, "9350002.0": 2.224265963070337, "9350004.0": 1.0610544314419632, "9350007.0": -0.1491149426553705, "9350008.0": 0.782011086483579, "9350003.01": 1.695966712283768, "9350003.02": 1.4779591157387393, "9350010.03": 1.1691668102183108, "9350009.0": 0.2490355758936495, "9350123.01": -0.10250498591408135, "9350010.01": 1.2373668928944537, "9350010.02": 0.33268683920336, "9350014.01": -0.42148268598056216, "9350013.01": -0.18224426586556677, "9350014.02": -1.3030976933830933, "9350011.02": -0.06880021786286872, "9350123.02": -1.378677223555984, "9350013.02": -0.6598060980619901, "9350011.01": 0.003876325152634031, "9350012.0": 0.564122506466269, "9350110.0": -0.4897760537820825, "9350124.0": -1.4358022401258224, "9350125.02": -1.5363228965867384, "9350111.02": -0.8931000347457766, "9350126.0": -0.2223288026333252}