{"9350100.0": 0.9798011877996404, "9350001.0": 1.2357562903515962, "9350101.0": 1.083433624288271, "9350006.0": 0.9573855036520877, "9350005.0": 0.2547187465403479, "9350002.0": 0.3324242169612337, "9350004.0": 2.405860039859733, "9350007.0": 1.342703003424742, "9350008.0": -0.7705955640702108, "9350003.01": 1.6203863974863943, "9350003.02": 1.0356581084159564, "9350010.03": -1.2241701485581704, "9350009.0": -1.031920072142652, "9350123.01": -0.4389097067921661, "9350010.01": -0.6751045010302674, "9350010.02": 0.37820293307808606, "9350014.01": -1.1014067251406983, "9350013.01": -0.5988208875090274, "9350014.02": -0.9792371424432358, "9350011.02": -0.6500838590278283, "9350123.02": 0.5512350132722535, "9350013.02": -0.015353189989848581, "9350011.01": -0.24923782008282297, "9350012.0": -0.11188128040370805, "9350110.0": -0.9210098411697912, "9350124.0": 0.31271592713851565, "9350125.02": -1.0401539660470551, "9350111.02": -1.1805756792550024, "9350126.0": -1.5018206086065156}