{"9350100.0": -2.354265176396507, "9350001.0": -0.9691811755502192, "9350101.0": -2.4253814418498196, "9350006.0": -0.7953483986419195, "9350005.0": -0.32129620050409263, "9350002.0": -0.24692341745151608, "9350004.0": -0.9976869800229079, "9350007.0": -1.0683604808848257, "9350008.0": 0.41945631037053605, "9350003.01": -0.7248976895834612, "9350003.02": -0.6029663319328149, "9350010.03": 0.32964743180231426, "9350009.0": 0.5810008782302416, "9350123.01": 0.7857099416797596, "9350010.01": 0.3197508846794191, "9350010.02": 0.1443424422080876, "9350014.01": 0.5347704098595749, "9350013.01": 0.40907934001750795, "9350014.02": 0.33549626995113246, "9350011.02": -0.3878279356618943, "9350123.02": 0.560809883815478, "9350013.02": 0.9929428458589685, "9350011.01": 0.258603114637945, "9350012.0": 1.8609256782692087, "9350110.0": -0.20190888640437002, "9350124.0": 1.9361496539136642, "9350125.02": 0.21293240961251728, "9350111.02": -0.023785572224597415, "9350126.0": 1.4382121922026145}