{"9350100.0": -2.3835309179300084, "9350001.0": -0.22869092459955495, "9350101.0": -2.4471510209641023, "9350006.0": 0.3130145346121701, "9350005.0": 0.01260565431901729, "9350002.0": 1.0324975824965015, "9350004.0": -0.9546855123781063, "9350007.0": -1.2429430437522329, "9350008.0": 0.0624818445887254, "9350003.01": 1.184689168044387, "9350003.02": 0.39391574618479297, "9350010.03": -0.2437510599542058, "9350009.0": -0.17273236724875152, "9350123.01": 0.39154359293431773, "9350010.01": 0.1020188401777599, "9350010.02": -0.6280446363941379, "9350014.01": -0.546693935647909, "9350013.01": -0.10676773511385494, "9350014.02": -0.23805666914186743, "9350011.02": 0.41925138738681095, "9350123.02": -1.2731107320316604, "9350013.02": 0.43708646214456776, "9350011.01": 2.3613097645732726, "9350012.0": 0.9927305086033129, "9350110.0": 0.5855732406839245, "9350124.0": 0.08965616575224544, "9350125.02": 0.06972824256743106, "9350111.02": 0.744921085071656, "9350126.0": 1.273134735015547}