{"9350100.0": 0.6035799463002626, "9350001.0": -0.8069030695644933, "9350101.0": 0.3664227369960633, "9350006.0": 0.3171802194445305, "9350005.0": -0.494233598287396, "9350002.0": -2.101902873505015, "9350004.0": -1.6409958514764877, "9350007.0": -0.5603930014109864, "9350008.0": -0.7181738562418009, "9350003.01": -1.4152628425219338, "9350003.02": -1.3535188014586381, "9350010.03": -1.0247549697816594, "9350009.0": -0.20937508606905406, "9350123.01": 0.10935809961965123, "9350010.01": -1.0818419571220952, "9350010.02": -0.4621589948868545, "9350014.01": 0.38999466716346026, "9350013.01": 0.22705654583195956, "9350014.02": 1.3426183987259122, "9350011.02": -0.09674389615130247, "9350123.02": 1.155439119183826, "9350013.02": 0.9236404525840999, "9350011.01": 0.6357900648295013, "9350012.0": -0.23518742368957693, "9350110.0": 0.5232555174476924, "9350124.0": 1.8290754730340582, "9350125.02": 1.6211956534617242, "9350111.02": 1.117257857610253, "9350126.0": 1.0395814699342936}