{"9350100.0": 2.4268872078229466, "9350001.0": 0.3969490092689634, "9350101.0": 2.3183314900406224, "9350006.0": 1.9172165238939998, "9350005.0": -0.04659868764605834, "9350002.0": -1.1480924174144254, "9350004.0": -0.5851829290148243, "9350007.0": 0.3489127505474068, "9350008.0": -0.7811859104524221, "9350003.01": -1.104038529160755, "9350003.02": -1.0090476067223821, "9350010.03": -1.4987568588419686, "9350009.0": -1.001067043056517, "9350123.01": -0.02236717964587813, "9350010.01": -1.407724430236335, "9350010.02": -0.751048635978935, "9350014.01": -0.37148103169831276, "9350013.01": -0.28939469550328295, "9350014.02": 0.8469769460436387, "9350011.02": -0.2678228483411759, "9350123.02": 0.5014160900248524, "9350013.02": 0.14127660864858402, "9350011.01": 0.68990499355794, "9350012.0": -0.566813413343505, "9350110.0": 0.015974053997675725, "9350124.0": 0.48579736628880876, "9350125.02": 0.9312820607740244, "9350111.02": 0.2878711242571571, "9350126.0": -0.45817400810983294}