{"9350100.0": -2.409486702250409, "9350001.0": -1.0222624548357402, "9350101.0": -2.468819035714568, "9350006.0": -0.8678425993438535, "9350005.0": -0.11796807191592328, "9350002.0": -0.5210443181062244, "9350004.0": -1.0825070910317807, "9350007.0": -0.44204542254294155, "9350008.0": 0.37565830773532116, "9350003.01": -0.9192630411331075, "9350003.02": -0.5281828664327813, "9350010.03": 0.25065766438760917, "9350009.0": 1.2552957120974766, "9350123.01": 0.7770798523802288, "9350010.01": 0.25320066014632264, "9350010.02": 0.5984743233779474, "9350014.01": 0.9606134493707004, "9350013.01": 0.2821274539566232, "9350014.02": 0.6105255956294474, "9350011.02": -0.623902515487805, "9350123.02": 0.7052235259237956, "9350013.02": 1.2448915222774024, "9350011.01": 0.4730542561745105, "9350012.0": 1.5538287214706983, "9350110.0": -0.4687901659068409, "9350124.0": 1.3456485194083139, "9350125.02": 0.04099402556324811, "9350111.02": -0.32018180174022887, "9350126.0": 1.0650224965426724}