{"9350100.0": -0.9877478124820379, "9350001.0": 0.9857161588064325, "9350101.0": -0.8692803755899511, "9350006.0": 0.37655642698714825, "9350005.0": 0.28568307001696197, "9350002.0": 2.4875960267054023, "9350004.0": 0.5238090275103611, "9350007.0": -0.3301646278382052, "9350008.0": 0.309509025577962, "9350003.01": 2.6786602393662315, "9350003.02": 1.4493455728420375, "9350010.03": 0.4474531774398822, "9350009.0": -0.3760403825461381, "9350123.01": -0.2777671936854889, "9350010.01": 1.1707381659132838, "9350010.02": -0.5039896524930869, "9350014.01": -0.7125593349455073, "9350013.01": -0.5050341143148737, "9350014.02": -1.0344436277691345, "9350011.02": -0.36805690761347093, "9350123.02": -1.041637935535841, "9350013.02": -0.4741791888563112, "9350011.01": 0.40216469996555687, "9350012.0": 0.13862407511313354, "9350110.0": -0.6777659888560994, "9350124.0": -0.8178125677767681, "9350125.02": -1.574069211508222, "9350111.02": -0.9744887195435606, "9350126.0": 0.26918197511034586}