{"9350100.0": -2.2000812652519266, "9350001.0": 0.3046706053579226, "9350101.0": -2.0927968839206867, "9350006.0": -0.7262389163549045, "9350005.0": 0.42981436284760605, "9350002.0": 1.891630543013259, "9350004.0": 0.6897704297477558, "9350007.0": -0.4875290011882018, "9350008.0": 0.8680035033057654, "9350003.01": 1.2645723264165059, "9350003.02": 1.3137046246781872, "9350010.03": 1.118354243494614, "9350009.0": 0.42550400553963197, "9350123.01": 0.18868279365441662, "9350010.01": 1.0992744626099245, "9350010.02": 0.4678149601645381, "9350014.01": -0.41856462864978927, "9350013.01": -0.0014705370563855382, "9350014.02": -1.1357140884705352, "9350011.02": -0.04175364513954369, "9350123.02": -1.4104677505642496, "9350013.02": -0.1875636304287662, "9350011.01": 0.4999627177860388, "9350012.0": 0.9147255231907594, "9350110.0": -0.32222689623257533, "9350124.0": -0.9516854499382912, "9350125.02": -1.2792663603542305, "9350111.02": -0.5909396786127474, "9350126.0": 0.36981363035593856}