{"9350100.0": -2.2397972104668273, "9350001.0": -0.8010628565968473, "9350101.0": -2.192660067823127, "9350006.0": -0.47403650159678595, "9350005.0": -0.3827923460052074, "9350002.0": 1.5051317262357016, "9350004.0": 0.16758561854331325, "9350007.0": -0.6450193983487641, "9350008.0": 0.27975085519789306, "9350003.01": 1.3677945861364262, "9350003.02": 1.8325554979202046, "9350010.03": -0.22132934329801549, "9350009.0": 0.34176781010569396, "9350123.01": 0.43764046026625814, "9350010.01": 0.7930086145967568, "9350010.02": 0.7614774091453679, "9350014.01": -0.06253029970794348, "9350013.01": -0.23318815206570498, "9350014.02": -0.5504075359075479, "9350011.02": 0.3894776200523513, "9350123.02": -0.74922656823725, "9350013.02": 0.18511680146317092, "9350011.01": 0.9556796293322204, "9350012.0": 1.3949476969559769, "9350110.0": 0.2662471229337058, "9350124.0": -0.35066754536399686, "9350125.02": -2.0900690228108947, "9350111.02": 0.14818377954607156, "9350126.0": 0.16642161979789027}