{"9350100.0": -2.124146009086779, "9350001.0": 0.018426642983890042, "9350101.0": -1.9765893265185739, "9350006.0": -0.7570596589649721, "9350005.0": 0.5802496194147546, "9350002.0": 1.5163918471389646, "9350004.0": 0.8518837923617868, "9350007.0": -0.42682103056061793, "9350008.0": 0.8535877822695657, "9350003.01": 0.9124667665925226, "9350003.02": 0.6178338360947196, "9350010.03": 1.0095360358005665, "9350009.0": 1.0078311039615717, "9350123.01": -0.08885602315897416, "9350010.01": 1.5173667860282356, "9350010.02": 0.6333282531836061, "9350014.01": 0.09471242147542686, "9350013.01": -0.20464605831153135, "9350014.02": -1.175834939997318, "9350011.02": 0.03920994179439517, "9350123.02": -1.3999121902072993, "9350013.02": -0.13649081044574504, "9350011.01": -0.4466566169369775, "9350012.0": 1.1760185112115198, "9350110.0": -0.34654707117312095, "9350124.0": -1.162384209223866, "9350125.02": -1.1135461266236286, "9350111.02": -0.7161289827215551, "9350126.0": 1.2467757136194482}