{"9350100.0": 0.28163988194973, "9350001.0": 1.150752724564786, "9350101.0": 0.3520740348538235, "9350006.0": 1.0839439270862723, "9350005.0": 0.6973712035916522, "9350002.0": 1.5355201246260215, "9350004.0": 0.7259214624288711, "9350007.0": 0.09930080114555183, "9350008.0": 0.11269157267095413, "9350003.01": 2.117044556893728, "9350003.02": 0.9402795220432886, "9350010.03": -0.2426573887515809, "9350009.0": -0.20043639136979494, "9350123.01": -0.47658095876882084, "9350010.01": 0.4291993279474877, "9350010.02": -0.4156428698791297, "9350014.01": -0.9438105049232174, "9350013.01": -0.8945916701627726, "9350014.02": -1.180990244028908, "9350011.02": 0.9332448793868109, "9350123.02": -1.6851035801350565, "9350013.02": -0.5859447886579994, "9350011.01": 0.19001479819264208, "9350012.0": -0.6580865920314523, "9350110.0": 0.7491090750146753, "9350124.0": -2.112927632251953, "9350125.02": -1.8252801165080361, "9350111.02": 0.5726942328298288, "9350126.0": -0.7487493877573964}