{"9350100.0": 0.4450563742849632, "9350001.0": -0.8872519481380783, "9350101.0": 0.21917215486999275, "9350006.0": 0.19998159802485757, "9350005.0": -0.5418044867811628, "9350002.0": -2.049971612559072, "9350004.0": -1.656675126961918, "9350007.0": -0.5686864598537094, "9350008.0": -0.7361758169357784, "9350003.01": -1.3971202198113744, "9350003.02": -1.3565638600288674, "9350010.03": -1.0251369745458878, "9350009.0": -0.18909145915192505, "9350123.01": 0.15806300650078464, "9350010.01": -1.0629862120489066, "9350010.02": -0.44398281142647533, "9350014.01": 0.4253917345491974, "9350013.01": 0.27131490726932156, "9350014.02": 1.337995735004867, "9350011.02": -0.2028909892634507, "9350123.02": 1.1436965143579376, "9350013.02": 0.9822228277161338, "9350011.01": 0.5777611604750752, "9350012.0": 0.3403683809737389, "9350110.0": 0.38763747912862745, "9350124.0": 1.8740112992332518, "9350125.02": 1.7779419952316655, "9350111.02": 0.9534046144897957, "9350126.0": 1.0243181953963922}