{"9350100.0": 0.6741019425351409, "9350001.0": -0.8180907812233156, "9350101.0": 0.4205136785256037, "9350006.0": 0.3557206346374831, "9350005.0": -0.44519327579365225, "9350002.0": -2.128850034505668, "9350004.0": -1.649229770026305, "9350007.0": -0.6107268686473221, "9350008.0": -0.6716219954743203, "9350003.01": -1.446215835337952, "9350003.02": -1.321565284299815, "9350010.03": -0.951770896827814, "9350009.0": -0.18000372915788415, "9350123.01": 0.08734793224888351, "9350010.01": -1.076547854476022, "9350010.02": -0.44505048059588403, "9350014.01": 0.398758477661783, "9350013.01": 0.22504439671189874, "9350014.02": 1.309731336513828, "9350011.02": -0.12663396166370042, "9350123.02": 1.1462820593988574, "9350013.02": 0.8945781271480711, "9350011.01": 0.6201663548187994, "9350012.0": -0.423538344383222, "9350110.0": 0.5363211112298649, "9350124.0": 1.8162047027366746, "9350125.02": 1.5409884561310103, "9350111.02": 1.1714779453879698, "9350126.0": 1.0978019567270072}