{"9350100.0": 2.577172849628165, "9350001.0": 0.02516244973762094, "9350101.0": 2.434077970493361, "9350006.0": 1.9900277066545335, "9350005.0": -0.38379161830576497, "9350002.0": -0.7006696629420248, "9350004.0": -0.42178892512753896, "9350007.0": -0.11587020110120284, "9350008.0": -0.9261916653806801, "9350003.01": -0.2686032952249827, "9350003.02": -0.01008826003772879, "9350010.03": -1.4758391216900615, "9350009.0": -1.499144035877237, "9350123.01": -0.04789740460534755, "9350010.01": -1.1699603299974746, "9350010.02": -0.35269137363662534, "9350014.01": -0.5998098744124967, "9350013.01": -0.15196492743877538, "9350014.02": 1.1668889005203347, "9350011.02": -0.6928756984062794, "9350123.02": 0.23505626151146283, "9350013.02": -0.07438848359250501, "9350011.01": 0.03242212893228755, "9350012.0": -0.18607256177172635, "9350110.0": -0.31878316538614, "9350124.0": -0.09574406920667292, "9350125.02": 1.461987612869004, "9350111.02": 0.039623367228783526, "9350126.0": -0.47024457343438736}