{"9350100.0": 0.7148606399605618, "9350001.0": -0.7084857327991827, "9350101.0": 0.49920308998459534, "9350006.0": 0.5264806156295744, "9350005.0": -0.4945119020575759, "9350002.0": -2.0449806569860938, "9350004.0": -1.6026854971321989, "9350007.0": -0.4131666426413495, "9350008.0": -0.7873353090417304, "9350003.01": -1.3841994407516252, "9350003.02": -1.3897406494633302, "9350010.03": -1.208166574418686, "9350009.0": -0.2975537942353126, "9350123.01": 0.2471283123226989, "9350010.01": -1.190535893336295, "9350010.02": -0.5468684174993605, "9350014.01": 0.3145683532380454, "9350013.01": 0.1907059614177787, "9350014.02": 1.3921779690410103, "9350011.02": -0.10015268201835548, "9350123.02": 1.1474704569679506, "9350013.02": 0.9697392811393835, "9350011.01": 0.6649388468086107, "9350012.0": -0.17698844413373713, "9350110.0": 0.4636402337255194, "9350124.0": 1.8139801229183106, "9350125.02": 1.5873414473924334, "9350111.02": 1.0037928596367733, "9350126.0": 0.809343446331578}