{"9350100.0": 0.0997635392725654, "9350001.0": 0.597401296804687, "9350101.0": 0.339379531671813, "9350006.0": 0.010264867245502832, "9350005.0": 0.7123753426264684, "9350002.0": 1.7204430083370412, "9350004.0": 1.6528431439587465, "9350007.0": 0.5406979313403653, "9350008.0": 0.610409021939524, "9350003.01": 1.518123633002483, "9350003.02": 0.6394096996578778, "9350010.03": 0.6726927509251674, "9350009.0": 0.287037663824883, "9350123.01": -0.35052250578453586, "9350010.01": 0.918052913348774, "9350010.02": -0.07074436335392253, "9350014.01": -0.4962961760555197, "9350013.01": -0.5059320567397904, "9350014.02": -2.0130335484480733, "9350011.02": 0.78710040123327, "9350123.02": -1.0931852174809664, "9350013.02": -0.8715150408189287, "9350011.01": -0.7834037623611705, "9350012.0": -0.3220041808480091, "9350110.0": 0.16067299802531745, "9350124.0": -1.1641577183323164, "9350125.02": -2.8096074373108406, "9350111.02": -0.43948780097851425, "9350126.0": -0.3467779347019213}