{"9350100.0": -2.3240101561457314, "9350001.0": -0.6299326329157647, "9350101.0": -2.4246094548404438, "9350006.0": -0.3158968973385355, "9350005.0": -0.26520172073962156, "9350002.0": 0.5068588853180651, "9350004.0": -1.4704530664543694, "9350007.0": -1.398493428715633, "9350008.0": -0.09769167656495613, "9350003.01": 0.7953748910421479, "9350003.02": 0.12936186833348556, "9350010.03": -0.2813094672118853, "9350009.0": 0.049380852633910274, "9350123.01": 0.4273651379603275, "9350010.01": 0.17244708992272217, "9350010.02": -0.42728603865998194, "9350014.01": -0.15431582924325005, "9350013.01": 0.09644912378852469, "9350014.02": 0.179161152700761, "9350011.02": 0.00943556955926822, "9350123.02": -0.650053364278964, "9350013.02": 0.92105794714609, "9350011.01": 2.0698621127637216, "9350012.0": 1.4758994904129454, "9350110.0": 0.2724320282466624, "9350124.0": 0.9203752603939993, "9350125.02": 0.28783755872084404, "9350111.02": 0.5244008341652778, "9350126.0": 1.6015539300004098}