{"8250204.01": -3.377875273071949, "8250002.38": -0.90076745550485, "8250002.4": -0.9311305533622101, "8250002.36": -1.3017918263480812, "8250002.39": -0.37044753406544295, "8250002.34": -1.861600996106359, "8250001.48": -0.38397663355277634, "8250001.47": 0.2812669417753074, "8250001.46": -0.9741500855024814, "8250001.42": -0.24461884110292198, "8250001.45": 0.3866106212252151, "8250001.33": -0.9066007339695906, "8250001.11": 0.07842293913362061, "8250001.32": -0.17339957932363645, "8250001.41": 2.2024698411041284, "8250001.22": 0.23283555812792078, "8250002.35": -0.9337937637377343, "8250002.32": 0.6434505697517587, "8250002.22": 0.6665300941680312, "8250002.37": 0.05773578327930508, "8250002.33": -0.38088109868669046, "8250002.31": -0.9251227071479596, "8250002.3": -0.17742135211203744, "8250002.18": -0.4673415145734979, "8250002.1": -0.11036598094533877, "8250002.11": -0.5324901841393455, "8250002.29": -0.850100095688444, "8250002.17": 0.26895549297165106, "8250002.28": 0.010821209442658276, "8250002.27": -0.23881951213494218, "8250002.04": 0.42296294322838274, "8250002.26": -0.8018245977761183, "8250002.12": -0.6282155788050726, "8250002.25": -0.9369887584266273, "8250001.1": -0.24430070032780482, "8250002.24": -0.5588482918684907, "8250001.23": 0.610744989339989, "8250001.4": 1.1367092026751477, "8250001.3": 0.16783587394274052, "8250001.38": 1.4580131255844193, "8250001.39": 0.5525355424022067, "8250001.06": 0.6928140616869737, "8250001.28": 0.9865025310478432, "8250001.29": 1.0684344748000438, "8250001.08": 0.14262760025415855, "8250001.37": 1.389411729817025, "8250001.25": -0.06878060448981675, "8250001.44": 1.3104859488864076, "8250001.43": -0.10608929442504714, "8250001.05": 0.814594201587464, "8250001.5": 1.2478115285900955, "8250001.35": 0.49730582238082127, "8250001.49": -0.10192094140153758, "8250001.02": -0.852604009336212, "8250001.14": 1.1786971735545768, "8250001.01": 0.2402791096828712, "8250002.09": -0.3256348220648648, "8250001.07": -0.3990625251981675, "8250002.06": -2.1808925081803734, "8250002.15": -3.7051816382864926, "8250001.04": -0.40758172539508414, "8250001.03": 0.23266973326872542, "8250002.14": -0.053703932998497836, "8250002.08": -0.40108611629818336, "8250001.09": 0.4376509171321485, "8250001.17": -0.009581023419844905, "8250004.0": 0.0674337950625141, "8250005.0": 0.8944929370852425, "8250001.13": 0.8694600639265072, "8250006.0": 0.16233776558440222, "8250007.01": 0.5330613035523086, "8250007.02": 0.5023026153212895, "8250010.0": -0.5785582368113499, "8250007.07": -0.41890125755920005, "8250002.07": -0.32986495104793273, "8250011.0": -0.20000714914887635, "8250003.0": -1.6077373264657002, "8250033.01": -0.05663625298336538, "8250033.02": 0.09125748715440504, "8250002.02": 0.7276045830438503, "8250009.0": 0.5459478909395978, "8250007.06": -0.15071967303350178, "8250008.0": -0.8310710525382768, "8250012.0": 0.6057582049266562, "8250013.0": 0.7433226317877372, "8250007.05": -0.457231180707547, "8250007.03": -0.7226950489135154, "8250014.0": -0.5471118886706314, "8250015.0": -1.4246690799691113, "8250029.0": 0.3029067352182286, "8250035.01": 0.14917367758746275, "8250036.01": 0.889072020646095, "8250036.02": 1.1212597657307346, "8250030.0": 0.13043383095762032, "8250038.2": 2.1465793575389216, "8250038.21": 2.1852323818231225, "8250032.0": -0.47844608961818846, "8250035.02": 0.8138929510674888, "8250037.0": 1.1205527553840866, "8250038.05": 1.4042406769718208, "8250034.0": 1.142321889505929, "8250038.04": 0.8455863029454531, "8250038.06": 1.2176498341252673, "8250038.02": 1.4117354272135498, "8250028.0": 0.054554311028867215, "8250204.03": 0.005480861564692704, "8250031.02": 0.34577094201450376, "8250038.03": 1.2287461548235628, "8250016.0": -1.5552596798071332, "8250023.0": 0.9016071411422985, "8250022.02": -0.49608471043074936, "8250022.01": -0.5856091376176479, "8250200.02": 0.30408775362824747, "8250024.0": -0.2557153653745202, "8250018.01": -0.5843080817643896, "8250017.03": -0.48501105899050084, "8250018.02": -0.7253402665053028, "8250026.0": -0.17683359440312035, "8250031.01": -0.9875323202057682, "8250039.0": -0.09085555170124644, "8250038.07": 0.9208781945520768, "8250027.03": -0.03682443125347512, "8250027.02": -1.4031462275391482, "8250042.02": 0.46313025008452224, "8250027.01": -0.47013655117628755, "8250038.08": 0.5244761774585857, "8250038.22": 1.3682500014772274, "8250040.0": 0.28271416625187895, "8250038.23": 1.1646438396312164, "8250044.0": -0.3419467523731569, "8250041.0": 1.386280527462449, "8250042.01": 0.5981857826925864, "8250045.02": 1.1081410021409897, "8250045.01": 0.097878642638681, "8250043.0": 1.8909567246498917, "8250038.1": 0.9448666921411165, "8250038.12": 1.5106853114550791, "8250046.01": 1.4440166155103156, "8250017.04": -0.16474768363488368, "8250025.0": -0.22349289980339357, "8250021.02": 0.3005364577846101, "8250021.01": -0.8447191985346727, "8250020.0": -1.1079131912269766, "8250050.14": 0.03166647853463679, "8250019.0": -0.26279871711932823, "8250017.01": -0.11746888328752968, "8250017.05": 0.29591073977023985, "8250046.02": 0.16615415157950403, "8250060.0": 1.4733041115368355, "8250038.11": 0.05002129501651851, "8250038.24": 1.346709755495955, "8250059.0": 0.9520542703744433, "8250038.14": 1.6769722575566914, "8250038.25": 1.2952725978636381, "8250058.0": 1.619630835594236, "8250038.13": 1.058454266777339, "8250057.0": 0.7245772463932896, "8250038.15": 1.0117388048639024, "8250017.06": -0.3838677222059046, "8250050.12": -0.23362103363974748, "8250047.0": 0.18497574888275933, "8250056.0": 1.2203318715222937, "8250050.13": 0.9560090677791723, "8250049.07": 0.45957238308239023, "8250048.0": -0.750456618945217, "8250049.06": -1.373904975159898, "8250054.0": 1.1167214697731365, "8250050.22": 0.01878781887330024, "8250062.0": 1.35466084987286, "8250038.27": 1.3783729445167305, "8250038.17": 1.218534414284316, "8250063.0": 1.7505924574643532, "8250038.28": 1.85045612366422, "8250038.47": 0.12179933998070736, "8250072.0": -0.6592668266208962, "8250064.0": -0.20397130963710586, "8250038.18": 0.4938514783898821, "8250038.45": 1.128860458854128, "8250055.0": 0.2677721383862859, "8250050.21": 0.24463514854826157, "8250050.16": 0.20446600749587235, "8250049.01": -0.11573872132457975, "8250049.04": 0.7315323334723689, "8250065.0": -0.3536071398430604, "8250066.04": -0.4819905291414719, "8250053.0": 0.1197271113360456, "8250049.05": 7.295715180665214e-05, "8250200.06": -0.5136985214237676, "8250071.0": -0.2425603154357662, "8250038.46": 0.6489728283106853, "8250038.3": 0.24853053746982529, "8250073.0": -0.3035173097788192, "8250070.0": -2.262655973550757, "8250038.44": 0.43576227632437586, "8250038.48": 0.3968736529736543, "8250038.49": 0.015077888561322415, "8250074.0": -0.43102811913071293, "8250069.0": -0.4896047835511082, "8250050.1": 0.11125324689869762, "8250066.03": -0.2489391332290852, "8250050.15": 1.1294267545312844, "8250067.0": -1.6355042548463496, "8250066.02": -0.5409215785907754, "8250050.2": 0.3550073491335145, "8250050.19": -0.7887986784434685, "8250050.01": -0.5321494032869011, "8250052.04": 0.16969928256292152, "8250077.01": 0.22156432978238214, "8250038.43": -0.4074527637403868, "8250038.4": -0.049501232191238496, "8250038.41": -0.4878902405426785, "8250075.02": -1.2425406531629057, "8250038.42": -0.6903996500979721, "8250075.01": -0.8933126435338683, "8250076.03": -0.9905846183737609, "8250038.39": -1.0449986454634923, "8250038.35": 0.71047577413298, "8250068.0": -1.4391293406218482, "8250061.0": -2.8659531686473136, "8250076.01": -0.7198489511576646, "8250076.04": -0.5323133051563308, "8250076.02": -0.46534004294924175, "8250076.05": -0.09104487917440758, "8250077.19": -0.0104455627148512, "8250076.09": -0.28693303748255267, "8250076.06": -0.3656047614739359, "8250038.37": -1.4016190575986975, "8250076.35": -1.2197108782493786, "8250051.0": -0.042254949098959146, "8250052.03": -2.143291070962248, "8250050.07": -0.24427959393082296, "8250077.02": 0.02276768254268467,