{"8250204.01": -0.9591413524670647, "8250002.38": 0.7149065479123206, "8250002.4": 0.7961420573857741, "8250002.36": 1.582801159496454, "8250002.39": 0.4178378557509866, "8250002.34": -0.3148085145241871, "8250001.48": -0.24783403723919614, "8250001.47": 0.10723030303032897, "8250001.46": 0.026105578519554917, "8250001.42": -0.49110217554726937, "8250001.45": -0.9384411768747194, "8250001.33": -0.5719332788265984, "8250001.11": 0.4515276318746042, "8250001.32": -0.26861724320409963, "8250001.41": 1.7642459118747216, "8250001.22": -0.9616391769772856, "8250002.35": 1.3853151798227794, "8250002.32": 0.8144462522662986, "8250002.22": -0.7246907627566906, "8250002.37": 2.1256083283010887, "8250002.33": 0.9753786405848969, "8250002.31": 1.8109364800020524, "8250002.3": 0.8207694196540911, "8250002.18": -0.21694934981229136, "8250002.1": -0.8433818668513066, "8250002.11": -1.4969009850379509, "8250002.29": 0.6268808942924476, "8250002.17": 0.005267223126918741, "8250002.28": 0.08544553018024269, "8250002.27": 0.17558889728096264, "8250002.04": 1.8104767706672065, "8250002.26": -0.20365554623111842, "8250002.12": -0.7863744901472901, "8250002.25": -0.8511022391817825, "8250001.1": -0.9438553142003357, "8250002.24": -0.7492826550296379, "8250001.23": -0.18233325411017995, "8250001.4": 1.354358841833269, "8250001.3": 1.1962031484445443, "8250001.38": 1.3612072596715081, "8250001.39": 1.4263265704436106, "8250001.06": -0.060265970556992184, "8250001.28": 0.9106522003179076, "8250001.29": 0.8217067852977127, "8250001.08": 0.49660436689126314, "8250001.37": 0.9350909029465201, "8250001.25": 0.04825429369312281, "8250001.44": 0.5626212151745169, "8250001.43": -0.16917796294210413, "8250001.05": -0.17985654085095423, "8250001.5": 0.025396939579468886, "8250001.35": 1.9537980866167723, "8250001.49": -0.06457433400326112, "8250001.02": -0.961777975473688, "8250001.14": -0.602389605628561, "8250001.01": -0.7313749129910726, "8250002.09": -1.0150583892702287, "8250001.07": -0.9549071546291488, "8250002.06": -2.480842421578278, "8250002.15": -3.161563039122878, "8250001.04": -1.2760355409431863, "8250001.03": -0.8058407219733615, "8250002.14": -1.1699365039075815, "8250002.08": -0.5209643883000618, "8250001.09": -1.0274905654500952, "8250001.17": -0.10523572797009167, "8250004.0": -1.5253921757859015, "8250005.0": -0.7283471112146543, "8250001.13": 0.003882096334243413, "8250006.0": -0.6780971620320551, "8250007.01": -0.7613388546524894, "8250007.02": 0.07394070931970319, "8250010.0": -0.7588447754162456, "8250007.07": -0.5225624873345752, "8250002.07": -0.686960486035339, "8250011.0": -0.7539873670813861, "8250003.0": -1.4837496195948676, "8250033.01": -1.3131718502487628, "8250033.02": -0.4656501128348065, "8250002.02": 1.454703667010122, "8250009.0": -0.03794417730647057, "8250007.06": -0.38764788344339846, "8250008.0": -0.5554472644848636, "8250012.0": -0.025925438350935585, "8250013.0": -0.22950357435041446, "8250007.05": -1.0552707701703388, "8250007.03": -0.5298196651630345, "8250014.0": -1.0463355076119079, "8250015.0": -1.3425532726487217, "8250029.0": -0.8811000097891795, "8250035.01": -0.8416869296208042, "8250036.01": -0.1758184761915409, "8250036.02": 0.017954248287682103, "8250030.0": -0.5526962558828743, "8250038.2": 2.0486425990724992, "8250038.21": 1.3809884959598644, "8250032.0": -0.35898711233726716, "8250035.02": -0.5623963850625912, "8250037.0": 0.2516988532591477, "8250038.05": 1.2729614837466192, "8250034.0": -0.45102124845567787, "8250038.04": 0.4523020305296465, "8250038.06": 2.15541243788722, "8250038.02": 1.4552676726333584, "8250028.0": -0.156175664043615, "8250204.03": 1.5427092698503708, "8250031.02": 0.5466664101769946, "8250038.03": 0.8307727466276881, "8250016.0": -1.0178387440501824, "8250023.0": -0.45647824570444884, "8250022.02": -0.845585002261224, "8250022.01": -0.5742874573908581, "8250024.0": -0.42699001505499157, "8250018.01": -0.0017243007362413038, "8250017.03": 0.39340784391564115, "8250018.02": -0.3108809161131924, "8250026.0": -0.37581390816644966, "8250031.01": 0.13508159209000795, "8250039.0": 0.1797625724749553, "8250038.07": 1.3610232429371059, "8250027.03": 0.37695113357672616, "8250027.02": -0.5300504869782161, "8250042.02": 0.8035232903608974, "8250027.01": 0.048346737255367235, "8250038.08": 1.450635294459016, "8250038.22": 1.7162856306558585, "8250040.0": 0.6283925056792103, "8250038.23": 1.1738760862133315, "8250044.0": 0.5220471451213778, "8250041.0": 0.42066673960276596, "8250042.01": 0.5952391924431816, "8250045.02": 0.8029337764877421, "8250045.01": 0.03585351868429444, "8250043.0": 1.4164675051068216, "8250038.1": 1.0112911241339515, "8250038.12": 0.9492898138599334, "8250046.01": 0.7298151937518154, "8250017.04": 0.8412004844051447, "8250025.0": -0.5731636587522118, "8250021.02": -0.556272880824032, "8250021.01": -1.1624901245832748, "8250020.0": -1.1585535894044856, "8250050.14": -0.19197642917617933, "8250019.0": -0.5540361697134892, "8250017.01": -0.19775918555603117, "8250017.05": 0.7383049002739106, "8250046.02": -0.6272067072858755, "8250060.0": -0.03265858259959157, "8250038.11": 1.2310631582396232, "8250038.24": 1.3383802351033771, "8250059.0": 0.12806726457536485, "8250038.14": 0.6329686200457996, "8250038.25": 1.2061815875367787, "8250058.0": 0.7142433272586354, "8250038.13": 0.5462643450204122, "8250057.0": -0.10710689997521274, "8250038.15": 0.35286002308464504, "8250017.06": 0.2375787263895225, "8250050.12": 0.07764090375365226, "8250047.0": -0.7785173876324846, "8250056.0": -0.22623505633507424, "8250050.13": -0.21951694608276373, "8250049.07": 0.5238655762041786, "8250048.0": -1.3772497136626625, "8250049.06": -0.3701581631940062, "8250054.0": -0.38111653719024274, "8250050.22": 0.23586941770843198, "8250062.0": -0.3129473987764666, "8250038.27": 1.016007585304112, "8250038.17": 0.7809793932208611, "8250063.0": 0.1098176428445761, "8250038.28": 0.8533545269195859, "8250038.47": 1.4863369142381029, "8250072.0": -1.0098888045273209, "8250064.0": -1.2866266660434689, "8250038.18": 0.3307798810802715, "8250038.45": 0.6177388969419031, "8250055.0": -0.3514030773717291, "8250050.21": 0.8381748090923158, "8250050.16": -0.12086180976494983, "8250049.01": -0.19132929711131363, "8250049.04": 0.8249365221748124, "8250065.0": -1.2482412972706358, "8250066.04": -0.8480847078790672, "8250053.0": 0.18759859046325678, "8250049.05": 0.34202510036281103, "8250200.06": -0.8111821869093608, "8250071.0": -0.8947264128501653, "8250038.46": 0.8770580205440793, "8250038.3": 0.37981403583516105, "8250073.0": -1.4073098905399273, "8250070.0": -2.383321796901722, "8250038.44": 0.5861024512046183, "8250038.48": 1.017939438763486, "8250038.49": 0.7470798336577101, "8250074.0": -1.2500395030939475, "8250069.0": -1.172252308610362, "8250050.1": 0.63742810669263, "8250066.03": -0.14093060225923568, "8250050.15": 0.849664608285527, "8250067.0": -1.1900138254705162, "8250066.02": -0.6409917078048494, "8250050.2": -0.08682093785482954, "8250050.19": -0.18221606944485788, "8250050.01": -0.881650106023497, "8250052.04": -0.9231070278923303, "8250077.01": -0.23563132980869703, "8250038.43": 1.0550061177930814, "8250038.4": 1.0282492687918716, "8250038.41": 1.9719451339912444, "8250075.02": -1.7094201907669444, "8250038.42": 1.1595199931715505, "8250075.01": -1.4959282359216775, "8250076.03": -1.1517182793185161, "8250038.39": 1.5291737478151604, "8250038.35": 0.6861292997040483, "8250068.0": -0.9803338013164609, "8250061.0": -1.104096565194403, "8250076.01": -0.8114660668305945, "8250076.04": -0.7917709660383716, "8250076.02": -0.667232330427766, "8250076.05": -0.74421379856046, "8250077.19": 0.3326718474448418, "8250076.09": -1.3529323099850474, "8250076.06": -0.9407766154348165, "8250038.37": 4.1945766818726815, "8250076.35": -1.8578757391767045, "8250051.0": -0.9814616221993173, "8250052.03": -2.7007874124362874, "8250050.07": -1.0077061847313886, "8250077.02": -0.7551661183223887, "8250050.18": -0.3259917502281426,