{"8250204.01": -1.7047506465918751, "8250002.38": 0.4020471933276687, "8250002.4": -0.6692350780141768, "8250002.36": 0.32592483642245473, "8250002.39": -0.770179056237444, "8250002.34": 1.2117361200308479, "8250001.48": -0.5397830604778866, "8250001.47": -0.14460323526589594, "8250001.46": -0.7008614476393624, "8250001.42": -0.008984237757458779, "8250001.45": -0.538153445801876, "8250001.33": -0.2957761340909945, "8250001.11": 0.028579547114644555, "8250001.32": -0.4369589498506833, "8250001.41": -0.572945225589201, "8250001.22": -0.8552708513609869, "8250002.35": 0.5807800715907734, "8250002.32": 0.21456226794079866, "8250002.22": -0.35773143309029837, "8250002.37": 0.165781448098168, "8250002.33": 0.3923357084937721, "8250002.31": -0.21566851267007367, "8250002.3": 0.7504669629956423, "8250002.18": 0.4351155575203932, "8250002.1": 0.04055365334693856, "8250002.11": -0.760801301793338, "8250002.29": 0.467555279260046, "8250002.17": 0.787928123423434, "8250002.28": 0.7235178298496009, "8250002.27": 1.5932519710604316, "8250002.04": -0.49756070160101945, "8250002.26": 0.7814197201944026, "8250002.12": -0.25111729150490364, "8250002.25": 0.6467000580665709, "8250001.1": -0.5569501269627606, "8250002.24": 0.17587318000022742, "8250001.23": -1.2344581750023778, "8250001.4": -0.4088131037964927, "8250001.3": 0.5242000176852184, "8250001.38": 0.23091526342960406, "8250001.39": 0.3735537344743063, "8250001.06": -0.7315437257820097, "8250001.28": 0.3066395353805803, "8250001.29": 1.0186294880794884, "8250001.08": -0.558747484028591, "8250001.37": 0.3976678149915222, "8250001.25": 0.1998455932246135, "8250001.44": 1.2442691847985914, "8250001.43": 0.09750924504617824, "8250001.05": -0.7056025195523418, "8250001.5": -0.3442256650851455, "8250001.35": 0.6964258182644973, "8250001.49": -0.4444125658750945, "8250001.02": -0.8085245876122067, "8250001.14": -0.6111400386878703, "8250001.01": -0.7922486816224217, "8250002.09": -0.26010812854874876, "8250001.07": -0.6310755538196315, "8250002.06": -1.9971765685594627, "8250002.15": -1.7079452401914141, "8250001.04": -0.8381279216120243, "8250001.03": -0.838140665135971, "8250002.14": -0.9399743381629082, "8250002.08": -0.9777599008718721, "8250001.09": -0.5365362629932441, "8250001.17": -0.4913633481496459, "8250004.0": -0.7590870492485715, "8250005.0": -0.30823024219258865, "8250001.13": -0.41451706753021433, "8250006.0": -0.4720522585102685, "8250007.01": -0.46993807707726926, "8250007.02": -0.2657760207324482, "8250010.0": -0.4274110792616442, "8250007.07": -0.2750069757289406, "8250002.07": -0.7703941600429642, "8250011.0": -0.7629397405984967, "8250003.0": -1.4144066866873108, "8250033.01": -1.1310134286623732, "8250033.02": -1.1038460031139885, "8250002.02": -0.10365696385667117, "8250009.0": -0.2999414650342484, "8250007.06": -0.6271961749226018, "8250008.0": -0.47998446763411634, "8250012.0": -0.3585561480066752, "8250013.0": -0.4516133899035513, "8250007.05": -0.740925536331859, "8250007.03": -0.4459711954930515, "8250014.0": -0.48224158462261246, "8250015.0": -1.3157923475967523, "8250029.0": -0.6981234924576993, "8250035.01": -0.7405845720003388, "8250036.01": -0.55745617166285, "8250036.02": -0.4658129036067771, "8250030.0": 0.26055559141184276, "8250038.2": 0.07921289476009959, "8250038.21": 0.23311614141854972, "8250032.0": -0.34315839124537295, "8250035.02": -0.3063019181445426, "8250037.0": -0.10936955278714292, "8250038.05": 0.541241491134034, "8250034.0": -0.3423659320046068, "8250038.04": 0.22057185339648516, "8250038.06": 0.13108736254021064, "8250038.02": 0.529014088338114, "8250028.0": 1.0900700780237589, "8250204.03": -0.9677530481287341, "8250031.02": 1.573634185154884, "8250038.03": 0.315892070003087, "8250016.0": -0.724756559587784, "8250023.0": -0.45112424131737006, "8250022.02": -0.3023835248280834, "8250022.01": 0.14913968004021272, "8250024.0": 0.5874773523924908, "8250018.01": 0.23947938658755888, "8250017.03": -0.08299328975221976, "8250018.02": 0.19364211876136855, "8250026.0": 2.2924302783276698, "8250031.01": 1.3431274088895728, "8250039.0": -0.3338877390305713, "8250038.07": 0.3535703241919155, "8250027.03": 2.88240355851972, "8250027.02": 2.6374502878249264, "8250042.02": 2.1061652645900155, "8250027.01": 3.987442237552252, "8250038.08": -0.055495692074336994, "8250038.22": 0.14578394830207453, "8250040.0": -0.9314541353635879, "8250038.23": 0.2804546549941484, "8250044.0": 3.48927823575105, "8250041.0": -0.3478912483489372, "8250042.01": 0.6435499574511232, "8250045.02": 5.6347541940190515, "8250045.01": 4.724456476044002, "8250043.0": 3.44155401649672, "8250038.1": 0.26852263798173814, "8250038.12": 0.37734170808752676, "8250046.01": 3.5480627058996337, "8250017.04": -0.17446111588483817, "8250025.0": 1.15094771495409, "8250021.02": 0.42003606424655554, "8250021.01": 0.3183739638653468, "8250020.0": 0.2685901211689635, "8250050.14": -1.0411549123767931, "8250019.0": 0.13860257345627108, "8250017.01": -0.08883502733708089, "8250017.05": -0.0865579267869443, "8250046.02": 2.571535609907121, "8250060.0": -0.23449453799780567, "8250038.11": -0.14305307902602551, "8250038.24": 0.009837496257094742, "8250059.0": 0.1229973149434482, "8250038.14": 0.7004756758899416, "8250038.25": 0.19926415769230124, "8250058.0": 1.3155973000338905, "8250038.13": 0.3903330665034939, "8250057.0": 0.04524776762753106, "8250038.15": 0.2094022684463786, "8250017.06": -0.4128219491039384, "8250050.12": -0.4710266598728264, "8250047.0": 0.017247261403532138, "8250056.0": 0.8869428214891442, "8250050.13": -0.9479580330344354, "8250049.07": -0.40113008077161283, "8250048.0": -0.9882647747220483, "8250049.06": -0.3465295891934725, "8250054.0": -0.37652515182868757, "8250050.22": -0.33355596047047703, "8250062.0": -0.14231345090221414, "8250038.27": 0.8306192491757103, "8250038.17": 0.4823201853506198, "8250063.0": 0.08312179071439216, "8250038.28": 1.027113874775999, "8250038.47": 1.1913623499737205, "8250072.0": -0.48549185524653776, "8250064.0": -0.4245811792503634, "8250038.18": 1.2010703595378946, "8250038.45": 1.5989709462870776, "8250055.0": -0.3277058667254624, "8250050.21": -0.2402359714232842, "8250050.16": -0.7186827371429443, "8250049.01": -0.3372266027174266, "8250049.04": -0.35031221460251444, "8250065.0": -0.5366201845411827, "8250066.04": -0.28758961469880745, "8250053.0": -0.4777892296864314, "8250049.05": -0.5879940874823671, "8250200.06": -1.1510245576940326, "8250071.0": -0.48115205860514004, "8250038.46": 2.6063095764999256, "8250038.3": 1.187396652552118, "8250073.0": -0.5750916201325786, "8250070.0": -0.9210745671971784, "8250038.44": 2.8428187074626448, "8250038.48": 0.6622611560469588, "8250038.49": 1.955137299134261, "8250074.0": -0.40075832368630204, "8250069.0": -0.5074609854494072, "8250050.1": -0.43005411616307476, "8250066.03": -0.6933195168654389, "8250050.15": -0.7502180334841876, "8250067.0": -0.6670888007234029, "8250066.02": -0.4540737634134504, "8250050.2": -0.7753697964244799, "8250050.19": -0.9226530251230654, "8250050.01": -0.955731390590865, "8250052.04": -0.6170057365514245, "8250077.01": -0.35839193443145956, "8250038.43": 2.418947518541595, "8250038.4": 2.143845096550442, "8250038.41": 1.4918077529263432, "8250075.02": -0.46943550851900084, "8250038.42": 1.277562982254202, "8250075.01": -0.1944151715004599, "8250076.03": -0.602918419959789, "8250038.39": 2.041670094337208, "8250038.35": 0.826167249451534, "8250068.0": -0.6752730363018195, "8250061.0": -1.6978093270921215, "8250076.01": 0.0016582595560266048, "8250076.04": -0.26115889453457697, "8250076.02": -0.22750859010381716, "8250076.05": -0.1586574209194331, "8250077.19": -0.10336280770784759, "8250076.09": -0.39154374708958867, "8250076.06": -0.3055122434685266, "8250038.37": 0.5482162487838936, "8250076.35": -0.8777228919912982, "8250051.0": -0.8615437770628795, "8250052.03": -1.7224427726217468, "8250050.07": -1.0749920279746756, "8250077.02": -0.7273998380794011, "8250050.18": -1.2840158923746494,