{"8250204.01": -0.7177466129330419, "8250002.38": -0.5826860808092931, "8250002.4": 0.0240160964576175, "8250002.36": -0.07819203241378168, "8250002.39": -0.007550313745336488, "8250002.34": -0.6059085148378182, "8250001.48": -0.3893839571510511, "8250001.47": -0.5321494645995452, "8250001.46": -0.5961527961143556, "8250001.42": -0.339406633736373, "8250001.45": -0.6370292357085019, "8250001.33": -0.7176602571013835, "8250001.11": -0.5244309259202127, "8250001.32": -0.854348841461214, "8250001.41": -0.5053918970960912, "8250001.22": -0.5864552830769154, "8250002.35": -0.14886570060593307, "8250002.32": -0.21205238864748308, "8250002.22": -0.5325946968912122, "8250002.37": 0.08228163190555851, "8250002.33": -0.10450928787641107, "8250002.31": -0.055606548084528945, "8250002.3": -0.6150180033804332, "8250002.18": -0.6334819588796367, "8250002.1": -0.6338184658286927, "8250002.11": -0.7636993465969659, "8250002.29": -0.6647683533146627, "8250002.17": -0.608488896978097, "8250002.28": -0.521157970654515, "8250002.27": -0.8417746365123774, "8250002.04": -0.3253738649173916, "8250002.26": -0.6803796087718199, "8250002.12": -0.7030940848292021, "8250002.25": -0.6465735050139585, "8250001.1": -0.7382657680176499, "8250002.24": -0.7011844739617005, "8250001.23": -0.6607421423505064, "8250001.4": -0.6443208243894373, "8250001.3": -0.6583524561353282, "8250001.38": -0.6023336454428271, "8250001.39": -0.6230029935984925, "8250001.06": -0.5282021203652485, "8250001.28": -0.29259139915638466, "8250001.29": -0.5480462229505717, "8250001.08": -0.46974101179833944, "8250001.37": -0.6264138722267297, "8250001.25": -0.6833560030404388, "8250001.44": -0.5266325570063876, "8250001.43": -0.5115297882318898, "8250001.05": -0.46557470693154057, "8250001.5": -0.24914530914135272, "8250001.35": -0.7029472987655964, "8250001.49": -0.5330705039188379, "8250001.02": -0.3840737883061184, "8250001.14": -0.026586306061201943, "8250001.01": 0.07604694792122642, "8250002.09": -0.5821333557779033, "8250001.07": -0.8462793000949413, "8250002.06": -1.469434721544915, "8250002.15": -1.4825707648662612, "8250001.04": -0.569362061391285, "8250001.03": -0.5672771397512479, "8250002.14": -0.7095988059256275, "8250002.08": -0.3449162550042282, "8250001.09": -0.29523459370293625, "8250001.17": -0.44309322286883457, "8250004.0": 0.30226403844615224, "8250005.0": 0.5081285517700448, "8250001.13": -0.4076225259836332, "8250006.0": 0.08667063932241845, "8250007.01": -0.07423083264388074, "8250007.02": 0.03389735047656502, "8250010.0": 0.11811137483074167, "8250007.07": -0.2184239483347865, "8250002.07": -0.4883686439222578, "8250011.0": 0.43204490394866846, "8250003.0": -0.7293474892610188, "8250033.01": -0.35384276589282254, "8250033.02": -0.2016476136981379, "8250002.02": -0.08740496817356026, "8250009.0": 0.5057618804968675, "8250007.06": -0.4746572324207238, "8250008.0": -0.1411042016644034, "8250012.0": 1.0505398821128424, "8250013.0": 0.83961150633696, "8250007.05": -0.26209642151715073, "8250007.03": -0.27810596583285774, "8250014.0": 0.04956814782407026, "8250015.0": -0.4483333106993772, "8250029.0": 0.6446054808334373, "8250035.01": -0.04805368010527345, "8250036.01": -0.09939873217223769, "8250036.02": 0.0800579860996646, "8250030.0": 1.0172078969720482, "8250038.2": -0.28022367255370134, "8250038.21": -0.13502218478773811, "8250032.0": 1.0361816453606854, "8250035.02": 0.26745323618214284, "8250037.0": -0.265452426462415, "8250038.05": -0.09437516954710995, "8250034.0": 0.8879601673873339, "8250038.04": -0.05771218747533734, "8250038.06": -0.4642390274483364, "8250038.02": -0.4224313039119482, "8250028.0": 1.1538347855918054, "8250204.03": -0.5403545205080568, "8250031.02": 3.227143301946779, "8250038.03": -0.44053263065164217, "8250016.0": -0.01219180212404898, "8250023.0": 0.6797630455806783, "8250022.02": -0.162477074092762, "8250022.01": 0.4218647456725829, "8250024.0": 0.6088609685951737, "8250018.01": 0.4010326839423638, "8250017.03": 0.1824604993632639, "8250018.02": 0.22923911163285488, "8250026.0": 1.1932171129592322, "8250031.01": 2.095047040232792, "8250039.0": -0.12675621598856304, "8250038.07": -0.4714144798781312, "8250027.03": 2.6796145179816087, "8250027.02": 1.216205841495094, "8250042.02": 3.7304078039145585, "8250027.01": 2.435080437021016, "8250038.08": -0.19046023867803624, "8250038.22": -0.43625467878729124, "8250040.0": 0.2824023349934507, "8250038.23": -0.5133096882468153, "8250044.0": 3.3728859103171347, "8250041.0": 1.6230495711351343, "8250042.01": 3.5594439243155978, "8250045.02": 5.832282237980734, "8250045.01": 3.5075111468894993, "8250043.0": 4.585519103443294, "8250038.1": -0.3094332800674191, "8250038.12": -0.48253488102430625, "8250046.01": 4.20519650224518, "8250017.04": -0.02403859532481585, "8250025.0": 1.3306160552285906, "8250021.02": 0.9072676741988067, "8250021.01": 0.24330104249030562, "8250020.0": 0.2092954673020399, "8250050.14": -0.09613149585683067, "8250019.0": 0.3425330884696334, "8250017.01": 0.36891281982692625, "8250017.05": -0.12998446999197358, "8250046.02": 2.021889554661201, "8250060.0": 1.19553786088871, "8250038.11": -0.36246120124698716, "8250038.24": -0.8671170116736516, "8250059.0": 2.1558574084165327, "8250038.14": -0.43351822352418334, "8250038.25": -0.6196316138977306, "8250058.0": 3.507174973924917, "8250038.13": -0.23468003512466631, "8250057.0": 1.6137885061301294, "8250038.15": -0.45014200274507915, "8250017.06": -0.8552503577250599, "8250050.12": -0.33238997082705857, "8250047.0": 0.7151862289154985, "8250056.0": 3.433152690575226, "8250050.13": -0.0721907531580835, "8250049.07": -0.5405219397622933, "8250048.0": 0.35608201532978173, "8250049.06": -0.8741965066195326, "8250054.0": 1.3918175973522675, "8250050.22": -0.422845208057838, "8250062.0": 1.7969233883655582, "8250038.27": -0.664714780782631, "8250038.17": -0.53743475385668, "8250063.0": 2.0654929554463664, "8250038.28": -0.7491524052356568, "8250038.47": -0.7372916351363774, "8250072.0": 0.2640522565693952, "8250064.0": 0.8140319100921161, "8250038.18": -0.6032643698685985, "8250038.45": -0.7751553604196224, "8250055.0": 1.6511395136192746, "8250050.21": 0.07676121618085524, "8250050.16": -0.2515976185058448, "8250049.01": 0.42076841726242775, "8250049.04": 0.03040019731231892, "8250065.0": 2.227144668268729, "8250053.0": 0.9576794074644697, "8250049.05": 0.19142001269589326, "8250200.06": 0.00532976782372452, "8250071.0": 0.3188791578443582, "8250038.46": -0.7832518421910608, "8250038.3": -0.6099685940069638, "8250073.0": 0.18712713077655949, "8250070.0": 0.9188071633153787, "8250038.44": -0.7054634355830525, "8250038.48": -0.4386614813674913, "8250038.49": -0.7383137447306025, "8250074.0": 0.20753791219974183, "8250069.0": 0.9595523316987562, "8250050.1": -0.02952013602135603, "8250066.03": 1.1370574506450892, "8250050.15": 0.20105709665358348, "8250067.0": 0.352190049547259, "8250066.02": 1.8736198977524265, "8250050.19": -0.04492623731209105, "8250050.01": 0.43559410514511354, "8250052.04": 1.048733053441052, "8250077.01": 1.4597390839526192, "8250038.43": -0.9007421434030701, "8250038.4": -1.0010135144917482, "8250038.41": -0.9102186288830809, "8250075.02": -0.18568613428681582, "8250038.42": -0.7044532932772118, "8250075.01": -0.1373001819915916, "8250076.03": -0.21402082054066895, "8250038.39": -0.7366474600098121, "8250038.35": -0.5150320920386572, "8250068.0": 0.7356345160621341, "8250061.0": -0.697500825731334, "8250076.01": 0.10885647139031672, "8250076.04": -0.3937047511905282, "8250076.02": -0.3891377153453504, "8250076.05": -0.2724029237115715, "8250077.19": -0.26628840582834645, "8250076.09": -0.48893659601826744, "8250076.06": -0.556699741674976, "8250038.37": -0.2372354326378556, "8250076.35": -0.9588878670327458, "8250051.0": -0.09651103950433178, "8250052.03": -0.5605447201085962, "8250050.07": -0.15118156534658864, "8250077.02": -0.043441160049378355, "8250050.18": -0.08042183069451339, "8250077.03": -0.09996945142072323,