{"8250204.01": -2.0507918661975797, "8250002.38": 0.13879123684070263, "8250002.4": 0.9607768984330803, "8250002.36": 1.4038307109321888, "8250002.39": 0.6708996674312764, "8250002.34": -0.8952029448293775, "8250001.48": -0.06102496949860483, "8250001.47": 0.276493571632072, "8250001.46": 0.05066681862679289, "8250001.42": -0.5704193272912788, "8250001.45": -0.6563498662691538, "8250001.33": -0.6105245045717181, "8250001.11": 0.43728654454539545, "8250001.32": -0.4233327884060961, "8250001.41": 1.8701424953941552, "8250001.22": -0.8727482321291987, "8250002.35": 1.1439259066980298, "8250002.32": 0.8405041722130558, "8250002.22": -0.6491026046289126, "8250002.37": 1.9198432171781792, "8250002.33": 0.8091140451578932, "8250002.31": 1.3665170478335695, "8250002.3": 0.3430099391352295, "8250002.18": -0.582576496761304, "8250002.1": -0.9006704240980722, "8250002.11": -1.4617452949956942, "8250002.29": 0.0003608646134110442, "8250002.17": -0.13836636915980496, "8250002.28": -0.1991102915098836, "8250002.27": -0.1808775851602948, "8250002.04": 1.6343704280168654, "8250002.26": -0.6062203454600322, "8250002.12": -0.9423637813782366, "8250002.25": -1.0399311110067306, "8250001.1": -0.8942484556775325, "8250002.24": -0.9538391587927513, "8250001.23": -0.1555683797011953, "8250001.4": 1.2751605011516636, "8250001.3": 0.8815298188443881, "8250001.38": 1.2143026980766398, "8250001.39": 1.0433411916972921, "8250001.06": -0.007015440570018551, "8250001.28": 0.8248790327399498, "8250001.29": 0.7310828919644612, "8250001.08": 0.3476753956427441, "8250001.37": 0.8576252807895928, "8250001.25": -0.13149617981603193, "8250001.44": 0.59345885202319, "8250001.43": -0.27352857045866463, "8250001.05": -0.022428229622508157, "8250001.5": 0.20599685402062554, "8250001.35": 1.6268358530959885, "8250001.49": -0.10630805521026869, "8250001.02": -1.0300489636467502, "8250001.14": -0.18794986785322101, "8250001.01": -0.5678396909991092, "8250002.09": -0.9662540733572126, "8250001.07": -0.9112349935801606, "8250002.06": -3.0693480310584356, "8250002.15": -4.001457281078598, "8250001.04": -1.1464037151591189, "8250001.03": -0.6264048199911708, "8250002.14": -0.9792458334896067, "8250002.08": -0.5272488685735717, "8250001.09": -0.6779054825639784, "8250001.17": 0.13741202948833423, "8250004.0": -1.1874293284596436, "8250005.0": -0.30970244216547077, "8250001.13": 0.444719720704843, "8250006.0": -0.5334210743983216, "8250007.01": -0.5264228513147812, "8250007.02": 0.35008019134530693, "8250010.0": -0.7428647031317583, "8250007.07": -0.5188996699493099, "8250002.07": -0.5532849721400934, "8250011.0": -0.6071172298454415, "8250003.0": -1.8075478324667285, "8250033.01": -1.0259050883638954, "8250033.02": -0.38953808050722627, "8250002.02": 1.2140345539146808, "8250009.0": 0.0818326894550732, "8250007.06": -0.420446253129963, "8250008.0": -0.7691986535066329, "8250012.0": 0.24141003508030923, "8250013.0": 0.05054510513808107, "8250007.05": -1.0738453073901362, "8250007.03": -0.5068428967313453, "8250014.0": -0.9888832027448634, "8250015.0": -1.705208931454388, "8250029.0": -0.6911911033012821, "8250035.01": -0.6831869337187804, "8250036.01": 0.00783059435518733, "8250036.02": 0.19690472133135428, "8250030.0": -0.21978669521054783, "8250038.2": 1.9499345368078302, "8250038.21": 1.4031883227737654, "8250032.0": -0.22470150522231844, "8250035.02": -0.24185816135250557, "8250037.0": 0.3383441775649846, "8250038.05": 1.1673376568431417, "8250034.0": 0.04834050138714791, "8250038.04": 0.4242734761410569, "8250038.06": 1.8789456820795905, "8250038.02": 1.2567152573918368, "8250028.0": 0.0829200076493967, "8250204.03": 1.4454322719001453, "8250031.02": 1.0390469294233142, "8250038.03": 0.7949004877944564, "8250016.0": -1.2515936028783037, "8250023.0": -0.1812341079977939, "8250022.02": -0.9292108173012356, "8250022.01": -0.6357123034585102, "8250024.0": -0.43021578870470684, "8250018.01": -0.1281922669970378, "8250017.03": 0.30082560739573316, "8250018.02": -0.5124687121613115, "8250026.0": -0.14915390704353992, "8250031.01": 0.3088915409368867, "8250039.0": 0.1434238623312272, "8250038.07": 1.149189547640821, "8250027.03": 0.799025066292071, "8250027.02": -0.6724111490082115, "8250042.02": 1.429560751682401, "8250027.01": 0.4315036504003629, "8250038.08": 1.4112148763159738, "8250038.22": 1.4771362724688188, "8250040.0": 0.8695427195987524, "8250038.23": 1.107165731137845, "8250044.0": 0.8501214525367151, "8250041.0": 0.9113299998809022, "8250042.01": 1.1778167843606104, "8250045.02": 1.7275389065888276, "8250045.01": 0.5964795010480788, "8250043.0": 2.3389425580384264, "8250038.1": 1.027747382090928, "8250038.12": 0.8962522526682001, "8250046.01": 1.6344309366309577, "8250017.04": 0.6644440931362691, "8250025.0": -0.2723484822378962, "8250021.02": -0.2445349941813381, "8250021.01": -1.095814713632095, "8250020.0": -1.210335260523957, "8250050.14": -0.045408984679987566, "8250019.0": -0.5213318738691948, "8250017.01": -0.1512450273929259, "8250017.05": 0.5493210560407957, "8250046.02": -0.24267828057667298, "8250060.0": 0.46428262595959574, "8250038.11": 1.3803268338633365, "8250038.24": 1.2098887492923411, "8250059.0": 0.5660230666147353, "8250038.14": 0.6622554616378233, "8250038.25": 1.2782593382574112, "8250058.0": 1.2941170919027731, "8250038.13": 0.7448102574607779, "8250057.0": 0.2129577579866343, "8250038.15": 0.561145705789579, "8250017.06": -0.062326754600929304, "8250050.12": -0.14634894836541698, "8250047.0": -0.5801901929619975, "8250056.0": 0.3933549367827867, "8250050.13": -0.12887334657551103, "8250049.07": 0.4027960619283327, "8250048.0": -1.5263825994041398, "8250049.06": -0.762089644945681, "8250054.0": -0.06190270223975243, "8250050.22": -0.061713870975737044, "8250062.0": 0.23542592581558858, "8250038.27": 0.7248606267687855, "8250038.17": 0.9008063920771094, "8250063.0": 0.6700211402058415, "8250038.28": 0.7793376414296329, "8250038.47": 1.149120053724491, "8250072.0": -0.9849520745735401, "8250064.0": -1.0825033106109536, "8250038.18": 0.3179526395414516, "8250038.45": 0.4086593930145404, "8250055.0": 0.17913860914728488, "8250050.21": 0.4960352078790628, "8250050.16": -0.2522496445861178, "8250049.01": 0.009832035148732633, "8250049.04": 0.6538611210659045, "8250065.0": -0.7594753171469115, "8250053.0": 0.1623590735201645, "8250049.05": 0.6596969133467937, "8250200.06": -0.8791697958262787, "8250071.0": -0.7503753247784886, "8250038.46": 0.4468755290493966, "8250038.3": 0.3476859245546176, "8250073.0": -1.289575975994207, "8250070.0": -2.6946014535048475, "8250038.44": 0.20629978579428965, "8250038.48": 1.0737944360079927, "8250038.49": 0.523915763554348, "8250074.0": -1.091532359765936, "8250069.0": -1.042784386673348, "8250050.1": 0.2626518223118058, "8250066.03": 0.2932925165927327, "8250050.15": 0.7159888479421277, "8250067.0": -1.14271188330523, "8250066.02": -0.34961000411169124, "8250050.19": -0.07208064548106864, "8250050.01": -0.3076147460288139, "8250052.04": -0.726378738818997, "8250077.01": -0.141253585018491, "8250038.43": 0.6326428687803529, "8250038.4": 0.4328736869724026, "8250038.41": 1.5255360252716705, "8250075.02": -1.7790071007075858, "8250038.42": 0.9258572467606512, "8250075.01": -1.452887972664194, "8250076.03": -1.2421690801544019, "8250038.39": 1.0902040617370024, "8250038.35": 0.6327540066091837, "8250068.0": -1.184567039635987, "8250061.0": -1.7293716883875878, "8250076.01": -0.9324116552596022, "8250076.04": -0.9334600143882079, "8250076.02": -0.7196558474664743, "8250076.05": -0.7260614162715365, "8250077.19": 0.1834767283031356, "8250076.09": -1.2303798527849314, "8250076.06": -0.9421621678723159, "8250038.37": 4.242562836927769, "8250076.35": -2.231155941834783, "8250051.0": -0.8056793652048121, "8250052.03": -3.259596274660783, "8250050.07": -0.6488050191961641, "8250077.02": -0.6317859354652131, "8250050.18": -0.14339010741354213, "8250077.03": -0.7720293388163807, "8250077.06": -0.0026360575318109475, "8250052.01": -0.7898362222827975,