{"8250204.01": -3.266001908440898, "8250002.38": -0.7009266598552485, "8250002.4": 1.4035849928313602, "8250002.36": 1.146031159069664, "8250002.39": 1.3495110746388435, "8250002.34": -1.1903028807249576, "8250001.48": 0.5375982256918985, "8250001.47": 0.7046633880460091, "8250001.46": 0.055168417426428154, "8250001.42": -0.6756750430598576, "8250001.45": 0.05443781249482051, "8250001.33": -0.4013138230512061, "8250001.11": 0.15212753924960234, "8250001.32": -0.6787952049560737, "8250001.41": 0.8762328612507904, "8250001.22": -0.4389542169540992, "8250002.35": 0.95071852254843, "8250002.32": 0.9844500608477443, "8250002.22": -0.22547211893900307, "8250002.37": 1.2831203572884196, "8250002.33": 0.6849954979529662, "8250002.31": 0.4168627450400188, "8250002.3": -0.3876711841128545, "8250002.18": -0.8681460683172866, "8250002.1": -0.6050226704174592, "8250002.11": -0.9141320293133219, "8250002.29": -1.0441729852078148, "8250002.17": -0.2992911492728788, "8250002.28": -0.3956045960391082, "8250002.27": -0.5982729378478951, "8250002.04": 0.5687688847949902, "8250002.26": -0.9166054273378698, "8250002.12": -0.9817480254543298, "8250002.25": -0.9334456176799618, "8250001.1": -0.7130260203894014, "8250002.24": -0.9434608007744871, "8250001.23": -0.29811331615451675, "8250001.4": 0.20029819688112563, "8250001.3": -0.36177561474368425, "8250001.38": -0.0002447457143831274, "8250001.39": -0.5266134571022635, "8250001.06": 0.10822303569669522, "8250001.28": 0.09922127882064466, "8250001.29": -0.11112943704904572, "8250001.08": -0.32711907710990684, "8250001.37": -0.11914600457594363, "8250001.25": -0.6116821571497135, "8250001.44": 0.11110408691102408, "8250001.43": -0.5450205766165572, "8250001.05": 0.22533717064628775, "8250001.5": 0.3866278086308579, "8250001.35": -0.08314297413723205, "8250001.49": -0.3413361551945562, "8250001.02": -0.762568376844637, "8250001.14": 0.7269677724419115, "8250001.01": -0.011944249453072337, "8250002.09": -0.5421226241802872, "8250001.07": -0.6816144535194925, "8250002.06": -1.7656709188335233, "8250002.15": -2.7262741346270265, "8250001.04": -0.5476149925219546, "8250001.03": -0.1193409653917413, "8250002.14": -0.5715658059875767, "8250002.08": -0.42148675809176556, "8250001.09": 0.16229195222810636, "8250001.17": 0.2976785683097022, "8250004.0": 0.19277451871615975, "8250005.0": 0.8342125953511793, "8250001.13": 1.0614016532285417, "8250006.0": 0.12995218951735069, "8250007.01": 0.20944876971684673, "8250007.02": 0.7403805328262997, "8250010.0": -0.3291266817043305, "8250007.07": -0.27224044678608245, "8250002.07": -0.3246443796185398, "8250011.0": 0.11957806468314099, "8250003.0": -1.0971288415670573, "8250033.01": -0.2351119631279658, "8250033.02": 0.02377587467917904, "8250002.02": 0.08878065281544548, "8250009.0": 0.5757012787512371, "8250007.06": -0.31587143118098887, "8250008.0": -0.6803878119022305, "8250012.0": 1.099165877117488, "8250013.0": 1.04016465266991, "8250007.05": -0.5390775377415676, "8250007.03": -0.18837128098867362, "8250014.0": -0.2211500755767172, "8250015.0": -0.6751875074241019, "8250029.0": 0.29622308734790237, "8250035.01": 0.0815479358918834, "8250036.01": 0.4410362560500882, "8250036.02": 0.6477510306116447, "8250030.0": 0.9965345547734066, "8250038.2": 0.7563807282179029, "8250038.21": 0.605991359906315, "8250032.0": 0.8013669083194179, "8250035.02": 0.8260476629352039, "8250037.0": 0.3260983204741404, "8250038.05": 0.2351274398199601, "8250034.0": 1.7649717283134831, "8250038.04": 0.17415699858920364, "8250038.06": -0.021131020282307282, "8250038.02": -0.010092572198099522, "8250028.0": 1.2272285877450286, "8250204.03": 0.0889474170935244, "8250031.02": 2.5532645965971477, "8250038.03": 0.10679625677320287, "8250016.0": -0.8370592907477139, "8250023.0": 0.970201087656635, "8250022.02": -0.3664896958215901, "8250022.01": 0.00240959946976023, "8250024.0": 0.24706578449292724, "8250018.01": 0.0845674125245998, "8250017.03": -0.08186163673465692, "8250018.02": -0.2644849227544542, "8250026.0": 0.8834816622455182, "8250031.01": 1.4702588407807287, "8250039.0": -0.028647473604764766, "8250038.07": -0.3161946919433031, "8250027.03": 2.319246635734405, "8250027.02": -0.10876981032103214, "8250042.02": 3.5607468210327675, "8250027.01": 1.9786137230969194, "8250038.08": 0.3553237130924501, "8250038.22": -0.12563991389564205, "8250040.0": 1.5437677621325436, "8250038.23": -0.07543774942719, "8250044.0": 2.3889451927608425, "8250041.0": 2.212975845772934, "8250042.01": 2.897854495636329, "8250045.02": 4.349344186381176, "8250045.01": 2.5494780121702254, "8250043.0": 4.5303427597069055, "8250038.1": 0.33185778277363875, "8250038.12": -0.2736767364856362, "8250046.01": 3.9266795787729363, "8250017.04": 0.027108927103990328, "8250025.0": 1.116744234814572, "8250021.02": 1.0210057951151068, "8250021.01": -0.2349097464452704, "8250020.0": -0.567266817705685, "8250050.14": -0.038332903763439154, "8250019.0": 0.09485764191862764, "8250017.01": 0.08852109900591594, "8250017.05": -0.08682810424583205, "8250046.02": 1.3275591164091067, "8250060.0": 2.0539707897670665, "8250038.11": 0.4032513346096757, "8250038.24": -0.41198222095032494, "8250059.0": 2.234618142206339, "8250038.14": -0.08229839247473535, "8250038.25": 0.1608814345161162, "8250058.0": 2.903519420385862, "8250038.13": 0.4134017291633092, "8250057.0": 1.1429374575411233, "8250038.15": 0.3651484434509637, "8250017.06": -0.9746316305401085, "8250050.12": -0.7288511717980671, "8250047.0": 0.5140118268871505, "8250056.0": 2.427388368993398, "8250050.13": -0.0768603085507813, "8250049.07": -0.3217322275891928, "8250048.0": 0.01094294277566894, "8250049.06": -1.3167518850077835, "8250054.0": 1.2382368407339832, "8250050.22": -0.740168615724218, "8250062.0": 1.985364524902185, "8250038.27": -0.7309673619319468, "8250038.17": -0.03004742199446696, "8250063.0": 2.1584848646982726, "8250038.28": -0.5441904021363017, "8250038.47": -0.804717952998295, "8250072.0": -0.22183050141066837, "8250064.0": 0.1602621788023756, "8250038.18": -0.30160687125432617, "8250038.45": -0.9543134526641629, "8250055.0": 1.098748143910821, "8250050.21": -0.32504756305106514, "8250050.16": -0.5032700176594954, "8250049.01": -0.024603844092485436, "8250049.04": 0.09921303072233302, "8250065.0": 0.4647575227834562, "8250053.0": 0.36298939182798623, "8250049.05": -0.22472585058134573, "8250200.06": -0.5430592409947522, "8250071.0": 0.08173452879912377, "8250038.46": -1.330590979459238, "8250038.3": -0.4586990172843152, "8250073.0": -0.13571191071209623, "8250070.0": -1.3229090192705393, "8250038.44": -1.3217856142897326, "8250038.48": 0.028639619452066993, "8250038.49": -0.8339622232557944, "8250074.0": -0.0070990986202634845, "8250069.0": -0.20363409955463055, "8250050.1": -0.4595717879109767, "8250066.03": 0.5507011083731168, "8250050.15": 0.10384885174588669, "8250067.0": -0.9103947783961056, "8250066.02": 0.19880824334977298, "8250050.2": 0.21184449521879442, "8250050.19": -0.6701314040409301, "8250050.01": -0.09972361623654855, "8250052.04": 0.17640176720128872, "8250077.01": 0.13702562469594612, "8250038.43": -1.1718728166964, "8250038.4": -1.575293661236605, "8250038.41": -0.8162481305411067, "8250075.02": -0.9615970365216665, "8250038.42": -0.6764875944536334, "8250075.01": -0.586535669854686, "8250076.03": -0.8969612341824516, "8250038.39": -0.9399788743114165, "8250038.35": -0.1895961240272722, "8250068.0": -1.1157800093964374, "8250061.0": -1.1018504652007552, "8250076.01": -0.6149649521216156, "8250076.04": -0.6961348890629641, "8250076.02": -0.5055711506079379, "8250076.05": -0.4762368325039711, "8250077.19": -0.4903981320558274, "8250076.09": -0.5452887619396568, "8250076.06": -0.7053889409332219, "8250038.37": 2.125554511432579, "8250076.35": -1.4792173003854538, "8250051.0": 0.01675732231052302, "8250052.03": -1.4272928128802342, "8250050.07": -0.49467688166201834, "8250077.02": -0.2582764707983788, "8250050.18": 0.18967882183063642, "8250077.03": -0.24846670832987183,