{"8250204.01": -1.3131712532238404, "8250002.38": 0.9575126941994023, "8250002.4": 1.5160731030456165, "8250002.36": 2.205895905349135, "8250002.39": 1.2235853527444507, "8250002.34": 0.1146407925628903, "8250001.48": 0.33915193342200045, "8250001.47": 0.9566035327322093, "8250001.46": 0.32378752908303454, "8250001.42": -0.44043513820495883, "8250001.45": -0.05410558986900191, "8250001.33": 0.02043649709292033, "8250001.11": 0.4788490362056748, "8250001.32": -0.06258716759256634, "8250001.41": 1.862247466463513, "8250001.22": -0.6340705599913818, "8250002.35": 2.119356631501123, "8250002.32": 1.5897773560846225, "8250002.22": 0.003630880849139844, "8250002.37": 2.4418126039959804, "8250002.33": 1.618518421410162, "8250002.31": 1.873506485310763, "8250002.3": 1.111968584602573, "8250002.18": 0.2681559432985313, "8250002.1": -0.3914532030858765, "8250002.11": -0.9206035089610468, "8250002.29": 0.7725717782942109, "8250002.17": 0.35535739742597006, "8250002.28": 0.4724159806498128, "8250002.27": 0.7792051959835643, "8250002.04": 1.4731191959111773, "8250002.26": 0.11859882246967966, "8250002.12": -0.6205592364097118, "8250002.25": -0.5431071405768597, "8250001.1": -0.7856294178366143, "8250002.24": -0.3584830354253229, "8250001.23": -0.33211939347874214, "8250001.4": 1.041800466747925, "8250001.3": 0.913110812909059, "8250001.38": 1.167793455117093, "8250001.39": 1.18539641252583, "8250001.06": -0.2506225456362324, "8250001.28": 0.34008569501103186, "8250001.29": 0.667765988921216, "8250001.08": 0.006770401215240296, "8250001.37": 0.9446605356238891, "8250001.25": -0.12310153447513847, "8250001.44": 0.48673586804341124, "8250001.43": -0.15135876519227603, "8250001.05": -0.38005958519631755, "8250001.5": -0.07640367484166936, "8250001.35": 1.5590384218109052, "8250001.49": -0.03343726141669886, "8250001.02": -0.9793572582143519, "8250001.14": -0.6773432276860208, "8250001.01": -0.7875011854741798, "8250002.09": -0.799060007767409, "8250001.07": -0.8895965503921982, "8250002.06": -1.340466399734213, "8250002.15": -1.8552055586623037, "8250001.04": -1.094050377757706, "8250001.03": -0.8102759186502876, "8250002.14": -1.1464632535285635, "8250002.08": -0.8228276247478474, "8250001.09": -0.9468099103584153, "8250001.17": -0.24228940985856404, "8250004.0": -1.4470944621032078, "8250005.0": -0.9102358486259686, "8250001.13": -0.16560461231409992, "8250006.0": -0.8382743171675067, "8250007.01": -0.7271133424102939, "8250007.02": -0.15977442954919693, "8250010.0": -0.8978009197217418, "8250007.07": -0.730636483445522, "8250002.07": -0.8883652964594975, "8250011.0": -1.0209744675324384, "8250003.0": -1.1627070718314194, "8250033.01": -1.2423301161776008, "8250033.02": -0.654354235778809, "8250002.02": 0.6806744442770661, "8250009.0": -0.47782664030205274, "8250007.06": -0.5807099221577564, "8250008.0": -0.790832226003218, "8250012.0": -0.6313470810189907, "8250013.0": -0.7024146196444736, "8250007.05": -0.9957833611330673, "8250007.03": -0.6565732638692454, "8250014.0": -0.912802192873985, "8250015.0": -0.8160836068837326, "8250029.0": -0.7639022894141284, "8250035.01": -0.8244885143272959, "8250036.01": -0.2852722563155802, "8250036.02": -0.029143715324719526, "8250030.0": -1.034352861711607, "8250038.2": 1.506755281301, "8250038.21": 1.1484236824695875, "8250032.0": -1.1108632676391081, "8250035.02": -0.6073116540089448, "8250037.0": 0.12061928462097701, "8250038.05": 0.8729273595597848, "8250034.0": -0.8743465576300494, "8250038.04": 0.2585791452218885, "8250038.06": 1.3233547351413524, "8250038.02": 1.029096762905263, "8250028.0": -0.7496886612754476, "8250204.03": 1.681719113309577, "8250031.02": -0.8368312339574693, "8250038.03": 0.5774880831562709, "8250016.0": -0.9283648231390575, "8250023.0": -0.6396414388065671, "8250022.02": -0.669587363186757, "8250022.01": -0.6449799150004979, "8250024.0": -0.6172399493890023, "8250018.01": -0.28394178338447323, "8250017.03": -0.10636918246786803, "8250018.02": -0.5675610360076219, "8250026.0": -0.9093718554222963, "8250031.01": -1.0754485390510746, "8250039.0": 0.2031062111458736, "8250038.07": 0.8816170759591897, "8250027.03": -0.9981707442485157, "8250027.02": -1.089540396837815, "8250042.02": -1.0578346798793594, "8250027.01": -1.0955100891270906, "8250038.08": 1.477373103028811, "8250038.22": 1.20137516635505, "8250040.0": 0.4922381084344987, "8250038.23": 0.801372334483625, "8250044.0": -0.9982720383862933, "8250041.0": -0.37643380343510424, "8250042.01": -0.7831271944797156, "8250045.02": -0.9448329393313357, "8250045.01": -1.0323479633577364, "8250043.0": -0.3869619117335509, "8250038.1": 1.1301969114340433, "8250038.12": 0.7381132660785421, "8250046.01": -0.695233806295306, "8250017.04": 0.43512462659441903, "8250025.0": -1.0071708902385723, "8250021.02": -0.7794843783628039, "8250021.01": -1.0482173353804733, "8250020.0": -1.0499566186188092, "8250050.14": -0.028901767999886308, "8250019.0": -0.6254432225022846, "8250017.01": -0.4906367151953744, "8250017.05": 0.24826566959212532, "8250046.02": -0.9836875254505821, "8250060.0": -0.5635842218024115, "8250038.11": 1.83864084385059, "8250038.24": 0.8940178814067867, "8250059.0": -0.7019123845190383, "8250038.14": 0.538940516515392, "8250038.25": 1.2583484518883474, "8250058.0": -0.3580248665693472, "8250038.13": 1.017714281128621, "8250057.0": -0.506030515075482, "8250038.15": 1.0858525242100676, "8250017.06": 0.2020236244728099, "8250050.12": 0.013151202995106043, "8250047.0": -0.7535980621798462, "8250056.0": -0.8800142816905071, "8250050.13": 0.2784530372964249, "8250049.07": 0.3911169684458565, "8250048.0": -1.0158884863127735, "8250049.06": -0.39012562907638143, "8250054.0": -0.6510734870654428, "8250050.22": 0.27504618183600515, "8250062.0": -0.6456229054181165, "8250038.27": 1.071174559501875, "8250038.17": 1.090721600458869, "8250063.0": -0.4574601680078415, "8250038.28": 0.9717170562319792, "8250038.47": 1.493957072663013, "8250072.0": -0.9653534901126737, "8250064.0": -1.231675668660958, "8250038.18": 1.1079483902280418, "8250038.45": 0.8277810309734643, "8250055.0": -0.6862191382566495, "8250050.21": 1.042360354101598, "8250050.16": 0.45550602725386014, "8250049.01": -0.4892935969858776, "8250049.04": 0.8036040318312857, "8250065.0": -1.308952163944799, "8250066.04": -1.106985214621676, "8250053.0": -0.2924702071581178, "8250049.05": 0.41892582016597635, "8250200.06": -0.0692837933768763, "8250071.0": -0.8984634434301934, "8250038.46": 1.1060892953527093, "8250038.3": 1.0411742618511892, "8250073.0": -1.0757879882166224, "8250070.0": -1.708013362029536, "8250038.44": 0.868065716956324, "8250038.48": 1.6720314289575777, "8250038.49": 1.2524934948006874, "8250074.0": -1.156841381694797, "8250069.0": -1.104423706859086, "8250050.1": 0.6506768553000035, "8250066.03": -0.7254627841362086, "8250050.15": 1.174979165132329, "8250067.0": -1.2432673644702135, "8250066.02": -0.9278670961264542, "8250050.2": -0.16749286590972903, "8250050.19": -0.11583322123621051, "8250050.01": -1.0933669762697442, "8250052.04": -0.9672219325775906, "8250077.01": -0.5387910630836862, "8250038.43": 1.4346101498656263, "8250038.4": 1.1965804338611228, "8250038.41": 2.300780822624721, "8250075.02": -1.369490084967133, "8250038.42": 1.7324128271615813, "8250075.01": -1.2528063954414381, "8250076.03": -1.0071199471087362, "8250038.39": 1.902291009251037, "8250038.35": 0.8331589591596328, "8250068.0": -1.041906847069777, "8250061.0": -0.060452519335750576, "8250076.01": -0.7601064121832544, "8250076.04": -0.6394821210417739, "8250076.02": -0.6570776303672341, "8250076.05": -0.6270563483144425, "8250077.19": -0.04169651850980201, "8250076.09": -1.0339168878670373, "8250076.06": -0.7885867548385413, "8250038.37": 4.884530676470354, "8250076.35": -0.9596972452730289, "8250051.0": -1.0800563236620784, "8250052.03": -1.5456058414379068, "8250050.07": -0.6684423563101572, "8250077.02": -0.7641940995930863, "8250050.18": 0.056456506808673396, "8250077.03": -0.7634290255218257,