{"8250204.01": -2.8930540895867023, "8250002.38": -0.16027952801504494, "8250002.4": 1.2119685589672615, "8250002.36": 1.0741193634260935, "8250002.39": 1.4422015851139438, "8250002.34": -1.272423315328185, "8250001.48": 0.8036379540805157, "8250001.47": 1.216645895494676, "8250001.46": 0.31904275728381615, "8250001.42": -0.07789038715517083, "8250001.45": 1.1825400561299113, "8250001.33": 0.053148945604883716, "8250001.11": 0.6780686932917447, "8250001.32": 0.17428859906009217, "8250001.41": 2.3553299838779282, "8250001.22": 0.42124018747027364, "8250002.35": 0.8494125420180856, "8250002.32": 1.4411380527255386, "8250002.22": 0.7388256882789381, "8250002.37": 1.406668398184228, "8250002.33": 0.9149984369109762, "8250002.31": 0.7152806542421998, "8250002.3": -0.018316863794141502, "8250002.18": 0.1752127488473459, "8250002.1": 0.08360829872277047, "8250002.11": 0.1132168916163043, "8250002.29": -0.16750294223104586, "8250002.17": 0.43676883858394433, "8250002.28": 0.046980133682637565, "8250002.27": 0.09352525364212075, "8250002.04": 1.3079491002299173, "8250002.26": -0.6225278482070373, "8250002.12": 0.10569695528674619, "8250002.25": -0.4262392411954882, "8250001.1": 0.555133562326196, "8250002.24": 0.03466026227614004, "8250001.23": 0.7196831758890618, "8250001.4": 1.7865003245501454, "8250001.3": 0.39511730693063446, "8250001.38": 1.2503078675377546, "8250001.39": 0.8447826561775827, "8250001.06": 0.924419045336607, "8250001.28": 0.7705975760070048, "8250001.29": 1.1398362832130837, "8250001.08": 0.735049109689915, "8250001.37": 1.3827669899269184, "8250001.25": 0.15213289383972484, "8250001.44": 1.074456421483035, "8250001.43": 0.05926917773441451, "8250001.05": 1.2529193271899324, "8250001.5": 1.034898736754858, "8250001.35": 0.9574420424910516, "8250001.49": 0.6623927706796736, "8250001.02": -0.13044366326321472, "8250001.14": 0.7689450219659884, "8250001.01": 0.1341087567719888, "8250002.09": 0.23799003989908613, "8250001.07": 0.6844859491691658, "8250002.06": 1.938049387014511, "8250002.15": 0.32488862046771266, "8250001.04": 0.5791326833401244, "8250001.03": 1.1551099401508582, "8250002.14": 0.9312936142189578, "8250002.08": -0.16769051859567133, "8250001.09": 0.4761756146510838, "8250001.17": 1.2500869713679503, "8250004.0": -0.07450494391547005, "8250005.0": 0.30519564273407507, "8250001.13": 1.4485080483571466, "8250006.0": -0.1615910624739237, "8250007.01": 0.22830745406452377, "8250007.02": 0.9467623661925454, "8250010.0": -0.25740407352281713, "8250007.07": -0.3845742192398355, "8250002.07": 0.5693312635569726, "8250011.0": -0.35184783092996175, "8250003.0": 0.8577351765697838, "8250033.01": 0.7141368859441208, "8250033.02": 0.007687062094309183, "8250002.02": -0.4641130545783609, "8250009.0": -0.29471704260345444, "8250007.06": -0.026077429559107242, "8250008.0": -0.9146885691628093, "8250012.0": -0.48547578699171406, "8250013.0": -0.29391923369201783, "8250007.05": -0.0926684729729321, "8250007.03": -0.4058676206327394, "8250014.0": -0.5286321920815709, "8250015.0": 0.44463019731208187, "8250029.0": -0.047444083843442314, "8250035.01": -0.5582523383001586, "8250036.01": 0.3138782209740708, "8250036.02": -0.44861478465582966, "8250030.0": -0.750651901824493, "8250038.2": 0.6661844605095673, "8250038.21": 0.35540312013005526, "8250032.0": -1.5669356128786607, "8250035.02": -1.2199806933723527, "8250037.0": -0.6286313480544914, "8250038.05": -0.5324412691536862, "8250034.0": -0.8636507356353634, "8250038.04": -1.189829177072375, "8250038.06": 0.3234591480086096, "8250038.02": -0.10722116028032128, "8250028.0": -1.5208942723902832, "8250204.03": 1.0100651442349544, "8250031.02": -2.0986601006615953, "8250038.03": -0.5107828734810805, "8250016.0": -0.9683786967027852, "8250023.0": -0.2567972799281574, "8250022.02": -0.49012453792970234, "8250022.01": -1.529812541713571, "8250024.0": -1.0419667204592664, "8250018.01": -1.3093751375809604, "8250017.03": -0.35316942338954765, "8250018.02": -1.5406725924604119, "8250026.0": -1.5406427071627395, "8250031.01": -2.6913743076173415, "8250039.0": -0.5018036068821358, "8250038.07": 0.1277731969274126, "8250027.03": -2.3684308063005157, "8250027.02": -2.053771977070871, "8250042.02": -2.8305948064047017, "8250027.01": -2.792997781734661, "8250038.08": 0.212547964559901, "8250038.22": 0.5178248904306358, "8250040.0": -0.6653877896640802, "8250038.23": 0.27534005501223646, "8250044.0": -3.301370911513911, "8250041.0": -0.5118162246673092, "8250042.01": -1.708062406184723, "8250045.02": -3.393178709371163, "8250045.01": -2.9017675860298904, "8250043.0": -1.7829505432069206, "8250038.1": 0.003914306194188049, "8250038.12": 0.4340626140852403, "8250046.01": -2.058897150690678, "8250017.04": -0.2127099366612681, "8250025.0": -1.8333593467866351, "8250021.02": -1.5624191423658909, "8250021.01": -2.086636454690173, "8250020.0": -1.6118379022862903, "8250050.14": 0.8474034696573325, "8250019.0": -1.2558962734822863, "8250017.01": -0.6393094748333579, "8250017.05": 0.05330270913781564, "8250046.02": -2.034498662686494, "8250060.0": -0.6164188094504524, "8250038.11": 1.4568268113313285, "8250038.24": 0.32197813566532224, "8250059.0": -1.3476078653076202, "8250038.14": 0.3541297690279352, "8250038.25": 0.6546804725757744, "8250058.0": -1.2453245519083087, "8250038.13": 0.4156941158503912, "8250057.0": -0.31124638106318286, "8250038.15": 0.653488998342047, "8250017.06": 0.22979153724936766, "8250050.12": -0.015966830107384707, "8250047.0": -1.0936050045824781, "8250056.0": -1.3862486855376357, "8250050.13": 0.9848159963804172, "8250049.07": 1.0421154272694937, "8250048.0": -0.3901651218684488, "8250049.06": -0.5520535041489174, "8250054.0": -0.6932370845144346, "8250050.22": 0.325975070683597, "8250062.0": -0.616158395180846, "8250038.27": 0.09286441943174348, "8250038.17": 0.9795267348991349, "8250063.0": -0.30074767266512586, "8250038.28": 0.49534309748393573, "8250038.47": 0.29981526671286435, "8250072.0": -0.9580277650821454, "8250064.0": -0.6076411492047997, "8250038.18": 0.45602389465659476, "8250038.45": -0.05745021777404649, "8250055.0": -1.1098640917049012, "8250050.21": 0.5516684609357012, "8250050.16": 0.6643896155284358, "8250049.01": -1.0676976353537468, "8250049.04": 0.9111252268384594, "8250065.0": -1.137547725195108, "8250066.04": -1.0952089188750538, "8250053.0": -0.4544501472290001, "8250049.05": 0.2673611122638472, "8250200.06": 0.1630959882774978, "8250071.0": -0.4762614948196858, "8250038.46": -0.7751609305562404, "8250038.3": 0.43813677721046423, "8250073.0": -1.192067728384564, "8250070.0": -0.41096632695363694, "8250038.44": -0.5757475024369959, "8250038.48": 1.3260517536873946, "8250038.49": 0.1782123397891827, "8250074.0": -1.017826638603005, "8250069.0": -0.2724674795257739, "8250050.1": -0.08911536224412411, "8250066.03": -1.020045451491681, "8250050.15": 1.6240367852278974, "8250067.0": -1.1994602015272586, "8250066.02": -1.19866438355437, "8250050.2": -0.07588283944667684, "8250050.19": -0.1884274945450063, "8250050.01": -1.0496105526585415, "8250052.04": -0.6716622242462559, "8250077.01": 0.002072162593336971, "8250038.43": -0.5096128615509101, "8250038.4": -1.0694676953944815, "8250038.41": 0.03668014764977243, "8250075.02": -1.3330415617978535, "8250038.42": 0.324137682442194, "8250075.01": -1.210529251566312, "8250076.03": -0.45414744181583006, "8250038.39": -0.1950462612888525, "8250038.35": -0.03428977887728024, "8250068.0": -0.5231882880341993, "8250061.0": 1.0893245958597222, "8250076.01": -1.189159296443557, "8250076.04": -1.0753946697969075, "8250076.02": -0.5542026624561223, "8250076.05": -0.18082352109601796, "8250077.19": 0.0894605434703893, "8250076.09": -0.3686019342267509, "8250076.06": -0.09663941766898401, "8250038.37": 2.28539310129069, "8250076.35": 0.7211259788441966, "8250051.0": -0.42560468581902855, "8250052.03": 0.6115545957611521, "8250050.07": 0.15191652353071144, "8250077.02": 0.1332218977354358, "8250050.18": 1.529617054808911,