{"8250204.01": -1.0932194986458177, "8250002.38": -1.0074575460764534, "8250002.4": -0.3597944153942863, "8250002.36": -0.5128417866755545, "8250002.39": -0.3485202511071254, "8250002.34": -1.1096035036341698, "8250001.48": -0.3744186093359049, "8250001.47": -0.5347449223298805, "8250001.46": -0.6277473922292777, "8250001.42": -0.35152983699643325, "8250001.45": -0.7522697959699308, "8250001.33": -0.5723543129242531, "8250001.11": -0.24053333961605255, "8250001.32": -0.6653372537430626, "8250001.41": -0.7120925237367017, "8250001.22": -0.5399579958749605, "8250002.35": -0.5700265599088471, "8250002.32": -0.5699798725861993, "8250002.22": -0.8143843061716547, "8250002.37": -0.5325319959489447, "8250002.33": -0.6639896881237225, "8250002.31": -0.665140904733988, "8250002.3": -0.8847405251044475, "8250002.18": -1.0012714298723762, "8250002.1": -0.8326139265385086, "8250002.11": -0.7895756052224104, "8250002.29": -0.9966590776400169, "8250002.17": -0.7899721273711848, "8250002.28": -0.763249635672971, "8250002.27": -0.8953240783131493, "8250002.04": -0.3254747506000342, "8250002.26": -0.7193769112999299, "8250002.12": -0.8872036269435774, "8250002.25": -0.6917131790749527, "8250001.1": -0.7873820891970349, "8250002.24": -0.860408780997191, "8250001.23": -0.5734095582545, "8250001.4": -0.6415722176635767, "8250001.3": -0.4875959318040432, "8250001.38": -0.657576288089826, "8250001.39": -0.720184058760914, "8250001.06": -0.1526924106316217, "8250001.28": 0.0714903268379419, "8250001.29": -0.31747502335285865, "8250001.08": -0.45441017738464606, "8250001.37": -0.6650669798658474, "8250001.25": -0.5006077818288375, "8250001.44": -0.15202302736575327, "8250001.43": -0.46963727913435793, "8250001.05": -0.1953305000560751, "8250001.5": 0.02324484232186429, "8250001.35": -0.5495084625218443, "8250001.49": -0.5455981253426723, "8250001.02": -0.31107207627153693, "8250001.14": 0.40016544422967065, "8250001.01": 0.3208408053419013, "8250002.09": -0.558410256880201, "8250001.07": -0.7683145136991917, "8250002.06": -0.7676687359170086, "8250002.15": -0.9908553783684328, "8250001.04": -0.6587747735033587, "8250001.03": -0.32468886539736197, "8250002.14": -0.606134661448943, "8250002.08": -0.09127304687320284, "8250001.09": -0.012489918024368283, "8250001.17": -0.372552909277793, "8250004.0": 0.7449154678317408, "8250005.0": 1.074534546709358, "8250001.13": 0.2688251980921388, "8250006.0": 0.4540638739477122, "8250007.01": 0.3157322955911316, "8250007.02": 0.3338715657988984, "8250010.0": 0.4793948218531634, "8250007.07": 0.3343732777318023, "8250002.07": -0.47851769178331033, "8250011.0": 1.0179065938120815, "8250003.0": -0.3029818773981971, "8250033.01": 0.026947402138752175, "8250033.02": 0.6753478250696384, "8250002.02": 0.8515669199422351, "8250009.0": 1.2794234269448104, "8250007.06": -0.12531167366450197, "8250008.0": 0.21898483371611396, "8250012.0": 1.5281808303383704, "8250013.0": 1.5321676686144787, "8250007.05": -0.0034366926032637518, "8250007.03": 0.28341704303943605, "8250014.0": 0.33302844217067706, "8250015.0": 0.23455305589424413, "8250029.0": 0.387769967162344, "8250035.01": 0.758574263247193, "8250036.01": 1.6032376807837008, "8250036.02": 1.6544452609024483, "8250030.0": 1.320801607888406, "8250038.2": 0.5837168514082801, "8250038.21": 0.567197541183248, "8250032.0": 1.4463383693570626, "8250035.02": 1.8923818441932747, "8250037.0": 1.1102278415226519, "8250038.05": 0.5946013077598395, "8250034.0": 2.8168462727201637, "8250038.04": 1.0098120161000923, "8250038.06": 0.18990655877695595, "8250038.02": 0.17726752004542065, "8250028.0": 1.427348880301638, "8250204.03": -0.5858580410884069, "8250031.02": 2.357976731710051, "8250038.03": 0.5369545502995531, "8250016.0": 0.3054401253001506, "8250023.0": 0.8371322426389434, "8250022.02": -0.08367515048951994, "8250022.01": 0.46226339637924674, "8250024.0": 0.5715933496748125, "8250018.01": 0.6274908862792933, "8250017.03": 0.2093748727982993, "8250018.02": 0.27724481367444476, "8250026.0": 1.033982621475494, "8250031.01": 1.8048426616192927, "8250039.0": 0.4903155910502247, "8250038.07": -0.060051327735875897, "8250027.03": 2.334053587019437, "8250027.02": 1.1340418507447037, "8250042.02": 4.056080019317599, "8250027.01": 2.416582870600619, "8250038.08": 0.39713137328744363, "8250038.22": 0.004476357962285948, "8250040.0": 1.7354189542641965, "8250038.23": 0.030960364068898703, "8250044.0": 2.879284290990498, "8250041.0": 1.7212538057263589, "8250042.01": 2.552693947130978, "8250045.02": 4.057097200375123, "8250045.01": 2.8576551664782186, "8250043.0": 3.748936066158117, "8250038.1": 0.40891933497364774, "8250038.12": -0.18601645730696942, "8250046.01": 3.345888858338204, "8250017.04": -0.04569939616647606, "8250025.0": 1.7953871268700818, "8250021.02": 0.9981158803194655, "8250021.01": 0.6199230808747381, "8250020.0": 0.3945052119750541, "8250050.14": -0.695314280044589, "8250019.0": 0.680059675346055, "8250017.01": 0.5477460459247581, "8250017.05": -0.037801365108416564, "8250046.02": 1.858381041683986, "8250060.0": 2.5301156096097284, "8250038.11": -0.5078857671125517, "8250038.24": -0.24552891825323878, "8250059.0": 2.67209817098117, "8250038.14": 0.03669939263327488, "8250038.25": -0.17531203211425603, "8250058.0": 2.738345058835722, "8250038.13": 0.025672964338263125, "8250057.0": 1.0287861040939204, "8250038.15": -0.22646991234501823, "8250017.06": -1.0239916506863658, "8250050.12": -0.7597688838365922, "8250047.0": 0.8296390577191989, "8250056.0": 2.3993778759933577, "8250050.13": -0.9086580470558726, "8250049.07": -0.6830932482887767, "8250048.0": 1.0863678609204601, "8250049.06": -0.8683659399969743, "8250054.0": 1.265360518944352, "8250050.22": -0.951790043626189, "8250062.0": 1.6377495603048238, "8250038.27": -0.7617277393903484, "8250038.17": -0.6338487310177924, "8250063.0": 1.8085237566105572, "8250038.28": -0.7035924271666226, "8250038.47": -0.9208106502742351, "8250072.0": 0.6815945616770391, "8250064.0": 0.40182330601742694, "8250038.18": -0.6835284239514271, "8250038.45": -0.9689175691834087, "8250055.0": 1.1262827796230412, "8250050.21": -0.9430559451378195, "8250050.16": -1.0340605411546635, "8250049.01": 0.6097767211052225, "8250049.04": -0.5782112431633308, "8250065.0": 0.8731598092415092, "8250053.0": 1.0037458562583266, "8250049.05": -0.11605635150676423, "8250200.06": -0.884854564411868, "8250071.0": 0.6143437693597599, "8250038.46": -1.125468896301253, "8250038.3": -0.789159708911914, "8250073.0": 0.5867659157283003, "8250070.0": 0.028107577612780352, "8250038.44": -1.0161519812654973, "8250038.48": -0.8105329290780866, "8250038.49": -1.0322923743438257, "8250074.0": 0.9510734882177617, "8250069.0": 0.244606691586884, "8250050.1": -0.7084441720518803, "8250066.03": 0.6374659886659668, "8250050.15": -1.0296636585534489, "8250067.0": -0.12658267873127513, "8250066.02": 0.4932901150594189, "8250050.19": -0.4577168962271201, "8250050.01": 1.0237879901994342, "8250052.04": 0.5061901400630203, "8250077.01": 0.2776892161718869, "8250038.43": -1.1379540295115402, "8250038.4": -1.2683377228280013, "8250038.41": -1.1505254389395545, "8250075.02": 0.5794693988826874, "8250038.42": -1.1066367146377232, "8250075.01": 0.5960669692826102, "8250076.03": -0.2000272016477103, "8250038.39": -1.1528966786626305, "8250038.35": -0.3200161538101468, "8250068.0": -0.44847608609352896, "8250061.0": 0.3354212660891737, "8250076.01": 0.24000451752771196, "8250076.04": 0.102674466851567, "8250076.02": 0.12588242799586946, "8250076.05": 0.003114780467602938, "8250077.19": -0.41773409417420987, "8250076.09": -0.148206540077544, "8250076.06": -0.42548368410756865, "8250038.37": -0.8855315041712891, "8250076.35": -0.36943448651777844, "8250051.0": 0.6473366771853318, "8250052.03": 0.20695310648506776, "8250050.07": -0.07086492035377388, "8250077.02": 5.6052878488111104e-05, "8250050.18": -0.4211622996877597, "8250077.03": 0.019337957675836653, "8250077.06": -0.3238186700825342,