{"8250204.01": 1.4408601564371304, "8250002.38": -0.01477592684568893, "8250002.4": 0.25195897082858176, "8250002.36": -0.3439337237849594, "8250002.39": 0.04216466725734306, "8250002.34": -0.2954228569412169, "8250001.48": 0.23917395506331154, "8250001.47": 0.48146901740866305, "8250001.46": 0.664682630097765, "8250001.42": 0.13626790836571834, "8250001.45": 0.3757445658304785, "8250001.33": 0.5954006937916165, "8250001.11": 0.0033915012912067296, "8250001.32": 0.09366980782261089, "8250001.41": 0.6345513187768748, "8250001.22": -0.8167209314593541, "8250002.35": -0.8723078358131539, "8250002.32": -0.40805704706576235, "8250002.22": -0.01131113511775045, "8250002.37": -0.16347891386668836, "8250002.33": -0.0649839290029064, "8250002.31": 0.29780648586509506, "8250002.3": 0.05591377653980638, "8250002.18": -0.34298689630547746, "8250002.1": 0.05678003054109129, "8250002.11": -0.11165954940714296, "8250002.29": 0.6168027622035351, "8250002.17": 0.6300444330817421, "8250002.28": 0.09209858142653095, "8250002.27": 0.2811911546697385, "8250002.04": 0.20598105937445188, "8250002.26": 0.8026918991244102, "8250002.12": -0.3633739442547976, "8250002.25": 0.4415710197177808, "8250001.1": -0.16499671595200563, "8250002.24": 0.608316589186615, "8250001.23": -0.8047446274354599, "8250001.4": 0.3142625868811579, "8250001.3": 0.266447297278844, "8250001.38": 0.27437860087105354, "8250001.39": 0.6108745424683647, "8250001.06": -1.432171182584677, "8250001.28": -0.40222578063503833, "8250001.29": 0.4774217823486327, "8250001.08": -1.2527873183776888, "8250001.37": 0.5368986228892573, "8250001.25": -0.6435658680242077, "8250001.44": 0.008168530608838523, "8250001.43": -0.6048030650144884, "8250001.05": -1.4735774316465575, "8250001.5": -1.2771148441818234, "8250001.35": -0.23598426223922014, "8250001.49": -0.8369438567589089, "8250001.02": -1.326115506198332, "8250001.14": -1.2089351727003226, "8250001.01": -0.9649466279836478, "8250002.09": -0.013100395245716934, "8250001.07": -1.154202600681802, "8250002.06": -1.8799690302223557, "8250002.15": -1.1543339558311834, "8250001.04": -1.093831658397787, "8250001.03": -1.7162323394562913, "8250002.14": 0.11658085116663221, "8250002.08": 0.7273649626417837, "8250001.09": -0.9398426151862557, "8250001.17": -1.3695560906031747, "8250004.0": -0.7514740617665056, "8250005.0": -0.3858388509285068, "8250001.13": -1.1811652461203122, "8250006.0": -1.1580255436770734, "8250007.01": -1.7787439732823631, "8250007.02": -1.5399260089099083, "8250010.0": 0.052923751261537255, "8250007.07": -1.3465081289512033, "8250002.07": 0.5306388932996544, "8250011.0": -0.5664002428359959, "8250003.0": -1.0777443269968465, "8250033.01": 0.5153866716128993, "8250033.02": 0.9992633854460817, "8250002.02": 0.218339850275597, "8250009.0": -0.09997445709780615, "8250007.06": -2.5190717745296602, "8250008.0": -1.530521702251536, "8250012.0": 0.5582837669102099, "8250013.0": 0.1657285083604183, "8250007.05": -2.571037027283271, "8250007.03": -1.8026884786841955, "8250014.0": -0.419545355003076, "8250015.0": -2.4508400624589384, "8250029.0": -0.1511028894036788, "8250035.01": 0.8693911957152025, "8250036.01": 0.27621181178702753, "8250036.02": 0.38394022471101774, "8250030.0": 1.2149443038206829, "8250038.2": 0.14129578699847906, "8250038.21": 0.28215151376666275, "8250032.0": 1.908052287216193, "8250035.02": 0.803061366318131, "8250037.0": 0.42519702015417415, "8250038.05": 0.041448338499284594, "8250034.0": 0.7049906096843288, "8250038.04": 0.06433174176700968, "8250038.06": -0.3693243689463129, "8250038.02": -0.3657890957891515, "8250028.0": 1.9195081208161755, "8250204.03": -0.008811859421641853, "8250031.02": 2.9560806703783413, "8250038.03": -0.11800415090924812, "8250016.0": -0.7719336613369483, "8250023.0": -0.6297986430848339, "8250022.02": -0.9277898518476448, "8250022.01": 0.2480210141294376, "8250024.0": 0.696331600165949, "8250018.01": -0.20581715937853404, "8250017.03": -0.5595064473468705, "8250018.02": 0.2783844934794673, "8250026.0": 2.027393903230703, "8250031.01": 3.502673292801393, "8250039.0": 0.030871829493575403, "8250038.07": -0.6851306345421482, "8250027.03": 2.5771859100764534, "8250027.02": 2.663743979450098, "8250042.02": 3.187586777050212, "8250027.01": 3.3454233664147357, "8250038.08": -0.3688634540226796, "8250038.22": -0.6971004283058441, "8250040.0": 0.5638601717269157, "8250038.23": -0.6743721839422152, "8250044.0": 3.448399675098609, "8250041.0": 1.5645487835993899, "8250042.01": 2.7685100454640836, "8250045.02": 3.573976967191225, "8250045.01": 3.6181128888195064, "8250043.0": 2.6910483155941867, "8250038.1": -0.4572824924694876, "8250038.12": -0.6548536877120174, "8250046.01": 2.8669036293657664, "8250017.04": -0.2186343712295712, "8250025.0": 2.4712718556399507, "8250021.02": 1.1942026810863513, "8250021.01": 0.7417240587284681, "8250020.0": 0.5819084732745805, "8250050.14": -0.5923126632093251, "8250019.0": 0.1045947287605061, "8250017.01": -0.0770459056556013, "8250017.05": -0.9831067520955001, "8250046.02": 2.124765018945433, "8250060.0": 0.46008002494469663, "8250038.11": -0.5164115691524903, "8250038.24": -0.7116349257646973, "8250059.0": 1.0865422029447698, "8250038.14": -0.7932200157323492, "8250038.25": -0.503745141459644, "8250058.0": 1.4482765182181574, "8250038.13": -0.6007003705840578, "8250057.0": 0.9827996071405619, "8250038.15": -0.47984626109872613, "8250017.06": -0.9106650232766401, "8250050.12": -0.7566612998937021, "8250047.0": 0.7179204825375428, "8250056.0": 1.1258640312761368, "8250050.13": 0.07832993860633387, "8250049.07": -0.7386766219321267, "8250048.0": -0.48014978373407763, "8250049.06": -0.850920613054715, "8250054.0": 0.10196604778596734, "8250050.22": -0.8141081610070646, "8250062.0": 1.1369163916338718, "8250038.27": -0.08081083835383268, "8250038.17": -0.1138219963508851, "8250063.0": 1.1086441504864197, "8250038.28": 0.16286347705516446, "8250038.47": -0.15842885646403382, "8250072.0": 0.40708813712535374, "8250064.0": 0.37059977689844936, "8250038.18": 0.23235609108070177, "8250038.45": 0.22305246269325305, "8250055.0": 1.3156088621130633, "8250050.21": -0.6073460874154578, "8250050.16": -0.12032786225838193, "8250049.01": -0.6571945517827484, "8250049.04": -0.5791803675789841, "8250065.0": 1.1473701771906861, "8250066.04": 0.7974391767755101, "8250053.0": -0.736645690431485, "8250049.05": -0.3647514367525845, "8250200.06": -0.20139820568879827, "8250071.0": 0.11272482863230673, "8250038.46": 0.29951261491993086, "8250038.3": 0.3191691017873976, "8250073.0": 0.16066384950346044, "8250070.0": -0.17426825833575266, "8250038.44": 0.29236192331503075, "8250038.48": 0.27890503947994694, "8250038.49": 0.3919683417012719, "8250074.0": 0.14558191962818148, "8250069.0": 0.0034693304725803235, "8250050.1": -0.46832183456933746, "8250066.03": 0.26517819815992144, "8250050.15": -0.2049425279218501, "8250067.0": 0.8673599785630302, "8250066.02": 0.8447428376833824, "8250050.2": -0.4468001382193045, "8250050.19": -0.46754989998510355, "8250050.01": -0.37732771951069594, "8250052.04": -0.9383022779719952, "8250077.01": -0.5799295022712956, "8250038.43": 0.1507685262828496, "8250038.4": 0.15851448254847436, "8250038.41": 0.05036411863741864, "8250075.02": -0.31076624357510024, "8250038.42": 0.21932548936635424, "8250075.01": -0.4024976515912099, "8250076.03": -0.20871947752308803, "8250038.39": 0.15585198989650545, "8250038.35": -0.08754982575014875, "8250068.0": -0.036552408767834464, "8250061.0": -1.21976392119488, "8250076.01": -0.1298024069601478, "8250076.04": -0.4730772796342223, "8250076.02": -0.464569400789308, "8250076.05": -0.545644422407075, "8250077.19": -0.7148738822866532, "8250076.09": -0.2857397164287472, "8250076.06": -0.22385949087770207, "8250038.37": -0.09924320877007943, "8250076.35": -0.9368094819942604, "8250051.0": -1.3985087052826526, "8250052.03": -2.9189339745176905, "8250050.07": -0.26244110997279574, "8250077.02": -1.5107447974060972, "8250050.18": -0.44347713553729573,