{"8250204.01": -2.617383268874357, "8250002.38": -0.9605672026169474, "8250002.4": 0.9719764944822764, "8250002.36": 0.29554919338790203, "8250002.39": 1.1735571889932592, "8250002.34": -1.1915363941391568, "8250001.48": 0.666064751322346, "8250001.47": 0.45995177903523976, "8250001.46": 0.03957097156892213, "8250001.42": -0.6265508971986149, "8250001.45": 0.3650157773634039, "8250001.33": -0.3156765325220898, "8250001.11": 0.13373967421053004, "8250001.32": -0.558165952709926, "8250001.41": 0.09541061540853908, "8250001.22": 0.18863820587337501, "8250002.35": 0.21185759697281795, "8250002.32": 0.6131303259615644, "8250002.22": -0.0011107642168009036, "8250002.37": 0.412079331757077, "8250002.33": 0.1074769513004605, "8250002.31": -0.2219077202102354, "8250002.3": -0.7824021413356834, "8250002.18": -0.8177997128459998, "8250002.1": -0.22492352205241062, "8250002.11": -0.1971174255355439, "8250002.29": -1.3296680986934748, "8250002.17": -0.26861207489806505, "8250002.28": -0.523461663399657, "8250002.27": -0.9139945856812646, "8250002.04": 0.24184327545044898, "8250002.26": -0.9411411208916762, "8250002.12": -0.41387333507163726, "8250002.25": -0.5090544523397388, "8250001.1": 0.09264853862343674, "8250002.24": -0.6344842975559823, "8250001.23": 0.1358887604960509, "8250001.4": -0.19951403764095646, "8250001.3": -0.7936354279572487, "8250001.38": -0.5941751496243272, "8250001.39": -1.3069165670311944, "8250001.06": 0.7425654618910329, "8250001.28": 0.058410151036089646, "8250001.29": -0.5489751658386992, "8250001.08": 0.07259957233718396, "8250001.37": -0.619123875269923, "8250001.25": -0.4429875371264901, "8250001.44": -0.19934465041638483, "8250001.43": -0.45834851158002105, "8250001.05": 1.0187977293797983, "8250001.5": 0.8085710313207402, "8250001.35": -0.7871482483067549, "8250001.49": -0.019445122385547214, "8250001.02": 0.09360354461046134, "8250001.14": 1.4594335252060984, "8250001.01": 0.5704377269266762, "8250002.09": 0.18880322868716154, "8250001.07": 0.3355021996825121, "8250002.06": 0.09747515649922485, "8250002.15": -0.8641960752397055, "8250001.04": 0.5053060632028917, "8250001.03": 0.7892713437188021, "8250002.14": 0.4914457231242459, "8250002.08": 0.23450868181536053, "8250001.09": 1.0202678669364786, "8250001.17": 1.1431591757932396, "8250004.0": 0.9087460595898357, "8250005.0": 1.2649112768627393, "8250001.13": 1.8085504995067296, "8250006.0": 0.6914031191829582, "8250007.01": 0.9553275816828567, "8250007.02": 1.3825764629053763, "8250010.0": 0.11582891822849473, "8250007.07": 0.19289301706822, "8250002.07": 0.4697591379719406, "8250011.0": 0.6625697506273397, "8250003.0": 0.1925237383269254, "8250033.01": 0.7691529715688854, "8250033.02": 0.403017677367568, "8250002.02": -0.15124955694900746, "8250009.0": 0.7316208653915971, "8250007.06": 0.3232045460118612, "8250008.0": -0.363762689292195, "8250012.0": 1.2127767570937336, "8250013.0": 1.2501550050159318, "8250007.05": 0.23404352897645, "8250007.03": 0.33310540568683267, "8250014.0": 0.1097606591534123, "8250015.0": 0.19954779138218973, "8250029.0": 0.7351941225273615, "8250035.01": 0.4117331108061494, "8250036.01": 0.43346218206349924, "8250036.02": 0.5419511461410764, "8250030.0": 1.1535030051842121, "8250038.2": 0.23433092490104968, "8250038.21": 0.016871958897536992, "8250032.0": 0.998041400370641, "8250035.02": 0.9687210985930621, "8250037.0": 0.20035273529502734, "8250038.05": -0.15628749021433425, "8250034.0": 1.7998641646491267, "8250038.04": 0.06424678690485991, "8250038.06": -0.5184839888931543, "8250038.02": -0.3881890530368725, "8250028.0": 1.0605790690248127, "8250204.03": -0.8227911717642504, "8250031.02": 2.074750411583238, "8250038.03": -0.23157743465071015, "8250016.0": -0.5078136281056889, "8250023.0": 1.1853302068745952, "8250022.02": 0.005557176208628233, "8250022.01": 0.21127017025755546, "8250024.0": 0.34655496237155253, "8250018.01": 0.20485341410760116, "8250017.03": 0.11355190693698612, "8250018.02": -0.11903741460539358, "8250026.0": 0.9998976655886312, "8250031.01": 1.0308232449793764, "8250039.0": -0.1998916500398338, "8250038.07": -0.5547615813538159, "8250027.03": 1.6537144092479854, "8250027.02": -0.287843058515202, "8250042.02": 2.6747774843576435, "8250027.01": 1.5285525647078302, "8250038.08": -0.27236033927084435, "8250038.22": -0.5338565892788579, "8250040.0": 1.0537953586153939, "8250038.23": -0.37525573076012, "8250044.0": 1.8021602380654946, "8250041.0": 2.300663117193815, "8250042.01": 2.6353083217585356, "8250045.02": 3.6874494746376567, "8250045.01": 2.148545317996563, "8250043.0": 3.818269676850384, "8250038.1": -0.22724656694106207, "8250038.12": -0.6151612458013751, "8250046.01": 3.471944440381034, "8250017.04": -0.25072672029819354, "8250025.0": 1.1047218238374095, "8250021.02": 1.2071474760104535, "8250021.01": 0.1865876078577434, "8250020.0": -0.08348126239280651, "8250050.14": 0.23757222596504507, "8250019.0": 0.3416941980993312, "8250017.01": 0.3249635128651626, "8250017.05": -0.13392491278079488, "8250046.02": 1.4661380689344696, "8250060.0": 2.138036269125186, "8250038.11": -0.6411775577230613, "8250038.24": -0.957529025419069, "8250059.0": 2.145975618521021, "8250038.14": -0.42306994826654193, "8250038.25": -0.707163154612671, "8250058.0": 2.7169194514880766, "8250038.13": -0.22379767493994665, "8250057.0": 1.3293427788034233, "8250038.15": -0.3428881134930892, "8250017.06": -1.1296647665823256, "8250050.12": -0.7040138306445725, "8250047.0": 0.7823202476100675, "8250056.0": 2.50025174722285, "8250050.13": -0.16183005485318608, "8250049.07": -0.41271421166428934, "8250048.0": 0.732788536221753, "8250049.06": -1.0752244462739282, "8250054.0": 1.513690309081279, "8250050.22": -0.8059600590920734, "8250062.0": 2.1418814725527273, "8250038.27": -1.4364787562718342, "8250038.17": -0.8738237066475645, "8250063.0": 2.278350557811986, "8250038.28": -1.3956821765114766, "8250038.47": -1.7460533345020335, "8250072.0": 0.2864437773214611, "8250064.0": 0.6721218567812539, "8250038.18": -1.1686492222244798, "8250038.45": -1.7486112316684657, "8250055.0": 0.7918600607412555, "8250050.21": -0.7433051146564317, "8250050.16": -0.7045125435129762, "8250049.01": 0.3114381721061084, "8250049.04": -0.2589744472738228, "8250065.0": 0.32849633897594765, "8250066.04": 0.4448021101176106, "8250053.0": 0.623044153012578, "8250049.05": -0.4766840753141099, "8250200.06": -0.49731729711382516, "8250071.0": 0.504574696246362, "8250038.46": -2.2412682186269413, "8250038.3": -1.3228439635376985, "8250073.0": 0.3792381405285083, "8250070.0": -0.22664501552790406, "8250038.44": -2.0861147688737907, "8250038.48": -1.1965118223365159, "8250038.49": -1.8565692597349028, "8250074.0": 0.5255657549328393, "8250069.0": 0.33964498304102764, "8250050.1": -0.8504960431204556, "8250066.03": 0.14187127660295953, "8250050.15": -0.3571757438846145, "8250067.0": -0.76407983818651, "8250066.02": 0.1910235116895682, "8250050.2": 0.24628186954398354, "8250050.19": -0.45782293127477797, "8250050.01": 0.5053587630249643, "8250052.04": 0.7825116754685059, "8250077.01": 0.5492923762057725, "8250038.43": -2.227866737950203, "8250038.4": -2.5127302670139935, "8250038.41": -2.2903268686768694, "8250075.02": -0.3347925005033, "8250038.42": -1.950618522085277, "8250075.01": -0.024278792053944457, "8250076.03": -0.21043204854519612, "8250038.39": -2.1723149603791163, "8250038.35": -0.746926649708126, "8250068.0": -0.46384273429072564, "8250061.0": -0.28052136308194675, "8250076.01": -0.18925803883212838, "8250076.04": -0.30836698415630953, "8250076.02": -0.0465734506669408, "8250076.05": 0.03913214099479551, "8250077.19": -0.4411259948520018, "8250076.09": 0.03202042609981914, "8250076.06": -0.04725077049415735, "8250038.37": -0.6374231720035031, "8250076.35": -0.682063122344969, "8250051.0": 0.8187882899099702, "8250052.03": 0.21373525553341147, "8250050.07": -0.04704368112530117, "8250077.02": 0.4186759770611685, "8250050.18": 0.3716852938587712, "8250077.03": 0.36814116349693354,