{"8250204.01": -0.8629477900509175, "8250002.38": 0.7492358732803244, "8250002.4": 0.7445225202522142, "8250002.36": 1.5490310586548293, "8250002.39": 0.3416145782646991, "8250002.34": -0.2596736561519735, "8250001.48": -0.33048096620992834, "8250001.47": 0.05708517461732507, "8250001.46": 0.004329860931991372, "8250001.42": -0.48937136657927244, "8250001.45": -0.9761481237262902, "8250001.33": -0.5650737458598065, "8250001.11": 0.44104710163460975, "8250001.32": -0.2742494456734739, "8250001.41": 1.7432729859156795, "8250001.22": -0.9980536297466887, "8250002.35": 1.3328952408450858, "8250002.32": 0.7390395510424381, "8250002.22": -0.7378796226629258, "8250002.37": 2.092021186027328, "8250002.33": 0.9500065716039351, "8250002.31": 1.8129927818454665, "8250002.3": 0.8626399628036321, "8250002.18": -0.19964789205984776, "8250002.1": -0.8458891791429445, "8250002.11": -1.5044252582193487, "8250002.29": 0.6843581140642959, "8250002.17": 0.0007360737669552847, "8250002.28": 0.10590865253613033, "8250002.27": 0.21995040133930877, "8250002.04": 1.7878246022673645, "8250002.26": -0.15086759736459485, "8250002.12": -0.7791418305475963, "8250002.25": -0.8358044271747723, "8250001.1": -0.9315712704141301, "8250002.24": -0.7288061498577331, "8250001.23": -0.23777106170506448, "8250001.4": 1.3269130394800592, "8250001.3": 1.2512026365971212, "8250001.38": 1.370052420651903, "8250001.39": 1.4791754570826237, "8250001.06": -0.0909839961893078, "8250001.28": 0.880787051344645, "8250001.29": 0.830065532400684, "8250001.08": 0.49174294948602526, "8250001.37": 0.9441987372953645, "8250001.25": 0.05298274725502226, "8250001.44": 0.5452663507159073, "8250001.43": -0.15315656037398842, "8250001.05": -0.22272473054917546, "8250001.5": -0.03720215090922123, "8250001.35": 1.990535441252572, "8250001.49": -0.07110480842645726, "8250001.02": -0.9448643524919687, "8250001.14": -0.6679394621822305, "8250001.01": -0.7497244574314157, "8250002.09": -1.0134395805107437, "8250001.07": -0.9427397197642972, "8250002.06": -2.542409116130097, "8250002.15": -3.162700178626636, "8250001.04": -1.271620575349027, "8250001.03": -0.8214587426864618, "8250002.14": -1.1694372508913555, "8250002.08": -0.5221804854207887, "8250001.09": -1.0657564580048087, "8250001.17": -0.1590891610574784, "8250004.0": -1.5708577149206397, "8250005.0": -0.7709863636094281, "8250001.13": -0.06955677340415646, "8250006.0": -0.700425729250831, "8250007.01": -0.8104908020932821, "8250007.02": 0.03974231549392589, "8250010.0": -0.72895369887399, "8250007.07": -0.48552301597985265, "8250002.07": -0.6768820450832995, "8250011.0": -0.7737291635235557, "8250003.0": -1.4776448256238546, "8250033.01": -1.355924021176951, "8250033.02": -0.5140428198965531, "8250002.02": 1.3927388839364843, "8250009.0": -0.07439288778271669, "8250007.06": -0.37973795270352884, "8250008.0": -0.5442261054589569, "8250012.0": -0.059892663115197226, "8250013.0": -0.2868106417389575, "8250007.05": -1.0656217729035202, "8250007.03": -0.5226211418200472, "8250014.0": -1.0314509923625235, "8250015.0": -1.3887281550242698, "8250029.0": -0.9221422187382597, "8250035.01": -0.9365929612788382, "8250036.01": -0.2843123698432285, "8250036.02": -0.08125787608965902, "8250030.0": -0.577528887972495, "8250038.2": 1.9551348601749117, "8250038.21": 1.268004830409233, "8250032.0": -0.44310036446804363, "8250035.02": -0.6935677872139157, "8250037.0": 0.13854622175636522, "8250038.05": 1.2105701211573057, "8250034.0": -0.628957902485533, "8250038.04": 0.37716331096924205, "8250038.06": 2.139169253878477, "8250038.02": 1.3811230514622477, "8250028.0": -0.14728409359439715, "8250204.03": 1.5162604808332087, "8250031.02": 0.5325221776578338, "8250038.03": 0.7951921615148816, "8250016.0": -1.0161203979168265, "8250023.0": -0.56020580624182, "8250022.02": -0.8422227556045795, "8250022.01": -0.5639468057069194, "8250024.0": -0.4435379383548089, "8250018.01": 0.008820968732853849, "8250017.03": 0.42524877811000006, "8250018.02": -0.302173783152754, "8250026.0": -0.3631726172161771, "8250031.01": 0.16724813601091784, "8250039.0": 0.11981605266845335, "8250038.07": 1.3966962262893179, "8250027.03": 0.37731565183944926, "8250027.02": -0.4854992810839033, "8250042.02": 0.6727540772904325, "8250027.01": 0.07433596443478463, "8250038.08": 1.3676672887067374, "8250038.22": 1.6668906774789791, "8250040.0": 0.480589486448361, "8250038.23": 1.2049985721001364, "8250044.0": 0.4780182793343066, "8250041.0": 0.3188693326410694, "8250042.01": 0.5367582181149876, "8250045.02": 0.7381697204725747, "8250045.01": -0.00012203463489367385, "8250043.0": 1.2839280803219089, "8250038.1": 0.9703777208154787, "8250038.12": 0.9477460860874466, "8250046.01": 0.6707006891190411, "8250017.04": 0.9045125720075762, "8250025.0": -0.5746578920762712, "8250021.02": -0.5976741597393487, "8250021.01": -1.1406487842759228, "8250020.0": -1.1147525840692716, "8250050.14": -0.18184980975399695, "8250019.0": -0.5392418210123662, "8250017.01": -0.16797105703734053, "8250017.05": 0.7708882709224845, "8250046.02": -0.6537722840805303, "8250060.0": -0.185937589061905, "8250038.11": 1.182468597283544, "8250038.24": 1.3585341969220164, "8250059.0": -0.013209394384864006, "8250038.14": 0.6161778764670097, "8250038.25": 1.1891036184596786, "8250058.0": 0.5765440794543177, "8250038.13": 0.499555495116633, "8250057.0": -0.14652068548039912, "8250038.15": 0.2755518803846519, "8250017.06": 0.2903085928644393, "8250050.12": 0.1250553415322606, "8250047.0": -0.8044659751073153, "8250056.0": -0.30356427693523, "8250050.13": -0.20674794449410172, "8250049.07": 0.5606482398610905, "8250048.0": -1.4578989165136615, "8250049.06": -0.3106106262453649, "8250054.0": -0.49667082721445815, "8250050.22": 0.2890631076063578, "8250062.0": -0.40436136971362147, "8250038.27": 1.034493594405199, "8250038.17": 0.7311817320371397, "8250063.0": -0.0270855968114933, "8250038.28": 0.8402215721688963, "8250038.47": 1.5004375361366296, "8250072.0": -1.0164538264570977, "8250064.0": -1.3001279899636216, "8250038.18": 0.2994749355192112, "8250038.45": 0.6530278617719539, "8250055.0": -0.16572925138791705, "8250050.21": 0.8748690646895786, "8250050.16": -0.08543746589079988, "8250049.01": -0.21326326262086537, "8250049.04": 0.8863674519641717, "8250065.0": -1.0514417720529414, "8250053.0": 0.1580591797821298, "8250049.05": 0.368059836718645, "8250200.06": -0.7749405807001181, "8250071.0": -0.899459846240445, "8250038.46": 0.9776493481868631, "8250038.3": 0.3656478491925821, "8250073.0": -1.4471904121953278, "8250070.0": -2.398685394757955, "8250038.44": 0.6559722522915422, "8250038.48": 0.9614343173063241, "8250038.49": 0.7815593155282202, "8250074.0": -1.2686475872613656, "8250069.0": -1.1549413906677441, "8250050.1": 0.7191048740400223, "8250066.03": 0.15826487403873013, "8250050.15": 0.8952636148588334, "8250067.0": -0.9418210650951812, "8250066.02": -0.44658769659665204, "8250050.2": -0.08708915069041827, "8250050.19": -0.1345278206996484, "8250050.01": -0.9245587294354347, "8250052.04": -0.9814845608939476, "8250077.01": -0.23086021912446483, "8250038.43": 1.1304228823465348, "8250038.4": 1.144243704847125, "8250038.41": 2.0593916356637454, "8250075.02": -1.7187424733111585, "8250038.42": 1.211202752610049, "8250075.01": -1.5090217115701923, "8250076.03": -1.1177025969803758, "8250038.39": 1.5884592176527381, "8250038.35": 0.6711301663415398, "8250068.0": -0.8867994717653644, "8250061.0": -1.0238422096365458, "8250076.01": -0.7942864744159862, "8250076.04": -0.8109465611564077, "8250076.02": -0.6373487375004044, "8250076.05": -0.7592108438802113, "8250077.19": 0.3787965237239993, "8250076.09": -1.359483376993694, "8250076.06": -0.9073961019563321, "8250038.37": 4.069522639209403, "8250076.35": -1.9161884190252385, "8250051.0": -1.046839397815577, "8250052.03": -2.8231268560391145, "8250050.07": -1.0123318765984637, "8250077.02": -0.7592674004484925, "8250050.18": -0.3389662270809657, "8250077.03": -0.9041601668751874,