{"8250204.01": -1.2352949487285343, "8250002.38": -0.915134571757695, "8250002.4": -0.09888731199613932, "8250002.36": -0.39599813616415686, "8250002.39": -0.2680490437440863, "8250002.34": -1.0084778949638764, "8250001.48": -0.2618447676626625, "8250001.47": -0.2653172875104715, "8250001.46": -0.4454799652235158, "8250001.42": -0.39536213664928804, "8250001.45": -0.7812846059368697, "8250001.33": -0.6298958181855845, "8250001.11": -0.22145054185943083, "8250001.32": -0.5936214102916413, "8250001.41": -0.4783869462299837, "8250001.22": -0.5781502846902475, "8250002.35": -0.4697099994341676, "8250002.32": -0.5177227051198477, "8250002.22": -0.7597135689404085, "8250002.37": -0.39906501792894755, "8250002.33": -0.5708758523908003, "8250002.31": -0.5916473140994777, "8250002.3": -1.036370727508383, "8250002.18": -1.0763636885342447, "8250002.1": -0.876804378972442, "8250002.11": -0.8235366830579595, "8250002.29": -1.0428509611940406, "8250002.17": -0.8480720898931448, "8250002.28": -0.8034142671803995, "8250002.27": -1.180912919626334, "8250002.04": -0.3243832102255915, "8250002.26": -0.9316963677687089, "8250002.12": -0.8662532278535509, "8250002.25": -0.802007977534728, "8250001.1": -0.7512197760216581, "8250002.24": -0.8921849348498465, "8250001.23": -0.53477744220042, "8250001.4": -0.3742031356083047, "8250001.3": -0.6142266931479373, "8250001.38": -0.6960271184927037, "8250001.39": -0.868414768934958, "8250001.06": -0.30313423749401835, "8250001.28": -0.03974675657965221, "8250001.29": -0.43336757968350137, "8250001.08": -0.5213906690982405, "8250001.37": -0.6934270205507465, "8250001.25": -0.5420965352099131, "8250001.44": -0.3119819012692704, "8250001.43": -0.5777122316751797, "8250001.05": -0.2994358209078747, "8250001.5": -0.016248294951670614, "8250001.35": -0.7213854514318826, "8250001.49": -0.4600880608116336, "8250001.02": -0.46583985017242785, "8250001.14": 0.2722459034876872, "8250001.01": -0.014090162901517472, "8250002.09": -0.5182648807734835, "8250001.07": -0.7266433551073226, "8250002.06": -1.284328010284149, "8250002.15": -1.6369964296240762, "8250001.04": -0.6717454485745018, "8250001.03": -0.4687024262641309, "8250002.14": -0.5801951883305498, "8250002.08": -0.20412073165782024, "8250001.09": -0.04168673837490037, "8250001.17": -0.14634778284774858, "8250004.0": 0.5318563247301287, "8250005.0": 0.8609934692428546, "8250001.13": 0.5353221455995203, "8250006.0": 0.3864935513614882, "8250007.01": 0.1503772787201161, "8250007.02": 0.2132612585520562, "8250010.0": 0.44137984815227377, "8250007.07": -0.029840084082429236, "8250002.07": -0.46801938265303544, "8250011.0": 0.6268951333988911, "8250003.0": -0.6587707188251696, "8250033.01": -0.08223051116821904, "8250033.02": 0.43498976245987003, "8250002.02": 0.6607348254983745, "8250009.0": 1.033302893055973, "8250007.06": -0.17482935591531432, "8250008.0": 0.2374832265029878, "8250012.0": 1.6353696669040758, "8250013.0": 1.2860252674293402, "8250007.05": -0.39922378729990554, "8250007.03": 0.045335570415252074, "8250014.0": 0.3270618822187854, "8250015.0": -0.3872065767929958, "8250029.0": 0.3905668555345533, "8250035.01": 0.6503803786890345, "8250036.01": 0.9146668712998138, "8250036.02": 1.2985211458922636, "8250030.0": 1.2591705352194698, "8250038.2": 0.7945466088068541, "8250038.21": 0.5107099061628467, "8250032.0": 1.1610030744047404, "8250035.02": 1.7228869698934879, "8250037.0": 1.0512211687746293, "8250038.05": 0.5908888434067793, "8250034.0": 2.264949574731362, "8250038.04": 1.1303161178478527, "8250038.06": 0.11462216821213755, "8250038.02": 0.29775900256235194, "8250028.0": 1.616502183579802, "8250204.03": -0.43952302500799023, "8250031.02": 2.6394319435408202, "8250038.03": 0.672195431392081, "8250016.0": -0.18850765975930128, "8250023.0": 0.6231397942292007, "8250022.02": -0.3212870923482696, "8250022.01": 0.12337075247368504, "8250024.0": 0.519580623045911, "8250018.01": 0.438320772161874, "8250017.03": 0.21716488770830505, "8250018.02": 0.07937795969248558, "8250026.0": 1.3488917980829784, "8250031.01": 2.4561036263588947, "8250039.0": 0.27724234165783473, "8250038.07": 0.01812640725619804, "8250027.03": 2.5521526860287773, "8250027.02": 1.3506467774492428, "8250042.02": 3.6801930307127244, "8250027.01": 2.8558175749515495, "8250038.08": 0.4482031807043851, "8250038.22": -0.022711691696759264, "8250040.0": 1.4303836611324412, "8250038.23": 0.05986907158620696, "8250044.0": 3.0122051336934637, "8250041.0": 1.9355803320937075, "8250042.01": 3.1485915680444885, "8250045.02": 4.613414519288562, "8250045.01": 3.275557989522059, "8250043.0": 4.124377081364988, "8250038.1": 0.40519965660369006, "8250038.12": -0.2504107343007357, "8250046.01": 3.9419165774242897, "8250017.04": 0.08541853425584074, "8250025.0": 1.668590184784489, "8250021.02": 1.3815294525029933, "8250021.01": 0.6099173546519543, "8250020.0": 0.2350848691305652, "8250050.14": -0.42851722213651355, "8250019.0": 0.7626826507001425, "8250017.01": 0.5337527275926433, "8250017.05": -0.0898153347626872, "8250046.02": 1.9320058351107814, "8250060.0": 1.9930528210569871, "8250038.11": -0.47588530321364797, "8250038.24": -0.33816935021586375, "8250059.0": 2.216272446363945, "8250038.14": -0.0013990762594693674, "8250038.25": -0.2258080773218775, "8250058.0": 2.6721785015134256, "8250038.13": 0.05325826412845945, "8250057.0": 1.0785138777687633, "8250038.15": -0.13545816371893213, "8250017.06": -0.8110747440617927, "8250050.12": -0.6649747833901261, "8250047.0": 0.7810419012263543, "8250056.0": 2.51474276103449, "8250050.13": -0.8330043247634799, "8250049.07": -0.5952747903950557, "8250048.0": 0.7431256264176755, "8250049.06": -0.9038823489116066, "8250054.0": 1.308027809092738, "8250050.22": -0.773827508844594, "8250062.0": 1.5540346399051674, "8250038.27": -0.5676836423761024, "8250038.17": -0.4422411233589748, "8250063.0": 1.9946330456873713, "8250038.28": -0.50524457026249, "8250038.47": -0.8993694389347857, "8250072.0": 0.29649749101498885, "8250064.0": 0.5520154555761843, "8250038.18": -0.4979934721485742, "8250038.45": -0.7222323287156948, "8250055.0": 1.1609783727204182, "8250050.21": -0.8211931488074985, "8250050.16": -0.7907188139274978, "8250049.01": 0.5811230708911411, "8250049.04": -0.5211399994217015, "8250065.0": 1.2207972514217287, "8250053.0": 0.7669969125811132, "8250049.05": -0.1512267122035127, "8250200.06": -0.7751368601031208, "8250071.0": 0.4933491446509298, "8250038.46": -0.9258837302418611, "8250038.3": -0.5957559470235888, "8250073.0": 0.37100155426018644, "8250070.0": -0.09683588570655235, "8250038.44": -0.9719807207799694, "8250038.48": -0.5584728451252571, "8250038.49": -0.823038926287188, "8250074.0": 0.706849069625773, "8250069.0": 0.4389404512449893, "8250050.1": -0.7648363445776055, "8250066.03": 0.8283467826062698, "8250050.15": -0.8486188165867165, "8250067.0": 0.09500824291472135, "8250066.02": 0.5843519074824214, "8250050.19": -0.5818114316194221, "8250050.01": 0.7369897885144306, "8250052.04": 0.6112578846219893, "8250077.01": 0.4722766560355698, "8250038.43": -1.0156869750109823, "8250038.4": -1.1226097619192312, "8250038.41": -1.2038376630453937, "8250075.02": 0.18993897850199162, "8250038.42": -1.0834526762081322, "8250075.01": 0.5021067970081023, "8250076.03": -0.029557347080182855, "8250038.39": -1.0916583758741172, "8250038.35": -0.17673951179995592, "8250068.0": -0.22784003635249353, "8250061.0": -0.266039898372416, "8250076.01": 0.3714098191648052, "8250076.04": -0.007055523826716327, "8250076.02": 0.17476468077249913, "8250076.05": 0.019201901451770538, "8250077.19": -0.32674453113625934, "8250076.09": -0.3402924132001122, "8250076.06": -0.23348462986110333, "8250038.37": -0.32288178266942136, "8250076.35": -0.9090311655058709, "8250051.0": 0.16410675348382864, "8250052.03": -0.5003442573867808, "8250050.07": -0.2161510643344934, "8250077.02": -0.037558391138800835, "8250050.18": -0.5772787984336831, "8250077.03": -0.23776054256579335, "8250077.06": -0.25481691565142606,