{"8250204.01": 0.05157662328631328, "8250002.38": -0.9876186775389838, "8250002.4": -0.822068000648699, "8250002.36": -0.815841385651884, "8250002.39": -0.6121807291761049, "8250002.34": -1.1110011732377205, "8250001.48": -0.5084614953325546, "8250001.47": -0.5130743673344831, "8250001.46": -0.5159475638432098, "8250001.42": -0.4681728470309383, "8250001.45": -0.3453017303226181, "8250001.33": -0.8117106744545602, "8250001.11": -0.6753447753117628, "8250001.32": -0.380071564364657, "8250001.41": -1.2184434980446497, "8250001.22": -0.18110458553522343, "8250002.35": -0.790201998475761, "8250002.32": -0.4823972113889652, "8250002.22": -0.35424476231789226, "8250002.37": -1.1209454420210243, "8250002.33": -0.8990576749628226, "8250002.31": -0.8680041227005261, "8250002.3": -1.2870415598793488, "8250002.18": -0.7887733173690468, "8250002.1": -0.5711889554616953, "8250002.11": -0.15936451234739774, "8250002.29": -1.1421903167028546, "8250002.17": -0.5659244988940989, "8250002.28": -1.0297848194641568, "8250002.27": -1.3871135456543064, "8250002.04": -0.954011026264534, "8250002.26": -0.942321523647979, "8250002.12": -0.16265035276615897, "8250002.25": -0.37905561046128916, "8250001.1": -0.1304559149852264, "8250002.24": -0.6521431641757711, "8250001.23": -0.27306253065329283, "8250001.4": -0.9417441903869728, "8250001.3": -1.064205972750801, "8250001.38": -1.172347488641809, "8250001.39": -1.102777109072013, "8250001.06": -0.05188511119758609, "8250001.28": -0.7234962665705547, "8250001.29": -1.0817311975949178, "8250001.08": 0.16154496948007835, "8250001.37": -0.9505048917934349, "8250001.25": -0.4392315820860374, "8250001.44": -0.6977214839823094, "8250001.43": -0.5088171329589416, "8250001.05": 0.2317649635004037, "8250001.5": 0.4929591464493845, "8250001.35": -0.8424003160850065, "8250001.49": 0.16383092384135955, "8250001.02": 0.12343294061932471, "8250001.14": 0.26021107279826106, "8250001.01": 0.8383497331019967, "8250002.09": -0.5707548673156467, "8250001.07": -0.1958040994170834, "8250002.06": 0.30810708014760707, "8250002.15": 0.39103521734058105, "8250001.04": -0.18365993216098978, "8250001.03": 0.6760346053913774, "8250002.14": -0.38062524015307, "8250002.08": -0.4864524538716829, "8250001.09": 0.14782684095532514, "8250001.17": 0.08514847346235482, "8250004.0": 0.22935028965172044, "8250005.0": 0.33639477764505166, "8250001.13": -0.02048255861735434, "8250006.0": 0.5570506650655653, "8250007.01": 0.6294449322822167, "8250007.02": 0.0730188385014993, "8250010.0": -0.011900944059880328, "8250007.07": 0.24226204199910448, "8250002.07": -0.5039989291258853, "8250011.0": 0.20143478722807928, "8250003.0": 0.5892512601173401, "8250033.01": -0.2623478498873309, "8250033.02": -0.21213068324935547, "8250002.02": -0.9115035693857845, "8250009.0": 0.2048311052660876, "8250007.06": 0.9059324436091596, "8250008.0": 1.313132769321293, "8250012.0": 0.6474433627233198, "8250013.0": 1.1869249394557337, "8250007.05": 1.5728709776269738, "8250007.03": 0.679815734952711, "8250014.0": 1.3618902683957261, "8250015.0": 2.2538299896275613, "8250029.0": 1.8789475533494302, "8250035.01": -0.536912366851729, "8250036.01": -0.8250571126080367, "8250036.02": -0.8271517156787715, "8250030.0": 1.36408692608827, "8250038.2": -1.2187459776109293, "8250038.21": -1.1337656272121126, "8250032.0": 0.6971285639177819, "8250035.02": -0.4806538807519682, "8250037.0": -0.9007583514056656, "8250038.05": -1.1489455413630831, "8250034.0": 0.25300318614808603, "8250038.04": -0.9554594515934524, "8250038.06": -1.1423311811481085, "8250038.02": -1.1772738438352628, "8250028.0": 2.814713266783874, "8250204.03": -1.0228502630299139, "8250031.02": 2.3780346334864, "8250038.03": -1.1220387175452218, "8250016.0": 1.1096446477100401, "8250023.0": 2.4329570558974245, "8250022.02": 1.2415787501904119, "8250022.01": 1.393641013067579, "8250024.0": 1.710377796412302, "8250018.01": 0.6445906185158157, "8250017.03": 0.385254814693754, "8250018.02": 0.828610457164469, "8250026.0": 2.205054636286841, "8250031.01": 2.128915692673786, "8250039.0": -0.6524903021507079, "8250038.07": -1.1532978203017625, "8250027.03": 2.364522861477548, "8250027.02": 2.5839746488729483, "8250042.02": 1.0662339833400025, "8250027.01": 2.0673906302507907, "8250038.08": -1.1214850860419576, "8250038.22": -1.0708412256738065, "8250040.0": 0.0982049255404454, "8250038.23": -1.1925412371957658, "8250044.0": 1.936849421920071, "8250041.0": 0.46460548213036473, "8250042.01": 1.594061337839026, "8250045.02": 1.4123141773110237, "8250045.01": 1.3898580268629244, "8250043.0": 1.332567775601895, "8250038.1": -1.1491720860937598, "8250038.12": -1.1411763517330047, "8250046.01": 1.6559803770584345, "8250017.04": 0.9537049383024886, "8250025.0": 1.4490051326074174, "8250021.02": 1.3632318557613976, "8250021.01": 0.9872841530453884, "8250020.0": 0.8746117904035329, "8250050.14": 1.5854451546066184, "8250019.0": 0.6342021175904894, "8250017.01": 0.4068033572168717, "8250017.05": 0.6487960077149502, "8250046.02": 1.3106359979241868, "8250060.0": 0.6469028769097518, "8250038.11": -1.2740821599613301, "8250038.24": -1.0838455800963547, "8250059.0": 1.2782664306265985, "8250038.14": -1.115392408895316, "8250038.25": -1.277690369506033, "8250058.0": 1.3275977455896917, "8250038.13": -1.153945831884335, "8250057.0": 1.549941392228504, "8250038.15": -1.2010112018709291, "8250017.06": 1.3798341842660617, "8250050.12": 0.9643813813049149, "8250047.0": 1.1070222465938115, "8250056.0": 2.2747079385216815, "8250050.13": 1.9185090670944356, "8250049.07": 0.9755668129818551, "8250048.0": 1.609079705130684, "8250049.06": 1.022279354074348, "8250054.0": 1.679604779295022, "8250050.22": 0.9948351680477454, "8250062.0": 0.9818991030292099, "8250038.27": -1.3708285282521353, "8250038.17": -1.3108929877045792, "8250063.0": 1.3616851597216566, "8250038.28": -1.349794042602686, "8250038.47": -1.3193363779476652, "8250072.0": 0.5529936928847667, "8250064.0": 1.5238621177034462, "8250038.18": -1.3755530953657535, "8250038.45": -1.454560799534897, "8250055.0": 1.4499314310953457, "8250050.21": 0.7733769224005052, "8250050.16": 1.574649225212118, "8250049.01": 0.9907491116847742, "8250049.04": 0.8996290469323468, "8250065.0": 1.556532459000792, "8250053.0": 1.254409584401368, "8250049.05": 0.09116073023445857, "8250200.06": 1.5527853048905589, "8250071.0": 0.4109137371816327, "8250038.46": -1.4242119386541487, "8250038.3": -1.4488633011403607, "8250073.0": 0.29615353782693177, "8250070.0": 1.3006872433960495, "8250038.44": -1.4018986414809527, "8250038.48": -1.5271810380453945, "8250038.49": -1.485339022412057, "8250074.0": 0.47337631914828754, "8250069.0": 0.7342541510509027, "8250050.1": 1.0374239249759032, "8250066.03": 1.2291186260481435, "8250050.15": 1.2422929698442522, "8250067.0": 0.6829337608445191, "8250066.02": 0.8312185407949109, "8250050.19": 0.9083786726423618, "8250050.01": 1.0409889667638428, "8250052.04": 0.9551185008688131, "8250077.01": 0.5744376909580108, "8250038.43": -1.5988873480680732, "8250038.4": -1.5766275993960974, "8250038.41": -1.646143994721194, "8250075.02": -0.0774939114685578, "8250038.42": -1.6169330458118059, "8250075.01": -0.16378574806276053, "8250076.03": 0.15542709631925314, "8250038.39": -1.5365036375567978, "8250038.35": -1.0873101364459388, "8250068.0": 0.4746656705076047, "8250061.0": 0.02920117115559909, "8250076.01": -0.4700879720885376, "8250076.04": -0.3642107291784987, "8250076.02": -0.33376279134785725, "8250076.05": -0.531893399851578, "8250077.19": -0.003335907577037423, "8250076.09": -0.3493495501615059, "8250076.06": -0.5498821356319329, "8250038.37": -1.7928126200763597, "8250076.35": -0.25897673314165764, "8250051.0": 0.625616616253723, "8250052.03": 0.7687314806266703, "8250050.07": 0.1782446007234379, "8250077.02": 0.690432224223349, "8250050.18": 0.684241812583621, "8250077.03": 0.34157830037992093, "8250077.06": 0.2435783052333869, "8250052.01": 0.6426151387952715, "8250050.17": 0.5606392945250157,