{"8250204.01": -2.5186851085271624, "8250002.38": 0.2804232643382081, "8250002.4": 2.1295410491555753, "8250002.36": 1.2471554846233193, "8250002.39": 2.191509059186642, "8250002.34": -0.6608846867569913, "8250001.48": 1.509754854619362, "8250001.47": 1.7720249360152311, "8250001.46": 0.732786692968143, "8250001.42": -0.04841927165925654, "8250001.45": 0.7646545266442374, "8250001.33": 0.7411290245865375, "8250001.11": 0.77446432015837, "8250001.32": 0.08373430468279547, "8250001.41": 2.7519187938773824, "8250001.22": -0.0757324282332435, "8250002.35": 1.0914187090065186, "8250002.32": 1.6860784166806788, "8250002.22": 0.41902148995180194, "8250002.37": 1.9397720515196586, "8250002.33": 1.2525066939430018, "8250002.31": 1.3708510974269468, "8250002.3": 0.7608475959592516, "8250002.18": 0.24119848740615352, "8250002.1": 0.013068965491739698, "8250002.11": -0.2303833487782429, "8250002.29": 0.24282192824226725, "8250002.17": 0.5945532486898317, "8250002.28": 0.5260224109952887, "8250002.27": 1.0297283096853056, "8250002.04": 1.5518046808392765, "8250002.26": -0.038645110294464456, "8250002.12": -0.4364181622435125, "8250002.25": -0.3564659225634311, "8250001.1": -0.4004857811671091, "8250002.24": 0.15859946601516586, "8250001.23": -0.01248726456167201, "8250001.4": 1.8460754575442022, "8250001.3": 0.7910487962956522, "8250001.38": 1.505246997929817, "8250001.39": 1.217039564202256, "8250001.06": 0.0016215751105076177, "8250001.28": 0.8047461252017617, "8250001.29": 1.1822495111645224, "8250001.08": -0.31746851148929967, "8250001.37": 1.2572259797299845, "8250001.25": -0.023688574691244732, "8250001.44": 1.193830801892043, "8250001.43": 0.21864255788579193, "8250001.05": -0.06767405504007341, "8250001.5": 0.20199169572051381, "8250001.35": 1.0531981701753554, "8250001.49": 0.29276800897539756, "8250001.02": -0.8926324834598276, "8250001.14": 0.19988630333604882, "8250001.01": -0.6383144106005727, "8250002.09": -0.10601549756381017, "8250001.07": -0.3780274111873516, "8250002.06": -0.9025861015435659, "8250002.15": -2.257890645110391, "8250001.04": -0.5532892825085212, "8250001.03": -0.5467947212446963, "8250002.14": 0.10682229280320885, "8250002.08": 0.26742502862153755, "8250001.09": 0.5004279501320534, "8250001.17": 0.814426841306137, "8250004.0": -0.9853682451485551, "8250005.0": -0.3237783536895884, "8250001.13": 1.4773164907308587, "8250006.0": -0.6573626953005745, "8250007.01": 0.362262378791638, "8250007.02": 1.0015577145975247, "8250010.0": -0.43324054322885486, "8250007.07": -0.19496911359287794, "8250002.07": 0.345264610551056, "8250011.0": -0.63792867028943, "8250003.0": -1.1044511757102866, "8250033.01": 0.33968201507608864, "8250033.02": 0.3807477908775907, "8250002.02": 0.5992022979095142, "8250009.0": -0.27230641147324347, "8250007.06": 0.03361515258376493, "8250008.0": -1.1753927662031685, "8250012.0": -0.45635593329491114, "8250013.0": -0.5842428962866673, "8250007.05": -1.1111785556450289, "8250007.03": -0.11889132736809453, "8250014.0": -1.1974395733816883, "8250015.0": -1.5656076372274228, "8250029.0": -0.9430192135847205, "8250035.01": 0.582208365682003, "8250036.01": 0.8776001348001814, "8250036.02": 0.8510994165463087, "8250030.0": -1.1960270501831658, "8250038.2": 2.4379694382597994, "8250038.21": 1.6433924905960897, "8250032.0": -1.1365613122807423, "8250035.02": 0.27909556350774994, "8250037.0": 1.0276287346074975, "8250038.05": 0.7678154365211404, "8250034.0": -0.21286785317130022, "8250038.04": 0.24084660888129109, "8250038.06": 0.814157297263795, "8250038.02": 1.1941162348958099, "8250028.0": -1.4343700060753506, "8250204.03": 1.4741245486660548, "8250031.02": -2.146080336682304, "8250038.03": 0.7392426780079522, "8250016.0": -1.3032519118612913, "8250023.0": -0.725412681524251, "8250022.02": -0.6084715670798072, "8250022.01": -0.9861478903960773, "8250024.0": -0.9876916915532279, "8250018.01": -0.2300445236431775, "8250017.03": -0.15725556074431896, "8250018.02": -0.635881756927, "8250026.0": -1.493105755183884, "8250031.01": -2.30636452075848, "8250039.0": 0.24648853421766773, "8250038.07": 0.22628725574732128, "8250027.03": -2.482870781676653, "8250027.02": -2.288316414434465, "8250042.02": -2.5615739016851116, "8250027.01": -2.6440290400960857, "8250038.08": 0.9591799185145399, "8250038.22": 0.9564831295887769, "8250040.0": 0.6465114073504004, "8250038.23": 0.7166056444025816, "8250044.0": -2.8470851308494263, "8250041.0": 0.2953663081136205, "8250042.01": -1.4115228015072139, "8250045.02": -2.8613193727151387, "8250045.01": -2.570334417645551, "8250043.0": -1.463329877839789, "8250038.1": 0.9738445410326662, "8250038.12": 0.16110611908082564, "8250046.01": -1.818318595953292, "8250017.04": -0.2935316888058633, "8250025.0": -1.433540320052684, "8250021.02": -0.29874867540863786, "8250021.01": -0.4967595431488574, "8250020.0": -0.776864700526617, "8250050.14": -0.4798973274738336, "8250019.0": -0.03924110042562047, "8250017.01": -0.24273794364935128, "8250017.05": -0.12865354513366728, "8250046.02": -1.4026956570264146, "8250060.0": -0.11399470503599247, "8250038.11": 1.3878107380195637, "8250038.24": 0.08191725779833602, "8250059.0": -0.9081348547518764, "8250038.14": 0.1933305597310258, "8250038.25": 1.0528662845033046, "8250058.0": -0.8510600017962943, "8250038.13": 1.1076963879345194, "8250057.0": -0.257028476383219, "8250038.15": 1.3432815369206514, "8250017.06": -1.1644600718303422, "8250050.12": -1.016666501159978, "8250047.0": -0.5143357325737923, "8250056.0": -1.5628246187834964, "8250050.13": -0.6830159002021924, "8250049.07": -0.2295223965124134, "8250048.0": -1.1036512466472819, "8250049.06": -1.0864949074538621, "8250054.0": -0.5052835647544526, "8250050.22": -0.7511235837466493, "8250062.0": 0.09283665644249105, "8250038.27": 0.23069101755752955, "8250038.17": 0.9442654725947388, "8250063.0": 0.1334153655473786, "8250038.28": 0.29303888678898604, "8250038.47": 0.018968170765221982, "8250072.0": -0.7303786686154708, "8250064.0": -0.9636145202995414, "8250038.18": 1.11250128927026, "8250038.45": -0.2760293585700976, "8250055.0": -0.35437677601333756, "8250050.21": 0.08744396587755289, "8250050.16": -0.6717673631261896, "8250049.01": -0.4485209602502763, "8250049.04": 0.45813251442000524, "8250065.0": -1.0225321280788344, "8250053.0": -0.6385296488188904, "8250049.05": 0.4909924157631168, "8250200.06": -1.0916360169305228, "8250071.0": -0.4302954746416116, "8250038.46": -0.8840081206477045, "8250038.3": 0.7742116164127338, "8250073.0": -0.1226113956326941, "8250070.0": -2.0215420431775013, "8250038.44": -0.9614180713762477, "8250038.48": 1.6213389988954663, "8250038.49": 0.47161874963635547, "8250074.0": -0.4973651699448048, "8250069.0": -0.7048269564733867, "8250050.1": -0.23261254986721513, "8250066.03": -0.4259637220738631, "8250050.15": 0.10276998922480562, "8250067.0": -1.460005706364286, "8250066.02": -0.9164899810605908, "8250050.2": 0.38393772812065485, "8250050.19": -0.5147394834727014, "8250050.01": -0.4061203771339662, "8250052.04": -0.9944316436774329, "8250077.01": -0.6905030621912948, "8250038.43": -0.3788659642417136, "8250038.4": -1.0961426147090003, "8250038.41": 0.0637916428558373, "8250075.02": -0.6230921502449209, "8250038.42": 0.4369132678648329, "8250075.01": -0.44424961282044845, "8250076.03": -0.714383617621235, "8250038.39": 0.01734961620774597, "8250038.35": 0.07725128397242488, "8250068.0": -1.3309237485356447, "8250061.0": -0.6398905751641492, "8250076.01": 0.20553690683908094, "8250076.04": 0.17412244144885375, "8250076.02": 0.12823500168615928, "8250076.05": 0.4544812234256529, "8250077.19": -0.08581080425415906, "8250076.09": 0.3995227405376265, "8250076.06": 0.07031104432050538, "8250038.37": 3.3433957027193615, "8250076.35": -0.3494614586040566, "8250051.0": -0.035979485980852925, "8250052.03": -1.5229423461349088, "8250050.07": -0.21549581729503528, "8250077.02": -0.6638113489755939, "8250050.18": 0.5011314009963599, "8250077.03": -0.2585677422035093,