{"8250204.01": -0.9468640804020846, "8250002.38": -0.17509323485087236, "8250002.4": 0.5261517101776316, "8250002.36": 0.5713132998337095, "8250002.39": 0.2671824574804267, "8250002.34": -0.19216697637031474, "8250001.48": -0.08256277952923743, "8250001.47": -0.029334565826904458, "8250001.46": -0.15418996027289983, "8250001.42": -0.38487691205985347, "8250001.45": -0.6032142207455293, "8250001.33": -0.3958589024089593, "8250001.11": -0.10727210145747909, "8250001.32": -0.6259261768977891, "8250001.41": -0.02333493972084733, "8250001.22": -0.7304354942858885, "8250002.35": 0.45059432993316006, "8250002.32": 0.05469429435085572, "8250002.22": -0.6744869394724964, "8250002.37": 0.5035603929323839, "8250002.33": 0.14643923025539213, "8250002.31": 0.2542245621209695, "8250002.3": -0.1267387366361427, "8250002.18": -0.6407608241002954, "8250002.1": -0.6077316190040917, "8250002.11": -0.8992967797656752, "8250002.29": -0.35446046749326676, "8250002.17": -0.47124223166375573, "8250002.28": -0.2940276034730937, "8250002.27": -0.3638216756291808, "8250002.04": 0.08290908787699586, "8250002.26": -0.2548761296024109, "8250002.12": -0.8210863243330668, "8250002.25": -0.5050146234558562, "8250001.1": -0.9096804653117935, "8250002.24": -0.6863196834838334, "8250001.23": -0.7297788335493243, "8250001.4": -0.38056169749131846, "8250001.3": -0.12824894371450535, "8250001.38": -0.17369034840247494, "8250001.39": -0.30370108147403724, "8250001.06": -0.5477445768630946, "8250001.28": -0.1373922252133262, "8250001.29": -0.24728160948874453, "8250001.08": -0.4849179413808662, "8250001.37": -0.33965733342779236, "8250001.25": -0.45860212788225, "8250001.44": -0.1820847005095161, "8250001.43": -0.3153353122086771, "8250001.05": -0.5760440371610364, "8250001.5": -0.279510158571588, "8250001.35": -0.06620277823322036, "8250001.49": -0.5171065812412153, "8250001.02": -0.6690791162897308, "8250001.14": -0.2518692983843247, "8250001.01": -0.3579464859178473, "8250002.09": -0.6235025493922953, "8250001.07": -0.9471057836201, "8250002.06": -1.3512245402328367, "8250002.15": -1.173773793481416, "8250001.04": -0.8115378639783141, "8250001.03": -0.6853721253479788, "8250002.14": -0.9140066782258838, "8250002.08": -0.4160620966159844, "8250001.09": -0.5856544870880651, "8250001.17": -0.6234738092189901, "8250004.0": 0.002653395367874879, "8250005.0": 0.23858140800554528, "8250001.13": -0.4377250253463273, "8250006.0": -0.056504239048068255, "8250007.01": -0.46129566779147263, "8250007.02": -0.3414056591819416, "8250010.0": -0.18120503732164628, "8250007.07": -0.3540810242880963, "8250002.07": -0.5320242469431582, "8250011.0": 0.21642946874408348, "8250003.0": -0.6849246476997692, "8250033.01": -0.622278334119476, "8250033.02": -0.018165016087034157, "8250002.02": 0.15914077194172394, "8250009.0": 0.48331765353146167, "8250007.06": -0.5975548263563026, "8250008.0": -0.10817137523957654, "8250012.0": 0.9908331502182458, "8250013.0": 0.8944618310239522, "8250007.05": -0.5113488072579261, "8250007.03": -0.39629197159836066, "8250014.0": -0.07184898732048571, "8250015.0": -0.39227686090715613, "8250029.0": 0.06160615496961724, "8250035.01": -0.06035988206082884, "8250036.01": 0.13802187076725683, "8250036.02": 0.4111622471543228, "8250030.0": 1.2495705064648728, "8250038.2": 0.0381599003061604, "8250038.21": 0.12174543197950059, "8250032.0": 1.4036621466994068, "8250035.02": 0.6664363259275581, "8250037.0": 0.13776754961497695, "8250038.05": 0.1767360567609563, "8250034.0": 1.5240002786304812, "8250038.04": 0.2981555121243044, "8250038.06": -0.11663715280745429, "8250038.02": -0.2672875819468406, "8250028.0": 1.5272567539170874, "8250204.03": -0.0729107153255518, "8250031.02": 3.421627001246762, "8250038.03": -0.09554012856193535, "8250016.0": -0.2795307411592811, "8250023.0": 0.540216903182212, "8250022.02": -0.5015240280272792, "8250022.01": 0.22274583740421455, "8250024.0": 0.3193574120320845, "8250018.01": 0.19201768083912388, "8250017.03": -0.08817983770747187, "8250018.02": 0.022168829439011602, "8250026.0": 1.3486853219572799, "8250031.01": 2.8065017570846384, "8250039.0": 0.07369181583442369, "8250038.07": -0.31439307805637684, "8250027.03": 3.4300564862578424, "8250027.02": 1.2212033523365085, "8250042.02": 4.8967682991536226, "8250027.01": 3.3277190135455914, "8250038.08": 0.21897917717507742, "8250038.22": -0.3550101122636648, "8250040.0": 1.285986720346721, "8250038.23": -0.3602501518237972, "8250044.0": 4.010001334229497, "8250041.0": 1.4571485692133992, "8250042.01": 3.3763963540556445, "8250045.02": 5.680529408497951, "8250045.01": 3.8233213737060585, "8250043.0": 4.829634732106657, "8250038.1": 0.04604558117382109, "8250038.12": -0.3719835610773794, "8250046.01": 4.378007511201661, "8250017.04": 0.02940124601578972, "8250025.0": 1.6346572450271295, "8250021.02": 0.7727310202593001, "8250021.01": 0.009704871155519264, "8250020.0": -0.16603317100786322, "8250050.14": -0.5377406433426737, "8250019.0": 0.08304164101756849, "8250017.01": 0.03190712559215094, "8250017.05": -0.20239100563112836, "8250046.02": 1.7782559564069291, "8250060.0": 1.5289460732961853, "8250038.11": 0.028467947074833137, "8250038.24": -0.3509857690774557, "8250059.0": 2.2162901740533583, "8250038.14": -0.2915480360840135, "8250038.25": -0.12908595259903655, "8250058.0": 2.7906650110452405, "8250038.13": -0.05221664915119986, "8250057.0": 0.5948563384854209, "8250038.15": -0.11864495460911317, "8250017.06": -0.7513840620391586, "8250050.12": -0.4733354182121639, "8250047.0": 0.43572772722802244, "8250056.0": 2.6113713498243785, "8250050.13": -0.5527407457958438, "8250049.07": -0.6797588959024562, "8250048.0": 0.21744762415554397, "8250049.06": -0.8146015147066208, "8250054.0": 0.8626892312538464, "8250050.22": -0.6058858842765228, "8250062.0": 1.2367730332275886, "8250038.27": -0.33625407284021164, "8250038.17": -0.20138363434460402, "8250063.0": 1.2932973511308805, "8250038.28": -0.28782824795438217, "8250038.47": -0.2289267182209792, "8250072.0": -0.09530087283299724, "8250064.0": 0.07632455821865551, "8250038.18": -0.14526749132165334, "8250038.45": -0.3303679889325355, "8250055.0": 0.6507750071744811, "8250050.21": -0.5195754720262433, "8250050.16": -0.7064798122620242, "8250049.01": 0.04679160147491296, "8250049.04": -0.4419009827368795, "8250065.0": 0.4698469593666568, "8250053.0": 0.36350032930282283, "8250049.05": -0.41000632000297654, "8250200.06": -0.514871873150256, "8250071.0": -0.1345036869354656, "8250038.46": -0.21801226531700263, "8250038.3": -0.19497024261937024, "8250073.0": -0.17904956021330845, "8250070.0": -0.5183807732853629, "8250038.44": -0.2507776478777423, "8250038.48": 0.009811265894848075, "8250038.49": -0.171235363968385, "8250074.0": -0.055254371990150944, "8250069.0": -0.25723101014923694, "8250050.1": -0.4048297433098716, "8250066.03": 0.2687170470148533, "8250050.15": -0.5922111011603721, "8250067.0": -0.3849387038635148, "8250066.02": 0.3692889448198573, "8250050.2": -0.1800410151563123, "8250050.19": -0.5770156638255542, "8250050.01": -0.13407528483046838, "8250052.04": 0.14599073740100757, "8250077.01": 0.10359263264348342, "8250038.43": -0.16962262385528715, "8250038.4": -0.27965499757736234, "8250038.41": 0.008394276273254696, "8250075.02": -0.43429515111087885, "8250038.42": -0.07764701746058933, "8250075.01": -0.3237975243486886, "8250076.03": -0.6508397051977712, "8250038.39": 0.04000092553878798, "8250038.35": 0.009038574937362882, "8250068.0": -0.4735203874024532, "8250061.0": -0.2382638222881498, "8250076.01": -0.3697690280288469, "8250076.04": -0.45068024040510996, "8250076.02": -0.47441934152331877, "8250076.05": -0.6409231351402815, "8250077.19": -0.5287664927591095, "8250076.09": -0.652094350311982, "8250076.06": -0.7323352424494743, "8250038.37": 1.3965595654850698, "8250076.35": -0.9267683602371578, "8250051.0": -0.3796231647558284, "8250052.03": -0.8240191661823519, "8250050.07": -0.6115032745409043, "8250077.02": -0.40366164420978784,