{"8250204.01": -0.6795224805040093, "8250002.38": -0.13547187816563852, "8250002.4": -0.12637113703370254, "8250002.36": 0.022650412171240534, "8250002.39": -0.2957388854892112, "8250002.34": -0.38838744246189844, "8250001.48": -0.3748026724589091, "8250001.47": -0.3049566762549276, "8250001.46": -0.4218953672353763, "8250001.42": -0.4939331531826703, "8250001.45": -0.820041529038761, "8250001.33": -0.3070843480000798, "8250001.11": -0.043169419598702005, "8250001.32": -0.48005523720658566, "8250001.41": 0.9671919617961123, "8250001.22": -0.9308918480868583, "8250002.35": -0.04978384820735506, "8250002.32": -0.2977424849563406, "8250002.22": -0.7995107558998201, "8250002.37": 0.20738493958268517, "8250002.33": -0.27247384340317826, "8250002.31": 0.005052226602001713, "8250002.3": -0.05836368907688232, "8250002.18": -0.4666751923712418, "8250002.1": -0.7872288383699757, "8250002.11": -0.9547910705002597, "8250002.29": -0.07214926805111677, "8250002.17": -0.48757728502572917, "8250002.28": -0.4060427122999644, "8250002.27": -0.20036160352871168, "8250002.04": 0.2305280663930913, "8250002.26": -0.24144425616129206, "8250002.12": -0.7864314336916395, "8250002.25": -0.5866272634356766, "8250001.1": -0.954669128512156, "8250002.24": -0.6679287393514849, "8250001.23": -0.8227699795948966, "8250001.4": 0.45482459087338806, "8250001.3": 0.6413072437826238, "8250001.38": 0.7048660223767592, "8250001.39": 0.6843428400616862, "8250001.06": -0.7366278184387454, "8250001.28": -0.03916001367620519, "8250001.29": 0.4713575598280996, "8250001.08": -0.27067075415039277, "8250001.37": 0.5648670352627961, "8250001.25": -0.17868304796708329, "8250001.44": 0.3277037280137663, "8250001.43": -0.11308202914789635, "8250001.05": -0.7542561573142965, "8250001.5": -0.4034198152627434, "8250001.35": 0.8857641080708961, "8250001.49": -0.12647128414491304, "8250001.02": -0.8265716867432119, "8250001.14": -0.7332160143689678, "8250001.01": -0.7167067415461803, "8250002.09": -0.8386299249233035, "8250001.07": -0.8661184081394415, "8250002.06": -1.0979797406292526, "8250002.15": -1.1077440297894758, "8250001.04": -1.0340603609517545, "8250001.03": -0.9097068929365996, "8250002.14": -0.8181614175177746, "8250002.08": -0.6352637976735472, "8250001.09": -0.7333060412531686, "8250001.17": -0.47484882847418247, "8250004.0": -0.9903926298826774, "8250005.0": -0.7061920649668535, "8250001.13": -0.35879880102070644, "8250006.0": -0.6942375635296845, "8250007.01": -0.661320059554231, "8250007.02": -0.5020674824736984, "8250010.0": -0.5483570876218481, "8250007.07": -0.6141519717738285, "8250002.07": -0.5975369630906509, "8250011.0": -0.5840876244667041, "8250003.0": -0.8523119130772469, "8250033.01": -0.9070503801646747, "8250033.02": -0.4952395961218687, "8250002.02": 0.42593302068051786, "8250009.0": -0.3226817723673748, "8250007.06": -0.5945932269521542, "8250008.0": -0.5289647246648661, "8250012.0": -0.3255497295990253, "8250013.0": -0.43638021322194154, "8250007.05": -0.9866200032281552, "8250007.03": -0.6329779304125145, "8250014.0": -0.7762851628565189, "8250015.0": -0.8748554351030858, "8250029.0": -0.8386054461256804, "8250035.01": -0.5455274118477268, "8250036.01": -0.29023956049509625, "8250036.02": 0.020805216027543216, "8250030.0": -0.5727767606836108, "8250038.2": 1.0073538496670997, "8250038.21": 1.2326820206134683, "8250032.0": -0.4202754192994131, "8250035.02": -0.3047522626667105, "8250037.0": 0.5369450136692334, "8250038.05": 1.1477311501871545, "8250034.0": -0.4074162719225388, "8250038.04": 0.7491999833583025, "8250038.06": 1.3391383859568236, "8250038.02": 1.2868337143906081, "8250028.0": -0.5265768921127354, "8250204.03": 2.0464144317143824, "8250031.02": -0.21936695050174448, "8250038.03": 1.3058808839983906, "8250016.0": -0.8596196603024595, "8250023.0": -0.7531089945349027, "8250022.02": -0.9560525767133529, "8250022.01": -0.7718965980627339, "8250024.0": -0.7658644427285902, "8250018.01": -0.591179546830734, "8250017.03": -0.3024883309629007, "8250018.02": -0.6538443325541464, "8250026.0": -0.6177846531099334, "8250031.01": -0.34616313288719247, "8250039.0": 0.8306861652531046, "8250038.07": 1.3456814942241457, "8250027.03": -0.35830513270814024, "8250027.02": -0.561010105632547, "8250042.02": 0.24972419530941173, "8250027.01": -0.17125946749677737, "8250038.08": 1.8921544592197894, "8250038.22": 0.9578353486032274, "8250040.0": 0.7461801720512531, "8250038.23": 1.26780144640793, "8250044.0": 0.3134000334789569, "8250041.0": -0.4610165630520917, "8250042.01": -0.042268758834534424, "8250045.02": 0.5126079006979212, "8250045.01": -0.016293305233877925, "8250043.0": 0.35131690387177456, "8250038.1": 1.5554408101401278, "8250038.12": 1.3034796568729046, "8250046.01": 0.10170859327844216, "8250017.04": -0.2764615773256735, "8250025.0": -0.6151449650350161, "8250021.02": -0.7153544755576557, "8250021.01": -0.7950624768034196, "8250020.0": -0.7533864840301893, "8250050.14": -0.5840545001998343, "8250019.0": -0.6210921862617023, "8250017.01": -0.4249170103695012, "8250017.05": -0.22908727241923846, "8250046.02": -0.5108631573031032, "8250060.0": -0.4157483497410376, "8250038.11": 2.751038686337271, "8250038.24": 1.4318615519912494, "8250059.0": -0.1449923322691027, "8250038.14": 1.2476421684157641, "8250038.25": 2.060520693883119, "8250058.0": 0.143817124178285, "8250038.13": 1.763851352951074, "8250057.0": -0.7743212060741094, "8250038.15": 1.702319310319538, "8250017.06": -0.43105565618347796, "8250050.12": -0.42849531464835094, "8250047.0": -0.743973328401716, "8250056.0": -0.2252939981605896, "8250050.13": -0.7883731004789598, "8250049.07": -0.3793383553995758, "8250048.0": -0.7200857220856183, "8250049.06": -0.5933862279145747, "8250054.0": -0.717726670972158, "8250050.22": -0.40062261626005774, "8250062.0": -0.6534234907945685, "8250038.27": 1.6560266601142846, "8250038.17": 2.1849430191875405, "8250063.0": -0.5737086056735485, "8250038.28": 2.1138140823909035, "8250038.47": 2.2979322661970083, "8250072.0": -0.7280971127493215, "8250064.0": -1.0727046432387126, "8250038.18": 2.0224977419552514, "8250038.45": 2.020086561536284, "8250055.0": -0.731594129895151, "8250050.21": -0.3387843880287901, "8250050.16": -0.5794626865566413, "8250049.01": -0.5511266792979386, "8250049.04": -0.24390564663524128, "8250065.0": -0.8425467634642255, "8250066.04": -0.5958495006170323, "8250053.0": -0.4075363862137613, "8250049.05": -0.46516610490483024, "8250200.06": -0.7999495842007732, "8250071.0": -0.795224167622566, "8250038.46": 2.182657631176992, "8250038.3": 2.003606742075187, "8250073.0": -0.6791666310974414, "8250070.0": -1.1402260826171018, "8250038.44": 1.8824756238695126, "8250038.48": 2.929441268430358, "8250038.49": 2.3587835606692633, "8250074.0": -0.7364569639882134, "8250069.0": -0.8498677795504502, "8250050.1": -0.27802782728378805, "8250066.03": -0.4936417492687209, "8250050.15": -0.3867197764955243, "8250067.0": -0.8377902063390165, "8250066.02": -0.5768658257825141, "8250050.2": -0.5864010659757531, "8250050.19": -0.5595130356204239, "8250050.01": -0.7984384571919491, "8250052.04": -0.6864433910799759, "8250077.01": -0.3113151401267055, "8250038.43": 2.410943103510822, "8250038.4": 2.2274017985155994, "8250038.41": 3.0973036473549436, "8250075.02": -0.5448615990048318, "8250038.42": 2.61697487175189, "8250075.01": -0.5954917765269787, "8250076.03": -0.5753859452197113, "8250038.39": 2.868749060979556, "8250038.35": 1.5234120971445533, "8250068.0": -0.6947362601664726, "8250061.0": 0.3313663404374417, "8250076.01": -0.2567871601460267, "8250076.04": -0.27134777048778785, "8250076.02": -0.33477344966811884, "8250076.05": -0.1576615460250374, "8250077.19": 0.020755192575890778, "8250076.09": -0.2009240353924111, "8250076.06": -0.4341673557255716, "8250038.37": 5.274874493561375, "8250076.35": -0.22913765473387937, "8250051.0": -0.9915072739329502, "8250052.03": -1.105794074288001, "8250050.07": -0.863869979239566, "8250077.02": -0.5590449704868636,