{"8250204.01": -2.671225136713823, "8250002.38": -1.164617847765897, "8250002.4": 0.16033660300003647, "8250002.36": -0.1415706566719315, "8250002.39": -0.07967964026976923, "8250002.34": -1.594903210468492, "8250001.48": -0.26445463803318225, "8250001.47": -0.15782778552264068, "8250001.46": -0.16617366116058993, "8250001.42": -0.42610974806795116, "8250001.45": -0.6961252922505301, "8250001.33": -0.9230810023875939, "8250001.11": -0.05195455935253449, "8250001.32": -0.7535038189033245, "8250001.41": 0.8611998257909924, "8250001.22": -0.7764599987642475, "8250002.35": -0.24629919558658034, "8250002.32": -0.06781665597932901, "8250002.22": -0.7899880462533483, "8250002.37": 0.2743006523007567, "8250002.33": -0.3238529677750814, "8250002.31": -0.3097764351166355, "8250002.3": -0.8682543865706992, "8250002.18": -1.2245307800249023, "8250002.1": -0.9920969357332275, "8250002.11": -1.383526412207597, "8250002.29": -1.1658492671674379, "8250002.17": -0.598909458148388, "8250002.28": -0.6954959350308006, "8250002.27": -1.0465781373825145, "8250002.04": 0.43481583401596813, "8250002.26": -1.0773346903526986, "8250002.12": -1.1564898019554977, "8250002.25": -1.0666302603351228, "8250001.1": -1.0311218884142976, "8250002.24": -1.210230165869302, "8250001.23": -0.2508762285164773, "8250001.4": 0.4853903932279643, "8250001.3": -0.12282989672746936, "8250001.38": 0.33178337932949153, "8250001.39": -0.10150428849546297, "8250001.06": -0.16913648478788135, "8250001.28": 0.49564038891947404, "8250001.29": 0.23314518841556206, "8250001.08": -0.39628974121313026, "8250001.37": 0.1631028297060252, "8250001.25": -0.46572402596458684, "8250001.44": 0.2299729961964539, "8250001.43": -0.6192687102230615, "8250001.05": -0.1831126064428851, "8250001.5": 0.077050480618231, "8250001.35": 0.19369997478647563, "8250001.49": -0.579366570544404, "8250001.02": -1.0088425614499414, "8250001.14": 0.3564736878188313, "8250001.01": -0.21387215216518166, "8250002.09": -0.8444360943784421, "8250001.07": -1.2097864916761703, "8250002.06": -1.9641612780378497, "8250002.15": -2.891002068333215, "8250001.04": -1.1018718090444926, "8250001.03": -0.6616231335064039, "8250002.14": -0.9295216036223114, "8250002.08": -0.35344912978931886, "8250001.09": -0.24721121313413127, "8250001.17": -0.2525546902515666, "8250004.0": -0.20112139584916988, "8250005.0": 0.6215619303478873, "8250001.13": 0.5224217747903738, "8250006.0": -0.09951498787086685, "8250007.01": -0.1084454224909822, "8250007.02": 0.23217515135743716, "8250010.0": -0.3119920292246687, "8250007.07": -0.36279589683665125, "8250002.07": -0.6171201514920783, "8250011.0": -0.018341216724531588, "8250003.0": -1.3688264110880213, "8250033.01": -0.3875326439889407, "8250033.02": 0.210631265585721, "8250002.02": 1.3011084200322947, "8250009.0": 0.7353837968433833, "8250007.06": -0.49250797857127016, "8250008.0": -0.3959811438287601, "8250012.0": 1.0368214454556495, "8250013.0": 0.9803692136988353, "8250007.05": -0.8312442201218578, "8250007.03": -0.42426613947021324, "8250014.0": -0.5452159478771509, "8250015.0": -0.9448298867852998, "8250029.0": -0.04544717559925713, "8250035.01": 0.7075690562420347, "8250036.01": 1.2498429784290959, "8250036.02": 1.594882289556137, "8250030.0": 0.7182085212201351, "8250038.2": 1.9888885372321403, "8250038.21": 2.045147851626227, "8250032.0": 0.942777552927758, "8250035.02": 1.5773891758676326, "8250037.0": 1.497648253118776, "8250038.05": 1.5245723948396783, "8250034.0": 2.1814966557002364, "8250038.04": 1.2688774684530537, "8250038.06": 1.2217453689805142, "8250038.02": 1.3055719993990504, "8250028.0": 0.8441060141352239, "8250204.03": 0.7914306689317359, "8250031.02": 2.3002586401128275, "8250038.03": 1.409117319383691, "8250016.0": -0.8652734133656328, "8250023.0": 0.6167501991727306, "8250022.02": -0.7081056808147566, "8250022.01": -0.33314319260980174, "8250024.0": -0.19096575366447968, "8250018.01": 0.13754407159625287, "8250017.03": 0.030233154639686666, "8250018.02": -0.3667495092916112, "8250026.0": 0.509822818376478, "8250031.01": 1.322933254861931, "8250039.0": 0.7301295230594455, "8250038.07": 0.7205865926578198, "8250027.03": 2.067365507503123, "8250027.02": -0.18509888038088182, "8250042.02": 3.646332633726384, "8250027.01": 1.7204415499043588, "8250038.08": 1.2021159853824517, "8250038.22": 1.0134076633386226, "8250040.0": 1.734606730178761, "8250038.23": 0.981604868467036, "8250044.0": 2.2504927487329285, "8250041.0": 1.977547300998536, "8250042.01": 2.470148551325734, "8250045.02": 3.865323063292589, "8250045.01": 2.109265137300468, "8250043.0": 4.078114611270646, "8250038.1": 1.211651791394803, "8250038.12": 0.7772628444825548, "8250046.01": 3.283186356789639, "8250017.04": 0.15034147408403437, "8250025.0": 0.6771558399349058, "8250021.02": 0.6616211783810683, "8250021.01": -0.33995504350864414, "8250020.0": -0.6517303594221432, "8250050.14": -0.46580944319031087, "8250019.0": 0.0962837146062493, "8250017.01": 0.0523045826200367, "8250017.05": -0.020604634475300008, "8250046.02": 0.9196591699744979, "8250060.0": 2.1248498974349435, "8250038.11": 0.9868564268629582, "8250038.24": 0.6795271908306026, "8250059.0": 2.026016652883821, "8250038.14": 0.9690364947449327, "8250038.25": 1.1395485196814221, "8250058.0": 2.5671036549331236, "8250038.13": 1.136013799105372, "8250057.0": 0.9378267455844167, "8250038.15": 0.9449643033736801, "8250017.06": -0.8895191463089035, "8250050.12": -0.8551731139207769, "8250047.0": 0.2019852305186589, "8250056.0": 1.854602859322029, "8250050.13": -0.5117220093149826, "8250049.07": -0.4600632855107702, "8250048.0": -0.08299546769899198, "8250049.06": -1.3678280254716384, "8250054.0": 1.0430176264092876, "8250050.22": -0.8998103801824359, "8250062.0": 1.554243498857851, "8250038.27": 0.3865663265475946, "8250038.17": 0.9623823402650509, "8250063.0": 1.869969035739487, "8250038.28": 0.5759010306166215, "8250038.47": 0.13597700276649738, "8250072.0": -0.308988654753133, "8250064.0": -0.0702149608130409, "8250038.18": 0.3541017521971315, "8250038.45": 0.11133762857378754, "8250055.0": 0.530461024235789, "8250050.21": -0.6161464679201081, "8250050.16": -0.8309894861399812, "8250049.01": 0.014741312186908086, "8250049.04": -0.2806906645709464, "8250065.0": 0.03117986774890786, "8250066.04": 0.34486036067183984, "8250053.0": 0.3562167280023703, "8250049.05": -0.4579169900446783, "8250200.06": -1.0816988225261261, "8250071.0": -0.11694413049200948, "8250038.46": -0.3992081624397555, "8250038.3": 0.21664508631741325, "8250073.0": -0.015521265720287251, "8250070.0": -1.1456105870621334, "8250038.44": -0.4706352334285684, "8250038.48": 0.7336476063333376, "8250038.49": -0.10614414186940965, "8250074.0": -0.08452617293772499, "8250069.0": -0.37142976212241413, "8250050.1": -0.724924998049111, "8250066.03": 0.15516814618786687, "8250050.15": -0.3884186187682358, "8250067.0": -0.9967185785134857, "8250066.02": 0.05749112925490227, "8250050.2": -0.04631739521173321, "8250050.19": -0.9897566654671136, "8250050.01": -0.18546002372130913, "8250052.04": 0.16039146039624344, "8250077.01": 0.2076761489058688, "8250038.43": -0.4142429489059654, "8250038.4": -0.6726282762369308, "8250038.41": -0.0804991931036128, "8250075.02": -0.6305694642619751, "8250038.42": -0.06303481016897408, "8250075.01": -0.461787541796338, "8250076.03": -0.8803740506793527, "8250038.39": -0.33439715581583684, "8250038.35": 0.6012359277397735, "8250068.0": -1.0731805789202902, "8250061.0": -0.6361224155716925, "8250076.01": -0.19550771778939888, "8250076.04": -0.24456386987093015, "8250076.02": -0.3643855728158437, "8250076.05": -0.2464223951385721, "8250077.19": -0.5095715846685873, "8250076.09": -0.445608515449077, "8250076.06": -0.6423153399101262, "8250038.37": 2.2558138558589786, "8250076.35": -1.1205561485993667, "8250051.0": -0.2166811369003027, "8250052.03": -1.369422435981299, "8250050.07": -0.8645438091234967, "8250077.02": -0.4061159957062946, "8250050.18": -0.4065093722828118,