{"8250204.01": -2.4217738772560633, "8250002.38": -0.44091153800706473, "8250002.4": 1.3936759136311783, "8250002.36": 0.9433298785495619, "8250002.39": 1.8077771105908018, "8250002.34": -0.45767789336574244, "8250001.48": 1.1569911066301193, "8250001.47": 1.4082832680973794, "8250001.46": 0.7343294104232516, "8250001.42": -0.2239819405923657, "8250001.45": 1.8602157270270365, "8250001.33": 0.42130973297638796, "8250001.11": 0.2312156607582079, "8250001.32": 0.28269347376932735, "8250001.41": -0.2783143118872292, "8250001.22": 1.1793359155383896, "8250002.35": 0.9100864977945586, "8250002.32": 1.6110079812788134, "8250002.22": 1.5054963328836564, "8250002.37": 0.7626903134748851, "8250002.33": 1.0308883647250113, "8250002.31": -0.08528684235255504, "8250002.3": -0.11406184217889692, "8250002.18": 0.22865961357990736, "8250002.1": 0.9501906897507661, "8250002.11": 0.9761068944885295, "8250002.29": -0.8280705632499215, "8250002.17": 0.7851882551345337, "8250002.28": 0.3708349194966911, "8250002.27": 0.0146376422899818, "8250002.04": 0.20103063349676017, "8250002.26": -0.2849243569307842, "8250002.12": 0.4970476695273849, "8250002.25": 0.28465468043699343, "8250001.1": 0.927427274475936, "8250002.24": 0.30647112387421965, "8250001.23": 0.8742853301252288, "8250001.4": -0.323025836468271, "8250001.3": -1.2266500907932019, "8250001.38": -0.9362307894641659, "8250001.39": -1.42682067375949, "8250001.06": 1.0869084198779897, "8250001.28": -0.34396983874956377, "8250001.29": -0.6690341588996468, "8250001.08": -0.10922693860872772, "8250001.37": -0.6888184545423557, "8250001.25": -0.4301112039264595, "8250001.44": -0.30557685682875074, "8250001.43": -0.5704746776662548, "8250001.05": 1.2462510803955413, "8250001.5": 0.7636149230661349, "8250001.35": -1.3780774524692303, "8250001.49": -0.09372965069426958, "8250001.02": 0.40640601342561083, "8250001.14": 1.5632587581593598, "8250001.01": 0.8824543489423571, "8250002.09": 0.84908536101472, "8250001.07": 0.8412627215642651, "8250002.06": 0.36144097948203613, "8250002.15": -0.4852645151154537, "8250001.04": 1.0826246006094509, "8250001.03": 1.2255688089622427, "8250002.14": 0.9335891085486727, "8250002.08": 0.4677003426980806, "8250001.09": 1.1708488272723534, "8250001.17": 0.8140867195440339, "8250004.0": 1.3072886520580371, "8250005.0": 1.4356544078581548, "8250001.13": 1.5825368717093486, "8250006.0": 0.7539047974548497, "8250007.01": 1.0369181298425294, "8250007.02": 1.1003452357343377, "8250010.0": 0.2705865542728743, "8250007.07": 0.3181385015012026, "8250002.07": 0.6454627338492758, "8250011.0": 0.442831188177243, "8250003.0": 0.20826248338479136, "8250033.01": 1.295592352758654, "8250033.02": 0.5372376389524929, "8250002.02": -0.5797907482690473, "8250009.0": 0.4378306843797272, "8250007.06": 0.36281568287172206, "8250008.0": -0.23334317823159076, "8250012.0": 0.6083827967536152, "8250013.0": 0.8208916469146035, "8250007.05": 0.5947372866959205, "8250007.03": 0.469784793161456, "8250014.0": 0.6670578133509498, "8250015.0": 0.46506727430429406, "8250029.0": 1.176671136193104, "8250035.01": 0.8886006873637318, "8250036.01": 0.6894448115458292, "8250036.02": 0.6827120038692491, "8250030.0": 0.7376673577711346, "8250038.2": -0.27779611736489124, "8250038.21": -0.22433200307095835, "8250032.0": 0.29178005409404356, "8250035.02": 1.1322696412393765, "8250037.0": 0.14843233426383837, "8250038.05": -0.6128547835745238, "8250034.0": 1.313027382188449, "8250038.04": -0.23528577965816888, "8250038.06": -1.4357358521168953, "8250038.02": -0.8950107522233404, "8250028.0": 0.6612037826623388, "8250204.03": -1.3112894828696737, "8250031.02": 0.4132050798903736, "8250038.03": -0.5611744426354592, "8250016.0": 0.23236432164806972, "8250023.0": 1.3966373352501922, "8250022.02": 0.8425636779549563, "8250022.01": 0.5656186941739882, "8250024.0": 0.6799579803406647, "8250018.01": 0.12688332056891655, "8250017.03": -0.35568620220449, "8250018.02": 0.02600757810773008, "8250026.0": 0.5088293014599007, "8250031.01": -0.2226583279844714, "8250039.0": -0.449923338682443, "8250038.07": -1.330269923154089, "8250027.03": 0.23370756507511764, "8250027.02": -0.35199451285086303, "8250042.02": 0.2526597533585838, "8250027.01": 0.05644183163287547, "8250038.08": -1.2218088274274355, "8250038.22": -1.166152825790926, "8250040.0": 0.29979126540634576, "8250038.23": -1.0176839537036622, "8250044.0": -0.5309181319269377, "8250041.0": 1.2044108329358323, "8250042.01": 0.5727015086677347, "8250045.02": 0.34369425090147665, "8250045.01": 0.2521034964249785, "8250043.0": 0.860731351133635, "8250038.1": -0.8382513474758284, "8250038.12": -1.1764536543077686, "8250046.01": 1.0128230399245788, "8250017.04": -0.3465798043730736, "8250025.0": 0.7982814625993768, "8250021.02": 1.0646748509658064, "8250021.01": 0.43258793233399434, "8250020.0": 0.21891603391769418, "8250050.14": 0.5283885065953977, "8250019.0": 0.40774400329388855, "8250017.01": 0.06504478117536429, "8250017.05": -0.5021055997427164, "8250046.02": 0.6776152080052092, "8250060.0": 1.2541775450204655, "8250038.11": -1.3048149493378562, "8250038.24": -1.4648305310574885, "8250059.0": 0.9154444648856495, "8250038.14": -0.8158746825224977, "8250038.25": -1.239099326556641, "8250058.0": 0.8641202413352652, "8250038.13": -0.6461646407637507, "8250057.0": 1.1213021316875398, "8250038.15": -0.3013936713131901, "8250017.06": -0.7682790985109444, "8250050.12": -0.6731611518894576, "8250047.0": 0.8572549949433526, "8250056.0": 1.0879805429277316, "8250050.13": 0.6907657759595194, "8250049.07": -0.266224281430292, "8250048.0": 0.5968160788275672, "8250049.06": -0.7279037571243198, "8250054.0": 1.2393849961835819, "8250050.22": -0.582730241409588, "8250062.0": 1.5980941820951706, "8250038.27": -1.613980738145375, "8250038.17": -1.158298878428533, "8250063.0": 1.6258982786572476, "8250038.28": -1.44474246684454, "8250038.47": -2.2597176955686575, "8250072.0": 0.572189827910617, "8250064.0": 1.0722967597479023, "8250038.18": -1.0117167150318622, "8250038.45": -1.783508025832261, "8250055.0": 1.0132987647006726, "8250050.21": -0.39397021047323383, "8250050.16": 0.2916042301548492, "8250049.01": 0.04900319643919028, "8250049.04": 0.02251690424617362, "8250065.0": 0.8857876635877977, "8250053.0": 0.16107074127832968, "8250049.05": 0.0342089981866546, "8250200.06": 0.6048283510396714, "8250071.0": 0.8551849210701487, "8250038.46": -2.49245107502785, "8250038.3": -1.291163627122177, "8250073.0": 0.8329710603534194, "8250070.0": 0.20017893311988297, "8250038.44": -2.198287211846828, "8250038.48": -1.377281227877738, "8250038.49": -1.9843760245835678, "8250074.0": 0.8325773856325556, "8250069.0": 0.7891522878404709, "8250050.1": -0.571093325693247, "8250066.03": 0.2056083485100403, "8250050.15": 0.4157289441576943, "8250067.0": -0.162345981013072, "8250066.02": 0.12916642948238588, "8250050.2": 0.5344312174369982, "8250050.19": -0.045312935702880516, "8250050.01": 0.5214939072220488, "8250052.04": 0.5964008584290873, "8250077.01": -0.007087204761711175, "8250038.43": -2.536833701531818, "8250038.4": -2.760386581337254, "8250038.41": -2.976305744607571, "8250075.02": 0.1789632820128871, "8250038.42": -2.2766186344013093, "8250075.01": 0.49381366070362265, "8250076.03": 0.22042169319012392, "8250038.39": -2.8142380301364702, "8250038.35": -1.0703501486849516, "8250068.0": -0.31290970695819703, "8250061.0": -1.0987096495738973, "8250076.01": -0.056774192447781105, "8250076.04": -0.01288722507169671, "8250076.02": 0.13553474587095526, "8250076.05": 0.30197340235510256, "8250077.19": -0.593682847197542, "8250076.09": 0.39815514362827165, "8250076.06": 0.29494641778905206, "8250038.37": -2.542979117116956, "8250076.35": -0.19050253585207647, "8250051.0": 1.0183529704092587, "8250052.03": 0.215668685823642, "8250050.07": 0.8343463781380104, "8250077.02": 0.17780452162013838, "8250050.18": 1.3853491212281936, "8250077.03": 0.41972647728727347, "8250077.06": -0.2461128768235601, "8250052.01": 0.8586900683046643,