{"8250204.01": 0.7776915824220728, "8250002.38": -1.4823426083633384, "8250002.4": -1.4148538128758739, "8250002.36": -1.7147372160018535, "8250002.39": -1.106653663480967, "8250002.34": -1.5612558983572713, "8250001.48": -0.660284384674258, "8250001.47": -1.2807494040555212, "8250001.46": -0.8024672987261916, "8250001.42": 0.15362491238819806, "8250001.45": -0.5048275046746145, "8250001.33": -1.1886979203795751, "8250001.11": -0.24883260165861878, "8250001.32": -0.3776934525734929, "8250001.41": -1.2789629283251958, "8250001.22": 0.8303834571441445, "8250002.35": -1.564391325790486, "8250002.32": -1.1939774367714155, "8250002.22": -0.5990366760509497, "8250002.37": -1.8808230986155108, "8250002.33": -1.7447336235103639, "8250002.31": -1.44378465048041, "8250002.3": -2.0385424454477987, "8250002.18": -1.0995272900607669, "8250002.1": -0.3282129674281598, "8250002.11": 0.08142032404896486, "8250002.29": -1.601578899682667, "8250002.17": -1.2323967606026949, "8250002.28": -1.1807255491570754, "8250002.27": -2.067444509153571, "8250002.04": -0.9373157142257369, "8250002.26": -1.2131641549458454, "8250002.12": 0.3699056026394883, "8250002.25": -0.5211783388642439, "8250001.1": 0.5004893841582413, "8250002.24": -0.7066052059428454, "8250001.23": 1.0684062245277193, "8250001.4": -0.5218270613930321, "8250001.3": -0.6995071537308829, "8250001.38": -0.7583835365421229, "8250001.39": -1.3753559370015318, "8250001.06": 1.3233128293510064, "8250001.28": 0.652655592855992, "8250001.29": -0.7486993224821749, "8250001.08": 1.318837586136329, "8250001.37": -0.9734873341506699, "8250001.25": 0.6572303767698068, "8250001.44": -0.19124126413457027, "8250001.43": 0.47168594316015705, "8250001.05": 1.512496428203102, "8250001.5": 1.247567739134395, "8250001.35": -0.5239646230250908, "8250001.49": 0.6632896177572989, "8250001.02": 1.552680804891111, "8250001.14": 1.7190499478302042, "8250001.01": 1.2837926036710352, "8250002.09": 0.26843688662151394, "8250001.07": 1.292598052954775, "8250002.06": 2.3476523572523242, "8250002.15": 2.127996096203106, "8250001.04": 1.3590197003389584, "8250001.03": 1.7919004533151028, "8250002.14": 0.9431837756751108, "8250002.08": 0.48444216512447374, "8250001.09": 1.5480797566304896, "8250001.17": 1.4297922542126942, "8250004.0": 1.4995472152182558, "8250005.0": 1.170140329505052, "8250001.13": 1.3058581240041147, "8250006.0": 1.5657131118166117, "8250007.01": 1.9628963783416211, "8250007.02": 1.5523625720433964, "8250010.0": 0.5589840215446752, "8250007.07": 1.537923141233163, "8250002.07": 0.3540266759647499, "8250011.0": 1.1849352795059063, "8250003.0": 1.7493187473723566, "8250033.01": 0.5091495240133499, "8250033.02": 0.06089971808274485, "8250002.02": 0.008114027094213367, "8250009.0": 0.6370023802200218, "8250007.06": 2.4221873289425497, "8250008.0": 1.7940463361564551, "8250012.0": 0.44996165368158986, "8250013.0": 0.7118252326097466, "8250007.05": 2.608909370552289, "8250007.03": 1.7868677095731265, "8250014.0": 0.6119786882890695, "8250015.0": 2.24193159193759, "8250029.0": 0.49293278770484505, "8250035.01": 0.16036079454311603, "8250036.01": 0.4612060186857676, "8250036.02": 0.03669481220940642, "8250030.0": 0.14315973675487317, "8250038.2": -0.6208877916434369, "8250038.21": -0.6548824789003439, "8250032.0": 0.048852259994697785, "8250035.02": -0.04222666551922709, "8250037.0": -0.04054664344184013, "8250038.05": -0.3701545982185983, "8250034.0": 0.6235498582968189, "8250038.04": -0.20745973888993374, "8250038.06": -0.054417511508563485, "8250038.02": -0.21524526552293655, "8250028.0": -0.4026269567382381, "8250204.03": -0.4523799589531111, "8250031.02": -0.6848832489409936, "8250038.03": -0.08528629500683481, "8250016.0": 0.7364137328919977, "8250023.0": 0.9508839238023006, "8250022.02": 0.6797590815501346, "8250022.01": -0.13757361787396685, "8250024.0": -0.23420541602364411, "8250018.01": 0.24925250759416143, "8250017.03": 0.7770455377474785, "8250018.02": -0.08644125562218027, "8250026.0": -0.45520141803288783, "8250031.01": -0.901960663171789, "8250039.0": -0.023607386575057225, "8250038.07": 0.15108044901784906, "8250027.03": -0.3402156802767586, "8250027.02": -0.6001397918633308, "8250042.02": -0.56513625654847, "8250027.01": -0.885685267202467, "8250038.08": -0.45857506447740043, "8250038.22": 0.02163960735970266, "8250040.0": -0.3439244994303405, "8250038.23": 0.2754189448984839, "8250044.0": -0.5615999122056556, "8250041.0": -0.39952596997558837, "8250042.01": -0.583304595480621, "8250045.02": -0.7978339358004923, "8250045.01": -1.0990655222911092, "8250043.0": -0.536312985438083, "8250038.1": -0.27004182173006275, "8250038.12": 0.11569999092167753, "8250046.01": -0.6549114361580329, "8250017.04": 0.178955568258072, "8250025.0": -0.9713455062630167, "8250021.02": -0.34232368153125253, "8250021.01": -0.19568713973638438, "8250020.0": -0.12008255933572543, "8250050.14": 0.4568504234750762, "8250019.0": 0.22061732754811064, "8250017.01": 0.5225465982201375, "8250017.05": 0.9601491781861735, "8250046.02": -0.6086334994011474, "8250060.0": 0.3452895718400418, "8250038.11": -0.484137766507991, "8250038.24": 0.2678704101064179, "8250059.0": 0.18228531967825828, "8250038.14": 0.2831629897552447, "8250038.25": -0.11440505539680614, "8250058.0": -0.14349073605319915, "8250038.13": -0.12661943689834487, "8250057.0": -0.1356888203031501, "8250038.15": -0.39983566452441566, "8250017.06": 0.5714344840269228, "8250050.12": 0.4620394355261578, "8250047.0": -0.17956452254404476, "8250056.0": 0.2366308454708666, "8250050.13": -0.4605084605451266, "8250049.07": 0.34723722085627334, "8250048.0": 1.1750639017981073, "8250049.06": 0.5296101963624832, "8250054.0": 0.6890473725505165, "8250050.22": 0.21271660960021865, "8250062.0": -0.23412620284127716, "8250038.27": -0.9279138379004519, "8250038.17": -0.4755316622107673, "8250063.0": -0.17798353573544146, "8250038.28": -0.8222027875391181, "8250038.47": -0.9177813566311006, "8250072.0": 0.0850070498904417, "8250064.0": 0.4028588325866102, "8250038.18": -1.1775199842741648, "8250038.45": -1.0390009080812077, "8250055.0": -0.20368207426956775, "8250050.21": -0.6221735632319421, "8250050.16": -0.8048958135755732, "8250049.01": 0.9963507492885182, "8250049.04": -0.08410329092759598, "8250065.0": 0.2982670553207594, "8250066.04": 0.3894861284936794, "8250053.0": 0.993748753578948, "8250049.05": -0.06769639503938832, "8250200.06": -0.6507123960194018, "8250071.0": 0.4290800716770738, "8250038.46": -1.4391459628336507, "8250038.3": -1.1533195514443284, "8250073.0": 0.17540978557711218, "8250070.0": 1.0440545586602115, "8250038.44": -1.3403157615954426, "8250038.48": -1.1770011759882042, "8250038.49": -1.3755953697696308, "8250074.0": 0.564390801933924, "8250069.0": 0.594673006493351, "8250050.1": -0.44598619161629705, "8250066.03": 0.9747808104239155, "8250050.15": -0.7301120626030797, "8250067.0": 0.1970047976400478, "8250066.02": 0.35846500148619753, "8250050.2": 0.5537788318879806, "8250050.19": 0.21083132060556375, "8250050.01": 1.106192668219654, "8250052.04": 1.428646393048953, "8250077.01": 1.05817634230302, "8250038.43": -1.4507425951587507, "8250038.4": -1.6027048913885893, "8250038.41": -1.6103944360753704, "8250075.02": 0.7735041340701432, "8250038.42": -1.4342376636830527, "8250075.01": 0.898143274454207, "8250076.03": 0.48775991339666774, "8250038.39": -1.6437953199323663, "8250038.35": -0.5242718847689306, "8250068.0": 0.5709997839373059, "8250061.0": 1.240729307886849, "8250076.01": 0.33977773236787373, "8250076.04": 0.3749462282305048, "8250076.02": 0.6012655905843866, "8250076.05": 0.6141627677681015, "8250077.19": 0.5329942104103611, "8250076.09": 0.5674232674729393, "8250076.06": 0.39629791754211496, "8250038.37": -1.8354224500151426, "8250076.35": 1.025405176218144, "8250051.0": 1.950495379419995, "8250052.03": 3.2150899515062243, "8250050.07": 0.3270389514153711, "8250077.02": 1.712812489697767, "8250050.18": 0.28903948816610875, "8250077.03": 1.4434909610719977,