{"8250204.01": -1.7141299585926353, "8250002.38": 0.3866733543679206, "8250002.4": 0.4201970131522939, "8250002.36": 1.0882195130677133, "8250002.39": 0.5826043306165265, "8250002.34": 0.4440507683041335, "8250001.48": 0.3246278125636505, "8250001.47": 1.075349901433741, "8250001.46": 0.7099003174162808, "8250001.42": -0.05722130803229295, "8250001.45": 1.37256093770907, "8250001.33": 0.5728483420502929, "8250001.11": 0.10254714329289147, "8250001.32": 1.0040283812518604, "8250001.41": 0.3975049727814304, "8250001.22": 0.6719943359848438, "8250002.35": 1.326455387829375, "8250002.32": 0.9796352887658901, "8250002.22": 1.0491714395683038, "8250002.37": 0.5852452631145193, "8250002.33": 0.9743858341589107, "8250002.31": 0.12882444899314, "8250002.3": 0.5934402256940133, "8250002.18": 0.7274344829536697, "8250002.1": 0.7934258402529738, "8250002.11": 0.7084435466567407, "8250002.29": -0.019628095399713053, "8250002.17": 0.6007090520348705, "8250002.28": 0.2866046419255612, "8250002.27": 0.6806037787491513, "8250002.04": 0.09998707718256895, "8250002.26": -0.19182678538238174, "8250002.12": 0.5898349291696785, "8250002.25": 0.18207805567899452, "8250001.1": 1.017282330349927, "8250002.24": 0.2318416027735371, "8250001.23": 0.3609836711521057, "8250001.4": 0.15455699314547675, "8250001.3": -0.06580456692873861, "8250001.38": 0.1858125296345692, "8250001.39": 0.48827784375113337, "8250001.06": 0.16621173568908193, "8250001.28": -0.5069153613241852, "8250001.29": 0.18316832855050066, "8250001.08": 0.2913386690434245, "8250001.37": 0.6387284417944419, "8250001.25": 0.25730152084635816, "8250001.44": 0.31119156892256766, "8250001.43": 0.3491367997595897, "8250001.05": 0.22640752653027088, "8250001.5": 0.32851140922856104, "8250001.35": 0.4253265006533091, "8250001.49": 0.45628177257131863, "8250001.02": 0.04561938784840164, "8250001.14": -0.34200338142605813, "8250001.01": -0.18685688966228062, "8250002.09": 0.38558393417305686, "8250001.07": 0.7015414885895249, "8250002.06": 1.045097665485655, "8250002.15": 0.9299387145399914, "8250001.04": 0.6712787433920285, "8250001.03": 0.48022508759510546, "8250002.14": 0.18567304680006932, "8250002.08": -0.6894913586785325, "8250001.09": -0.059596738459893224, "8250001.17": 0.13614389671531743, "8250004.0": -0.39331830090777165, "8250005.0": -0.6896558128694293, "8250001.13": -0.3294820413926248, "8250006.0": -0.3614541811404955, "8250007.01": -0.20356587968293452, "8250007.02": -0.5548116486990841, "8250010.0": -0.9208811425050779, "8250007.07": 0.4555676591447331, "8250002.07": -0.09356739439286617, "8250011.0": -0.7299948914819664, "8250003.0": 0.4184730307854087, "8250033.01": -0.3118645876653951, "8250033.02": -1.007045599387038, "8250002.02": -1.4918573715082948, "8250009.0": -0.8390189837395775, "8250007.06": 1.1341838356012761, "8250008.0": 0.5298026851020031, "8250012.0": -1.3480230164263798, "8250013.0": -0.9158821308484238, "8250007.05": 0.57966360406822, "8250007.03": 0.7163309403196442, "8250014.0": 0.9241106458393542, "8250015.0": 1.6167617206608764, "8250029.0": 1.0518510894239324, "8250035.01": -1.4401436509277967, "8250036.01": -1.691596337405584, "8250036.02": -1.7306018297157924, "8250030.0": -0.47187658482291717, "8250038.2": -1.3709197373679978, "8250038.21": -1.3055867943008888, "8250032.0": -1.3990250107728261, "8250035.02": -1.7562975969235597, "8250037.0": -1.6199025641222264, "8250038.05": -1.4332654493729857, "8250034.0": -1.7423289731274378, "8250038.04": -1.685904416637264, "8250038.06": -1.0208046463682714, "8250038.02": -1.2580031835092944, "8250028.0": -0.6429460762736996, "8250204.03": -0.392858043967297, "8250031.02": -0.47848230143027354, "8250038.03": -1.282541274915694, "8250016.0": -0.3243958920708494, "8250023.0": 0.7018148915211515, "8250022.02": 0.6472931922938031, "8250022.01": 0.19170824760240007, "8250024.0": 1.0478338275159653, "8250018.01": -1.0854440034980783, "8250017.03": -0.5110641253008456, "8250018.02": -0.48587351276352825, "8250026.0": -0.332645145719377, "8250031.01": -1.6319295158781513, "8250039.0": -1.3158367595136728, "8250038.07": -1.0799600810759007, "8250027.03": -0.4036852670384524, "8250027.02": -0.5529722424817138, "8250042.02": -1.859991210329477, "8250027.01": -1.70150396010127, "8250038.08": -1.1230783864216167, "8250038.22": -0.8332632313158156, "8250040.0": -1.111135735354228, "8250038.23": -1.0222980016736758, "8250044.0": -2.000204498297055, "8250041.0": -1.2133797306311505, "8250042.01": -1.3815595022981682, "8250045.02": -2.1055294799521427, "8250045.01": -2.0720408352181052, "8250043.0": -1.5530138733907297, "8250038.1": -1.1102751019053456, "8250038.12": -0.8020356354496601, "8250046.01": -1.4880133252445285, "8250017.04": 0.2081799464194817, "8250025.0": -1.2094765024108078, "8250021.02": -0.8007845648406761, "8250021.01": -0.8272203283838407, "8250020.0": -0.7748337509447515, "8250050.14": 2.313468228876352, "8250019.0": -1.0443718847945134, "8250017.01": -0.7110747863432154, "8250017.05": 0.2907551348121546, "8250046.02": -1.2302642233730552, "8250060.0": -1.4294171750803002, "8250038.11": -0.5194384228465018, "8250038.24": -0.33905595356084317, "8250059.0": -1.3114475048101415, "8250038.14": -0.8974173655926796, "8250038.25": -0.55243509963566, "8250058.0": -1.2234736747193378, "8250038.13": -0.8736664646337398, "8250057.0": -0.3896808945577053, "8250038.15": -0.7212630641211851, "8250017.06": 2.7749244837185603, "8250050.12": 1.9130834485915578, "8250047.0": -0.7367924370484928, "8250056.0": -0.9014841980221486, "8250050.13": 3.5856190449449286, "8250049.07": 1.9573751914944018, "8250048.0": -0.33966485534370755, "8250049.06": 2.2520019178369814, "8250054.0": -0.5203412913496288, "8250050.22": 1.9697577774543693, "8250062.0": -1.0977758240555267, "8250038.27": -0.5579911652169688, "8250038.17": -0.38453850821187846, "8250063.0": -1.0482693886316374, "8250038.28": -0.24300982521429393, "8250038.47": -0.15229333217272992, "8250072.0": -0.9683309370405985, "8250064.0": -0.3319228108803953, "8250038.18": -0.5241355815365281, "8250038.45": -0.21216581358382222, "8250055.0": -0.6906350019773706, "8250050.21": 2.4267444430070477, "8250050.16": 3.505736909067179, "8250049.01": -0.48336793952212237, "8250049.04": 1.2662347166644063, "8250065.0": -0.8297890631847307, "8250053.0": -0.6429561058664023, "8250049.05": 0.4091415684820117, "8250200.06": 2.5845280984311714, "8250071.0": -0.6996560770089337, "8250038.46": -0.09581278929301769, "8250038.3": -0.4222863404562227, "8250073.0": -1.1863142999688723, "8250070.0": -0.1550704691914408, "8250038.44": -0.17515610926214958, "8250038.48": -0.32924976278407625, "8250038.49": -0.06429405159608786, "8250074.0": -1.267073570101967, "8250069.0": -0.6212177042760342, "8250050.1": 1.5796609270966084, "8250066.03": -0.5072302275735544, "8250050.15": 3.277979463684615, "8250067.0": -0.4188713918871574, "8250066.02": -1.1260219337464459, "8250050.19": 1.4444720510457656, "8250050.01": -1.0115909772214389, "8250052.04": -0.5488708887255066, "8250077.01": -0.5842790640629566, "8250038.43": 0.05606723741078174, "8250038.4": 0.02810453555054335, "8250038.41": 0.1774006064272417, "8250075.02": -1.529022405774423, "8250038.42": 0.1588924047221466, "8250075.01": -1.2641295327318047, "8250076.03": -0.6374993035640165, "8250038.39": 0.018537692505989814, "8250038.35": -0.4853029854223918, "8250068.0": -0.4586617526447526, "8250061.0": 0.08912772344228095, "8250076.01": -1.4855939631967157, "8250076.04": -1.1777461273262861, "8250076.02": -0.9910403245280481, "8250076.05": -0.8899252138185879, "8250077.19": -0.154068727068793, "8250076.09": -0.7529716939280592, "8250076.06": -0.6007073322598087, "8250038.37": -0.14521189957317013, "8250076.35": -0.04519204966765029, "8250051.0": -0.33040179996654756, "8250052.03": 0.3113121389733384, "8250050.07": 0.9704184548511525, "8250077.02": 0.02707019707848577, "8250050.18": 1.670135973793108, "8250077.03": 0.06695112202684766, "8250077.06": 0.029668273028477955,