{"8250204.01": 1.482566750492854, "8250002.38": -1.6777859096189591, "8250002.4": -1.593527767642017, "8250002.36": -2.055284038725185, "8250002.39": -1.2430769584867998, "8250002.34": -1.977394604852982, "8250001.48": -0.687476133977033, "8250001.47": -1.201009494522216, "8250001.46": -0.678519207013613, "8250001.42": 0.3550247550300777, "8250001.45": -0.2800436592644494, "8250001.33": -1.1095097598131842, "8250001.11": -0.20937481185367615, "8250001.32": -0.20452346952559722, "8250001.41": -1.1172260613403069, "8250001.22": 0.7934215296617569, "8250002.35": -2.0719706526694526, "8250002.32": -1.3840328895486393, "8250002.22": -0.46098887855345316, "8250002.37": -2.189846693391913, "8250002.33": -1.935485701150129, "8250002.31": -1.5175283076960084, "8250002.3": -2.2931874207676777, "8250002.18": -1.2451716845511516, "8250002.1": -0.15201103967859803, "8250002.11": 0.29429256507836504, "8250002.29": -1.5858536156544172, "8250002.17": -0.9709829939235324, "8250002.28": -1.203702537386684, "8250002.27": -2.2358364455528985, "8250002.04": -0.8551438194895035, "8250002.26": -1.0890091113911728, "8250002.12": 0.50222505380372, "8250002.25": -0.27173146219669203, "8250001.1": 0.7767523333617087, "8250002.24": -0.45813977125076794, "8250001.23": 1.1676603675370187, "8250001.4": -0.34477619207073734, "8250001.3": -0.5641884532913025, "8250001.38": -0.556638976744431, "8250001.39": -1.0838904112775776, "8250001.06": 1.0825553008713789, "8250001.28": 0.7139123864247994, "8250001.29": -0.43124525294415567, "8250001.08": 1.2111592992756006, "8250001.37": -0.6217056264276749, "8250001.25": 0.707023667761875, "8250001.44": 0.06604275440132601, "8250001.43": 0.553618871295733, "8250001.05": 1.3094861307787917, "8250001.5": 1.0442242659032648, "8250001.35": -0.5113035847337701, "8250001.49": 0.6232405948493368, "8250001.02": 1.3874710419397962, "8250001.14": 1.5167785299589014, "8250001.01": 1.1834523447110181, "8250002.09": 0.44407648636183067, "8250001.07": 1.183158935494954, "8250002.06": 2.062813224597708, "8250002.15": 1.9682397046747435, "8250001.04": 1.3162546698961002, "8250001.03": 1.5609791945443414, "8250002.14": 1.359693452035297, "8250002.08": 1.003913078511593, "8250001.09": 1.491129079592282, "8250001.17": 1.1803724674563325, "8250004.0": 1.5749109016105092, "8250005.0": 1.266530496032787, "8250001.13": 1.0325726856881687, "8250006.0": 1.3741032569659828, "8250007.01": 1.5506240926384331, "8250007.02": 1.1539434317402084, "8250010.0": 0.7643083708529682, "8250007.07": 1.3001592880565864, "8250002.07": 0.8916096749635666, "8250011.0": 1.2405314469027926, "8250003.0": 1.6501518899452365, "8250033.01": 1.0469661336835578, "8250033.02": 0.6000023594429711, "8250002.02": 0.29010591805180924, "8250009.0": 0.766091686589104, "8250007.06": 1.8297226370465338, "8250008.0": 1.541816167106929, "8250012.0": 0.7863893570608739, "8250013.0": 0.9053050506852466, "8250007.05": 2.030958963672726, "8250007.03": 1.3827670151800862, "8250014.0": 0.7017922483821314, "8250015.0": 1.6938231586733228, "8250029.0": 0.5950986245037644, "8250035.01": 0.7047901952305122, "8250036.01": 0.863782538219525, "8250036.02": 0.34924607459106666, "8250030.0": 0.47892668753801154, "8250038.2": -0.39665505662526085, "8250038.21": -0.43825436946546736, "8250032.0": 0.5179431157315898, "8250035.02": 0.3768533639782594, "8250037.0": 0.3164665383059205, "8250038.05": -0.2518805271182092, "8250034.0": 0.9455497794359992, "8250038.04": -0.10141049407342181, "8250038.06": -0.07149473185903202, "8250038.02": -0.25851988382098806, "8250028.0": -0.018928889396816317, "8250204.03": -0.5166439672087875, "8250031.02": -0.23752184705424925, "8250038.03": -0.08708743186756755, "8250016.0": 0.5895440750459471, "8250023.0": 0.8772066506767403, "8250022.02": 0.6263945195550398, "8250022.01": -0.08125919298975776, "8250024.0": -0.01777285404314292, "8250018.01": 0.19465094149355242, "8250017.03": 0.7728157310984014, "8250018.02": 0.003737638755514436, "8250026.0": -0.06959395765991205, "8250031.01": -0.32154663623513313, "8250039.0": 0.056907089057398726, "8250038.07": -0.061588790736869216, "8250027.03": 0.021586733307997902, "8250027.02": -0.16033417575965625, "8250042.02": -0.07685151608038757, "8250027.01": -0.3586940401412229, "8250038.08": -0.7217460887080148, "8250038.22": -0.18638175955933536, "8250040.0": -0.2629542165867541, "8250038.23": 0.0853365801271935, "8250044.0": -0.11395097859111392, "8250041.0": 0.17298257086541655, "8250042.01": -0.04495225666656699, "8250045.02": -0.3786292022173104, "8250045.01": -0.5818257800263962, "8250043.0": -0.1254762148481728, "8250038.1": -0.5881146321175142, "8250038.12": -0.18259499098484308, "8250046.01": -0.23089974963946855, "8250017.04": 0.3072775747579982, "8250025.0": -0.49378333230473465, "8250021.02": -0.08786743174440129, "8250021.01": -0.018284143925743658, "8250020.0": 0.05651471251467333, "8250050.14": 0.6003348856120134, "8250019.0": 0.29565286590618267, "8250017.01": 0.6415340613534588, "8250017.05": 0.9115693251485788, "8250046.02": -0.24830691011428058, "8250060.0": 0.514123844502692, "8250038.11": -0.9611405751680415, "8250038.24": -0.016130598171373765, "8250059.0": 0.4313070247522709, "8250038.14": -0.08903412368324433, "8250038.25": -0.40201178661565196, "8250058.0": 0.10896642276141444, "8250038.13": -0.5068153775104097, "8250057.0": 0.04967401396366227, "8250038.15": -0.8158632680015522, "8250017.06": 0.5832542207456125, "8250050.12": 0.5349247226094328, "8250047.0": 0.025552756169802893, "8250056.0": 0.39168317715131806, "8250050.13": -0.11007159514280829, "8250049.07": 0.3801009262484574, "8250048.0": 1.029672870666349, "8250049.06": 0.539567216555467, "8250054.0": 0.7702019717350338, "8250050.22": 0.21636506310133205, "8250062.0": 0.11091897755245063, "8250038.27": -1.1627885958061144, "8250038.17": -0.7094636644074097, "8250063.0": 0.13955608842494333, "8250038.28": -0.9968434561756951, "8250038.47": -1.2374439364434728, "8250072.0": 0.288243475543748, "8250064.0": 0.4982573732374651, "8250038.18": -1.3942094274640902, "8250038.45": -1.2767285532531683, "8250055.0": -0.45057257351203234, "8250050.21": -0.6754628264578659, "8250050.16": -0.5847297526971759, "8250049.01": 0.839961082743019, "8250049.04": -0.06129898312707478, "8250065.0": -0.04798373125755792, "8250066.04": 0.10260010830286193, "8250053.0": 0.7128330332765839, "8250049.05": -0.1276538859584953, "8250200.06": -0.4389577512851998, "8250071.0": 0.5739721247506402, "8250038.46": -1.745239047472345, "8250038.3": -1.3695355086096497, "8250073.0": 0.36977949997648685, "8250070.0": 0.7932537076554032, "8250038.44": -1.6324522945121416, "8250038.48": -1.4459541368031414, "8250038.49": -1.6097448629932969, "8250074.0": 0.7578656093607619, "8250069.0": 0.5344609596250147, "8250050.1": -0.3881024977667644, "8250066.03": 0.34678862847253406, "8250050.15": -0.5160705172537946, "8250067.0": -0.14947818838967555, "8250066.02": -0.1561961973874431, "8250050.2": 0.6095922772174286, "8250050.19": 0.22465034692924965, "8250050.01": 1.089634158510461, "8250052.04": 0.9452251860063012, "8250077.01": 0.7021436224300598, "8250038.43": -1.8588343883644918, "8250038.4": -2.0128393638331166, "8250038.41": -2.0972455901655525, "8250075.02": 0.7790924521236413, "8250038.42": -1.8208774595401984, "8250075.01": 0.8665326625629374, "8250076.03": 0.6662072910039393, "8250038.39": -2.085410509009967, "8250038.35": -0.7670822898153096, "8250068.0": 0.4864143993502897, "8250061.0": 0.8314385514385646, "8250076.01": 0.39646913569576625, "8250076.04": 0.26659327465089744, "8250076.02": 0.5851071259209921, "8250076.05": 0.5600167066311401, "8250077.19": 0.4256765325653218, "8250076.09": 0.6077237918703158, "8250076.06": 0.4737270405582377, "8250038.37": -2.4652862590478746, "8250076.35": 0.8776696854177913, "8250051.0": 1.6740283154544362, "8250052.03": 2.343229432542168, "8250050.07": 0.4080685146227339, "8250077.02": 1.2433450837081432, "8250050.18": 0.45642073189934623,