{"8250204.01": -3.1725659921945715, "8250002.38": -0.6516594843203084, "8250002.4": 1.4020742945884785, "8250002.36": 1.1820224788916622, "8250002.39": 1.364385169605438, "8250002.34": -1.1668122523777806, "8250001.48": 0.5678831473914755, "8250001.47": 0.6929925807552185, "8250001.46": 0.06938482399373652, "8250001.42": -0.679321477358095, "8250001.45": 0.04643100220040318, "8250001.33": -0.37582803371596335, "8250001.11": 0.18551655514660964, "8250001.32": -0.6646733797978452, "8250001.41": 0.9513288952326434, "8250001.22": -0.44201550131726064, "8250002.35": 0.9827735454243158, "8250002.32": 1.0081260786100013, "8250002.22": -0.24467121469910547, "8250002.37": 1.3336054317228652, "8250002.33": 0.7056807962319002, "8250002.31": 0.48185137705957104, "8250002.3": -0.3454147621224017, "8250002.18": -0.8515104476019815, "8250002.1": -0.604207639258928, "8250002.11": -0.9336673440238742, "8250002.29": -0.9880731140362182, "8250002.17": -0.2955839531369383, "8250002.28": -0.36816817088259696, "8250002.27": -0.572510977327087, "8250002.04": 0.6441245913600511, "8250002.26": -0.8756328364668543, "8250002.12": -0.985946948834495, "8250002.25": -0.927717759136815, "8250001.1": -0.7054147439252879, "8250002.24": -0.938319392653726, "8250001.23": -0.29219632780400134, "8250001.4": 0.26654373124068603, "8250001.3": -0.299695172525974, "8250001.38": 0.056151869112233514, "8250001.39": -0.4773411563084943, "8250001.06": 0.1201049434358771, "8250001.28": 0.14269255125724623, "8250001.29": -0.07473312037902288, "8250001.08": -0.2868046198978039, "8250001.37": -0.07774936779556335, "8250001.25": -0.5855791563329906, "8250001.44": 0.14222002323594982, "8250001.43": -0.5242575678350263, "8250001.05": 0.2575869828402384, "8250001.5": 0.4091819573421642, "8250001.35": 0.00783304555524039, "8250001.49": -0.3262954822751391, "8250001.02": -0.7392160085984348, "8250001.14": 0.7110646905020159, "8250001.01": 0.009471283008809455, "8250002.09": -0.5468600958808397, "8250001.07": -0.6743187256288369, "8250002.06": -1.6623499229776177, "8250002.15": -2.6270240003926997, "8250001.04": -0.5354439849901703, "8250001.03": -0.08495352125037799, "8250002.14": -0.5716173743916174, "8250002.08": -0.41932005579002873, "8250001.09": 0.1522933522569166, "8250001.17": 0.3358700530799547, "8250004.0": 0.17330694660166418, "8250005.0": 0.8148314911394335, "8250001.13": 1.0602386064548912, "8250006.0": 0.1378471271072728, "8250007.01": 0.20967206988804832, "8250007.02": 0.7547242914120397, "8250010.0": -0.31481131571466586, "8250007.07": -0.2623224766102863, "8250002.07": -0.31633943002554954, "8250011.0": 0.1657455693706511, "8250003.0": -1.0483015332428671, "8250033.01": -0.22460555771588267, "8250033.02": 0.03587643706361056, "8250002.02": 0.16374266395894244, "8250009.0": 0.5937552701100652, "8250007.06": -0.2994592973082629, "8250008.0": -0.6619838487946776, "8250012.0": 1.0979202695594779, "8250013.0": 1.0413590053438377, "8250007.05": -0.5424586923271391, "8250007.03": -0.17867948220079977, "8250014.0": -0.2303359243807819, "8250015.0": -0.6194149944439137, "8250029.0": 0.2799445803965122, "8250035.01": 0.08944887230289418, "8250036.01": 0.4759445628069875, "8250036.02": 0.6527331333628472, "8250030.0": 1.0159665674312652, "8250038.2": 0.814056072042769, "8250038.21": 0.6581291764255242, "8250032.0": 0.8148437426789507, "8250035.02": 0.8168692285616981, "8250037.0": 0.3582724511463424, "8250038.05": 0.28686548926327254, "8250034.0": 1.7605101463626158, "8250038.04": 0.20508896827496528, "8250038.06": 0.07216366752910197, "8250038.02": 0.07939236536824726, "8250028.0": 1.208900811412107, "8250204.03": 0.133111546853456, "8250031.02": 2.573841681287008, "8250038.03": 0.130391561847643, "8250016.0": -0.8245235778993095, "8250023.0": 0.9643971832152366, "8250022.02": -0.374415576262771, "8250022.01": 0.033719791627236435, "8250024.0": 0.2522822630781199, "8250018.01": 0.11905936093001178, "8250017.03": -0.02575347227058653, "8250018.02": -0.24410352088077522, "8250026.0": 0.8940567513019285, "8250031.01": 1.4757348915395938, "8250039.0": 0.004881145980725513, "8250038.07": -0.2528800528896376, "8250027.03": 2.3462003029224583, "8250027.02": -0.0987553306886473, "8250042.02": 3.60475167991268, "8250027.01": 1.9650383094919415, "8250038.08": 0.450742679662455, "8250038.22": -0.039237524088972624, "8250040.0": 1.555005633681933, "8250038.23": -0.04833966653905783, "8250044.0": 2.4175253130519563, "8250041.0": 2.2248849110727784, "8250042.01": 2.9232833626313375, "8250045.02": 4.376696634696254, "8250045.01": 2.53293977477281, "8250043.0": 4.554044292256004, "8250038.1": 0.3668214086685323, "8250038.12": -0.21795426484345518, "8250046.01": 3.9396624201198525, "8250017.04": 0.06287382518838748, "8250025.0": 1.0853764654022338, "8250021.02": 1.0102980125761587, "8250021.01": -0.22059206435999168, "8250020.0": -0.5709878157725221, "8250050.14": -0.019196539229991122, "8250019.0": 0.07777863557302966, "8250017.01": 0.089798018689281, "8250017.05": -0.05888511300177345, "8250046.02": 1.3295479442899722, "8250060.0": 2.093075922062751, "8250038.11": 0.4304229867344153, "8250038.24": -0.37537889300460525, "8250059.0": 2.240897867109442, "8250038.14": -0.07328833628515802, "8250038.25": 0.17866866896003974, "8250058.0": 2.9415356768985883, "8250038.13": 0.40993232143144054, "8250057.0": 1.1239059659399107, "8250038.15": 0.36887501488982694, "8250017.06": -0.9024684563344203, "8250050.12": -0.6752175789171967, "8250047.0": 0.4957629707162534, "8250056.0": 2.405505880743252, "8250050.13": -0.06860404640411731, "8250049.07": -0.28877925790818554, "8250048.0": 0.02151425650532143, "8250049.06": -1.2949248304066467, "8250054.0": 1.2598779519509542, "8250050.22": -0.7196371159845603, "8250062.0": 1.9271218506918264, "8250038.27": -0.6624706422113573, "8250038.17": -0.003201753998321567, "8250063.0": 2.2049892095780903, "8250038.28": -0.5043298323748522, "8250038.47": -0.7126807848763912, "8250072.0": -0.21761768125497413, "8250064.0": 0.09894211157071196, "8250038.18": -0.2754997399882828, "8250038.45": -0.9133621931363822, "8250055.0": 0.5311377058146459, "8250050.21": -0.27504866223262253, "8250050.16": -0.4877044586888515, "8250049.01": 0.00939534290844966, "8250049.04": 0.10145208926534485, "8250065.0": -0.1316018059471584, "8250066.04": -0.00670127063466365, "8250053.0": 0.39561981370815846, "8250049.05": -0.22897932366026985, "8250200.06": -0.5707807194721793, "8250071.0": 0.051038675112861996, "8250038.46": -1.2756734365177085, "8250038.3": -0.41925429963247046, "8250073.0": -0.1551997475736632, "8250070.0": -1.2880913655780295, "8250038.44": -1.2541160681970909, "8250038.48": 0.07081038691222197, "8250038.49": -0.7995934869811775, "8250074.0": -0.025300857629553915, "8250069.0": -0.24459758694504366, "8250050.1": -0.44551451445715357, "8250066.03": -0.22981076716620302, "8250050.15": 0.09343629968019593, "8250067.0": -1.2888440133372077, "8250066.02": -0.2730150064098175, "8250050.2": 0.20360927523771724, "8250050.19": -0.6430208317587794, "8250050.01": -0.07234148971744744, "8250052.04": 0.2025749355176331, "8250077.01": 0.1485561517260028, "8250038.43": -1.105391492633932, "8250038.4": -1.5109147721924805, "8250038.41": -0.7370135617113089, "8250075.02": -0.9574472676869986, "8250038.42": -0.6332853198396943, "8250075.01": -0.5956425415219779, "8250076.03": -0.8679738694724122, "8250038.39": -0.839034149795867, "8250038.35": -0.16692797204037205, "8250068.0": -1.114678692006772, "8250061.0": -0.8825869177645543, "8250076.01": -0.5975064918055568, "8250076.04": -0.6925976181256038, "8250076.02": -0.5142419596172059, "8250076.05": -0.4668951038101489, "8250077.19": -0.6390114396969505, "8250076.09": -0.5729821486661218, "8250076.06": -0.7068906447361828, "8250038.37": 2.1486142904568792, "8250076.35": -1.4371310451483015, "8250051.0": 0.03312877300796476, "8250052.03": -1.3317630957612283, "8250050.07": -0.5085563637623751, "8250077.02": -0.22991946142990477, "8250050.18": 0.16704831196414263,