{"8250204.01": -1.9640091202857148, "8250002.38": 0.8027815230564694, "8250002.4": 1.3770321649665058, "8250002.36": 2.6182666135355497, "8250002.39": 1.1634105687804819, "8250002.34": 0.8435043197022984, "8250001.48": 0.46852186131324636, "8250001.47": 0.11769503360436571, "8250001.46": 0.6676822260209514, "8250001.42": -0.6408285402543649, "8250001.45": -0.37460680022634807, "8250001.33": 0.27355720849904547, "8250001.11": 0.8401659059037175, "8250001.32": -0.1577735018859959, "8250001.41": 2.484759819097241, "8250001.22": -0.6682975291600115, "8250002.35": 2.3763582104029894, "8250002.32": 1.3051353448925658, "8250002.22": -0.26217663891167464, "8250002.37": 2.655050467500563, "8250002.33": 1.9369623264483051, "8250002.31": 1.6801926707173167, "8250002.3": 0.7221745951278298, "8250002.18": -0.0720124995367334, "8250002.1": -0.4855940258344202, "8250002.11": -1.483675519187345, "8250002.29": -0.10560301986272806, "8250002.17": -0.2977878667179787, "8250002.28": 0.31765871468764906, "8250002.27": -0.8452521912928671, "8250002.04": 1.6039613485108428, "8250002.26": -0.4693525643968885, "8250002.12": -0.9786319326207207, "8250002.25": -1.3527341218120523, "8250001.1": -1.0545626897705231, "8250002.24": -1.281685920972191, "8250001.23": 0.12645910940745617, "8250001.4": 1.3180121844201793, "8250001.3": 0.6529515466028333, "8250001.38": 1.3565228911502436, "8250001.39": 0.8293509757054265, "8250001.06": 0.0012830904640641317, "8250001.28": 0.9195344975467779, "8250001.29": 0.5915879404994009, "8250001.08": 0.41318181550579974, "8250001.37": 1.0269411885883848, "8250001.25": -0.4325851191313866, "8250001.44": 0.55995170061647, "8250001.43": 0.2802321150631517, "8250001.05": -0.3351958711064268, "8250001.5": 0.29689891723285006, "8250001.35": 1.5956660494884198, "8250001.49": 0.340886844394566, "8250001.02": -1.3191177078425, "8250001.14": -0.7076074874033241, "8250001.01": -1.595549156677857, "8250002.09": -0.5268751725053125, "8250001.07": -0.8808163216505331, "8250002.06": -1.1215921660258357, "8250002.15": -1.461580765645762, "8250001.04": -1.043950718460445, "8250001.03": -1.0304489808368231, "8250002.14": -0.9833909848138401, "8250002.08": -0.37714292731397125, "8250001.09": -1.2214195132094754, "8250001.17": 0.131550949090993, "8250004.0": -1.6021729564454341, "8250005.0": -0.7004488557567093, "8250001.13": -0.3541688178591215, "8250006.0": -0.8330806314419208, "8250007.01": -0.9210560382225061, "8250007.02": -0.15205818912143979, "8250010.0": -1.1790527462092328, "8250007.07": -1.3854421957677867, "8250002.07": -0.6113843582948164, "8250011.0": -0.8365208994602901, "8250003.0": -0.7916930836174176, "8250033.01": -0.9911479479015297, "8250033.02": -0.690742656704115, "8250002.02": 0.5371108316937602, "8250009.0": -0.07402749665228497, "8250007.06": -0.8378212682500435, "8250008.0": -1.1419879976082088, "8250012.0": 0.2427807356260364, "8250013.0": 0.22176467008407202, "8250007.05": -0.8991260055620851, "8250007.03": -0.8694274806032147, "8250014.0": -0.4886977160615668, "8250015.0": 0.0451874462626341, "8250029.0": -0.39517548941889974, "8250035.01": -0.7563321463217069, "8250036.01": -1.3088179171567136, "8250036.02": -0.9939859261776938, "8250030.0": -0.12189364537401881, "8250038.2": 1.067564488035755, "8250038.21": 0.17825889377771623, "8250032.0": 0.3409262792022234, "8250035.02": -1.1721545679594654, "8250037.0": -0.5396701366148025, "8250038.05": 0.5724800032017927, "8250034.0": -0.5226140613458372, "8250038.04": -0.12661333932217897, "8250038.06": 1.2583215576395677, "8250038.02": 0.24504425008322442, "8250028.0": 0.4551679933576804, "8250204.03": 0.5269756559568106, "8250031.02": 2.0347203421738325, "8250038.03": -0.04175688906187484, "8250016.0": -0.735504798854159, "8250023.0": 0.08709643155290206, "8250022.02": -0.36367238547903585, "8250022.01": -0.3195148946505856, "8250024.0": -0.41939719231436456, "8250018.01": -0.33398929109447695, "8250017.03": -0.20568840542980407, "8250018.02": -0.7602579338977711, "8250026.0": -0.1673144041313571, "8250031.01": 1.007313363464142, "8250039.0": -0.24018665336649545, "8250038.07": 0.6122599077681896, "8250027.03": 1.2637172551743092, "8250027.02": -0.98194771531232, "8250042.02": 2.9395373687008575, "8250027.01": 0.9735906544451679, "8250038.08": 0.4458337780940774, "8250038.22": 0.894886677982899, "8250040.0": 0.7372184587627683, "8250038.23": 0.34685213595560616, "8250044.0": 1.0732595668454301, "8250041.0": 0.8944685243671113, "8250042.01": 1.9740330770811958, "8250045.02": 2.2315059400914268, "8250045.01": 0.3505711986664362, "8250043.0": 2.6349493096068137, "8250038.1": 0.6475788410901057, "8250038.12": 0.5117561119276418, "8250046.01": 1.9584079062143376, "8250017.04": -0.1629823300145525, "8250025.0": -0.1624594069636369, "8250021.02": -0.3314131503315442, "8250021.01": -1.9906880126623185, "8250020.0": -1.7093766072618521, "8250050.14": -0.23131999785705448, "8250019.0": -1.1251025705809803, "8250017.01": -0.534397935530473, "8250017.05": 0.3353294106188739, "8250046.02": -0.6084115771517383, "8250060.0": 0.1560109020147073, "8250038.11": 0.8084004587015367, "8250038.24": 1.0040241399578138, "8250059.0": 0.7833512050539656, "8250038.14": 0.2725487699975922, "8250038.25": 0.41916384108952787, "8250058.0": 0.9320247168070446, "8250038.13": 0.4836190410481331, "8250057.0": -0.2477475350932548, "8250038.15": 0.7038076461237837, "8250017.06": -0.049991190685017554, "8250050.12": 0.2840950516618265, "8250047.0": -0.9905128484147835, "8250056.0": 0.30697374389355603, "8250050.13": 0.10115147453927802, "8250049.07": 0.49864035179988037, "8250048.0": -0.7786197822056313, "8250049.06": 0.3109766465188085, "8250054.0": -1.1018850494809653, "8250050.22": 0.21190045338681035, "8250062.0": 0.46510581993331657, "8250038.27": 0.17358863995413337, "8250038.17": -0.20405408291351876, "8250063.0": 0.24428515938035855, "8250038.28": 0.28898856267125156, "8250038.47": 0.3268374384803108, "8250072.0": -0.943832523094457, "8250064.0": -1.1664798990752467, "8250038.18": 0.019997239370358005, "8250038.45": -0.2039291496709825, "8250055.0": -0.41110778422349187, "8250050.21": 1.3736657169583475, "8250050.16": 0.207421818323982, "8250049.01": -0.4565029400198034, "8250049.04": 1.296224732029443, "8250065.0": -1.0922094755790126, "8250053.0": 0.027170559196872605, "8250049.05": 1.1741121065637339, "8250200.06": -0.4116509268489799, "8250071.0": -0.9243932942934211, "8250038.46": -0.09052331646932621, "8250038.3": -0.40953702222085353, "8250073.0": -1.0143894596948881, "8250070.0": -1.78789656316745, "8250038.44": -0.3271703779789057, "8250038.48": 0.6580510910097763, "8250038.49": 0.04835794804920697, "8250074.0": -1.7427805946338992, "8250069.0": -1.4628172471379095, "8250050.1": 1.1533950594909586, "8250066.03": -0.28077413030093706, "8250050.15": 1.324825200510073, "8250067.0": -0.9652084182418615, "8250066.02": -0.5327938598127301, "8250050.2": 0.7458544135404398, "8250050.19": -0.051671270314201254, "8250050.01": -0.8058403616612049, "8250052.04": -0.8910143834180545, "8250077.01": -0.1959375590324647, "8250038.43": 0.1834340095166594, "8250038.4": -0.03871831866819336, "8250038.41": 1.397560200343291, "8250075.02": -2.03127771156318, "8250038.42": 0.5266913774468954, "8250075.01": -1.3733442681241907, "8250076.03": -1.3552169283446305, "8250038.39": 0.5610825302044375, "8250038.35": 0.2764325729553907, "8250068.0": -0.9653964073729716, "8250061.0": 0.15480767867689926, "8250076.01": -1.415720273802136, "8250076.04": -0.33105349472386064, "8250076.02": -0.956103622323936, "8250076.05": -0.6786547765927882, "8250077.19": -0.23844435472548758, "8250076.09": -1.3365044411897378, "8250076.06": -0.8822305709509839, "8250038.37": 3.7251389928780365, "8250076.35": -0.30346654391127076, "8250051.0": -0.7147221585897756, "8250052.03": -1.2734664766253274, "8250050.07": -0.6584640580073812, "8250077.02": -0.7439306790292926, "8250050.18": 0.1335473315082947, "8250077.03": -1.1688261821532713,