{"8250204.01": -1.2138185380777886, "8250002.38": -0.6695697374886381, "8250002.4": -0.39658103185856086, "8250002.36": 0.02192060167153855, "8250002.39": -0.1672795834479477, "8250002.34": -0.5993248395657248, "8250001.48": -0.29692054602694856, "8250001.47": -0.050697098580877384, "8250001.46": -0.33555655574342924, "8250001.42": -0.6801758775961017, "8250001.45": 0.19770187002727527, "8250001.33": -0.4619601824204983, "8250001.11": -0.6682836970679901, "8250001.32": -0.17283128200149944, "8250001.41": -0.8792090937527347, "8250001.22": -0.01577024719397204, "8250002.35": 0.18990806827318946, "8250002.32": 0.05023093792441123, "8250002.22": -0.014078545130615041, "8250002.37": -0.6514157673702663, "8250002.33": -0.21831235332859658, "8250002.31": -0.8239195073218197, "8250002.3": -0.8310135001746455, "8250002.18": -0.42557187098500004, "8250002.1": -0.2700198736890145, "8250002.11": -0.021503928843486037, "8250002.29": -1.0680112044484404, "8250002.17": -0.49242656605673263, "8250002.28": -0.8425931232205901, "8250002.27": -0.8049506078191327, "8250002.04": -0.7228000833108662, "8250002.26": -1.0515346655693605, "8250002.12": -0.2473518743436569, "8250002.25": -0.5396534942103416, "8250001.1": 0.10356288935000021, "8250002.24": -0.6159451553874523, "8250001.23": -0.32981206820139536, "8250001.4": -0.9019526007284673, "8250001.3": -1.0817896821433457, "8250001.38": -1.040678878495958, "8250001.39": -0.907195925741205, "8250001.06": -0.07497935839613083, "8250001.28": -1.0715741557627472, "8250001.29": -0.9835715333798447, "8250001.08": -0.017969905826075775, "8250001.37": -0.7275820956409581, "8250001.25": -0.44808082600747895, "8250001.44": -0.7084605464417103, "8250001.43": -0.42422341071969755, "8250001.05": 0.24758435728031744, "8250001.5": 0.2752169546128129, "8250001.35": -0.7604964573366457, "8250001.49": -0.07557187835718489, "8250001.02": 0.15586913972204766, "8250001.14": 0.036921299371054726, "8250001.01": 0.4446938652911049, "8250002.09": -0.4436318636626739, "8250001.07": 0.09916885059498741, "8250002.06": 0.49017441143715684, "8250002.15": 0.37558117626245846, "8250001.04": 0.28398357359292775, "8250001.03": 0.6923994421825851, "8250002.14": -0.2709977264560957, "8250002.08": -0.8023339126473664, "8250001.09": -0.029957174590364382, "8250001.17": -0.013483483792587923, "8250004.0": 0.1493088604094511, "8250005.0": -0.043356002699067565, "8250001.13": -0.4258416981463299, "8250006.0": 0.24484308518892567, "8250007.01": 0.33622282262499936, "8250007.02": -0.41194521367725, "8250010.0": -0.3021318458615902, "8250007.07": 0.5057457735165851, "8250002.07": -0.45350476942669027, "8250011.0": -0.21270130354757902, "8250003.0": 0.663456020283032, "8250033.01": -0.08305116909738645, "8250033.02": -0.6436649273351469, "8250002.02": -1.48304006779181, "8250009.0": -0.006251539964221394, "8250007.06": 1.3198142196499518, "8250008.0": 1.6859337746917449, "8250012.0": 0.14535153614666108, "8250013.0": 0.827648766654945, "8250007.05": 1.8809290735811786, "8250007.03": 1.0660923948366325, "8250014.0": 1.9973079214193146, "8250015.0": 2.768014817830344, "8250029.0": 2.754959256340125, "8250035.01": -1.0559117660627457, "8250036.01": -1.34244172316871, "8250036.02": -1.4322464639259604, "8250030.0": 1.181659896458271, "8250038.2": -2.0215052535057456, "8250038.21": -1.6727881812496832, "8250032.0": -0.523173445230043, "8250035.02": -1.1530229267392453, "8250037.0": -1.5330228710325613, "8250038.05": -1.7663957580200746, "8250034.0": -0.5462715164287439, "8250038.04": -1.6004563077255092, "8250038.06": -1.4453606319660268, "8250038.02": -1.7410015559367926, "8250028.0": 2.168049623579893, "8250204.03": -0.7530559852414023, "8250031.02": 1.151519878113044, "8250038.03": -1.5287660726107095, "8250016.0": 0.9028264584143074, "8250023.0": 2.9199571004234603, "8250022.02": 1.5864369383059784, "8250022.01": 1.1994082620648223, "8250024.0": 2.2051605629584907, "8250018.01": -0.11045334241710243, "8250017.03": -0.17497082739536, "8250018.02": 0.3412913091924921, "8250026.0": 2.4636188227089284, "8250031.01": 0.027121322044921355, "8250039.0": -1.0504253063913833, "8250038.07": -1.5475834459815085, "8250027.03": 1.9652732519507905, "8250027.02": 1.3864488222996307, "8250042.02": -0.6618878302140787, "8250027.01": 0.6559196380325691, "8250038.08": -1.2910468557265038, "8250038.22": -1.187968083767308, "8250040.0": -0.37520757967681556, "8250038.23": -1.552273035260043, "8250044.0": -0.6462159143371103, "8250041.0": -0.15594116879955935, "8250042.01": 0.4028311336410961, "8250045.02": -0.6734628399805357, "8250045.01": -0.4988495688162898, "8250043.0": -0.15772215515181462, "8250038.1": -1.3467246254130303, "8250038.12": -1.310186789520607, "8250046.01": 0.366333279016859, "8250017.04": 0.34920750454968874, "8250025.0": 0.6833044366647195, "8250021.02": 0.9547188765840287, "8250021.01": 0.5287649418966387, "8250020.0": 0.4647908783657989, "8250050.14": 2.7559574966676217, "8250019.0": -0.02466927811578078, "8250017.01": -0.018302897830295376, "8250017.05": 0.3082231450650306, "8250046.02": 0.2820584249944581, "8250060.0": -0.18913863473210674, "8250038.11": -0.9563843053358039, "8250038.24": -0.8168785347905171, "8250059.0": 0.39471106761276864, "8250038.14": -1.3126823975019541, "8250038.25": -1.149824158387103, "8250058.0": 0.5186904523135143, "8250038.13": -1.1763211811393615, "8250057.0": 1.927105243659618, "8250038.15": -1.0576887154497594, "8250017.06": 2.4015497181801404, "8250050.12": 1.6144102482228573, "8250047.0": 0.5257970363253017, "8250056.0": 1.8413961895734388, "8250050.13": 3.4820070022460734, "8250049.07": 1.6549649095121401, "8250048.0": 1.267560385597675, "8250049.06": 1.6819673315403232, "8250054.0": 1.6495095891468148, "8250050.22": 1.4809635833890877, "8250062.0": 0.5726810788425709, "8250038.27": -1.3077458863930362, "8250038.17": -0.9876213096353824, "8250063.0": 0.9867028322649188, "8250038.28": -1.0861805693720408, "8250038.47": -0.7372965556512847, "8250072.0": 0.19084191349904808, "8250064.0": 1.924280197406436, "8250038.18": -1.1353669116716976, "8250038.45": -1.0746114473600004, "8250055.0": 1.3298717834760252, "8250050.21": 1.6061804725476208, "8250050.16": 3.1216888503135007, "8250049.01": 0.11733300120457034, "8250049.04": 0.6156668516654885, "8250065.0": 1.5402550965285393, "8250053.0": 0.9736232768020544, "8250049.05": 0.08933360216657783, "8250200.06": 2.7490337512220413, "8250071.0": 0.3975469264359258, "8250038.46": -0.9492726661509711, "8250038.3": -1.05584267823676, "8250073.0": -0.1310666858619408, "8250070.0": 1.3456353696486034, "8250038.44": -1.0168464889243565, "8250038.48": -1.0230259896156852, "8250038.49": -0.96767175406904, "8250074.0": 0.042206767744863566, "8250069.0": 0.5598260992220617, "8250050.1": 0.8097048395996215, "8250066.03": 1.1497125950555693, "8250050.15": 2.6522955909964336, "8250067.0": 0.9446867876298961, "8250066.02": 0.4797124257890257, "8250050.19": 1.0813459923098472, "8250050.01": -0.15801750758804345, "8250052.04": 0.7078623231334503, "8250077.01": 0.09963708258107762, "8250038.43": -0.8671479883643025, "8250038.4": -0.9573337121002576, "8250038.41": -0.7169030367975201, "8250075.02": -0.7447022306203551, "8250038.42": -0.7690605419774672, "8250075.01": -0.6339769390787914, "8250076.03": 0.049108601316927715, "8250038.39": -0.8022734231888634, "8250038.35": -0.8135498083545765, "8250068.0": 0.56626007744281, "8250061.0": 0.0677751518070237, "8250076.01": -1.0052440472210842, "8250076.04": -0.9439216249876411, "8250076.02": -0.7399182365825802, "8250076.05": -0.9016936223821083, "8250077.19": -0.08746763315969633, "8250076.09": -0.7141927515297589, "8250076.06": -0.7925833953596932, "8250038.37": -0.9556722681358287, "8250076.35": -0.39761463286024623, "8250051.0": 0.012844195053739123, "8250052.03": 0.7005623585837841, "8250050.07": 0.5381135857207157, "8250077.02": 0.5466016306240731, "8250050.18": 1.3967456727585212, "8250077.03": 0.20039424798579075, "8250077.06": 0.16567099256354348,