{"8250204.01": -3.1070366939017484, "8250002.38": 0.03916811631498954, "8250002.4": 1.9384546008284471, "8250002.36": 2.067024701868831, "8250002.39": 1.799689815228612, "8250002.34": -0.7157882298872883, "8250001.48": 0.9527311915533676, "8250001.47": 1.3292828788945856, "8250001.46": 0.3905371958270287, "8250001.42": -0.559236022129061, "8250001.45": 0.428330984871712, "8250001.33": 0.03598294948344445, "8250001.11": 0.4629790730696838, "8250001.32": -0.3496422298833966, "8250001.41": 1.953279460748663, "8250001.22": -0.632480830255154, "8250002.35": 1.8314384930440462, "8250002.32": 1.590330850555741, "8250002.22": 0.009559375841856713, "8250002.37": 2.0804160794307642, "8250002.33": 1.4370982535942254, "8250002.31": 1.2142345390819962, "8250002.3": 0.31999290624234267, "8250002.18": -0.46427765059980564, "8250002.1": -0.5256068510986749, "8250002.11": -1.0349670303597827, "8250002.29": -0.41109065962155117, "8250002.17": -0.04954212036656454, "8250002.28": -0.09259912007504581, "8250002.27": 0.09143849886509087, "8250002.04": 0.7203166163630422, "8250002.26": -0.5872603611487962, "8250002.12": -0.9805195077267417, "8250002.25": -0.8796282769099737, "8250001.1": -0.8260010190356774, "8250002.24": -0.7515090492173607, "8250001.23": -0.37379028135673126, "8250001.4": 0.8456041230680666, "8250001.3": 0.31047732568365916, "8250001.38": 0.7565942402811894, "8250001.39": 0.47437655704066334, "8250001.06": -0.32046333098842594, "8250001.28": 0.10095699017454338, "8250001.29": 0.419283274336591, "8250001.08": -0.38662237261319204, "8250001.37": 0.7279629233893988, "8250001.25": -0.3761476666944926, "8250001.44": 0.6258141901268272, "8250001.43": -0.27186908117885045, "8250001.05": -0.42552884610854347, "8250001.5": 0.19825320384674386, "8250001.35": 0.8129844608186122, "8250001.49": -0.11007782449747543, "8250001.02": -1.1314862902201028, "8250001.14": -0.01035227720716957, "8250001.01": -0.5479432782492175, "8250002.09": -0.860650961908798, "8250001.07": -0.9589998224128217, "8250002.06": -2.40067574797438, "8250002.15": -3.0880151461127805, "8250001.04": -0.9288036557740225, "8250001.03": -0.607725102395691, "8250002.14": -0.8841529570311997, "8250002.08": -0.9409750317872323, "8250001.09": -0.38509789390292903, "8250001.17": 0.0038332456071223714, "8250004.0": -0.7544783340433328, "8250005.0": -0.16378039340682216, "8250001.13": 0.3515378752077904, "8250006.0": -0.5321635714702544, "8250007.01": -0.4602397813514796, "8250007.02": 0.07833748581775268, "8250010.0": -0.8696833742076615, "8250007.07": -0.7960159671388668, "8250002.07": -0.5696480066937967, "8250011.0": -0.7085023878907031, "8250003.0": -1.5870928414632322, "8250033.01": -0.7943227843965265, "8250033.02": -0.8052740513525337, "8250002.02": -1.0065344848133546, "8250009.0": -0.12873991528922327, "8250007.06": -0.7285564746581225, "8250008.0": -1.0527027552285095, "8250012.0": 0.20960292070258157, "8250013.0": 0.2847413393040839, "8250007.05": -0.9331184766237437, "8250007.03": -0.7650776605736387, "8250014.0": -0.39317891977976893, "8250015.0": -0.8987080895241992, "8250029.0": 0.09683740113821235, "8250035.01": -1.1570436929868524, "8250036.01": -1.2070895074404262, "8250036.02": -1.0499597060201473, "8250030.0": 0.3829777567770531, "8250038.2": -0.5357267984090271, "8250038.21": -0.6391293439563593, "8250032.0": -0.02860943129230942, "8250035.02": -0.8875866721614387, "8250037.0": -1.1339585748974557, "8250038.05": -0.8883973757123096, "8250034.0": 0.19216259998961477, "8250038.04": -1.2410445929972185, "8250038.06": -0.8368226191889208, "8250038.02": -0.9457681069416806, "8250028.0": 0.9200120763524711, "8250204.03": 0.3080520210941696, "8250031.02": 1.8008790851048435, "8250038.03": -1.0020823977800601, "8250016.0": -0.965360112469393, "8250023.0": 0.7202306409990329, "8250022.02": -0.30244781274477245, "8250022.01": 0.2323789137718208, "8250024.0": 0.4249944625343641, "8250018.01": -0.09358398146828986, "8250017.03": -0.20764626281234133, "8250018.02": -0.14557998859099405, "8250026.0": 0.5982649883746131, "8250031.01": 0.740983615867122, "8250039.0": -0.7446601819344512, "8250038.07": -1.022567389581457, "8250027.03": 1.542997156274022, "8250027.02": -0.4452079764867531, "8250042.02": 2.239285977162032, "8250027.01": 1.18988041597878, "8250038.08": -0.21373310296544512, "8250038.22": -0.7469572670126919, "8250040.0": 1.1363026156394136, "8250038.23": -0.8949932484971475, "8250044.0": 1.4793685829847831, "8250041.0": 1.4323783860506103, "8250042.01": 2.0188522318053645, "8250045.02": 2.90989348443664, "8250045.01": 1.8408911054134316, "8250043.0": 3.5591806727709656, "8250038.1": -0.4280678949265073, "8250038.12": -1.0082727493936519, "8250046.01": 2.9535085134592, "8250017.04": 0.3314773456024663, "8250025.0": 0.8299298544659751, "8250021.02": 0.8027801826636373, "8250021.01": -0.4341842745013243, "8250020.0": -0.7383659272364226, "8250050.14": 0.45193918554265117, "8250019.0": -0.2986117111675342, "8250017.01": -0.24574291368299714, "8250017.05": 0.07971020437888783, "8250046.02": 0.9052932526420139, "8250060.0": 1.1657715080025814, "8250038.11": 0.4766899583769247, "8250038.24": -0.6113911479877043, "8250059.0": 1.4949718498027293, "8250038.14": -0.8288529786336676, "8250038.25": -0.056703986502156224, "8250058.0": 2.289554812121211, "8250038.13": -0.08325295952349834, "8250057.0": 1.2597929828344518, "8250038.15": -0.11795586966873524, "8250017.06": -0.12749655863349624, "8250050.12": -0.02740471912434012, "8250047.0": 0.24987338078193488, "8250056.0": 1.8494153401527371, "8250050.13": 0.9143689224445574, "8250049.07": 0.3164761569431874, "8250048.0": -0.44523649376626956, "8250049.06": -0.8844632873114779, "8250054.0": 1.031649300361362, "8250050.22": 0.14939238721796602, "8250062.0": 1.4242209657581466, "8250038.27": -0.748859507910058, "8250038.17": -0.01121417898058631, "8250063.0": 1.7035702590839636, "8250038.28": -0.40592309421626055, "8250038.47": -0.16670017167810605, "8250072.0": -0.5097808679436779, "8250064.0": 0.06581420340450053, "8250038.18": -0.1175097830646361, "8250038.45": -0.6263112037983015, "8250055.0": 1.0742455693490467, "8250050.21": 0.7957914958728265, "8250050.16": 0.5548796423896063, "8250049.01": -0.23828143162171825, "8250049.04": 0.8747246170234105, "8250065.0": 0.09150677253500047, "8250053.0": -0.010447784856984717, "8250049.05": 0.22992603168551032, "8250200.06": 0.3408381318963635, "8250071.0": -0.2404444346784875, "8250038.46": -0.6132557547061659, "8250038.3": -0.24591491577859415, "8250073.0": -0.8546516332739865, "8250070.0": -1.5839237133965731, "8250038.44": -0.7004210680265336, "8250038.48": 0.3793137538327666, "8250038.49": -0.21247641694836028, "8250074.0": -0.7013035087329585, "8250069.0": -0.5094692101150904, "8250050.1": 0.4706824278282082, "8250066.03": 0.3171358702136264, "8250050.15": 1.3891324598016574, "8250067.0": -0.8410937283211166, "8250066.02": -0.03181050933961266, "8250050.2": 0.10098588075872268, "8250050.19": -0.21975892854278128, "8250050.01": -0.6509764656118, "8250052.04": -0.2715313250059539, "8250077.01": -0.14982876979147913, "8250038.43": -0.330595959642595, "8250038.4": -0.8266142790709627, "8250038.41": 0.3057163894571018, "8250075.02": -1.780176237579012, "8250038.42": 0.07983275263323927, "8250075.01": -1.3441038009432809, "8250076.03": -1.1899736048558598, "8250038.39": 0.16648668700876218, "8250038.35": -0.261644791877943, "8250068.0": -1.073380125360303, "8250061.0": -1.554320606625217, "8250076.01": -1.3922437944498693, "8250076.04": -1.3106972117037994, "8250076.02": -1.0760235928407607, "8250076.05": -1.0576124890162257, "8250077.19": -0.34311636063995427, "8250076.09": -1.1259063381743848, "8250076.06": -1.0504373724896494, "8250038.37": 4.122456666762914, "8250076.35": -1.8280350008946857, "8250051.0": -0.5927753895955999, "8250052.03": -2.2468118846817404, "8250050.07": -0.4037306400242567, "8250077.02": -0.4656413647147678, "8250050.18": 0.7018826945173307, "8250077.03": -0.4711978698790277,