{"8250204.01": -3.1709142762863083, "8250002.38": -0.6491092321940382, "8250002.4": 1.4001531216462146, "8250002.36": 1.180212076255838, "8250002.39": 1.36029573025882, "8250002.34": -1.1687498784515313, "8250001.48": 0.5698450746547674, "8250001.47": 0.6942694258922941, "8250001.46": 0.06941429085230068, "8250001.42": -0.6739609399809914, "8250001.45": 0.04526764410429743, "8250001.33": -0.3734813403910601, "8250001.11": 0.18279563159130288, "8250001.32": -0.6601868034334138, "8250001.41": 0.9523215655986285, "8250001.22": -0.44264035466069795, "8250002.35": 0.9834818941547749, "8250002.32": 1.0093627286236, "8250002.22": -0.24227392051090002, "8250002.37": 1.3371017603264268, "8250002.33": 0.7062271852942921, "8250002.31": 0.4835816534887464, "8250002.3": -0.3423755422591486, "8250002.18": -0.8510773967823847, "8250002.1": -0.607597415653588, "8250002.11": -0.9327567356875149, "8250002.29": -0.9823163271008301, "8250002.17": -0.29314123304839207, "8250002.28": -0.36636571875991036, "8250002.27": -0.5719083647692079, "8250002.04": 0.643988701735169, "8250002.26": -0.8750522946136801, "8250002.12": -0.9823974504945449, "8250002.25": -0.9242524348338385, "8250001.1": -0.7040117814473865, "8250002.24": -0.9383459073288428, "8250001.23": -0.2867866981385668, "8250001.4": 0.2704312634484263, "8250001.3": -0.2980990640742019, "8250001.38": 0.06176475026649819, "8250001.39": -0.4733662876508767, "8250001.06": 0.12020864171170983, "8250001.28": 0.14729512165179523, "8250001.29": -0.07201266225745509, "8250001.08": -0.2897789076658038, "8250001.37": -0.07283225250440162, "8250001.25": -0.5814529901390332, "8250001.44": 0.14537579677556017, "8250001.43": -0.5257083793431654, "8250001.05": 0.2532671688168458, "8250001.5": 0.4060521763467401, "8250001.35": 0.012059791326050829, "8250001.49": -0.3275436147397622, "8250001.02": -0.7432439848048776, "8250001.14": 0.7049122120556756, "8250001.01": 0.00902838920213216, "8250002.09": -0.5458449826695774, "8250001.07": -0.6728671222163564, "8250002.06": -1.6601969871865536, "8250002.15": -2.622053110719352, "8250001.04": -0.5346780103594576, "8250001.03": -0.08969829629279075, "8250002.14": -0.5737782307282911, "8250002.08": -0.4213089112285178, "8250001.09": 0.1513747032824929, "8250001.17": 0.3322170741725145, "8250004.0": 0.16672767450291104, "8250005.0": 0.8109528310594362, "8250001.13": 1.0571816936344134, "8250006.0": 0.13536579824722259, "8250007.01": 0.20905143828371775, "8250007.02": 0.748322120142276, "8250010.0": -0.31492767098582475, "8250007.07": -0.2622194705284174, "8250002.07": -0.31915332221825526, "8250011.0": 0.16329845415922947, "8250003.0": -1.0523330061566958, "8250033.01": -0.23191259806285164, "8250033.02": 0.029729596735358067, "8250002.02": 0.16446576068797403, "8250009.0": 0.5938570798846297, "8250007.06": -0.29716166576630193, "8250008.0": -0.6563892462726282, "8250012.0": 1.096365561295874, "8250013.0": 1.0395294511184645, "8250007.05": -0.5446606021011943, "8250007.03": -0.18077551337053172, "8250014.0": -0.22937140559349375, "8250015.0": -0.6231343590210947, "8250029.0": 0.27763829243433613, "8250035.01": 0.0870831791530914, "8250036.01": 0.4731223755837675, "8250036.02": 0.6526250677167933, "8250030.0": 1.0128423437621594, "8250038.2": 0.8105075751626821, "8250038.21": 0.6573623046316139, "8250032.0": 0.812147040636424, "8250035.02": 0.8179306645437067, "8250037.0": 0.3554662777591486, "8250038.05": 0.28815280013611233, "8250034.0": 1.758359998876755, "8250038.04": 0.20567838769963637, "8250038.06": 0.07217663517001684, "8250038.02": 0.08306795402264666, "8250028.0": 1.2101326342182799, "8250204.03": 0.13658006798837194, "8250031.02": 2.571939484004788, "8250038.03": 0.13303734926152394, "8250016.0": -0.8246603343824449, "8250023.0": 0.9636938791604522, "8250022.02": -0.3747677096008479, "8250022.01": 0.03572803504379303, "8250024.0": 0.2539521651500912, "8250018.01": 0.12254123829304935, "8250017.03": -0.02276884538166932, "8250018.02": -0.24073435081592118, "8250026.0": 0.8954178874262348, "8250031.01": 1.4726986245739364, "8250039.0": 0.009022887039848541, "8250038.07": -0.2481710398355902, "8250027.03": 2.346455036320492, "8250027.02": -0.10097801495774154, "8250042.02": 3.6022022715602025, "8250027.01": 1.9696765955987137, "8250038.08": 0.45182747115410377, "8250038.22": -0.03739529623598765, "8250040.0": 1.5549195351145277, "8250038.23": -0.04174473856760778, "8250044.0": 2.4155786500344685, "8250041.0": 2.224725003738549, "8250042.01": 2.9217885264495527, "8250045.02": 4.374216890328068, "8250045.01": 2.5326253845710487, "8250043.0": 4.555552719919262, "8250038.1": 0.3698593714988557, "8250038.12": -0.21542266173546346, "8250046.01": 3.943793516513504, "8250017.04": 0.0661749870898725, "8250025.0": 1.0902342881845875, "8250021.02": 1.0109837141880496, "8250021.01": -0.21853271633767302, "8250020.0": -0.5713753680142644, "8250050.14": -0.014060568777145956, "8250019.0": 0.07913855705879096, "8250017.01": 0.08849173129748537, "8250017.05": -0.056215971483418586, "8250046.02": 1.3277723977241387, "8250060.0": 2.0965857921332067, "8250038.11": 0.43429645543617135, "8250038.24": -0.3708509045384391, "8250059.0": 2.240439538270878, "8250038.14": -0.06847928377594482, "8250038.25": 0.18209119427075027, "8250058.0": 2.9436565114802082, "8250038.13": 0.41160668723719135, "8250057.0": 1.1288798674625928, "8250038.15": 0.37059667653382755, "8250017.06": -0.9015548974733214, "8250050.12": -0.6771755000651527, "8250047.0": 0.49509972613186054, "8250056.0": 2.404553853832587, "8250050.13": -0.07103534373581265, "8250049.07": -0.29500174718647787, "8250048.0": 0.016284558612753144, "8250049.06": -1.2920775554518749, "8250054.0": 1.2570245633426675, "8250050.22": -0.7173120795732001, "8250062.0": 1.9261875276654015, "8250038.27": -0.6612062190404479, "8250038.17": -0.004414189273073639, "8250063.0": 2.20737211985479, "8250038.28": -0.5017267929783211, "8250038.47": -0.7121996217794971, "8250072.0": -0.216333952595793, "8250064.0": 0.09795333689390004, "8250038.18": -0.2737183662264363, "8250038.45": -0.9124692652192777, "8250055.0": 0.5348814833249703, "8250050.21": -0.2774648275053415, "8250050.16": -0.4845965841763717, "8250049.01": 0.009643091802481586, "8250049.04": 0.10062346237920736, "8250065.0": -0.13088909114136213, "8250066.04": -0.005005142815816845, "8250053.0": 0.3929069547248734, "8250049.05": -0.2282566299215168, "8250200.06": -0.5712952775617404, "8250071.0": 0.04929604382789676, "8250038.46": -1.276382097771897, "8250038.3": -0.41732131328750455, "8250073.0": -0.15447437535211242, "8250070.0": -1.2840888817204217, "8250038.44": -1.252992364681116, "8250038.48": 0.07115323582676071, "8250038.49": -0.7987760334052657, "8250074.0": -0.026144696550594922, "8250069.0": -0.24226751722603365, "8250050.1": -0.44258739376934614, "8250066.03": -0.23359901508831843, "8250050.15": 0.09412746710275499, "8250067.0": -1.290346166901057, "8250066.02": -0.27173890452850685, "8250050.2": 0.19950285978841956, "8250050.19": -0.6401963353021509, "8250050.01": -0.07623409216101418, "8250052.04": 0.19728940369863915, "8250077.01": 0.1485966974476518, "8250038.43": -1.1070301957686188, "8250038.4": -1.5126563896895528, "8250038.41": -0.7403578698896658, "8250075.02": -0.9582812096983594, "8250038.42": -0.6375727775827332, "8250075.01": -0.5982148765569412, "8250076.03": -0.871804242116087, "8250038.39": -0.8458454528958781, "8250038.35": -0.16501972549317803, "8250068.0": -1.1166960557877619, "8250061.0": -0.8820625656992193, "8250076.01": -0.5996946900529022, "8250076.04": -0.6905853098060579, "8250076.02": -0.5142602678348546, "8250076.05": -0.4689087750239476, "8250077.19": -0.6407260244787354, "8250076.09": -0.5725376235355624, "8250076.06": -0.7072022435891154, "8250038.37": 2.1503485307047603, "8250076.35": -1.4381210594022769, "8250051.0": 0.02539303305534051, "8250052.03": -1.3347910906028804, "8250050.07": -0.5079297661076503, "8250077.02": -0.23295428475942082,