{"8250204.01": -1.6357577916966612, "8250002.38": 0.026467153910513453, "8250002.4": 0.19854192813252244, "8250002.36": 0.8061673150935849, "8250002.39": 0.43136296132331053, "8250002.34": 0.1181125669888922, "8250001.48": 0.19298050775994935, "8250001.47": 0.7856514810989946, "8250001.46": 0.38934729890760505, "8250001.42": -0.38389335052571794, "8250001.45": 1.119582526876073, "8250001.33": 0.32518780922680324, "8250001.11": -0.25867547265187896, "8250001.32": 0.6336589914221727, "8250001.41": -0.21043054132339065, "8250001.22": 0.4777841156225369, "8250002.35": 0.897972099315533, "8250002.32": 0.6378427878277372, "8250002.22": 0.7326027416219442, "8250002.37": 0.20879149780390482, "8250002.33": 0.6277852222632999, "8250002.31": -0.22634622492308704, "8250002.3": 0.13980197912191375, "8250002.18": 0.2911675122183916, "8250002.1": 0.5407308095371557, "8250002.11": 0.43891622171672057, "8250002.29": -0.38568992112778405, "8250002.17": 0.17441640276480896, "8250002.28": -0.05120355849351886, "8250002.27": 0.19331953674352026, "8250002.04": -0.2846262181893416, "8250002.26": -0.4761970602388122, "8250002.12": 0.317951537205927, "8250002.25": -0.09176550848413355, "8250001.1": 0.717789229864287, "8250002.24": -0.047598298396431336, "8250001.23": 0.07070935917743197, "8250001.4": -0.45102629615259915, "8250001.3": -0.614327466314467, "8250001.38": -0.3756486532547979, "8250001.39": -0.20069432177720659, "8250001.06": 0.09773169478269118, "8250001.28": -0.8282202890150326, "8250001.29": -0.3824356556140203, "8250001.08": 0.19284685200254936, "8250001.37": 0.013101777076569374, "8250001.25": -0.019625986462246912, "8250001.44": -0.10014918937792017, "8250001.43": 0.13859124216633248, "8250001.05": 0.2822362718967712, "8250001.5": 0.42550273343443856, "8250001.35": -0.11036460130913485, "8250001.49": 0.2702207916675903, "8250001.02": 0.16540455927816827, "8250001.14": -0.05998736554463842, "8250001.01": 0.2180562129393793, "8250002.09": 0.09678586916394365, "8250001.07": 0.47791584417875427, "8250002.06": 0.7227629712901753, "8250002.15": 0.7135002622649171, "8250001.04": 0.6848210610399735, "8250001.03": 0.7353172607357987, "8250002.14": 0.022893916624933508, "8250002.08": -0.7234771236970525, "8250001.09": 0.045027161346716964, "8250001.17": 0.08691271460753129, "8250004.0": 0.002059784703763489, "8250005.0": -0.31148149832980193, "8250001.13": -0.35950688525890306, "8250006.0": 0.13039102567501556, "8250007.01": 0.15505316428786672, "8250007.02": -0.47845990475695266, "8250010.0": -0.7030739937490761, "8250007.07": 0.5384529954864578, "8250002.07": -0.1007838969623699, "8250011.0": -0.5048782303172937, "8250003.0": 0.49910113865367817, "8250033.01": -0.19139166699398472, "8250033.02": -0.7955516302043758, "8250002.02": -1.7803861762062656, "8250009.0": -0.4944860194075832, "8250007.06": 1.4296668185297854, "8250008.0": 1.2333750904209475, "8250012.0": -0.8120576828658563, "8250013.0": -0.1113364204464073, "8250007.05": 1.4827181492661063, "8250007.03": 0.9084521896701734, "8250014.0": 1.5572001558394475, "8250015.0": 2.3510072486604763, "8250029.0": 2.060637947817079, "8250035.01": -1.3321215575625387, "8250036.01": -1.7564696309264667, "8250036.02": -1.857301276893908, "8250030.0": 0.38652280450214976, "8250038.2": -1.8931286542974324, "8250038.21": -1.7390741473508404, "8250032.0": -0.6456320601059876, "8250035.02": -1.5906922011957407, "8250037.0": -1.860105313726092, "8250038.05": -1.8754698969729955, "8250034.0": -1.1265565027495672, "8250038.04": -2.033400803324172, "8250038.06": -1.5274601465288382, "8250038.02": -1.816601166187146, "8250028.0": 1.046338444289674, "8250204.03": -0.9434397411995968, "8250031.02": 0.6616721477131916, "8250038.03": -1.740066960669356, "8250016.0": 0.44028112916838746, "8250023.0": 2.213224732611162, "8250022.02": 1.4114936078759794, "8250022.01": 1.2708176670432665, "8250024.0": 2.538400516176383, "8250018.01": -0.6025482381011127, "8250017.03": -0.326137903708069, "8250018.02": 0.5267881984572653, "8250026.0": 1.415630178103912, "8250031.01": -0.5118298260855934, "8250039.0": -1.5083290575122388, "8250038.07": -1.6368407346730578, "8250027.03": 1.3114987330838794, "8250027.02": 0.7604513112694116, "8250042.02": -0.9022158181413523, "8250027.01": -0.2429593105561773, "8250038.08": -1.6627179993748544, "8250038.22": -1.3424112593392672, "8250040.0": -0.7175435488210818, "8250038.23": -1.4646391485918264, "8250044.0": -1.0049480090247556, "8250041.0": -0.4092802657920422, "8250042.01": -0.3258289021312301, "8250045.02": -1.4985267623647947, "8250045.01": -1.1675489638428158, "8250043.0": -0.5188078555869713, "8250038.1": -1.58493548538129, "8250038.12": -1.3343102752730025, "8250046.01": -0.4938119721795377, "8250017.04": 0.46448469574555434, "8250025.0": 0.14021626701226755, "8250021.02": 0.35468780233924696, "8250021.01": -0.0088758372269775, "8250020.0": -0.11882845438558316, "8250050.14": 2.4341230388247417, "8250019.0": -0.655594531238496, "8250017.01": -0.3978082431695482, "8250017.05": 0.3529540256552134, "8250046.02": -0.1412612132209522, "8250060.0": -0.7198771769350233, "8250038.11": -1.1176713163214222, "8250038.24": -0.8416652200000658, "8250059.0": -0.2934351664943522, "8250038.14": -1.330308753595338, "8250038.25": -1.103054770947718, "8250058.0": -0.10184728658679126, "8250038.13": -1.3292992750360497, "8250057.0": 0.8462261879345226, "8250038.15": -1.2245446293037616, "8250017.06": 2.6886512011954773, "8250050.12": 2.0901993719653627, "8250047.0": 0.10387459420096601, "8250056.0": 0.3646105173960475, "8250050.13": 3.7492139020838344, "8250049.07": 1.8442738845474587, "8250048.0": 0.40739728661674857, "8250049.06": 2.142085776732692, "8250054.0": 0.5980082307689367, "8250050.22": 1.965261572292818, "8250062.0": -0.11359240039406475, "8250038.27": -1.2795551874414903, "8250038.17": -1.0287523567369106, "8250063.0": 0.09845526152286481, "8250038.28": -0.9645437810816159, "8250038.47": -0.93066767817525, "8250072.0": -0.44008189982760604, "8250064.0": 0.7769472349042911, "8250038.18": -1.2080208969898332, "8250038.45": -0.991819628942689, "8250055.0": 0.4465843695998959, "8250050.21": 2.3861266332565814, "8250050.16": 3.4152053615575753, "8250049.01": -0.1735750224567631, "8250049.04": 1.1738974300813427, "8250065.0": 0.3404366186662627, "8250053.0": -0.07645677743228327, "8250049.05": 0.4067517604318619, "8250200.06": 2.9992534379889104, "8250071.0": -0.08953319769023904, "8250038.46": -0.928571976720347, "8250038.3": -1.1356534915584837, "8250073.0": -0.8672435427861586, "8250070.0": 0.42148752829521946, "8250038.44": -1.000440397237798, "8250038.48": -1.0870978548593915, "8250038.49": -0.9208427989948007, "8250074.0": -0.7213081918886125, "8250069.0": -0.06047663791907101, "8250050.1": 1.624556869937454, "8250066.03": 0.1321490666821492, "8250050.15": 3.04263270466747, "8250067.0": 0.12937269774401505, "8250066.02": -0.7201400157439836, "8250050.19": 1.4877164610831133, "8250050.01": -0.5785763833833525, "8250052.04": -0.17130943394611425, "8250077.01": -0.32087632916668213, "8250038.43": -0.8405879085455946, "8250038.4": -0.9124994588703635, "8250038.41": -0.7506985200291042, "8250075.02": -1.446687887091738, "8250038.42": -0.7440882377894422, "8250075.01": -1.105911980113861, "8250076.03": -0.5133601774758653, "8250038.39": -0.9194695651768884, "8250038.35": -1.0551821657121578, "8250068.0": -0.1237601599447083, "8250061.0": -0.1608802371490438, "8250076.01": -1.5963452988984395, "8250076.04": -1.4091866435655855, "8250076.02": -1.0976168622789446, "8250076.05": -1.1396732947477122, "8250077.19": -0.29521790183322943, "8250076.09": -0.8665113041304898, "8250076.06": -0.8870109100113082, "8250038.37": -0.9805841168542749, "8250076.35": -0.3903965045450636, "8250051.0": -0.0474895400849434, "8250052.03": 0.2999301707045023, "8250050.07": 0.8969329965602197, "8250077.02": 0.1572191514411529, "8250050.18": 1.5645722042432324, "8250077.03": 0.10363766731434675, "8250077.06": -0.17709324477065355,