{"8250204.01": -2.6093913869686367, "8250002.38": 0.2932588014906377, "8250002.4": 1.7708523122908988, "8250002.36": 2.0037345201858545, "8250002.39": 1.4993780070498375, "8250002.34": -0.5812582052155646, "8250001.48": 0.622494463557702, "8250001.47": 1.024547003214759, "8250001.46": 0.3642540896397338, "8250001.42": -0.5341242308142262, "8250001.45": -0.05354574184683334, "8250001.33": -0.14671611575289992, "8250001.11": 0.5540863723325038, "8250001.32": -0.3335095084658711, "8250001.41": 2.1002157108891955, "8250001.22": -0.7591081330673695, "8250002.35": 1.7358412119310551, "8250002.32": 1.4723744858825445, "8250002.22": -0.16681008855751608, "8250002.37": 2.3616903480900056, "8250002.33": 1.4234221873456427, "8250002.31": 1.5746281699455493, "8250002.3": 0.6301733317312648, "8250002.18": -0.3101256020487371, "8250002.1": -0.5873719423455683, "8250002.11": -1.1814562722321207, "8250002.29": 0.06603907540478358, "8250002.17": 0.16566424948075498, "8250002.28": 0.14294765667601123, "8250002.27": 0.29770117568763277, "8250002.04": 1.4055703065143543, "8250002.26": -0.370777895254211, "8250002.12": -0.8846454428004967, "8250002.25": -0.7963399267382391, "8250001.1": -0.9063132736822022, "8250002.24": -0.6526694659571391, "8250001.23": -0.2929027529809803, "8250001.4": 1.1964621821488315, "8250001.3": 0.697008067907524, "8250001.38": 1.1155706403840808, "8250001.39": 0.8739186447756092, "8250001.06": -0.19426520075534626, "8250001.28": 0.5435621076295273, "8250001.29": 0.6974956175867696, "8250001.08": -0.11278401797194004, "8250001.37": 0.8936911945064078, "8250001.25": -0.24979527432059226, "8250001.44": 0.683279055996039, "8250001.43": -0.28477189870928216, "8250001.05": -0.3279142979779237, "8250001.5": 0.07147943043336549, "8250001.35": 1.2346382625749819, "8250001.49": -0.1929361954177112, "8250001.02": -1.1369306593334545, "8250001.14": -0.17836470312255143, "8250001.01": -0.6616226991342773, "8250002.09": -0.8357227998990571, "8250001.07": -1.0075188769675065, "8250002.06": -3.1539203643525098, "8250002.15": -3.9981258156949444, "8250001.04": -1.1160054196578957, "8250001.03": -0.7662836345110142, "8250002.14": -0.9087243291488563, "8250002.08": -0.6504231603831674, "8250001.09": -0.6253096513490741, "8250001.17": -0.14767979600092404, "8250004.0": -1.0371420151618496, "8250005.0": -0.27958234062231485, "8250001.13": 0.27934713844695713, "8250006.0": -0.6004245597336493, "8250007.01": -0.6337813761503749, "8250007.02": 0.04806540569085685, "8250010.0": -0.7735037749910489, "8250007.07": -0.717435481956539, "8250002.07": -0.4432969445189777, "8250011.0": -0.6894999629344736, "8250003.0": -1.9622061777616666, "8250033.01": -0.8071538980239533, "8250033.02": -0.43910688749111404, "8250002.02": 0.1691406649535626, "8250009.0": -0.014403240653759749, "8250007.06": -0.6535341056303867, "8250008.0": -0.9377968590978695, "8250012.0": 0.25623907699955784, "8250013.0": 0.14922781252511935, "8250007.05": -1.2168393147952359, "8250007.03": -0.7496009692484736, "8250014.0": -0.7289015654484788, "8250015.0": -1.6914751045749936, "8250029.0": -0.38272678271421184, "8250035.01": -0.750738435757671, "8250036.01": -0.4522674661486195, "8250036.02": -0.33106474641575695, "8250030.0": 0.08040899605676789, "8250038.2": 0.8522287979389281, "8250038.21": 0.4992871473501679, "8250032.0": -0.07073560713027185, "8250035.02": -0.4633343184197268, "8250037.0": -0.29664907693769954, "8250038.05": 0.1880294572441124, "8250034.0": 0.1633901831006697, "8250038.04": -0.37273858274028787, "8250038.06": 0.5198296774212515, "8250038.02": 0.1965072962453247, "8250028.0": 0.5385641019530997, "8250204.03": 0.988685132308557, "8250031.02": 1.4805175012199796, "8250038.03": -0.09938438494820659, "8250016.0": -1.209391589415967, "8250023.0": 0.10780809811342575, "8250022.02": -0.7332629294643576, "8250022.01": -0.2145006464456581, "8250024.0": -0.07309793217684812, "8250018.01": -0.08502662683733384, "8250017.03": -0.049738856753255914, "8250018.02": -0.32247733983410565, "8250026.0": 0.22699187412247948, "8250031.01": 0.6612508180666019, "8250039.0": -0.20577869269734667, "8250038.07": 0.013467466465356091, "8250027.03": 1.2005670759805995, "8250027.02": -0.5645751726214615, "8250042.02": 1.9167383409785026, "8250027.01": 0.9602083406253243, "8250038.08": 0.6384663740903135, "8250038.22": 0.3701777790147118, "8250040.0": 1.127346051808268, "8250038.23": 0.08739289289050901, "8250044.0": 1.17296245624718, "8250041.0": 1.3589724362944329, "8250042.01": 1.6870053160138963, "8250045.02": 2.438700019366889, "8250045.01": 1.3577507211674908, "8250043.0": 3.0044888727272387, "8250038.1": 0.32280519933955276, "8250038.12": -0.09206169015291811, "8250046.01": 2.358046808691929, "8250017.04": 0.40221184842112995, "8250025.0": 0.38593496561161117, "8250021.02": 0.340514834289702, "8250021.01": -0.7015225217165634, "8250020.0": -0.9253897886990294, "8250050.14": -0.02159530586374134, "8250019.0": -0.35885716186398875, "8250017.01": -0.24108578649252108, "8250017.05": 0.18707175533892903, "8250046.02": 0.3796439980649858, "8250060.0": 0.916608671716565, "8250038.11": 1.051333734298877, "8250038.24": 0.2843271290978367, "8250059.0": 1.0183523289108265, "8250038.14": -0.021457191689576546, "8250038.25": 0.6444528391319351, "8250058.0": 1.758675848913976, "8250038.13": 0.42212744078225134, "8250057.0": 0.6715261893343393, "8250038.15": 0.32635021468247105, "8250017.06": -0.3053888754199689, "8250050.12": -0.28406828044603677, "8250047.0": -0.12414579623933715, "8250056.0": 1.0758695106843774, "8250050.13": 0.21465741179186626, "8250049.07": 0.13968915405962193, "8250048.0": -1.20204288337486, "8250049.06": -0.9683615001033569, "8250054.0": 0.4142941819120965, "8250050.22": -0.12181645571963196, "8250062.0": 0.9487552145213615, "8250038.27": 0.10447244131565735, "8250038.17": 0.5466768453435048, "8250063.0": 1.2015876765422697, "8250038.28": 0.26812540239932486, "8250038.47": 0.5589134574712907, "8250072.0": -0.6856675876425513, "8250064.0": -0.5890283884346437, "8250038.18": 0.2742703832559617, "8250038.45": -0.011405548788461114, "8250055.0": 0.49520060977033914, "8250050.21": 0.5390617910342675, "8250050.16": 0.02434387479953196, "8250049.01": -0.341528144421739, "8250049.04": 0.6625561485527545, "8250065.0": -0.5181070670076665, "8250053.0": -0.12162478068657255, "8250049.05": 0.12788563309576748, "8250200.06": -0.378739045834203, "8250071.0": -0.4759667639681582, "8250038.46": 0.04984884147007804, "8250038.3": 0.2319849432832148, "8250073.0": -0.9877008336777043, "8250070.0": -2.476672106657648, "8250038.44": -0.14705956356030161, "8250038.48": 0.9027107562679617, "8250038.49": 0.319290869015639, "8250074.0": -0.8806778077036682, "8250069.0": -0.8709805986768255, "8250050.1": 0.2738536002098865, "8250066.03": 0.05027016419228029, "8250050.15": 0.9498262043477279, "8250067.0": -1.1161246900210122, "8250066.02": -0.4131693278909051, "8250050.2": -0.0638078337504743, "8250050.19": -0.40908803082288725, "8250050.01": -0.8277592682595311, "8250052.04": -0.7755541022696841, "8250077.01": -0.3870354625715263, "8250038.43": 0.27498189966163217, "8250038.4": -0.06720671518037288, "8250038.41": 1.1065056234118795, "8250075.02": -1.7258555511442866, "8250038.42": 0.6861662836368303, "8250075.01": -1.3980250004242663, "8250076.03": -1.2048042006272908, "8250038.39": 0.75695490802705, "8250038.35": 0.2824445539047903, "8250068.0": -1.2092866885660856, "8250061.0": -1.998541490258273, "8250076.01": -1.0929581170996883, "8250076.04": -1.057907753823433, "8250076.02": -0.8958942805991841, "8250076.05": -0.8497352341421235, "8250077.19": -0.1975469758985781, "8250076.09": -1.170843724605989, "8250076.06": -0.9448561388951215, "8250038.37": 4.484083075555423, "8250076.35": -2.2164434108992803, "8250051.0": -0.9067967790698354, "8250052.03": -3.4063811664443966, "8250050.07": -0.7856063499813005, "8250077.02": -0.8076441513589967, "8250050.18": 0.12318891061646753, "8250077.03": -0.822707658357679,