{"5052001.0": 3.8434951221645255, "5050200.01": 4.381945227920858, "5050151.09": 3.6921878098451244, "5050151.03": 1.5796093581625827, "5050300.02": 3.5503391631048618, "5050151.06": 0.03290866223055501, "5052002.0": 1.8008376813329505, "5051001.0": 2.9314280654764, "5051000.0": 4.435555954778286, "5050301.0": 3.564964966752983, "5050302.0": 2.8350667737793978, "5050850.0": 1.5707914475674967, "5050400.0": 3.3975921346476814, "5050200.02": 4.7369071384344705, "5050191.02": 2.093690992109824, "5050191.01": 0.7383306126291017, "5050190.02": 1.2544592007965694, "5050190.01": 1.7569110321938302, "5050126.08": -0.09240806112600256, "5050126.04": 1.460666341543105, "5050126.07": -0.40146873368395275, "5050151.04": -0.14483592140743884, "5050151.08": -0.10364207668698826, "5050151.11": 0.15422616014368146, "5050201.0": 0.667013396837076, "5050151.05": -1.0714745973647868, "5050141.25": -0.37515188588464704, "5050141.23": -0.1793085047455189, "5050141.26": -0.611923079975718, "5050141.24": -0.7648073260406972, "5050151.1": -0.5596856555537184, "5050162.04": -0.6819750011344863, "5050141.04": -0.6034760377146187, "5050141.14": 0.3403196756451711, "5050161.06": 0.06577149225300238, "5050162.02": -1.0379451917878046, "5050141.2": -0.7225673614608461, "5050161.05": -0.4246154198163984, "5050140.04": -0.6132518533005229, "5050140.05": -0.5216107727731826, "5050162.03": -0.6003437695610433, "5050300.01": 2.936621850101814, "5050161.03": -0.3158029943219754, "5050141.22": -0.8305895912558497, "5050160.15": -0.4994735432441083, "5050141.13": -0.5879328744918253, "5050160.05": -0.8673797362426156, "5050141.21": -0.6947588826556047, "5050161.04": -0.07259511969684798, "5050140.07": -0.6361518241798835, "5050140.06": -0.5041061678777061, "5050141.11": -0.574746256781684, "5050160.04": -0.43895941059524246, "5050141.17": -0.3841000348522176, "5050160.06": -0.7058051403858411, "5050141.1": -0.4862383866391821, "5050160.14": -0.14816049613353902, "5050140.03": -0.47140257363104215, "5050141.09": -0.43856989158736986, "5050141.16": -0.26377304110611227, "5050160.07": -0.8838039356720652, "5050160.02": -0.6430485818950966, "5050140.01": -0.45070617435488863, "5050141.18": -0.07207387323193748, "5050126.05": 0.020542238398374157, "5050136.02": 0.15872044802317115, "5050126.06": 0.02841852477430172, "5050136.01": 0.1607809952176433, "5050160.13": -0.5965188905677041, "5050141.19": -0.17697075898520473, "5050135.02": -0.07624702662959398, "5050160.12": -0.2378575609524259, "5050160.11": 0.21656152781757299, "5050135.03": -0.06970908946257885, "5050137.02": 0.11030237955294478, "5050135.01": -0.05829961116159957, "5050137.03": 0.41586815432648744, "5050137.04": 0.0945430606905394, "5050130.01": -0.4724975970380274, "5050027.0": 0.07835061460829143, "5050130.02": -0.1584334868795392, "5050137.05": 0.17146820625980788, "5050138.0": 0.15565284355185785, "5050139.0": -0.1239634792599727, "5050134.0": -0.2338221504700937, "5050026.0": -0.05106498393179974, "5050002.04": -0.843268558619316, "5050002.06": -0.9870205965180161, "5050028.0": -0.19316768495939504, "5050029.0": -0.2655277690583665, "5050133.0": -0.08094102476411849, "5050127.0": -0.8683022589878698, "5050182.0": 2.4397912947080296, "5050126.09": -0.32774194480047386, "5050123.04": -0.4281017364690667, "5050123.03": 0.01855277835469688, "5050001.06": 0.03566480092762285, "5050001.07": 0.41294118219089604, "5050001.08": 0.3127493143918689, "5050010.0": -0.2214445130283633, "5050131.01": -0.46394095146116715, "5050160.09": 1.1928845521848477, "5050024.0": -0.2031822034121919, "5050131.02": -0.5035180760300879, "5050023.01": -0.05489657934905941, "5050030.0": -0.5487116823573199, "5050123.01": -0.5270563397241769, "5050132.0": -0.2846374892258103, "5050002.05": -0.8433387359135124, "5050025.0": -0.38754405386247637, "5050811.01": -0.33068429055262843, "5050023.02": -0.09168407752757388, "5050002.01": -0.7855664305775425, "5050020.02": -0.6251195413049974, "5050002.02": -0.7121194435747907, "5050032.01": -0.5379010582026416, "5050031.0": -0.6704464109516729, "5050001.04": -0.5197097800105207, "5050022.0": -0.2742438609202625, "5050021.0": -0.0992010887564403, "5050032.02": -0.6984872205741237, "5050003.0": -0.4903474753221121, "5050001.1": -0.43986586927131255, "5050033.01": -0.5808562068499974, "5050020.01": -0.1714740667778129, "5050033.02": -0.4998394024807098, "5050822.09": 3.031762937315157, "5050001.05": -0.09446301198879983, "5050001.09": -0.22071110710060837, "5050004.0": -0.26581745838182264, "5050007.02": -0.17733587103607823, "5050005.0": -0.2094375020442501, "5050034.0": -0.30245494670027556, "5050044.0": -0.48983795688259196, "5050821.02": -0.9753730767186846, "5050045.02": -0.7965527023231415, "5050017.0": -0.04492626121382903, "5050007.03": -0.013149251102623164, "5050043.0": -0.3215286020144168, "5050006.0": 0.036589881376519945, "5050019.0": 0.14716794970457228, "5050035.0": -0.09930614964898075, "5050045.01": -0.6689278571673729, "5050008.0": -0.059955510536505066, "5050007.01": 0.04759003289912535, "5050016.0": 0.15939107653803886, "5050046.0": -0.4258087320891821, "5050042.0": -0.15008607273225988, "5050018.0": 0.23552679644678698, "5050036.0": 0.15825628752301832, "5050041.0": -0.1888303560577365, "5050039.0": 0.008182232844630084, "5050009.0": -0.17142617348224795, "5050047.0": -0.2859522485988423, "5050040.0": -0.06486451926004726, "5050011.04": -0.03219386185280375, "5050038.0": 0.0005142353196329283, "5050011.03": 0.12189398882776628, "5050015.0": 0.13667957068442865, "5050037.02": 0.015748669845101586, "5050037.01": -0.09355776138772542, "5050504.01": -0.4334638069633765, "5050049.0": -0.021699652790141216, "5050048.0": -0.21293567457817306, "5050011.01": -0.40037013143960887, "5050501.0": -0.28074538641212565, "5050014.0": 0.054176440861296256, "5050050.0": -0.16051283691766544, "5050051.0": -0.12304850365651866, "5050054.0": -0.30863421839657434, "5050013.0": -0.09837115411752488, "5050500.0": -0.32605838464131803, "5050052.0": -0.20050934501621853, "5050053.0": -0.2948428256723791, "5050012.0": -0.34869241665324147, "5050055.0": -0.5129242008031764, "5050056.0": -0.4167005388279525, "5050122.02": -0.7357438505157956, "5050101.0": -0.14621234015090276, "5050122.01": -0.5118229831261981, "5050100.0": -0.19870235991957094, "5050057.0": -0.4099210923300573, "5050104.0": -0.2921104427440708, "5050058.0": -0.5883524915619487, "5050102.0": -0.20781843958815208, "5050122.03": -0.6684398963855686, "5050061.0": -0.369380236010136, "5050125.03": -0.013798191458692445, "5050171.03": 1.0240359078934156, "5050125.02": -0.16662825475213666, "5050125.01": -0.3359959622562567, "5050121.02": -0.8165894635057266, "5050125.11": -0.2281977710065958, "5050125.1": -0.48096116723647875, "5050125.04": -0.6649688131151023, "5050125.09": -0.6322400913358591, "5050171.12": -0.48304347128909514, "5050103.0": -0.31455243268789534, "5050062.01": -0.5783738569907337, "5050060.0": -0.35788201583317036, "5050110.0": -0.5195708351316283, "5050059.0": -0.4710564757736085, "5050121.01": -0.8600191128216423, "5050600.0": -0.7184935072553224, "5050062.02": -0.4961851239791839, "5050120.01": -0.5254726016980685, "5050120.03": -0.603942614333813, "5050610.01": -0.8128307167317615, "5050120.02": -0.559447859811602, "5050171.11": -0.1682351482855377, "5050125.08": -0.5158799214848515, "5050125.07": -0.7938710217528838, "5050124.01": -0.9663356780861144, "5050171.13": 0.16463770286060836, "5050171.15": -0.37509451681524697, "5050170.05": -0.2737095943071978, "5050124.03": -0.9098138709635863, "5050125.05": -0.5638267058907079, "5050124.04": -0.7983139111462629, "5050171.14": 0.224914129374379, "5050170.04": -0.31125643462242564, "5050170.08": -0.19206898388884072, "5050171.07": 0.08355754065620152, "5050630.04": -0.8550051101319373, "5050171.06": 1.1641899395322899, "5050170.13": 0.27730222315073916, "5050170.09": -0.09557351079965519, "5050170.03": -0.26320260906986653, "5050124.02": -0.31103616872484235,