{"5052001.0": 1.3275846692327202, "5050200.01": 2.0890829774625654, "5050151.09": -0.25137710019343357, "5050151.03": -1.3064032939003054, "5050300.02": 1.2046883047669172, "5050151.06": -0.5911548733058328, "5052002.0": 0.44120215432499105, "5051001.0": -0.07892666174325032, "5051000.0": 2.4595840009155037, "5050301.0": 1.974102220988344, "5050302.0": -0.9156195988347494, "5050850.0": -0.05160991300592129, "5050400.0": 0.17762581858216606, "5050200.02": -0.7176852914182467, "5050191.02": 0.7086497497775119, "5050191.01": -0.2969994845354557, "5050190.02": -0.24062398521677214, "5050190.01": 0.09079989910934179, "5050126.08": -0.9583690379533205, "5050126.04": -1.0698198675459973, "5050126.07": -1.1805449359778706, "5050151.04": -1.0289470598404307, "5050151.08": -0.7790685918262639, "5050151.11": -0.8722768289124555, "5050201.0": -0.8727718095250825, "5050151.05": -0.8719305911559964, "5050141.25": -1.4724175085302609, "5050141.23": -0.8933196172989903, "5050141.26": -1.54268312112485, "5050141.24": -1.253849765419178, "5050151.1": -0.6637336392649301, "5050162.04": -0.5493737698866102, "5050141.04": -1.1087094678642773, "5050141.14": -0.7015800596638248, "5050161.06": -0.64822086773241, "5050162.02": -0.9619414061650668, "5050141.2": -1.3559831885533997, "5050161.05": -0.4463997781978323, "5050140.04": -1.2797956256848826, "5050140.05": -0.8295774775236996, "5050162.03": -0.9120770976659194, "5050300.01": -1.0480081677588675, "5050161.03": -1.0907565407319197, "5050141.22": -0.9672599666007907, "5050160.15": -0.46484884606317506, "5050141.13": -0.9213926338984891, "5050160.05": -0.2095110213778672, "5050141.21": -0.8689086850017159, "5050161.04": -0.8143608963534594, "5050140.07": -1.2968432675735522, "5050140.06": -1.4839146229725457, "5050141.11": -0.9494535670843524, "5050160.04": -0.5243545183561787, "5050141.17": -0.896478054436926, "5050160.06": -0.9962206104759515, "5050141.1": -1.0124324040475965, "5050160.14": -1.1250914197028838, "5050140.03": -0.9614850120443154, "5050141.09": -1.3745247332731652, "5050141.16": -0.8731925481587299, "5050160.07": -0.967503269375238, "5050160.02": -0.9524891464145302, "5050141.18": -0.8796193346341291, "5050126.05": -0.8839943656811795, "5050136.02": -0.6736554323471625, "5050126.06": -0.729699478518154, "5050136.01": 0.06637200968482247, "5050160.13": -1.3371195432791165, "5050141.19": -0.9727963866240769, "5050135.02": -0.7913405146531994, "5050160.12": -1.4808344562365579, "5050160.11": -1.764598535649162, "5050135.03": -0.17459738601940325, "5050137.02": -0.011223495908336135, "5050135.01": -0.21038755267668494, "5050137.03": 0.7360310598597765, "5050137.04": 0.6784771218291352, "5050130.01": -0.8440585785207326, "5050027.0": 0.6397902003983553, "5050130.02": -0.3688786107115871, "5050137.05": 0.10775076898392968, "5050138.0": 0.6128932827367266, "5050139.0": 0.2661474113985, "5050134.0": 0.548444998833912, "5050026.0": 0.5624173155625665, "5050002.04": -1.6753172931825266, "5050002.06": -1.1998984340747443, "5050028.0": 2.349413696860003, "5050029.0": 2.2251015015626145, "5050133.0": 0.9729708176050667, "5050127.0": -0.983420067922083, "5050182.0": 0.4784076616647086, "5050126.09": -1.027849584190475, "5050123.04": -0.2944642649403251, "5050123.03": 0.3171252403404356, "5050001.06": 0.15384489788859998, "5050001.07": 0.48183297142668435, "5050001.08": 0.8255399425352713, "5050010.0": 0.85381244142861, "5050131.01": -0.13660451318179306, "5050160.09": -0.4001209876503496, "5050024.0": 1.4273593904930135, "5050131.02": 1.5288456175650142, "5050023.01": 1.2987082533157708, "5050030.0": 2.2272149061956457, "5050123.01": -0.39591783893412813, "5050132.0": 1.1448766636076249, "5050002.05": -1.5387285868919889, "5050025.0": 1.6798692299110065, "5050811.01": -0.7801980385760693, "5050023.02": 2.5384494765058836, "5050002.01": -0.2715515245955882, "5050020.02": 1.0901491418559437, "5050002.02": -0.33398270701416133, "5050032.01": 1.3528375882959487, "5050031.0": 1.8228258474416574, "5050001.04": -0.08363045701584698, "5050022.0": 0.45365378814492624, "5050021.0": 1.5300953715041616, "5050032.02": 1.1538390515999544, "5050003.0": -0.054937752864318616, "5050001.1": 0.40640491807082146, "5050033.01": 0.04294604460502094, "5050020.01": 0.7557070388674785, "5050033.02": 0.26261503827267785, "5050822.09": -0.6913342129543897, "5050001.05": 0.7303250124395467, "5050001.09": 0.7218999070055324, "5050004.0": 0.28640377750444057, "5050007.02": 0.3594070885279052, "5050005.0": -0.05467974442955945, "5050034.0": 1.6654680438029266, "5050044.0": -0.38827085609764883, "5050821.02": -0.4280334358503943, "5050045.02": -0.7908234093909312, "5050017.0": 0.7730309875613568, "5050007.03": 0.7324120776392349, "5050043.0": 0.5898759651906327, "5050006.0": 0.9249924274827455, "5050019.0": 0.6218589162884944, "5050035.0": 0.28732829390993575, "5050045.01": 0.6080331097705616, "5050008.0": 0.15381428026184152, "5050007.01": 0.7019233575029555, "5050016.0": 0.472540637125622, "5050046.0": 0.5687971658262289, "5050042.0": 1.1532092970049164, "5050018.0": -0.1415528019413471, "5050036.0": 1.5117484073464853, "5050041.0": 0.9368528556252376, "5050039.0": 1.0947395841413037, "5050009.0": 0.77237005332233, "5050047.0": 1.69274539738064, "5050040.0": 1.4551013607020444, "5050011.04": 0.536674309154812, "5050038.0": 1.5853548781052573, "5050011.03": 0.9726879172434171, "5050015.0": 0.7512823813317229, "5050037.02": 1.7434704188786652, "5050037.01": 2.2229890525499165, "5050504.01": 0.10498719780305561, "5050049.0": 1.9848397725309672, "5050048.0": 0.8688734511082481, "5050011.01": 0.18737091905661504, "5050501.0": 0.759706645321549, "5050014.0": 2.1322360442252726, "5050050.0": 1.4751714286465454, "5050051.0": 0.42629671452566986, "5050054.0": 0.5326427517150853, "5050013.0": 1.4642387379773336, "5050500.0": -0.07543435650227986, "5050052.0": 1.3922785265773567, "5050053.0": 1.2934125513304495, "5050012.0": 1.7669722239401284, "5050055.0": 0.09890618684362792, "5050056.0": 0.05934318452816507, "5050122.02": 0.15375373985740853, "5050101.0": 1.458343550941387, "5050122.01": 1.4228832482584326, "5050100.0": 1.9323506279851999, "5050057.0": 0.9735441093818944, "5050104.0": 0.64086780490041, "5050058.0": -0.14656919146784317, "5050102.0": 2.139664040310419, "5050122.03": 0.36933977730981504, "5050061.0": 1.344828403745927, "5050125.03": -0.05254929917517775, "5050171.03": -0.8575721919118863, "5050125.02": -1.3787126791196047, "5050125.01": -1.1106642525067771, "5050121.02": -0.5940784880194053, "5050125.11": -1.134487001496519, "5050125.1": -1.0880321382919451, "5050125.04": -1.2868977687154886, "5050125.09": -1.1063405384744835, "5050171.12": -1.2286160269489617, "5050103.0": 0.4629933979632002, "5050062.01": 0.5087601353131979, "5050060.0": 0.8581256763908781, "5050110.0": 0.9551495328089931, "5050059.0": 0.11566672700586353, "5050121.01": -0.2991408603529177, "5050600.0": -0.6298616930259344, "5050062.02": 0.7055941370020765, "5050120.01": 0.07293996234078848, "5050120.03": -0.5515990928283734, "5050610.01": -0.4347450364415307, "5050120.02": -0.48865331835615283, "5050171.11": -1.0725247340285016, "5050125.08": -0.8478904579377206, "5050125.07": -1.0690926717563856, "5050124.01": -1.1117168190465863, "5050171.13": -0.9432697827258997, "5050171.15": -0.9707371180395773, "5050170.05": -0.7301229525644116, "5050124.03": -0.9645392984182025, "5050125.05": -0.8482412523002932, "5050124.04": -0.7006385697954802, "5050171.14": -0.9461345698939347, "5050170.04": -0.9535333810041374, "5050170.08": -0.6760600970962314, "5050171.07": -0.8462935404384713, "5050630.04": -0.0769733371990907, "5050171.06": 0.14198923045428424, "5050170.13": -0.7761501778894193, "5050170.09": -0.9784480239204623, "5050170.03": -0.5028666959743721, "5050124.02": -0.649350233062321, "5050170.12": -0.8278301977700724, "5050170.1": -0.5265045921806168, "5050181.02": -0.18612092461427235, "5050170.11": -0.7773397057216556, "5050170.01": -0.48225923076116195,