{"5052001.0": 1.5091831247071132, "5050200.01": 3.550924412937123, "5050151.09": 6.242404642877745, "5050151.03": -0.8462288649527651, "5050300.02": 1.6765658601299733, "5050151.06": 0.5089190852794486, "5052002.0": 0.48813545730632385, "5051001.0": -0.20949815163818272, "5051000.0": 1.846730676481531, "5050301.0": 2.0733584048059295, "5050302.0": 1.4759429570095288, "5050850.0": 0.40945458708717314, "5050400.0": 1.1982353295773283, "5050200.02": 7.674756353023756, "5050191.02": 2.0084042299227876, "5050191.01": 0.7696446018005925, "5050190.02": 0.7103872757065353, "5050190.01": 1.0083954505503736, "5050126.08": 0.2492946658032845, "5050126.04": 3.370776159606557, "5050126.07": -0.3991797811054742, "5050151.04": -0.48530856944510853, "5050151.08": 0.018031620588055654, "5050151.11": -0.15982425694202415, "5050201.0": 0.15466367111434265, "5050151.05": 0.2252604105302794, "5050141.25": -0.6974549330173528, "5050141.23": -0.30295234069122473, "5050141.26": -0.6091692879257393, "5050141.24": -0.5528347378116262, "5050151.1": 0.4028888052533571, "5050162.04": 0.4454193640264957, "5050141.04": -0.6698714273439245, "5050141.14": 1.6493131002593553, "5050161.06": 0.714333863398867, "5050162.02": -0.21254026338142384, "5050141.2": -0.6204283762888917, "5050161.05": 0.9505108667128835, "5050140.04": -0.7445788765114608, "5050140.05": -0.42883738132752447, "5050162.03": -0.5456956005757583, "5050300.01": 5.214261865974676, "5050161.03": -0.46204868723964554, "5050141.22": -1.1865835517883248, "5050160.15": 0.32313067550528857, "5050141.13": -0.24300587712019428, "5050160.05": -0.2531829429823963, "5050141.21": -0.40907549919941943, "5050161.04": 0.16009147748576347, "5050140.07": -0.6578655655300374, "5050140.06": -0.9425143507148739, "5050141.11": -0.6142282994368483, "5050160.04": -0.682456395240934, "5050141.17": 0.19058468456429323, "5050160.06": -0.586895329924435, "5050141.1": -0.2453285761429974, "5050160.14": 0.023108379677216094, "5050140.03": -0.47423687879402104, "5050141.09": -0.4073822757031594, "5050141.16": -0.20222332019869016, "5050160.07": -0.6195166520260357, "5050160.02": -0.462501088051724, "5050141.18": -0.031205899435594344, "5050126.05": -0.14068202892019888, "5050136.02": -0.743061601110426, "5050126.06": 0.5549863646618578, "5050136.01": -0.422509134784061, "5050160.13": -0.4661325980768245, "5050141.19": 0.06432195914679698, "5050135.02": -0.6566113801074988, "5050160.12": -0.3025249316122165, "5050160.11": 0.734875061921142, "5050135.03": 0.2057466983248632, "5050137.02": -0.15608164857498674, "5050135.01": -0.23552767454802953, "5050137.03": -0.00816576248919098, "5050137.04": 0.4683308069045599, "5050130.01": -0.5802161304629744, "5050027.0": 0.154818356968479, "5050130.02": 0.03398122754613429, "5050137.05": 0.26130335963717755, "5050138.0": -0.23021657033719006, "5050139.0": -0.4747418218945756, "5050134.0": 0.45787959886274454, "5050026.0": 0.09540492428154705, "5050002.04": -1.1188245303048907, "5050002.06": -1.3067847763794618, "5050028.0": 0.47065926931712687, "5050029.0": 0.6455552767079412, "5050133.0": 0.4043859934869472, "5050127.0": -0.7331622190351104, "5050182.0": 1.243291951153396, "5050126.09": -0.027369573948675393, "5050123.04": -0.454396506127257, "5050123.03": 0.19203112381414503, "5050001.06": 0.16415705947483042, "5050001.07": 0.7543942326487156, "5050001.08": 0.4246022332584864, "5050010.0": 0.1413565856017557, "5050131.01": -0.35006550041804174, "5050160.09": 0.38216529414765465, "5050024.0": 0.554721478012357, "5050131.02": 0.04950334184688764, "5050023.01": 0.24288080748233762, "5050030.0": 0.16510717104186723, "5050123.01": -0.5484469087067857, "5050132.0": 0.14206059999587706, "5050002.05": -1.2311553803929025, "5050025.0": 0.10335398298554173, "5050811.01": -0.43332214457832596, "5050023.02": 0.7055431767571838, "5050002.01": -0.8253418248756348, "5050020.02": -0.13922704249122833, "5050002.02": -0.8390753975204813, "5050032.01": 0.17806833723643642, "5050031.0": 0.046851894933397684, "5050001.04": -0.4452939967971414, "5050022.0": -0.11029656415862635, "5050021.0": 0.23907368772038184, "5050032.02": -0.2227242815160165, "5050003.0": -0.5082288206096733, "5050001.1": -0.32140581388394207, "5050033.01": -0.122148583630871, "5050020.01": 0.006079690405452644, "5050033.02": -0.30270287696269066, "5050822.09": -0.2024000586410112, "5050001.05": -0.09367707004894577, "5050001.09": -0.09413529371377594, "5050004.0": -0.1095012361997402, "5050007.02": 0.02863442383017873, "5050005.0": -0.3031400787392175, "5050034.0": 0.008929891892847054, "5050044.0": -0.40008364382728834, "5050821.02": -0.6087190223714334, "5050045.02": -0.6792657011684298, "5050017.0": 0.26430216886847513, "5050007.03": 0.172844729833198, "5050043.0": -0.3280138800374321, "5050006.0": 0.17607073095634337, "5050019.0": 0.2924410238348891, "5050035.0": -0.07853616971295603, "5050045.01": -0.2372037795932899, "5050008.0": -0.19208332692685262, "5050007.01": 0.18240595887326377, "5050016.0": 0.4220075415977286, "5050046.0": -0.4542631669932559, "5050042.0": -0.002238182765562285, "5050018.0": 0.35166393507573823, "5050036.0": 0.41867310451347245, "5050041.0": -0.06036202432755229, "5050039.0": 0.2511245147401637, "5050009.0": -0.06294036666583602, "5050047.0": -0.07588844558867588, "5050040.0": 0.22305067683997207, "5050011.04": 0.04541556273900846, "5050038.0": 0.18713684705726563, "5050011.03": 0.3906728204732638, "5050015.0": -0.07691288689059833, "5050037.02": 0.48424093007316105, "5050037.01": 0.43689842006198365, "5050504.01": -0.8462447946645798, "5050049.0": 0.23887068129804556, "5050048.0": -0.41853039288013344, "5050011.01": -0.5280404346537924, "5050501.0": -0.5866990408768523, "5050014.0": 0.3630384580624107, "5050050.0": 0.028898461445002376, "5050051.0": -0.5444762718903651, "5050054.0": -0.608603030903742, "5050013.0": 0.0748939077047249, "5050500.0": -0.8565913890111103, "5050052.0": -0.32506896626006515, "5050053.0": -0.4201578289372596, "5050012.0": 0.18201219301611923, "5050055.0": -0.8252879985363407, "5050056.0": -0.6898957506597835, "5050122.02": -0.8650548246843206, "5050101.0": -0.246719803429975, "5050122.01": 0.24452170439524606, "5050100.0": -0.06623328939435162, "5050057.0": -0.4077878222127528, "5050104.0": -0.616386722101982, "5050058.0": -1.0278660639684123, "5050102.0": -0.17492705901999406, "5050122.03": -0.6682502896328422, "5050061.0": -0.34816210109760715, "5050125.03": 0.18859766953647392, "5050171.03": 1.8215013302668772, "5050125.02": -1.2427707135013666, "5050125.01": -1.6782748992499241, "5050121.02": -0.8380572818823236, "5050125.11": -0.2526322065140702, "5050125.1": -0.48265085465325547, "5050125.04": -0.8781159319399354, "5050125.09": -0.1302712768617567, "5050171.12": -0.30034767403194845, "5050103.0": -0.702548462880688, "5050062.01": -0.6341422079060346, "5050060.0": -0.4388380648085032, "5050110.0": -0.4700675677847539, "5050059.0": -0.8899533176625241, "5050121.01": -0.8840041028133078, "5050600.0": -0.9760164022048055, "5050062.02": -0.4273170378810785, "5050120.01": -0.37834129882836753, "5050120.03": -0.9786453296446744, "5050610.01": -0.945950746330134, "5050120.02": -1.0887453697780913, "5050171.11": -0.45091238782408494, "5050125.08": 0.05595003409504519, "5050125.07": -0.7621678831024856, "5050124.01": -1.1008626845561271, "5050171.13": -0.0499897973259474, "5050171.15": -0.10398449852557046, "5050170.05": 0.16086650949709322, "5050124.03": -1.0769322174409894, "5050125.05": -0.22625681295517805, "5050124.04": -0.8235121729094792, "5050171.14": -0.15093085053054328, "5050170.04": -0.40842723132197917, "5050170.08": 0.1268752068338981, "5050171.07": 0.037106269018334886, "5050630.04": -1.29725087070547, "5050171.06": 0.26763399078385386, "5050170.13": 0.08867996702441049, "5050170.09": -0.27562604420368403, "5050170.03": -0.26048877591704495, "5050124.02": -0.372905311776639, "5050170.12": -0.016410222456946386, "5050170.1": -0.3112753719111452, "5050181.02": 0.5641771749554335,