{"5052001.0": 1.6407167849810507, "5050200.01": 3.008818750041707, "5050151.09": 5.4067702602168035, "5050151.03": -1.1363497269273246, "5050300.02": 2.0312463126428817, "5050151.06": 0.8981934987481499, "5052002.0": 0.9529283444465528, "5051001.0": -0.4341356524004439, "5051000.0": 3.140304567068989, "5050301.0": 1.9195322696318868, "5050302.0": 1.7377245457702328, "5050850.0": -0.024824934562867156, "5050400.0": -0.24412529957256027, "5050200.02": 6.358474254895371, "5050191.02": 1.8399852512516996, "5050191.01": 0.6876150623798362, "5050190.02": 1.0830185074074474, "5050190.01": 0.8585700852421801, "5050126.08": 1.1841159478621077, "5050126.04": 2.717939267871778, "5050126.07": 0.7265026826789052, "5050151.04": -0.6065660908828405, "5050151.08": 0.4894428229828631, "5050151.11": -0.025619283188985313, "5050201.0": 0.3007498366391746, "5050151.05": 0.9142785028956245, "5050141.25": -0.1524312081646959, "5050141.23": -0.02810674331401535, "5050141.26": 0.1529372319231931, "5050141.24": 0.07038533491929679, "5050151.1": 1.3871767221072833, "5050162.04": 1.4652631200678221, "5050141.04": 0.2488436038196582, "5050141.14": 1.780990406828659, "5050161.06": 1.137854318517472, "5050162.02": 1.1255510380987659, "5050141.2": 0.12277981929076756, "5050161.05": 2.1723873697739204, "5050140.04": -0.024644765931458305, "5050140.05": -0.0382466662270581, "5050162.03": 0.36681287834825177, "5050300.01": 4.2863610329022555, "5050161.03": -0.008659179281653925, "5050141.22": -0.6401230154329666, "5050160.15": 1.2634247724008993, "5050141.13": 0.5549738068029179, "5050160.05": 0.9131936639743485, "5050141.21": 0.08097491738306781, "5050161.04": 0.530051043750423, "5050140.07": -0.40332521697721035, "5050140.06": -0.6951882526017262, "5050141.11": 0.028415721187685237, "5050160.04": -0.1829834004010786, "5050141.17": 0.4824033769756563, "5050160.06": -0.025272889796245267, "5050141.1": -0.06873950820152151, "5050160.14": 0.22773794547870463, "5050140.03": 0.07986726452425831, "5050141.09": -0.590007092715504, "5050141.16": 0.10930154788849367, "5050160.07": -0.03753395976116066, "5050160.02": 0.1943649386739169, "5050141.18": -0.28745880047331296, "5050126.05": 0.1442144533274158, "5050136.02": -0.6079245470392782, "5050126.06": 1.3106858363703633, "5050136.01": -0.30167550427202594, "5050160.13": -0.07978264911604999, "5050141.19": -0.31789446666258936, "5050135.02": -0.793971495353232, "5050160.12": -0.20120504958820007, "5050160.11": 0.7350430385549184, "5050135.03": -0.3777461751651439, "5050137.02": -0.25038654684358275, "5050135.01": -0.49735267205017397, "5050137.03": -0.31491425179912813, "5050137.04": 0.27193547152091846, "5050130.01": -0.6538902436159584, "5050027.0": -0.2805710926655248, "5050130.02": -0.29865370596882157, "5050137.05": -0.19440013998764177, "5050138.0": -0.26412403996185185, "5050139.0": -0.4576471551174533, "5050134.0": 0.03414080268997548, "5050026.0": 0.0003381107072991671, "5050002.04": -1.0090277336657134, "5050002.06": -0.49825431562729955, "5050028.0": 0.4584238162753262, "5050029.0": 0.40103636132488585, "5050133.0": 0.06644749969448283, "5050127.0": 0.015539948971203418, "5050182.0": 0.8911640286078594, "5050126.09": 1.1754824249169868, "5050123.04": -0.3158758442881325, "5050123.03": 0.8138797240795652, "5050001.06": 0.3099915956307248, "5050001.07": 1.1775434950552994, "5050001.08": 0.49393700141288627, "5050010.0": -0.10160546538204106, "5050131.01": -0.728484464081283, "5050160.09": 0.26855417534680537, "5050024.0": 0.2915587191996817, "5050131.02": -0.2226866682655496, "5050023.01": -0.36583220479402717, "5050030.0": 0.7948045777252293, "5050123.01": 0.018104786974612243, "5050132.0": -0.10923049788397077, "5050002.05": -0.8295296694184155, "5050025.0": -0.07714492779011951, "5050811.01": -0.7442927324551281, "5050023.02": 0.18797471642087274, "5050002.01": -0.6688447984833353, "5050020.02": -0.34252446466763675, "5050002.02": -0.6000630786705903, "5050032.01": -0.10779505914568678, "5050031.0": -0.1361915743270804, "5050001.04": -0.2772365975264574, "5050022.0": -0.4461578361568671, "5050021.0": -0.3139208830814153, "5050032.02": -0.0026396971477723958, "5050003.0": -0.6497370517353596, "5050001.1": -0.6565904512784477, "5050033.01": -0.43752835049107724, "5050020.01": -0.4996274887094988, "5050033.02": -0.4868844842979858, "5050822.09": 0.011839358820874573, "5050001.05": -0.5252909646638705, "5050001.09": -0.6758701045621791, "5050004.0": -0.4143027359298728, "5050007.02": -0.4536372500434614, "5050005.0": -0.9221797315286014, "5050034.0": -0.3065672488169066, "5050044.0": -0.46109350821176476, "5050821.02": -0.0928242204154774, "5050045.02": -0.7661868549342103, "5050017.0": -0.2084306723900346, "5050007.03": -0.7763189596529664, "5050043.0": -0.8760610971321164, "5050006.0": -0.6006376147827737, "5050019.0": -0.3678875261155743, "5050035.0": -0.6747911208275902, "5050045.01": -0.31431175446348836, "5050008.0": -0.651121404838273, "5050007.01": -0.4314486854265431, "5050016.0": -0.3337882469322533, "5050046.0": -0.6337069599712775, "5050042.0": -0.5758471006524544, "5050018.0": -0.31977923940888575, "5050036.0": -0.6972396519890395, "5050041.0": -1.0878497723190865, "5050039.0": -1.2787386650108346, "5050009.0": -0.6478065448942302, "5050047.0": -0.7109899497080686, "5050040.0": -0.8671448753227374, "5050011.04": -0.6968328782824689, "5050038.0": -1.140966743371727, "5050011.03": -0.12601232654443462, "5050015.0": -0.885184455774006, "5050037.02": -0.8195797381327657, "5050037.01": -1.0359940136779935, "5050504.01": -1.3724178808731708, "5050049.0": -1.0537252396637506, "5050048.0": -1.5337855132268818, "5050011.01": -0.3217162621787418, "5050501.0": -1.0843045509064595, "5050014.0": -0.19162853467628552, "5050050.0": -0.8960012695705218, "5050051.0": -1.417502527374331, "5050054.0": -1.3754623165411695, "5050013.0": -0.36510957482616274, "5050500.0": -1.68200741615223, "5050052.0": -0.8397902367888623, "5050053.0": -1.0003154479707626, "5050012.0": 0.6892561752335377, "5050055.0": -1.061629419725754, "5050056.0": -1.0262581075220616, "5050122.02": -0.10439188603023558, "5050101.0": -0.690817764231681, "5050122.01": 1.0565597292395614, "5050100.0": 0.07722931653793741, "5050057.0": -0.5133245419419202, "5050104.0": -0.8570150563705701, "5050058.0": -1.045019005967444, "5050102.0": -0.5661847286908632, "5050122.03": 0.2528609924228126, "5050061.0": -0.2568312273226749, "5050125.03": 0.43843054539538234, "5050171.03": 2.026436818181575, "5050125.02": -1.86929636058361, "5050125.01": -1.3376473080767546, "5050121.02": 0.15148135281571493, "5050125.11": 0.63539094769418, "5050125.1": -0.10185224172090306, "5050125.04": -0.40131393472456284, "5050125.09": -0.19343990325856567, "5050171.12": 0.08689153052690944, "5050103.0": -1.0623313596348618, "5050062.01": -0.130558350031528, "5050060.0": -0.4747406248324932, "5050110.0": -0.33448828583064555, "5050059.0": -1.0787285509560327, "5050121.01": -0.37067198818499775, "5050600.0": -0.21832931940083136, "5050062.02": -0.1084912178284776, "5050120.01": 0.01163754540941285, "5050120.03": -0.7070380065195357, "5050610.01": 0.0010346819040195478, "5050120.02": -0.9145871881693699, "5050171.11": 0.10862789923243947, "5050125.08": 0.5865805945378519, "5050125.07": -0.36425560721447975, "5050124.01": -0.6620243655839246, "5050171.13": 0.23089480769319856, "5050171.15": 0.5541630368978268, "5050170.05": 0.2778423908043259, "5050124.03": -0.3035658634509315, "5050125.05": 0.19948288594236827, "5050124.04": -0.5053021268723465, "5050171.14": -0.03902203331717099, "5050170.04": -0.6878038250104547, "5050170.08": 0.37411473805548956, "5050171.07": -0.020698569642725012, "5050630.04": -0.80613397774775, "5050171.06": 0.39266184841586516, "5050170.13": -0.29301616476580694, "5050170.09": -0.5718524703386472, "5050170.03": -0.22082468879399678, "5050124.02": -0.325118606925982, "5050170.12": -0.4910696900265312, "5050170.1": -0.2511492828615416, "5050181.02": 0.7471371858985315,