{"5052001.0": 1.3399879962185095, "5050200.01": 3.1221767935718354, "5050151.09": 3.096219460858048, "5050151.03": -0.4546222474757873, "5050300.02": 1.2157466203698188, "5050151.06": 0.5669466383557599, "5052002.0": 0.5185551928253654, "5051001.0": -1.0047135562631204, "5051000.0": 1.7198092638918387, "5050301.0": 0.9681941388932458, "5050302.0": 0.7023817886637307, "5050850.0": -0.474329558596574, "5050400.0": -0.41281669194243287, "5050200.02": 3.940726145413882, "5050191.02": 2.1901906289931135, "5050191.01": 0.8966757327847242, "5050190.02": 0.7579405572815914, "5050190.01": 0.8823738562909559, "5050126.08": 1.358165869019229, "5050126.04": 1.6409992121351604, "5050126.07": 0.4729731536351532, "5050151.04": -0.5848609202252515, "5050151.08": 0.22125481212760256, "5050151.11": -0.3427449605335589, "5050201.0": 0.2999025420916984, "5050151.05": 0.4256336899787125, "5050141.25": -0.04597080262324645, "5050141.23": -0.03601384427112663, "5050141.26": 0.5719271354776646, "5050141.24": 0.3173516666624396, "5050151.1": 0.7735446615445845, "5050162.04": 1.067703258607189, "5050141.04": 0.21510411162258997, "5050141.14": 1.1538008193908071, "5050161.06": 0.2829859768070964, "5050162.02": 0.5254894114339098, "5050141.2": 0.19118591453832273, "5050161.05": 1.4961038132450573, "5050140.04": -0.3894010063016231, "5050140.05": 0.25391617762121144, "5050162.03": 0.3189173348849453, "5050300.01": 2.1435836670050583, "5050161.03": -0.45761567345804116, "5050141.22": -0.4517787687119786, "5050160.15": 0.5318441589627618, "5050141.13": 0.6651079902516599, "5050160.05": 0.4740040928309266, "5050141.21": 0.6774904619163343, "5050161.04": 0.08164927658361862, "5050140.07": -0.5114793584703239, "5050140.06": -0.5617932926045727, "5050141.11": -0.023543625893498087, "5050160.04": -0.1281410124738537, "5050141.17": 0.8417330629032916, "5050160.06": -0.5389807400343899, "5050141.1": 0.6721559814487242, "5050160.14": -0.39913637147522124, "5050140.03": -0.0524149393826409, "5050141.09": -0.2802932689402023, "5050141.16": 0.29566702905648595, "5050160.07": -0.5353164570419716, "5050160.02": -0.33978676434610916, "5050141.18": 0.3453235380011915, "5050126.05": 0.0091584968036396, "5050136.02": -0.7368635945335797, "5050126.06": 1.103447532281865, "5050136.01": -0.3321055414395029, "5050160.13": -0.7242037358524582, "5050141.19": 0.0217772045162432, "5050135.02": -0.14814066529821096, "5050160.12": -0.4564551914022084, "5050160.11": 0.051386245999351564, "5050135.03": 1.0256293941689554, "5050137.02": 0.1925528845203797, "5050135.01": 0.26674375406222395, "5050137.03": 0.3406481715278327, "5050137.04": 1.0648723181782977, "5050130.01": -0.12794224949431382, "5050027.0": 0.43069625872161676, "5050130.02": 1.271477730081421, "5050137.05": 1.3476522263154724, "5050138.0": -0.2898229554626014, "5050139.0": 0.08714490606986511, "5050134.0": 1.5917806288666592, "5050026.0": 0.44546912247113185, "5050002.04": -0.9930730113810821, "5050002.06": -0.4461512648355042, "5050028.0": 0.9298225143052266, "5050029.0": 1.2331565114006324, "5050133.0": 1.0920203840632612, "5050127.0": 0.2644692530676586, "5050182.0": 0.8779981159951338, "5050126.09": 0.976724353029389, "5050123.04": 0.5368894118480054, "5050123.03": 1.164950624701371, "5050001.06": 0.5812548587472772, "5050001.07": 1.048093920832978, "5050001.08": 0.852464281935447, "5050010.0": 0.688572196068928, "5050131.01": 0.7821287186082294, "5050160.09": -0.26936368493212526, "5050024.0": 1.7977327916122479, "5050131.02": 0.8994813312212262, "5050023.01": 1.1049381616412488, "5050030.0": 0.6283995720147593, "5050123.01": 0.31169001656347944, "5050132.0": 1.2258839088626174, "5050002.05": -1.061360761548844, "5050025.0": -0.35468044863520776, "5050811.01": -0.4634008994656323, "5050023.02": 2.084800834629165, "5050002.01": -0.4979543825784495, "5050020.02": 0.5401441705225755, "5050002.02": 0.2711750693456051, "5050032.01": -0.4594074362829278, "5050031.0": -0.29282051241903667, "5050001.04": 0.26587832334831873, "5050022.0": -0.15565723967603512, "5050021.0": 0.6169125343987696, "5050032.02": -0.9991650756049277, "5050003.0": -0.2972539034494787, "5050001.1": 0.013821359535223503, "5050033.01": -1.0700969034406624, "5050020.01": -0.3602740168782255, "5050033.02": -0.8230567901744553, "5050822.09": -0.05175041182350359, "5050001.05": 0.37480851005312754, "5050001.09": 0.23914206658742362, "5050004.0": -0.34977283861887726, "5050007.02": 0.07496730109213358, "5050005.0": -0.43790475943197177, "5050034.0": -0.15480168777139014, "5050044.0": -1.6028104438147786, "5050821.02": -1.26373377895377, "5050045.02": -1.539961994801825, "5050017.0": -0.510942291186903, "5050007.03": 0.07065776824321379, "5050043.0": -1.3198730083392225, "5050006.0": -0.29306714823265034, "5050019.0": -0.885163931865682, "5050035.0": -1.0599942140232026, "5050045.01": -1.0446623149663086, "5050008.0": -0.6531317835648994, "5050007.01": 0.16005220685047242, "5050016.0": -0.8515744535648592, "5050046.0": -1.2780604779237839, "5050042.0": -1.2079276181886713, "5050018.0": -1.295554211493641, "5050036.0": -1.5655425755215804, "5050041.0": -1.601760153431397, "5050039.0": -1.6296504557841707, "5050009.0": 0.02977248762674383, "5050047.0": -1.2817242804982976, "5050040.0": -1.4509757526514078, "5050011.04": -0.5810483678136431, "5050038.0": -1.788046588609061, "5050011.03": -0.3599004571731673, "5050015.0": -1.5951620486399283, "5050037.02": -1.6162457009061622, "5050037.01": -2.034820955719752, "5050504.01": -1.6859202645997287, "5050049.0": -1.7783653101290386, "5050048.0": -2.0090638694589877, "5050011.01": -0.18940236867803115, "5050501.0": -1.9159805887613648, "5050014.0": -1.064268182499068, "5050050.0": -1.6349194248156178, "5050051.0": -1.7622012813513532, "5050054.0": -1.9158724599220647, "5050013.0": -0.3349485571476158, "5050500.0": -2.151052935871079, "5050052.0": -1.4785180227012442, "5050053.0": -1.7712868966850654, "5050012.0": 1.801739796771396, "5050055.0": -1.8878460862642992, "5050056.0": -1.7447775127330842, "5050122.02": 0.36507441563767196, "5050101.0": -0.85846773494941, "5050122.01": 2.0327430377348357, "5050100.0": 0.29280749162399133, "5050057.0": -1.1881855635068905, "5050104.0": -1.2818992540527627, "5050058.0": -1.4683248693967201, "5050102.0": -0.15113996705956467, "5050122.03": 1.3335758706454284, "5050061.0": 0.18191551164945366, "5050125.03": 0.7192473305275675, "5050171.03": 1.4615613136108487, "5050125.02": -1.5466210863086847, "5050125.01": -1.4063889333056436, "5050121.02": 0.7939394147810316, "5050125.11": 0.43509556892565165, "5050125.1": -0.01641793717385474, "5050125.04": -0.2886619988979998, "5050125.09": 0.15507735764827768, "5050171.12": 0.1699933100449606, "5050103.0": -1.4625069508729012, "5050062.01": 0.27969574008209364, "5050060.0": -0.03684095705862527, "5050110.0": -1.0038820747168418, "5050059.0": -1.2767001604475605, "5050121.01": 0.01532835492776947, "5050600.0": -1.2704605375763296, "5050062.02": 0.3551816588551481, "5050120.01": 0.7368995626482987, "5050120.03": 0.08612883190732777, "5050610.01": 0.7721847086645989, "5050120.02": -0.40206129469511076, "5050171.11": -0.07763486968351418, "5050125.08": 0.4465935170642098, "5050125.07": -0.07209340308549965, "5050124.01": -0.4237933336910665, "5050171.13": 0.14729211509079754, "5050171.15": 0.3522264478851627, "5050170.05": 0.519486575622994, "5050124.03": -0.17762229044833563, "5050125.05": 0.5384190065221761, "5050124.04": -0.5427966306071467, "5050171.14": -0.1423431512672608, "5050170.04": -0.35675237220714245, "5050170.08": 0.5285265139299098, "5050171.07": -0.09507819936864802, "5050630.04": -0.45036775542907725, "5050171.06": 0.24111162110751758, "5050170.13": -0.4265002185616401, "5050170.09": -0.4371583628967195, "5050170.03": 0.07724655232221393, "5050124.02": -0.18924632925556464, "5050170.12": -0.1288603799374319, "5050170.1": -0.056057995828065185, "5050181.02": 1.7181910444556672, "5050170.11": -0.19161118138173328, "5050170.01": -0.2562973079747012,