{"5052001.0": 2.09806117855083, "5050200.01": 4.455266094868075, "5050151.09": 4.9061645748243565, "5050151.03": -0.8297852835406894, "5050300.02": 2.2427220563945363, "5050151.06": 0.5062448936484457, "5052002.0": 0.8787380385573036, "5051001.0": -0.0012570843524214164, "5051000.0": 2.5525211475069485, "5050301.0": 2.8608803084777454, "5050302.0": 1.056244311954912, "5050850.0": 0.6663361325423385, "5050400.0": 1.7229599441889167, "5050200.02": 5.7589776411029385, "5050191.02": 2.5076971845460347, "5050191.01": 1.0111986145314598, "5050190.02": 0.9081972499602826, "5050190.01": 1.2772992612103737, "5050126.08": 0.16452223954424047, "5050126.04": 2.1954211309594314, "5050126.07": -0.5194043877051433, "5050151.04": -0.5760476251368631, "5050151.08": 0.05403678437504394, "5050151.11": -0.10297975267291393, "5050201.0": 0.21661177227439443, "5050151.05": 0.2341688194410657, "5050141.25": -0.8866305252644853, "5050141.23": -0.32798089396610813, "5050141.26": -0.7463923960777205, "5050141.24": -0.6823887108590478, "5050151.1": 0.3428168578743619, "5050162.04": 0.4993647137314751, "5050141.04": -0.8466479416728004, "5050141.14": 1.0389778470574467, "5050161.06": 0.8323201988648231, "5050162.02": -0.3999579425939063, "5050141.2": -0.8995216533824046, "5050161.05": 1.0456787482807248, "5050140.04": -0.9237845061987147, "5050140.05": -0.6131200489811867, "5050162.03": -0.7400414262252469, "5050300.01": 3.6604871368166503, "5050161.03": -0.38795366069106196, "5050141.22": -1.5071302820299597, "5050160.15": 0.4443127720514334, "5050141.13": -0.5071099247427181, "5050160.05": -0.39873690122182204, "5050141.21": -0.73578748871766, "5050161.04": 0.1768505524467135, "5050140.07": -0.7514534939459254, "5050140.06": -1.1463923811251906, "5050141.11": -0.8538373718766009, "5050160.04": -0.5896585443559984, "5050141.17": 0.05732650951269523, "5050160.06": -1.0069234674621605, "5050141.1": -0.5366119670615863, "5050160.14": -0.044474571829092126, "5050140.03": -0.601388550061713, "5050141.09": -0.54796259497227, "5050141.16": -0.38544664536569045, "5050160.07": -0.8218321331421699, "5050160.02": -0.44296186744033905, "5050141.18": -0.1060972022033127, "5050126.05": -0.22108450402291674, "5050136.02": -0.9467108580155866, "5050126.06": 0.5179716096253666, "5050136.01": -0.5856932968701893, "5050160.13": -0.6677598645263426, "5050141.19": -0.07161382121415279, "5050135.02": -0.7681092728200587, "5050160.12": -0.3669500153404611, "5050160.11": -0.11269704568926585, "5050135.03": 0.0451758697788352, "5050137.02": -0.15711308163648802, "5050135.01": -0.3973605924931491, "5050137.03": -0.05756440225621654, "5050137.04": 0.40106461366065027, "5050130.01": -0.7765478813392579, "5050027.0": 0.28313813293124496, "5050130.02": -0.06617121699790271, "5050137.05": 0.3698983711333116, "5050138.0": -0.07854613840651685, "5050139.0": -0.3928205310122834, "5050134.0": 0.26864253906495467, "5050026.0": 0.12886705077108093, "5050002.04": -1.2751150829936582, "5050002.06": -1.6498509211895624, "5050028.0": 0.7414071219903887, "5050029.0": 0.9430024906563594, "5050133.0": 0.4505551477730118, "5050127.0": -1.14532599325014, "5050182.0": 1.6324554112743792, "5050126.09": -0.16799091073044684, "5050123.04": -0.7487993153156812, "5050123.03": -0.16793425708336354, "5050001.06": -0.10687538420414014, "5050001.07": 0.5861850656170726, "5050001.08": 0.5031653422541772, "5050010.0": 0.3574206093977119, "5050131.01": -0.2721303736909943, "5050160.09": 0.5975479861232169, "5050024.0": 0.7493334315900919, "5050131.02": -0.08326130574716678, "5050023.01": 0.658646597564929, "5050030.0": 0.32801478763689196, "5050123.01": -1.070589165912565, "5050132.0": 0.20075450790937846, "5050002.05": -1.4778280893236453, "5050025.0": 0.4855946488787016, "5050811.01": -0.2699671797628125, "5050023.02": 1.1791881448778951, "5050002.01": -1.0371509955398952, "5050020.02": -0.17625922751169443, "5050002.02": -1.1905450154607402, "5050032.01": 0.2688231657310837, "5050031.0": 0.3928800055296741, "5050001.04": -0.7080411932520884, "5050022.0": 0.16696367352000124, "5050021.0": 0.5760552593704392, "5050032.02": 0.011782363087846838, "5050003.0": -0.45440025946441204, "5050001.1": -0.35389329493945454, "5050033.01": 0.11120106741431644, "5050020.01": 0.33492677516209346, "5050033.02": 0.024118715755762868, "5050822.09": -0.005426056106390075, "5050001.05": -0.1919297191259727, "5050001.09": -0.10986640095576354, "5050004.0": 0.08603889288538752, "5050007.02": 0.17089684473124037, "5050005.0": -0.15768574374269523, "5050034.0": 0.495645522658843, "5050044.0": -0.1282194576456391, "5050821.02": -0.5610839697471197, "5050045.02": -0.6793629056678341, "5050017.0": 0.6076162424849565, "5050007.03": 0.4761620153694301, "5050043.0": 0.12381816487241247, "5050006.0": 0.4760208403808536, "5050019.0": 0.6158631856385429, "5050035.0": 0.32321215552032484, "5050045.01": -0.05802368284635014, "5050008.0": -0.05424689187772189, "5050007.01": 0.5225549303211836, "5050016.0": 0.8343564361307921, "5050046.0": -0.19985091198352645, "5050042.0": 0.6135223166046093, "5050018.0": 0.7603931466399709, "5050036.0": 1.082733949297938, "5050041.0": 0.2365888856863777, "5050039.0": 0.8167710650196992, "5050009.0": 0.26250102134513237, "5050047.0": -0.009863500980043287, "5050040.0": 0.557628358512022, "5050011.04": 0.23443543933097363, "5050038.0": 0.6711486791587713, "5050011.03": 0.8086671871717226, "5050015.0": 0.4243690026886303, "5050037.02": 1.0658162524619443, "5050037.01": 0.7927852280562238, "5050504.01": -0.7157508491179753, "5050049.0": 0.6614505564703321, "5050048.0": -0.14757402006971818, "5050011.01": -0.501908250381671, "5050501.0": -0.8645791626899394, "5050014.0": 0.8909312869769753, "5050050.0": 0.1470206233437986, "5050051.0": -0.23259621731391303, "5050054.0": -0.6814769102134903, "5050013.0": 0.3810986433777055, "5050500.0": -1.1391394640350894, "5050052.0": -0.023480982152102082, "5050053.0": -0.10134308810179725, "5050012.0": 0.20045500794877055, "5050055.0": -0.8247738064549641, "5050056.0": -0.6066112566809336, "5050122.02": -1.1441216381513402, "5050101.0": 0.18333852552992108, "5050122.01": 0.12183181669792983, "5050100.0": 0.3129982949684137, "5050057.0": -0.13391172716099112, "5050104.0": -0.3712522055832333, "5050058.0": -0.9788692083900293, "5050102.0": 0.0032420897686586546, "5050122.03": -1.1222473540060163, "5050061.0": -0.29336848228250473, "5050125.03": 0.00972904702218764, "5050171.03": 1.2710680635689926, "5050125.02": -1.1568154630970087, "5050125.01": -2.0607630713913596, "5050121.02": -1.360463403761947, "5050125.11": -0.32595333761287393, "5050125.1": -0.6436283043547576, "5050125.04": -1.140630127918967, "5050125.09": -0.20076382244833935, "5050171.12": -0.48251795740687686, "5050103.0": -0.6484355072703382, "5050062.01": -0.7894934469057818, "5050060.0": -0.2698990007689403, "5050110.0": -0.3841601485681425, "5050059.0": -0.7966570897276775, "5050121.01": -1.264655586867598, "5050600.0": -1.136828038464234, "5050062.02": -0.6432483732988487, "5050120.01": -0.7563450998065474, "5050120.03": -1.4982275687736133, "5050610.01": -1.2644887338561535, "5050120.02": -1.2806007542530655, "5050171.11": -0.5247151661193089, "5050125.08": -0.07979632725517992, "5050125.07": -1.0383220362550798, "5050124.01": -1.4696171197253147, "5050171.13": -0.1972812053613056, "5050171.15": -0.16785301074998246, "5050170.05": 0.11867713702020737, "5050124.03": -1.6832379934504178, "5050125.05": -0.32729808940603233, "5050124.04": -1.2756236115380515, "5050171.14": -0.23332364518090853, "5050170.04": -0.5376434173671377, "5050170.08": 0.08591297750049436, "5050171.07": -0.007874128554500235, "5050630.04": -1.489916511841009, "5050171.06": 0.46771598990186963, "5050170.13": 0.02333916777352717, "5050170.09": -0.2487935389088076, "5050170.03": -0.4264169489017805, "5050124.02": -0.5477126084835278, "5050170.12": -0.19401581588645067, "5050170.1": -0.5846424467728956, "5050181.02": 0.7660418967689301,