{"5052001.0": 1.5271003283316196, "5050200.01": 3.0560276108335342, "5050151.09": 6.008777275315867, "5050151.03": -0.7242722800042756, "5050300.02": 1.8166128907745263, "5050151.06": 1.2378511918325747, "5052002.0": 0.6759502269129184, "5051001.0": -0.20100016188455658, "5051000.0": 2.4784441478392236, "5050301.0": 1.3816201726790207, "5050302.0": 1.755379861104085, "5050850.0": 0.17487493651660124, "5050400.0": 0.07644930868118394, "5050200.02": 7.149454182542306, "5050191.02": 2.176563724925761, "5050191.01": 1.101135351914733, "5050190.02": 0.9364900497324029, "5050190.01": 0.8262148971662039, "5050126.08": 1.0439849984473735, "5050126.04": 3.182578360983768, "5050126.07": 0.13284605925721646, "5050151.04": 0.055808123411129736, "5050151.08": 0.411310530601907, "5050151.11": 0.2776733832845801, "5050201.0": 0.37774670344753214, "5050151.05": 1.339359954723121, "5050141.25": -0.18079195197009698, "5050141.23": -0.13644522334258385, "5050141.26": 0.1965052631844536, "5050141.24": 0.07706211086871267, "5050151.1": 1.263108842687024, "5050162.04": 1.1219051540192824, "5050141.04": 0.04999210207519817, "5050141.14": 1.8778279037118564, "5050161.06": 1.1672976975562739, "5050162.02": 0.6541231606284343, "5050141.2": -0.15268829407983436, "5050161.05": 1.65863047443856, "5050140.04": -0.5675817176712727, "5050140.05": -0.23794605263395258, "5050162.03": -0.13970886791336562, "5050300.01": 4.991496450850083, "5050161.03": -0.225574817204624, "5050141.22": -0.8721175390803285, "5050160.15": 0.9965810756167411, "5050141.13": 0.34650417621027757, "5050160.05": 0.2251852045477054, "5050141.21": 0.035380901982254374, "5050161.04": 0.43664937150593613, "5050140.07": -0.5551673932002041, "5050140.06": -0.7176941661174174, "5050141.11": -0.4382380596979001, "5050160.04": -0.5230436159967276, "5050141.17": 0.4207083408002887, "5050160.06": -0.12766017419544706, "5050141.1": 0.010741155561559688, "5050160.14": 0.542598637347595, "5050140.03": -0.4050787606505029, "5050141.09": -0.26881393986318497, "5050141.16": -0.2556595473368106, "5050160.07": 0.084393132914827, "5050160.02": 0.0725922996377527, "5050141.18": -0.1722905119759943, "5050126.05": -0.17642505768703093, "5050136.02": -1.0604071276871774, "5050126.06": 1.144321072238577, "5050136.01": -0.7481440818575608, "5050160.13": 0.01903725226075228, "5050141.19": 0.02387635473799056, "5050135.02": -0.8923221503473259, "5050160.12": 0.09465600030691607, "5050160.11": 1.091317204391524, "5050135.03": 0.08770860409954617, "5050137.02": -0.5156734872567863, "5050135.01": -0.5979623739851194, "5050137.03": -0.4558598803658175, "5050137.04": 0.1170777326349686, "5050130.01": -0.5912078257142138, "5050027.0": -0.21446806199838292, "5050130.02": -0.12439829577995297, "5050137.05": -0.19082090838461133, "5050138.0": -0.5527735639730753, "5050139.0": -0.2911103359355007, "5050134.0": 0.4946903920393835, "5050026.0": -0.22462253402894933, "5050002.04": -0.8633316462132123, "5050002.06": -0.9866789201574068, "5050028.0": 0.35565962417698394, "5050029.0": 0.7227210686894123, "5050133.0": 0.20717175235482738, "5050127.0": -0.11894927030709504, "5050182.0": 0.8284224471257526, "5050126.09": 0.728840903716892, "5050123.04": -0.3279319999838319, "5050123.03": 0.27951265887369037, "5050001.06": 0.2038887128384444, "5050001.07": 0.7018527887730107, "5050001.08": 0.24758144441943203, "5050010.0": 0.03803395139247722, "5050131.01": -0.34223805669458585, "5050160.09": 0.2364190265130276, "5050024.0": 0.4843421126357226, "5050131.02": 0.1970579719874153, "5050023.01": 0.029444512197148224, "5050030.0": 0.38915581572066477, "5050123.01": -0.4447639155745997, "5050132.0": 0.053199582625600046, "5050002.05": -1.0660713592144735, "5050025.0": 0.07884781238924722, "5050811.01": -0.5529084285115993, "5050023.02": 0.6145206688584393, "5050002.01": -0.643278470176569, "5050020.02": 0.08468372540952318, "5050002.02": -0.6241900348899669, "5050032.01": 0.31852416486474466, "5050031.0": 0.2728358546638436, "5050001.04": -0.2893334379921601, "5050022.0": -0.2418812854072489, "5050021.0": 0.10820730903992613, "5050032.02": -0.06827482382679068, "5050003.0": -0.5947768416432255, "5050001.1": -0.2815160562283471, "5050033.01": -0.012117723699576088, "5050020.01": -0.20242294162618615, "5050033.02": -0.2657386365905407, "5050822.09": -0.24603182431338896, "5050001.05": -0.2861861827523113, "5050001.09": -0.17822613689158665, "5050004.0": -0.22388710099961937, "5050007.02": -0.03952581017927744, "5050005.0": -0.48075370381533844, "5050034.0": -0.13915164292412546, "5050044.0": -0.45540758329909903, "5050821.02": -0.30365333551190066, "5050045.02": -0.40496459179568567, "5050017.0": -0.03542269009607514, "5050007.03": -0.08999343319136177, "5050043.0": -0.5673172531598941, "5050006.0": -0.15818385915938, "5050019.0": -0.19939412739193718, "5050035.0": -0.4263780276445556, "5050045.01": -0.10939185758075441, "5050008.0": -0.48996615588067927, "5050007.01": -0.18313861708038728, "5050016.0": -0.07828020772558476, "5050046.0": -0.6576372285032105, "5050042.0": -0.38887623450345815, "5050018.0": -0.17047704322769663, "5050036.0": -0.24609822587892788, "5050041.0": -0.47104233707613236, "5050039.0": -0.26882607121896146, "5050009.0": -0.2817351678537978, "5050047.0": -0.39876438832941896, "5050040.0": -0.326990580476827, "5050011.04": -0.31864452466058896, "5050038.0": -0.39779816937195395, "5050011.03": -0.022516676938019682, "5050015.0": -0.7094348228084881, "5050037.02": -0.06086057919996652, "5050037.01": -0.10167888137734243, "5050504.01": -1.1380341512959178, "5050049.0": -0.348919682704479, "5050048.0": -0.9288850890991904, "5050011.01": -0.5516686796287249, "5050501.0": -0.9842302796564574, "5050014.0": -0.18888406497123703, "5050050.0": -0.43437194008329205, "5050051.0": -1.073461808823294, "5050054.0": -1.0004650221238744, "5050013.0": -0.2734443975056703, "5050500.0": -1.358794804944157, "5050052.0": -0.7509036078501424, "5050053.0": -0.7961962041060778, "5050012.0": 0.16833805217319384, "5050055.0": -1.0122621007941213, "5050056.0": -1.0393308946112094, "5050122.02": -0.5781902692312268, "5050101.0": -0.6638067923571185, "5050122.01": 0.3809132966265776, "5050100.0": -0.40920480650457286, "5050057.0": -0.6361221240915629, "5050104.0": -1.054228594837932, "5050058.0": -1.1777479278539025, "5050102.0": -0.6074481439202617, "5050122.03": -0.4591361686933517, "5050061.0": -0.4635796592290061, "5050125.03": 0.18523120171311452, "5050171.03": 1.8563383286235944, "5050125.02": -1.3896735845821864, "5050125.01": -1.7938355564976605, "5050121.02": -0.5652443726879128, "5050125.11": 0.39729110447595434, "5050125.1": -0.35362244046135427, "5050125.04": -0.6217010646261618, "5050125.09": 0.12867361514367176, "5050171.12": 0.009299849265242582, "5050103.0": -1.0774805491769557, "5050062.01": -0.6407351221421345, "5050060.0": -0.6778363804467992, "5050110.0": -0.5896926118293503, "5050059.0": -1.1155349740259564, "5050121.01": -0.6712852038871688, "5050600.0": -0.873441988100933, "5050062.02": -0.504312337157061, "5050120.01": -0.30738950441617746, "5050120.03": -1.029937560095, "5050610.01": -0.8013300566955135, "5050120.02": -1.11572133249512, "5050171.11": -0.21096032097540318, "5050125.08": 0.3549352495131635, "5050125.07": -0.6180273361167811, "5050124.01": -0.8087289270634578, "5050171.13": 0.09428125450011751, "5050171.15": 0.1501063042076718, "5050170.05": 0.19319725885988767, "5050124.03": -0.9054990155137701, "5050125.05": -0.037490104104886554, "5050124.04": -0.7084277691340942, "5050171.14": -0.2310080572803644, "5050170.04": -0.6015037010425736, "5050170.08": 0.05888165318035597, "5050171.07": -0.06701223783218295, "5050630.04": -1.2532404556357268, "5050171.06": -0.07354038845689279, "5050170.13": -0.1756280015859485, "5050170.09": -0.6481525435653616, "5050170.03": -0.47625299244484515, "5050124.02": -0.42922226311983835, "5050170.12": -0.18456710098335471, "5050170.1": -0.434945771362221, "5050181.02": 0.8534230992551635,