{"5052001.0": 0.9524356658619667, "5050200.01": 1.6470058546036086, "5050151.09": 2.697891072289606, "5050151.03": -0.009956147002291492, "5050300.02": 1.233929558254215, "5050151.06": 1.614613626680483, "5052002.0": 0.4958821871826873, "5051001.0": -0.24284367336118723, "5051000.0": 1.6356644163991025, "5050301.0": 0.3750931877760107, "5050302.0": 1.2878338570884154, "5050850.0": -0.03923604213784196, "5050400.0": -0.6338644973119824, "5050200.02": 2.7703773428219067, "5050191.02": 1.7474484651696909, "5050191.01": 1.1175416603466597, "5050190.02": 1.0460243948844927, "5050190.01": 0.7280141251476903, "5050126.08": 2.4192714387473333, "5050126.04": 1.698877593216975, "5050126.07": 1.0295292033296242, "5050151.04": 0.5707696626100812, "5050151.08": 0.8240219977580998, "5050151.11": 0.5609857306482204, "5050201.0": 0.8023308342985609, "5050151.05": 1.9894895682252567, "5050141.25": 1.2870246378912749, "5050141.23": 0.6565899227573418, "5050141.26": 1.6309350868988461, "5050141.24": 1.3812674213003873, "5050151.1": 1.7991551165321944, "5050162.04": 1.597385692124668, "5050141.04": 1.1465631696997534, "5050141.14": 1.1855962108264098, "5050161.06": 1.5313570335023692, "5050162.02": 1.1593875215271388, "5050141.2": 1.1041252098813754, "5050161.05": 2.100114495453959, "5050140.04": 0.12385322628117564, "5050140.05": 0.49849748535599686, "5050162.03": 0.38847856123976326, "5050300.01": 2.006766622692089, "5050161.03": 0.14917059129449756, "5050141.22": 0.33981218239962463, "5050160.15": 1.3038922595003262, "5050141.13": 1.45173484205592, "5050160.05": 0.2533469480006578, "5050141.21": 1.2881070719497945, "5050161.04": 0.9885482329926707, "5050140.07": -0.07641941682195386, "5050140.06": 0.054957665038678945, "5050141.11": 0.4584992303389826, "5050160.04": -0.34458163624208943, "5050141.17": 1.1603393836858555, "5050160.06": 0.10330800333084027, "5050141.1": 1.1576702122884455, "5050160.14": 0.9831360310652791, "5050140.03": -0.05322117861899187, "5050141.09": 0.6351649391584564, "5050141.16": 0.18716157338818323, "5050160.07": 0.704816664830376, "5050160.02": 0.5832873497339661, "5050141.18": 0.3938901254582758, "5050126.05": 0.2566556225522903, "5050136.02": -0.8289044612392018, "5050126.06": 2.1131032541697192, "5050136.01": -0.7817693562475193, "5050160.13": 0.7861699055397365, "5050141.19": 0.5315992134954707, "5050135.02": -0.5426555048197532, "5050160.12": 1.0434698565583684, "5050160.11": 1.027182277057285, "5050135.03": 0.22982822479898152, "5050137.02": -0.5838995566178243, "5050135.01": -0.7087288647081653, "5050137.03": -0.22954452207264786, "5050137.04": -0.23767266189666408, "5050130.01": -0.13809840971539836, "5050027.0": -0.1903231026598298, "5050130.02": -0.005018231625286205, "5050137.05": -0.15837304733119414, "5050138.0": -0.6471269950570204, "5050139.0": 0.4640200394702829, "5050134.0": 0.5796231213609445, "5050026.0": -0.49972251124064465, "5050002.04": -0.1827766494229784, "5050002.06": -0.08289409768616912, "5050028.0": -0.12504802053772274, "5050029.0": 0.4349569575772017, "5050133.0": -0.16977338788062368, "5050127.0": 1.0003794493837523, "5050182.0": 0.5482305187763246, "5050126.09": 2.0687173882339436, "5050123.04": 0.7896155232250651, "5050123.03": 0.9488559189444313, "5050001.06": 0.9964947372653787, "5050001.07": 1.1991982049160237, "5050001.08": 0.44520762592394086, "5050010.0": -0.14676973931988885, "5050131.01": -0.009017115974913977, "5050160.09": 0.362410139492374, "5050024.0": 0.19313775836582808, "5050131.02": 0.2923349225231809, "5050023.01": -0.034574371855116325, "5050030.0": 0.04561073073559962, "5050123.01": 0.2813027310007528, "5050132.0": -0.07867517052384304, "5050002.05": -0.41540767682984886, "5050025.0": -0.5699182698203411, "5050811.01": -1.0633140603471458, "5050023.02": 0.41141869561041994, "5050002.01": -0.30257191410756445, "5050020.02": 0.07357812735323935, "5050002.02": 0.32719246205999913, "5050032.01": -0.4780975611553183, "5050031.0": -0.25276433540182197, "5050001.04": 0.5657123545825989, "5050022.0": -0.69432942940835, "5050021.0": -0.1289521028620019, "5050032.02": -0.8282601210478011, "5050003.0": -0.6241597125922491, "5050001.1": 0.0727868178014652, "5050033.01": -0.6555554132033298, "5050020.01": -0.6742516435081561, "5050033.02": -0.5939281156305214, "5050822.09": 0.36388741687371523, "5050001.05": 0.13287079276524918, "5050001.09": 0.2301237598607452, "5050004.0": -0.5534863539579409, "5050007.02": 0.2023466247969852, "5050005.0": -0.3891664420045469, "5050034.0": -0.7267892630595811, "5050044.0": -1.1516794451160222, "5050821.02": -0.8776357840724007, "5050045.02": -0.5583796981041436, "5050017.0": -0.7874917595052905, "5050007.03": -0.11719204799118176, "5050043.0": -1.3736420816046, "5050006.0": -0.6567647585836675, "5050019.0": -1.1172718369080021, "5050035.0": -1.088064836163257, "5050045.01": -0.7727206457654879, "5050008.0": -0.1507187036195117, "5050007.01": -0.6682383494935132, "5050016.0": -1.0695931573471245, "5050046.0": -1.3607371350221142, "5050042.0": -1.5505881711782656, "5050018.0": -1.2672048278846713, "5050036.0": -1.691079657220266, "5050041.0": -1.6941904773202132, "5050039.0": -1.6279562743027456, "5050009.0": -0.45652337125554066, "5050047.0": -1.5830637899004536, "5050040.0": -1.7392355018622787, "5050011.04": -0.8314551041573034, "5050038.0": -1.8087080861446765, "5050011.03": -0.8674268914123107, "5050015.0": -1.551425512445986, "5050037.02": -1.683059695862848, "5050037.01": -1.893080085824351, "5050504.01": -1.6318548457833661, "5050049.0": -1.8874505703816984, "5050048.0": -1.916505526403568, "5050011.01": -0.18936933548851534, "5050501.0": -1.667027122230707, "5050014.0": -1.4395234478617875, "5050050.0": -1.5925768282264459, "5050051.0": -1.6374947696203488, "5050054.0": -1.6977622112249418, "5050013.0": -0.8850669193075762, "5050500.0": -1.9523908724240688, "5050052.0": -1.3714240030160985, "5050053.0": -1.4598663792245024, "5050012.0": 0.22606445205403738, "5050055.0": -1.5017694696889534, "5050056.0": -1.678697501062792, "5050122.02": 0.1097085077683628, "5050101.0": -1.4039662126826162, "5050122.01": 0.5258044913185023, "5050100.0": -0.6525453124552384, "5050057.0": -1.3514271907548159, "5050104.0": -1.59025421883725, "5050058.0": -1.2885608447969472, "5050102.0": -1.2958094065277144, "5050122.03": 0.19957945316907438, "5050061.0": -0.4772724091044851, "5050125.03": 0.3287991574369478, "5050171.03": 1.4782115568668626, "5050125.02": -1.1221199275400775, "5050125.01": -1.2796646676624883, "5050121.02": -0.1226038803352395, "5050125.11": 1.4214970616378624, "5050125.1": 0.14210360058648785, "5050125.04": 0.0881422622567584, "5050125.09": 0.5088460688721129, "5050171.12": 0.7059223382602564, "5050103.0": -1.5752139715418252, "5050062.01": -0.45081625784246726, "5050060.0": -0.8333731304415726, "5050110.0": -1.236786961129199, "5050059.0": -1.3233585802577088, "5050121.01": -0.38361679557927586, "5050600.0": -0.987471903624733, "5050062.02": -0.5424277214866781, "5050120.01": -0.20560785392412137, "5050120.03": -0.563340642919529, "5050610.01": -0.4764283970012382, "5050120.02": -0.7351558364188047, "5050171.11": 0.6582020689216311, "5050125.08": 0.8601000910374239, "5050125.07": -0.25233533079263176, "5050124.01": -0.41279893750112334, "5050171.13": 1.015489299434683, "5050171.15": 1.2757843568090685, "5050170.05": 0.4846024835711694, "5050124.03": -0.5603658774684541, "5050125.05": 0.33069265529919584, "5050124.04": -0.533176785386621, "5050171.14": 0.554544811652174, "5050170.04": -0.6037491321894957, "5050170.08": 0.4038925385999524, "5050171.07": 0.43887153556964686, "5050630.04": -0.9480077027117989, "5050171.06": 0.013166170830011361, "5050170.13": 0.12097375761273531, "5050170.09": -0.5885038497222199, "5050170.03": -0.5556196033318866, "5050124.02": -0.18140471282673531, "5050170.12": 0.2797108924790425, "5050170.1": -0.31583488884977545, "5050181.02": 1.4142378885283444, "5050170.11": 0.29999169713594065, "5050170.01": -0.16633694362538023,