{"5052001.0": 2.0166170807321797, "5050200.01": 4.512480856318571, "5050151.09": 5.021445760047001, "5050151.03": -0.8882071800435509, "5050300.02": 2.415041402648134, "5050151.06": 0.6908477534297777, "5052002.0": 1.1005641433000946, "5051001.0": 0.2379614253685218, "5051000.0": 2.75479911675457, "5050301.0": 2.5559985971036965, "5050302.0": 1.1583074664513007, "5050850.0": 0.6965599428965161, "5050400.0": 1.3117543012281465, "5050200.02": 5.7820986746591165, "5050191.02": 2.923170065605873, "5050191.01": 1.0588596570499442, "5050190.02": 1.253752099288567, "5050190.01": 1.5185814033022327, "5050126.08": 0.7375055794208177, "5050126.04": 2.4782965073257848, "5050126.07": -0.019078139542771353, "5050151.04": -0.31916841416365044, "5050151.08": 0.2586993647686727, "5050151.11": -0.18602963792196966, "5050201.0": 0.21201720261627152, "5050151.05": 0.6590414055428908, "5050141.25": -0.5671573137652168, "5050141.23": -0.1315914306801668, "5050141.26": -0.4113637090714642, "5050141.24": -0.4651164157024332, "5050151.1": 0.6891172822018836, "5050162.04": 0.8117240312200276, "5050141.04": -0.5787146333348125, "5050141.14": 1.1553920064529613, "5050161.06": 1.039744240026544, "5050162.02": 0.04668212138841714, "5050141.2": -0.37643575964775766, "5050161.05": 1.4941881915224704, "5050140.04": -0.5928284596528469, "5050140.05": -0.21796847282383056, "5050162.03": -0.43615185773390647, "5050300.01": 3.524700847912467, "5050161.03": -0.3345377200020094, "5050141.22": -1.1429030408267742, "5050160.15": 0.4119488461495531, "5050141.13": 0.08816720251979505, "5050160.05": -0.28486315132280815, "5050141.21": -0.0921477540156914, "5050161.04": 0.44031252300136864, "5050140.07": -0.47310080335736104, "5050140.06": -0.9329174645546591, "5050141.11": -0.4091525744164019, "5050160.04": -0.7879517870681235, "5050141.17": 0.8017028504438914, "5050160.06": -0.8332047895536141, "5050141.1": 0.10933709352793954, "5050160.14": -0.1689753480455127, "5050140.03": -0.16289114642019326, "5050141.09": -0.0866385342843576, "5050141.16": 0.07108008101939466, "5050160.07": -0.9998817302625724, "5050160.02": -0.6637016775314298, "5050141.18": 0.16391578882848268, "5050126.05": -0.03236256402340783, "5050136.02": -1.0021802492640275, "5050126.06": 1.1866016101797268, "5050136.01": -0.5423365538561975, "5050160.13": -0.7235671554659961, "5050141.19": 0.24647286936202323, "5050135.02": -0.8805805568710711, "5050160.12": -0.4416722820493675, "5050160.11": -0.059973356708139844, "5050135.03": 0.045091901169749524, "5050137.02": -0.1598179703784595, "5050135.01": -0.4108789148159228, "5050137.03": 0.006364433093779036, "5050137.04": 0.45013324635400614, "5050130.01": -0.62628569630099, "5050027.0": 0.17390608956476145, "5050130.02": -0.17365839158565172, "5050137.05": 0.3166141144960422, "5050138.0": -0.3470082662354553, "5050139.0": -0.46452187380454474, "5050134.0": 0.4690262609567404, "5050026.0": 0.0991866674789634, "5050002.04": -1.1390272915982242, "5050002.06": -1.3496983056638874, "5050028.0": 0.5621169059327262, "5050029.0": 0.642512765253359, "5050133.0": 0.45028936923783147, "5050127.0": -0.5920036731594687, "5050182.0": 1.8631982538163907, "5050126.09": 0.5173069010558542, "5050123.04": -0.3373880383613407, "5050123.03": 0.44907962939747126, "5050001.06": 0.3004927044700969, "5050001.07": 1.0775214026943358, "5050001.08": 0.6347798280753963, "5050010.0": 0.27561040635997414, "5050131.01": -0.410507846106821, "5050160.09": 0.4295967275138463, "5050024.0": 0.7620785263676625, "5050131.02": 0.08712982167101015, "5050023.01": 0.4176736492489471, "5050030.0": 0.07891192070794516, "5050123.01": -0.4256066186089304, "5050132.0": 0.2098068609195126, "5050002.05": -1.4016625314055358, "5050025.0": -0.09709118229111968, "5050811.01": -0.8881561623423875, "5050023.02": 1.0459112163480875, "5050002.01": -1.037723971312448, "5050020.02": -0.17358104410085773, "5050002.02": -0.8280576213757058, "5050032.01": -0.36140378672464296, "5050031.0": -0.2339152253253626, "5050001.04": -0.3875209631134672, "5050022.0": -0.14349093135438276, "5050021.0": 0.31792816483445185, "5050032.02": -0.47898297246559357, "5050003.0": -0.731883085205387, "5050001.1": -0.4182347064831837, "5050033.01": -0.6198421358638913, "5050020.01": -0.10395571273194672, "5050033.02": -0.5478763276153372, "5050822.09": -0.21756089352479208, "5050001.05": -0.06955206257891992, "5050001.09": -0.012132911487017409, "5050004.0": -0.38153430570027635, "5050007.02": -0.04840315344448355, "5050005.0": -0.5741376791340881, "5050034.0": -0.048443835587005595, "5050044.0": -0.8197527257884102, "5050821.02": -1.1035643591987605, "5050045.02": -1.1412230787710516, "5050017.0": -0.00533926992895398, "5050007.03": 0.10992517959662472, "5050043.0": -0.6883786105425452, "5050006.0": 0.07901057487859141, "5050019.0": -0.0021992439347154813, "5050035.0": -0.3039821333064509, "5050045.01": -0.40147634883653427, "5050008.0": -0.21114118015309893, "5050007.01": 0.10103373357592013, "5050016.0": 0.16618402496448548, "5050046.0": -0.7251641890260834, "5050042.0": -0.19925406035499027, "5050018.0": -0.013932524073828263, "5050036.0": 0.20920347421755983, "5050041.0": -0.3119493819668277, "5050039.0": 0.07078983634662406, "5050009.0": -0.06350858106137092, "5050047.0": -0.27099136607245783, "5050040.0": -0.08313370917359568, "5050011.04": 0.01645154875240532, "5050038.0": 0.006601386078595624, "5050011.03": 0.2197284626159385, "5050015.0": -0.4445327043774626, "5050037.02": 0.3416879206832301, "5050037.01": 0.132564125814389, "5050504.01": -1.214537137316439, "5050049.0": 0.11717769504896115, "5050048.0": -0.6912167454091324, "5050011.01": -0.5306769975273846, "5050501.0": -0.7584697206115953, "5050014.0": 0.17669216347993782, "5050050.0": -0.2174220466869039, "5050051.0": -0.9680862033987254, "5050054.0": -0.892340071530193, "5050013.0": 0.018298032014094058, "5050500.0": -1.1854863459136438, "5050052.0": -0.6402053941160131, "5050053.0": -0.7153400738032508, "5050012.0": 0.4523595347546847, "5050055.0": -1.177160026257904, "5050056.0": -1.0907186507089814, "5050122.02": -0.7573346379683497, "5050101.0": -0.5084545259119323, "5050122.01": 0.4739573136989411, "5050100.0": -0.2737153310103917, "5050057.0": -0.7357257083487874, "5050104.0": -0.916621997266142, "5050058.0": -1.2467445183435255, "5050102.0": -0.3127315167173798, "5050122.03": -0.5508474843675825, "5050061.0": -0.3682173318626872, "5050125.03": 0.36349425091018644, "5050171.03": 1.7320387408823599, "5050125.02": -1.5625542574242606, "5050125.01": -1.763613360517255, "5050121.02": -0.9521320982696669, "5050125.11": 0.08989500377635852, "5050125.1": -0.4224621024495961, "5050125.04": -0.9281528934729162, "5050125.09": -0.03537777242980745, "5050171.12": 0.040517129430292016, "5050103.0": -1.0652161759840317, "5050062.01": -0.7025719870552497, "5050060.0": -0.5323257565785403, "5050110.0": -0.735492807435889, "5050059.0": -1.2073463643700375, "5050121.01": -1.0172471380591985, "5050600.0": -1.1104446076286767, "5050062.02": -0.6067863295895106, "5050120.01": -0.552601940670719, "5050120.03": -1.1570630705071308, "5050610.01": -0.5927418822131361, "5050120.02": -1.184743863358569, "5050171.11": -0.04583257702090544, "5050125.08": 0.1723580680825752, "5050125.07": -0.8805900519638278, "5050124.01": -1.2808056247162338, "5050171.13": 0.5495337988858279, "5050171.15": 0.3620474096863977, "5050170.05": 0.33438659912641927, "5050124.03": -1.2679338782209604, "5050125.05": -0.18435530917296017, "5050124.04": -1.142268644657057, "5050171.14": 0.33373263556193, "5050170.04": -0.5389630778227218, "5050170.08": 0.34773107600956304, "5050171.07": 0.33618381147337106, "5050630.04": -1.4685275341406363, "5050171.06": 0.8702749709647344, "5050170.13": 0.4360269486808809, "5050170.09": -0.33004896208978335, "5050170.03": -0.4478815039216266, "5050124.02": -0.3470431061051039, "5050170.12": 0.16810615548624447, "5050170.1": -0.3874714753104028, "5050181.02": 1.159396668321732,