{"5052001.0": -1.6189364474879417, "5050200.01": -2.224220603952391, "5050151.09": -0.7389688637585456, "5050151.03": -0.9804347716116916, "5050300.02": -1.3985042427918681, "5050151.06": 0.4000064245589266, "5052002.0": -1.3885521085100188, "5051001.0": -1.5034994878354868, "5051000.0": -1.24599261998107, "5050301.0": -1.983107340342521, "5050302.0": -0.7636978063700223, "5050850.0": -1.3284858635014853, "5050400.0": -2.3154608354437727, "5050200.02": -1.176490016830793, "5050191.02": -1.304925969486733, "5050191.01": 0.0392666902781349, "5050190.02": 0.3073990191372921, "5050190.01": -0.4025696508289719, "5050126.08": 2.289657778147199, "5050126.04": 0.05574550848455446, "5050126.07": 1.3278038210215093, "5050151.04": -0.6266060383698906, "5050151.08": 0.8000948131525696, "5050151.11": -0.31031752770038906, "5050201.0": 0.3207919473271633, "5050151.05": 1.0995073580283201, "5050141.25": 1.4577330546133773, "5050141.23": 0.7791558247701875, "5050141.26": 1.9767935761921855, "5050141.24": 2.0969960464897968, "5050151.1": 1.4667891246129228, "5050162.04": 1.0965686971693078, "5050141.04": 1.761228685309247, "5050141.14": 0.44216552463116804, "5050161.06": 0.9172394451238156, "5050162.02": 1.664196090383333, "5050141.2": 1.6568014596677254, "5050161.05": 1.706758792596957, "5050140.04": -0.3641483593271926, "5050140.05": 0.6939171871312168, "5050162.03": 0.43927861596676876, "5050300.01": 0.4343777685377514, "5050161.03": 0.13864820258274185, "5050141.22": 1.9406179362020695, "5050160.15": 2.063337238957595, "5050141.13": 2.2910765053069415, "5050160.05": 1.2284594091053402, "5050141.21": 2.039789979377915, "5050161.04": 0.48299222007672926, "5050140.07": -0.4195940534309585, "5050140.06": -0.2725978205203104, "5050141.11": 1.132781279926823, "5050160.04": 0.016851590434807134, "5050141.17": 0.9684740438438508, "5050160.06": 0.8650644476240802, "5050141.1": 1.5812263674829636, "5050160.14": 1.278813069704343, "5050140.03": -0.4332074559376214, "5050141.09": 0.7967542479788979, "5050141.16": -0.27683335801037723, "5050160.07": 1.9658422065205008, "5050160.02": 1.249035260337058, "5050141.18": 0.23437629786048028, "5050126.05": 0.39029192512614364, "5050136.02": -1.0215454741815204, "5050126.06": 1.7448872816810113, "5050136.01": -0.8370204666956946, "5050160.13": 1.5144565651866053, "5050141.19": 0.1963545170020372, "5050135.02": -0.4725415940860371, "5050160.12": 0.5468392995429268, "5050160.11": 0.1851985008669128, "5050135.03": 0.08259580964695773, "5050137.02": -0.6681678684102571, "5050135.01": -0.4043248850046752, "5050137.03": 0.3601218656508184, "5050137.04": 0.16452575790772672, "5050130.01": -0.054215312675456734, "5050027.0": 0.315130887998231, "5050130.02": 0.320839013982488, "5050137.05": -0.24519320624457863, "5050138.0": -0.4858771080612216, "5050139.0": 0.5588225843728126, "5050134.0": 1.2250876172260015, "5050026.0": 0.010002795074230908, "5050002.04": -0.3563632692152362, "5050002.06": 0.21481479868728245, "5050028.0": 0.6718854436834047, "5050029.0": 1.5644307421387516, "5050133.0": 0.742408832161283, "5050127.0": 1.3003642463608274, "5050182.0": -1.6651046654571378, "5050126.09": 1.8728284121813004, "5050123.04": 1.6182132028135539, "5050123.03": 1.6076009471762904, "5050001.06": 1.6530088848918154, "5050001.07": 1.5447252237658442, "5050001.08": 1.0750562250129423, "5050010.0": 0.6151036726218939, "5050131.01": 0.3950150451373037, "5050160.09": 0.009300248127166668, "5050024.0": 0.5996200685275255, "5050131.02": 1.5267415748538107, "5050023.01": 1.0828087795904116, "5050030.0": 0.8950122404319568, "5050123.01": 0.3074939480106, "5050132.0": 0.67873502867789, "5050002.05": -0.48792512902766655, "5050025.0": 0.2968591610030993, "5050811.01": -1.314769523634681, "5050023.02": 0.983686142783184, "5050002.01": 0.5555742883408571, "5050020.02": 1.4067531097759596, "5050002.02": 1.0220306567743216, "5050032.01": 0.4761177969367929, "5050031.0": 0.6993388703096656, "5050001.04": 1.2672684317509075, "5050022.0": -0.2346757642065116, "5050021.0": 1.0911931619719497, "5050032.02": -0.10536932537056137, "5050003.0": 0.1465896563564465, "5050001.1": 1.8199242760874195, "5050033.01": -0.13901754770394145, "5050020.01": 0.1628643309469301, "5050033.02": -0.4190572219176355, "5050822.09": -1.2235533148352435, "5050001.05": 1.3540344712338106, "5050001.09": 2.053342351459504, "5050004.0": 0.01568645446604919, "5050007.02": 0.8707709618316878, "5050005.0": 0.7774640152369454, "5050034.0": -0.16102056878441104, "5050044.0": -0.9559858584943863, "5050821.02": -0.5128549558155199, "5050045.02": -0.3892466752872781, "5050017.0": 0.10708856961852663, "5050007.03": 1.2430248593983055, "5050043.0": 0.4638191469362809, "5050006.0": 0.6147946345839099, "5050019.0": -1.1727439217462785, "5050035.0": 0.15974987252634026, "5050045.01": -0.15519600810453427, "5050008.0": -0.049793691413705356, "5050007.01": -0.19240909704601755, "5050016.0": -0.6189123856701424, "5050046.0": 0.5910884700508039, "5050042.0": -0.33700577388489583, "5050018.0": -1.4611796431995197, "5050036.0": 0.08849110751540765, "5050041.0": 0.4976712661139026, "5050039.0": 1.437011790924674, "5050009.0": 0.08807927067976822, "5050047.0": -0.07553523675611874, "5050040.0": 1.4773514522384417, "5050011.04": -0.38654222001694544, "5050038.0": -1.0491241958258501, "5050011.03": -0.3509630093296772, "5050015.0": -1.3599959683129323, "5050037.02": -0.48396895939527856, "5050037.01": -0.32857598596456, "5050504.01": -0.39130997200624357, "5050049.0": -1.1294152236280626, "5050048.0": -0.6333484737274481, "5050011.01": 0.08972899632105427, "5050501.0": -1.0018721115488187, "5050014.0": -1.079673727271693, "5050050.0": -0.9329741581432831, "5050051.0": -0.9314230947385683, "5050054.0": -0.9786084132943512, "5050013.0": -0.28492173312677044, "5050500.0": -1.186680418043311, "5050052.0": -0.766473511240678, "5050053.0": -1.2327402859658625, "5050012.0": 1.1297510674414555, "5050055.0": -1.0567409680587128, "5050056.0": -1.0744733893860388, "5050122.02": 0.9142463039804091, "5050101.0": -0.7119923309082116, "5050122.01": 0.9049525711832094, "5050100.0": -0.2212933119882627, "5050057.0": -0.8948559741971045, "5050104.0": -1.0348403524162693, "5050058.0": -0.9121371627190253, "5050102.0": -0.39967617066230193, "5050122.03": 0.684757647936183, "5050061.0": 0.3338660123882045, "5050125.03": 0.1071855868463928, "5050171.03": -0.12531977689826906, "5050125.02": -1.272337193104697, "5050125.01": -1.0456584953935364, "5050121.02": -0.15490270137341053, "5050125.11": 0.001975756303956525, "5050125.1": -0.5711160201483172, "5050125.04": -0.4910668252441565, "5050125.09": -0.4406953678930141, "5050171.12": -0.24159092846254057, "5050103.0": -0.9323038541937883, "5050062.01": 0.33122452222595, "5050060.0": -0.4101846476991109, "5050110.0": -0.5842859443063727, "5050059.0": -0.7862544992335155, "5050121.01": -0.12637082022019747, "5050600.0": -0.7360159076806505, "5050062.02": -0.21760152435596403, "5050120.01": -0.20272807752977004, "5050120.03": -0.5260658498379066, "5050610.01": -1.1499705732711405, "5050120.02": -0.8131177840206044, "5050171.11": -0.5472787240237204, "5050125.08": -0.21367971872461228, "5050125.07": -0.6874215961177087, "5050124.01": -0.6503200267648074, "5050171.13": -0.3170902930275824, "5050171.15": 0.023479747130735678, "5050170.05": -0.60496956340762, "5050124.03": -0.8271376869145395, "5050125.05": -0.6054427972120977, "5050124.04": -0.8802221835017402, "5050171.14": -0.5466362447057743, "5050170.04": -1.1172220967432545, "5050170.08": -0.8148544479523775, "5050171.07": -0.842617443778045, "5050630.04": -1.002558454706422, "5050171.06": -1.6284798403696241, "5050170.13": -1.1442342057971964, "5050170.09": -1.3607409789058238, "5050170.03": -1.2163990888489278, "5050124.02": -1.048003075230022, "5050170.12": -1.0392797407842067, "5050170.1": -0.9856301863592727, "5050181.02": -1.1607166010099228, "5050170.11": -0.9141623735266481, "5050170.01": -0.8664162142501479,