{"5052001.0": 1.16090121610466, "5050200.01": 2.5781730114066916, "5050151.09": 5.771281820413234, "5050151.03": -0.8782986486718325, "5050300.02": 1.6755791833551086, "5050151.06": 1.4221122922454132, "5052002.0": 0.4092218862766622, "5051001.0": -0.509949228260086, "5051000.0": 1.903396696082837, "5050301.0": 1.0403640801785474, "5050302.0": 1.6900374296511682, "5050850.0": 0.1132322078650721, "5050400.0": -0.17002677538287178, "5050200.02": 6.602305851755273, "5050191.02": 1.9036263133367213, "5050191.01": 1.1174544272802804, "5050190.02": 1.054666811428186, "5050190.01": 0.8312204213441575, "5050126.08": 1.22079415605529, "5050126.04": 2.964785264937637, "5050126.07": 0.3721993328111916, "5050151.04": 0.10026091211857673, "5050151.08": 0.7150656600152965, "5050151.11": 0.3837563645307968, "5050201.0": 0.46029537178403357, "5050151.05": 1.7518564480363294, "5050141.25": -0.05657897033565551, "5050141.23": -0.040029854189786655, "5050141.26": 0.40547009560311853, "5050141.24": 0.2560792041200013, "5050151.1": 1.6908266502732587, "5050162.04": 1.4326111881304657, "5050141.04": 0.23179195011029766, "5050141.14": 1.8566361233596618, "5050161.06": 1.5060012607066469, "5050162.02": 1.0260274996579548, "5050141.2": -0.028989283525446587, "5050161.05": 2.249190341158479, "5050140.04": -0.6614950741525248, "5050140.05": -0.18198065114838854, "5050162.03": 0.03495947855684712, "5050300.01": 4.803758974661262, "5050161.03": -0.11914096236866306, "5050141.22": -0.812839242746746, "5050160.15": 1.3677761675171471, "5050141.13": 0.5740777327012785, "5050160.05": 0.3128999577640151, "5050141.21": 0.1711891633013349, "5050161.04": 0.7174705405082512, "5050140.07": -0.5586980847706877, "5050140.06": -0.7542048515396301, "5050141.11": -0.396306499485054, "5050160.04": -0.59643000227753, "5050141.17": 0.5041487024110911, "5050160.06": -0.011345464218992818, "5050141.1": 0.16664815329837404, "5050160.14": 0.9056565921868851, "5050140.03": -0.5211515001990431, "5050141.09": -0.15726658403938995, "5050141.16": -0.30364777798658604, "5050160.07": 0.20393961208540498, "5050160.02": 0.18914640994880824, "5050141.18": -0.1392928268913821, "5050126.05": -0.08539883515737268, "5050136.02": -1.1209722418975692, "5050126.06": 1.3699598097221206, "5050136.01": -0.8988680604376479, "5050160.13": 0.2083641205547188, "5050141.19": 0.07225659245101555, "5050135.02": -1.111325175723117, "5050160.12": 0.3357103857972688, "5050160.11": 1.0509460687510064, "5050135.03": -0.2848919152986463, "5050137.02": -0.7224494918325456, "5050135.01": -0.7027585246381446, "5050137.03": -0.5478720850741882, "5050137.04": 0.00935740289086071, "5050130.01": -0.7633812358068423, "5050027.0": -0.3563170319509299, "5050130.02": -0.3849893045810993, "5050137.05": -0.48593230233642476, "5050138.0": -0.7377448953010092, "5050139.0": -0.4858442431009076, "5050134.0": 0.11825317693309163, "5050026.0": -0.2857425501171998, "5050002.04": -0.8880821133294476, "5050002.06": -1.19678604574202, "5050028.0": 0.09725524174042446, "5050029.0": 0.5452151874282782, "5050133.0": 0.06833161159559843, "5050127.0": -0.24147767015540378, "5050182.0": 0.6662808811755395, "5050126.09": 0.9433970463494941, "5050123.04": -0.7155710134218939, "5050123.03": 0.027869901665891112, "5050001.06": -0.07071561758499983, "5050001.07": 0.5806547186834439, "5050001.08": 0.09628203514591861, "5050010.0": -0.14599908870653655, "5050131.01": -0.6400872177155662, "5050160.09": 0.3427775637060163, "5050024.0": 0.2940372403430397, "5050131.02": -0.2627233533916901, "5050023.01": -0.10016475445182269, "5050030.0": -0.004374440343515208, "5050123.01": -0.7071410480988918, "5050132.0": -0.18461971986765877, "5050002.05": -1.1868759729996785, "5050025.0": 0.04584998348660364, "5050811.01": -0.50153688682233, "5050023.02": 0.2568506501951063, "5050002.01": -0.8915916426047351, "5050020.02": -0.25447686311871065, "5050002.02": -1.0155518344927832, "5050032.01": 0.11204626270225816, "5050031.0": 0.14277821350713452, "5050001.04": -0.6430612137074495, "5050022.0": -0.15616980912606934, "5050021.0": -0.00042514664431491137, "5050032.02": 0.09930792350240979, "5050003.0": -0.7277987966361217, "5050001.1": -0.6225578610213496, "5050033.01": 0.2431259874647223, "5050020.01": -0.2220218742319289, "5050033.02": -0.0796772981431192, "5050822.09": -0.3284690689043563, "5050001.05": -0.7488692300434365, "5050001.09": -0.5152652563594374, "5050004.0": -0.25766704888201386, "5050007.02": -0.2768616405181723, "5050005.0": -0.7502172081148363, "5050034.0": 0.07393201136774158, "5050044.0": 0.13650077434753827, "5050821.02": 0.3584346294036086, "5050045.02": -0.053691369914974835, "5050017.0": 0.04000163449073909, "5050007.03": -0.35045842592232146, "5050043.0": -0.20571998145369816, "5050006.0": -0.24822568143148274, "5050019.0": 0.06437183856870138, "5050035.0": -0.2102355090530158, "5050045.01": 0.5103085698108878, "5050008.0": -0.7672815005186788, "5050007.01": -0.24252858809635727, "5050016.0": 0.114008771319506, "5050046.0": -0.2260250114877329, "5050042.0": 0.25847456040168393, "5050018.0": 0.11665942693638008, "5050036.0": 0.3330235068773131, "5050041.0": 0.30988154106062993, "5050039.0": 0.35566599426885526, "5050009.0": -0.4787689260754634, "5050047.0": 0.14648519767371185, "5050040.0": 0.3394117675084284, "5050011.04": -0.3940941002061528, "5050038.0": 0.4855104397902114, "5050011.03": 0.02709977208783856, "5050015.0": -0.5502814202913561, "5050037.02": 0.6728630055746256, "5050037.01": 0.8580835725445033, "5050504.01": -0.7839567611953638, "5050049.0": 0.5191803247117628, "5050048.0": -0.38387170448316377, "5050011.01": -0.8329804054704577, "5050501.0": -0.6362168067424824, "5050014.0": -0.14087874770262676, "5050050.0": -0.013268092212116967, "5050051.0": -1.081244839701384, "5050054.0": -0.5877002226123677, "5050013.0": -0.400973981563526, "5050500.0": -0.8742250929781415, "5050052.0": -0.7812002027633417, "5050053.0": -0.7481690252961879, "5050012.0": -0.17382884220298997, "5050055.0": -0.8032512739065645, "5050056.0": -0.8606307704782492, "5050122.02": -0.8752262953307208, "5050101.0": -0.7078929351555366, "5050122.01": 0.022184850071328376, "5050100.0": -0.798990931232092, "5050057.0": -0.5668337446588568, "5050104.0": -1.0471141984407661, "5050058.0": -1.000784142679744, "5050102.0": -0.7386866068066267, "5050122.03": -0.8479937737537405, "5050061.0": -0.8049886156755894, "5050125.03": 0.12111229607069217, "5050171.03": 1.8532259295455151, "5050125.02": -1.5929758766391875, "5050125.01": -2.0260158709501344, "5050121.02": -0.7374183686755824, "5050125.11": 0.5801607455771021, "5050125.1": -0.3616526527478088, "5050125.04": -0.5824206616031732, "5050125.09": 0.2876126842183761, "5050171.12": 0.08496885815672171, "5050103.0": -1.1177778191053687, "5050062.01": -0.8673262283010801, "5050060.0": -0.8047129425736701, "5050110.0": -0.5682136893030055, "5050059.0": -1.2707939259940522, "5050121.01": -0.8325899558070787, "5050600.0": -0.6452837839607436, "5050062.02": -0.7402926413263753, "5050120.01": -0.5149888522854328, "5050120.03": -1.2435495941617036, "5050610.01": -0.8894315258678883, "5050120.02": -1.336401758949411, "5050171.11": -0.1268731945199927, "5050125.08": 0.47080546603034784, "5050125.07": -0.7051089192321457, "5050124.01": -0.9227339967000552, "5050171.13": 0.14593399401113072, "5050171.15": 0.24693880050573344, "5050170.05": 0.22758306558512045, "5050124.03": -1.0476477525867007, "5050125.05": -0.06023816799201915, "5050124.04": -0.8926035616973269, "5050171.14": -0.2377375585775136, "5050170.04": -0.7461850802982476, "5050170.08": -0.0004194186103334483, "5050171.07": -0.011499084520482233, "5050630.04": -1.4865024781728324, "5050171.06": -0.30840544942384057, "5050170.13": -0.17012383379414753, "5050170.09": -0.7309874135686982, "5050170.03": -0.6539706447042871, "5050124.02": -0.5368013673415746, "5050170.12": -0.20087338296341248, "5050170.1": -0.5588580586162212, "5050181.02": 0.6963364210135082,