{"5052001.0": 1.2831746665574724, "5050200.01": 2.3462090818626185, "5050151.09": -0.9078188724857992, "5050151.03": -1.2892218511536284, "5050300.02": 1.0282220890676783, "5050151.06": -0.8118536065822983, "5052002.0": 0.5671131502931595, "5051001.0": -0.48261625183103435, "5051000.0": 2.027438171828916, "5050301.0": 1.9708669496088669, "5050302.0": -1.0656704086289392, "5050850.0": -0.048427448024226924, "5050400.0": 0.6346287949670019, "5050200.02": -1.0204139928374651, "5050191.02": 0.9417237646217734, "5050191.01": -0.1786856409483109, "5050190.02": -0.12438316871354155, "5050190.01": 0.13012140068478922, "5050126.08": -0.9077407761170933, "5050126.04": -1.2808571398561304, "5050126.07": -0.9355020674140926, "5050151.04": -1.3660855229531612, "5050151.08": -0.8741821800240385, "5050151.11": -1.041430765996449, "5050201.0": -0.8961679485572321, "5050151.05": -1.1757348081051964, "5050141.25": -1.4017945882226701, "5050141.23": -0.948585381204837, "5050141.26": -1.401944517914624, "5050141.24": -1.2467868790109142, "5050151.1": -0.8896516325743798, "5050162.04": -0.5149025692555824, "5050141.04": -1.2446197178047635, "5050141.14": -0.8467342703836797, "5050161.06": -0.5947663181469875, "5050162.02": -0.8272284026048202, "5050141.2": -1.2240852741012558, "5050161.05": -0.3577787843007486, "5050140.04": -1.1646855286960125, "5050140.05": -0.9380818446262685, "5050162.03": -0.7282063154868, "5050300.01": -1.825565691967997, "5050161.03": -0.9350182665411307, "5050141.22": -1.2234241396684222, "5050160.15": -0.6680958784658075, "5050141.13": -0.959629014152932, "5050160.05": -0.3241886532910916, "5050141.21": -0.8804899377773244, "5050161.04": -0.7589559849784386, "5050140.07": -1.270635686499245, "5050140.06": -1.4600414403385031, "5050141.11": -1.0139905664695774, "5050160.04": -0.6005228909786817, "5050141.17": -0.8748341871651093, "5050160.06": -0.8184007285517608, "5050141.1": -0.7254422770172443, "5050160.14": -1.125446627842293, "5050140.03": -0.9027622728855341, "5050141.09": -1.1767373543502146, "5050141.16": -0.7374354319859391, "5050160.07": -1.103036527770375, "5050160.02": -1.0561581902357438, "5050141.18": -0.5942368303192359, "5050126.05": -0.6276686400391688, "5050136.02": -0.7806856773534195, "5050126.06": -0.6890530757246276, "5050136.01": -0.23085365828790716, "5050160.13": -1.1783355992975042, "5050141.19": -0.6794593300050176, "5050135.02": -0.7398593852137929, "5050160.12": -1.1468806287618603, "5050160.11": -1.6273870254413136, "5050135.03": -0.22479233940938975, "5050137.02": -0.019806642756030012, "5050135.01": -0.30949351272402714, "5050137.03": 0.5956055863029824, "5050137.04": 0.6048719010565782, "5050130.01": -0.7196556962388533, "5050027.0": 0.5086579490864412, "5050130.02": -0.15112597658377622, "5050137.05": 0.36793418494345814, "5050138.0": 0.7034393767800712, "5050139.0": 0.14120231207099596, "5050134.0": 0.5549753801970805, "5050026.0": 0.4679379406382262, "5050002.04": -1.5037929979866989, "5050002.06": -0.9119679485619924, "5050028.0": 2.2313241212125146, "5050029.0": 2.075197291004334, "5050133.0": 0.9122748488563192, "5050127.0": -0.7744083487599343, "5050182.0": 0.055419332801561506, "5050126.09": -0.9571615841690885, "5050123.04": 0.08605053903779328, "5050123.03": 0.3387873595492293, "5050001.06": 0.11521819037685058, "5050001.07": 0.1619260996006285, "5050001.08": 0.6261713654791282, "5050010.0": 0.8068141873352521, "5050131.01": -0.154787224514696, "5050160.09": -0.2569194831977027, "5050024.0": 1.328007439141102, "5050131.02": 1.227177474022871, "5050023.01": 1.1946971562712863, "5050030.0": 1.9606007693654004, "5050123.01": -0.48845418318943273, "5050132.0": 1.0675352974052326, "5050002.05": -1.3016903540620548, "5050025.0": 1.4252559693500233, "5050811.01": -0.05433865624373245, "5050023.02": 2.233260055331161, "5050002.01": -0.04057231084215417, "5050020.02": 1.0602467972463416, "5050002.02": -0.03421767655527557, "5050032.01": 0.9577645978270708, "5050031.0": 1.1900086702488382, "5050001.04": -0.05839951192628814, "5050022.0": 0.36348981296465416, "5050021.0": 1.4750630516440804, "5050032.02": 0.7811780265295346, "5050003.0": 0.1431899372436735, "5050001.1": 0.3946671818815153, "5050033.01": -0.20164227559090242, "5050020.01": 0.7327969276613137, "5050033.02": 0.2778596397719252, "5050822.09": -0.3431454946918459, "5050001.05": 0.5055454990240504, "5050001.09": 0.7143719422757783, "5050004.0": 0.7169879972233791, "5050007.02": 0.548586472561578, "5050005.0": 0.12227218176697763, "5050034.0": 1.6364472638122325, "5050044.0": -0.1284551922808567, "5050821.02": -0.322429665618505, "5050045.02": -0.7308859984024904, "5050017.0": 1.21640742402423, "5050007.03": 0.8222877886578162, "5050043.0": 0.7147110128127404, "5050006.0": 1.2133754917427204, "5050019.0": 0.9440342171682246, "5050035.0": 0.6679874660153673, "5050045.01": 0.8458275648589063, "5050008.0": 0.13239213157284108, "5050007.01": 0.7988717526163243, "5050016.0": 0.9630073032940346, "5050046.0": 0.8065094350473132, "5050042.0": 1.3059169966449655, "5050018.0": 0.13929197188601944, "5050036.0": 1.5267465708632555, "5050041.0": 1.2029258760971964, "5050039.0": 1.4589165761172533, "5050009.0": 0.8419562620289821, "5050047.0": 1.8630397968630779, "5050040.0": 1.6251127024586745, "5050011.04": 1.0234444367059758, "5050038.0": 1.7051861718507884, "5050011.03": 1.2149293729877624, "5050015.0": 0.8465165923539063, "5050037.02": 1.9721173113673087, "5050037.01": 1.9601800319296558, "5050504.01": 0.2726079021734607, "5050049.0": 1.8356647131303787, "5050048.0": 1.0586088363753925, "5050011.01": 0.28532433235124416, "5050501.0": 0.9675609757878582, "5050014.0": 1.831318780918854, "5050050.0": 1.425249734179238, "5050051.0": 0.8703246587943467, "5050054.0": 0.5487751386093009, "5050013.0": 1.8780389995761813, "5050500.0": 0.17908236509679815, "5050052.0": 1.2934423795170398, "5050053.0": 1.0599045603967263, "5050012.0": 1.7459413039080207, "5050055.0": 0.4372734482735714, "5050056.0": 0.5697956545455858, "5050122.02": 0.25676215484638476, "5050101.0": 1.4111825266446898, "5050122.01": 1.2907812843354274, "5050100.0": 1.8395358668897737, "5050057.0": 1.2144601227343903, "5050104.0": 0.8824576253995857, "5050058.0": -0.17341006123475913, "5050102.0": 1.9896181370266386, "5050122.03": 0.2842997996802667, "5050061.0": 1.1829535406272411, "5050125.03": -0.10962634126061258, "5050171.03": -1.2488761393859173, "5050125.02": -1.3389355884545489, "5050125.01": -1.3744015305378832, "5050121.02": -0.625304960867706, "5050125.11": -1.4207840653647927, "5050125.1": -1.1838524324624873, "5050125.04": -1.210958324597354, "5050125.09": -1.0510857175803083, "5050171.12": -1.2141794330815312, "5050103.0": 0.5130711519795096, "5050062.01": 0.45919364183603467, "5050060.0": 0.6786494358286809, "5050110.0": 1.0073448459459424, "5050059.0": 0.26819989319949633, "5050121.01": -0.4975801978938034, "5050600.0": -0.4831806565041928, "5050062.02": 0.523090681015383, "5050120.01": -0.026985255816134913, "5050120.03": -0.5328896148623683, "5050610.01": -0.4938588772049146, "5050120.02": -0.5594748045472573, "5050171.11": -1.3429939484932907, "5050125.08": -0.9331288551940464, "5050125.07": -1.1477922258373658, "5050124.01": -1.2298251778375435, "5050171.13": -1.0029389404818734, "5050171.15": -1.2283275081143255, "5050170.05": -0.7542522765920369, "5050124.03": -0.9922626867776124, "5050125.05": -0.8886561493815232, "5050124.04": -0.7371799532284312, "5050171.14": -1.0783987858584565, "5050170.04": -0.9549416829197863, "5050170.08": -0.7990542868487398, "5050171.07": -0.9845809013201264, "5050630.04": -0.25501665979816457, "5050171.06": 0.05754953582149889, "5050170.13": -0.8785464758465859, "5050170.09": -0.8535107845805069, "5050170.03": -0.4973904379851964, "5050124.02": -0.781645519507231, "5050170.12": -0.8791979025594345, "5050170.1": -0.730076387663924, "5050181.02": -0.4193862960377256, "5050170.11": -0.8083389072104482, "5050170.01": -0.6366961445162638,