{"5052001.0": 1.5837488281296088, "5050200.01": 3.2349281835209966, "5050151.09": 5.997988344123085, "5050151.03": -0.761049281054958, "5050300.02": 1.8761986023392248, "5050151.06": 1.1466210341841712, "5052002.0": 0.7265206770163163, "5051001.0": -0.20310134939499624, "5051000.0": 2.4766918674229492, "5050301.0": 1.6358348511759964, "5050302.0": 1.8126464853448754, "5050850.0": 0.26136712456248146, "5050400.0": 0.2725203781156625, "5050200.02": 7.153548807827448, "5050191.02": 2.2571507085533478, "5050191.01": 1.0886462637623537, "5050190.02": 0.9336437859868546, "5050190.01": 0.9194668883924648, "5050126.08": 0.8995666271320087, "5050126.04": 3.158024340813432, "5050126.07": 0.04043347938906561, "5050151.04": -0.02322933766700442, "5050151.08": 0.35271783764711545, "5050151.11": 0.21399613838040765, "5050201.0": 0.33073016042413933, "5050151.05": 1.184516883677311, "5050141.25": -0.2810890899727479, "5050141.23": -0.17923221197886557, "5050141.26": 0.04856202155304615, "5050141.24": -0.05685097061629398, "5050151.1": 1.1584588945237546, "5050162.04": 1.0520884362919516, "5050141.04": -0.09214755437169697, "5050141.14": 1.8164491601471993, "5050161.06": 1.1139990160647115, "5050162.02": 0.5222425797442904, "5050141.2": -0.24554244119341784, "5050161.05": 1.5679562887329181, "5050140.04": -0.5993472212387325, "5050140.05": -0.28716846070437696, "5050162.03": -0.21529610865142487, "5050300.01": 4.937017269121019, "5050161.03": -0.26992271751223507, "5050141.22": -0.9765043283115583, "5050160.15": 0.8987808682980711, "5050141.13": 0.23335282669912508, "5050160.05": 0.1403501358996548, "5050141.21": -0.06760553181987483, "5050161.04": 0.39937026130440895, "5050140.07": -0.571560382547962, "5050140.06": -0.7712654372674241, "5050141.11": -0.48844787267583795, "5050160.04": -0.5637518300064062, "5050141.17": 0.40140666064555736, "5050160.06": -0.21494198678418752, "5050141.1": -0.048188675989914144, "5050160.14": 0.4646282074585295, "5050140.03": -0.41315571096775217, "5050141.09": -0.3020991374686509, "5050141.16": -0.24962349970104528, "5050160.07": -0.033086627444874214, "5050160.02": -0.03525671201675943, "5050141.18": -0.17945090966597899, "5050126.05": -0.19889923647463612, "5050136.02": -1.0431350047626802, "5050126.06": 1.0703708308194655, "5050136.01": -0.7168018046171418, "5050160.13": -0.04462257193679682, "5050141.19": 0.01100285200984158, "5050135.02": -0.8867302312792914, "5050160.12": 0.04889245139850344, "5050160.11": 1.0205431219187433, "5050135.03": 0.09581118808281679, "5050137.02": -0.46637976857774704, "5050135.01": -0.5739855738642496, "5050137.03": -0.40365424345918843, "5050137.04": 0.17216962931841884, "5050130.01": -0.6190610462765729, "5050027.0": -0.18330923528321022, "5050130.02": -0.14660729418566268, "5050137.05": -0.13473774714199452, "5050138.0": -0.5127535017658832, "5050139.0": -0.30601880257522324, "5050134.0": 0.463071435990635, "5050026.0": -0.18682325014123016, "5050002.04": -0.9314794216346773, "5050002.06": -1.057663910609785, "5050028.0": 0.3783344430640271, "5050029.0": 0.7021862379402329, "5050133.0": 0.2156154348295633, "5050127.0": -0.231265831650741, "5050182.0": 1.0185891985471514, "5050126.09": 0.6066253323982276, "5050123.04": -0.3587947565714054, "5050123.03": 0.23894405051311143, "5050001.06": 0.1508572440168538, "5050001.07": 0.6663601517308935, "5050001.08": 0.2591294162924732, "5050010.0": 0.05419210686041655, "5050131.01": -0.38384532381914205, "5050160.09": 0.3034046899274664, "5050024.0": 0.49993118080428234, "5050131.02": 0.14241257444250113, "5050023.01": 0.06387813685270025, "5050030.0": 0.3507308743923519, "5050123.01": -0.4802427802588572, "5050132.0": 0.05292266760031201, "5050002.05": -1.114569219112434, "5050025.0": 0.076747805438021, "5050811.01": -0.5554038699012019, "5050023.02": 0.648495343825905, "5050002.01": -0.7016278749993392, "5050020.02": 0.021096320386863328, "5050002.02": -0.6790649427231403, "5050032.01": 0.27100071053405533, "5050031.0": 0.2305128710110162, "5050001.04": -0.3419179651410137, "5050022.0": -0.23172947858462428, "5050021.0": 0.11478935637793748, "5050032.02": -0.11182044517019524, "5050003.0": -0.6188975262149017, "5050001.1": -0.3169591188234828, "5050033.01": -0.05148899530677147, "5050020.01": -0.20063604232458204, "5050033.02": -0.28952549639054936, "5050822.09": -0.01792195986841136, "5050001.05": -0.29217221201689947, "5050001.09": -0.19414955257816643, "5050004.0": -0.22777585824348592, "5050007.02": -0.050293495726480265, "5050005.0": -0.4853063482806186, "5050034.0": -0.1215581605288459, "5050044.0": -0.4774887195746845, "5050821.02": -0.38186779665616216, "5050045.02": -0.47003913726714025, "5050017.0": -0.007847653051183635, "5050007.03": -0.07566307969226675, "5050043.0": -0.5800842339937974, "5050006.0": -0.12693552085311238, "5050019.0": -0.15717916140879126, "5050035.0": -0.4073653409527858, "5050045.01": -0.1268795114015241, "5050008.0": -0.4786877286411705, "5050007.01": -0.13237205048058245, "5050016.0": -0.027449537497312604, "5050046.0": -0.6519315225891193, "5050042.0": -0.35615933941288447, "5050018.0": -0.11867028374734366, "5050036.0": -0.18285871114053773, "5050041.0": -0.4397944239708681, "5050039.0": -0.21697946774544624, "5050009.0": -0.24988415007227593, "5050047.0": -0.37806947084103276, "5050040.0": -0.2896156724587578, "5050011.04": -0.290036730497988, "5050038.0": -0.34190658024659204, "5050011.03": 0.04239291261064384, "5050015.0": -0.641441461295385, "5050037.02": -0.014726413838306895, "5050037.01": -0.06118789301890634, "5050504.01": -1.1481758282612566, "5050049.0": -0.30240104911735266, "5050048.0": -0.8984813058593237, "5050011.01": -0.5551755507087248, "5050501.0": -0.9453795896489064, "5050014.0": -0.127369258194103, "5050050.0": -0.3981891655502883, "5050051.0": -1.0379095366245674, "5050054.0": -0.985418271900896, "5050013.0": -0.22375576760639648, "5050500.0": -1.350427450595404, "5050052.0": -0.695599825684537, "5050053.0": -0.7721876515863293, "5050012.0": 0.22805674038463167, "5050055.0": -1.014321278588906, "5050056.0": -1.0280765735854378, "5050122.02": -0.6045188765660592, "5050101.0": -0.6037715879420389, "5050122.01": 0.41179625069834513, "5050100.0": -0.318457561951095, "5050057.0": -0.5945844992433051, "5050104.0": -0.9779605624962379, "5050058.0": -1.166725222906711, "5050102.0": -0.5024015615548811, "5050122.03": -0.46539968562374406, "5050061.0": -0.4289745722789902, "5050125.03": 0.19899456095690643, "5050171.03": 1.8583569294639855, "5050125.02": -1.4015037467105038, "5050125.01": -1.801054899544272, "5050121.02": -0.589416940905609, "5050125.11": 0.3361264774717317, "5050125.1": -0.37220343998394856, "5050125.04": -0.662530843990087, "5050125.09": 0.10818288045433157, "5050171.12": -0.017094207003439558, "5050103.0": -1.0357803140351074, "5050062.01": -0.6147957964521275, "5050060.0": -0.6274781488887837, "5050110.0": -0.5543744250160516, "5050059.0": -1.0922502866654267, "5050121.01": -0.7153072049631485, "5050600.0": -0.9261167081909883, "5050062.02": -0.47788926399584414, "5050120.01": -0.3054835315820681, "5050120.03": -1.0305393843201653, "5050610.01": -0.7548010905245772, "5050120.02": -1.1177806946772697, "5050171.11": -0.2083740651484015, "5050125.08": 0.3317823879803148, "5050125.07": -0.6368049494407433, "5050124.01": -0.8545309446428644, "5050171.13": 0.12894968748020283, "5050171.15": 0.12970539720534008, "5050170.05": 0.19516329618637024, "5050124.03": -0.9354150128621532, "5050125.05": -0.0607128782178058, "5050124.04": -0.7255415302956918, "5050171.14": -0.19263436842661694, "5050170.04": -0.5787141358817703, "5050170.08": 0.0673251856885737, "5050171.07": -0.013755023920391504, "5050630.04": -1.2463862060294162, "5050171.06": 0.09587870194393465, "5050170.13": -0.07612494693526219, "5050170.09": -0.5882782047895806, "5050170.03": -0.44891388978745195, "5050124.02": -0.3848968253064433, "5050170.12": -0.1292329497114211, "5050170.1": -0.4022670304838521,