{"5052001.0": 1.5188536542687225, "5050200.01": 2.617571687244498, "5050151.09": 4.690788385510718, "5050151.03": -0.1854036290844155, "5050300.02": 2.0069142111885188, "5050151.06": 1.9642840375123263, "5052002.0": 0.8482703907116809, "5051001.0": 0.08035302384461311, "5051000.0": 2.4953087281317217, "5050301.0": 0.985127672876276, "5050302.0": 1.8810708823966562, "5050850.0": 0.3239042796364065, "5050400.0": -0.11583781418299186, "5050200.02": 5.208174873783207, "5050191.02": 2.4389921728060475, "5050191.01": 1.6902883029323912, "5050190.02": 1.334141672621934, "5050190.01": 1.0903679046893704, "5050126.08": 1.348382763052437, "5050126.04": 2.3185303567092057, "5050126.07": 0.4854585486672195, "5050151.04": 0.8925653408891079, "5050151.08": 0.8673572095921214, "5050151.11": 1.0844070363314935, "5050201.0": 0.9520428243589123, "5050151.05": 2.2514955169480624, "5050141.25": 0.17008349031609604, "5050141.23": 0.018442822699981754, "5050141.26": 0.6247867765415723, "5050141.24": 0.4123047558390498, "5050151.1": 1.9166462968362978, "5050162.04": 1.5402322422156172, "5050141.04": 0.5956976467031512, "5050141.14": 1.62117382664313, "5050161.06": 1.6009301756608796, "5050162.02": 1.1842136578003473, "5050141.2": 0.059836850642912456, "5050161.05": 2.007826254515956, "5050140.04": -0.3069802171013366, "5050140.05": -0.12080861757385102, "5050162.03": 0.21378703419707118, "5050300.01": 3.7673496832649747, "5050161.03": 0.20287969402677225, "5050141.22": -0.6875816934733837, "5050160.15": 1.4956659131107426, "5050141.13": 0.7208409145905704, "5050160.05": 0.49558719538007606, "5050141.21": 0.18803802861928431, "5050161.04": 0.8781766276403851, "5050140.07": -0.1786388852061213, "5050140.06": -0.28246911331221164, "5050141.11": -0.28034425449277384, "5050160.04": -0.25528623917657356, "5050141.17": 0.5844672937116299, "5050160.06": 0.4177363848529324, "5050141.1": 0.14725863557823965, "5050160.14": 1.2599874503026705, "5050140.03": -0.24448653453073577, "5050141.09": 0.14261233148238647, "5050141.16": -0.11771508127178433, "5050160.07": 0.6895821363018757, "5050160.02": 0.6020547344021163, "5050141.18": -0.05535742649556068, "5050126.05": 0.05983166899158159, "5050136.02": -0.8533538143937845, "5050126.06": 1.4785886036618654, "5050136.01": -0.7617321613428304, "5050160.13": 0.6194772977387074, "5050141.19": 0.44941065393404794, "5050135.02": -0.8636621485143484, "5050160.12": 0.5981513879563636, "5050160.11": 1.146193555796289, "5050135.03": -0.08892285787497264, "5050137.02": -0.7560056169529101, "5050135.01": -0.6613578137693327, "5050137.03": -1.0742833848061897, "5050137.04": -0.2918935640749407, "5050130.01": -0.35750308389577234, "5050027.0": -0.8196229828984968, "5050130.02": -0.2011585181045544, "5050137.05": -0.7241422882142058, "5050138.0": -0.9083286635594631, "5050139.0": -0.5624311248425986, "5050134.0": 0.010118313549733589, "5050026.0": -0.5253101256524361, "5050002.04": -0.19351829271350052, "5050002.06": -0.7747802329665, "5050028.0": -0.56306241769793, "5050029.0": -0.20273594951816068, "5050133.0": -0.2944463885764339, "5050127.0": 0.14099735616370646, "5050182.0": 1.0917071144282062, "5050126.09": 1.0376817215158507, "5050123.04": -0.7142149882714498, "5050123.03": -0.13123831115498216, "5050001.06": -0.11553972215620027, "5050001.07": 0.334652677411528, "5050001.08": -0.23925094993076748, "5050010.0": -0.3347993200527538, "5050131.01": -0.42594440643627296, "5050160.09": 0.4402921508847601, "5050024.0": -0.12709958684824266, "5050131.02": -0.4816191605336595, "5050023.01": -0.747859685182882, "5050030.0": -0.22530468086521796, "5050123.01": -0.5609408338044404, "5050132.0": -0.48212476453540376, "5050002.05": -0.598617793881172, "5050025.0": -0.303457698874321, "5050811.01": -0.11847146141532383, "5050023.02": -0.5145675373851222, "5050002.01": -0.6695694763444356, "5050020.02": -0.3808731874644806, "5050002.02": -0.8860820842121822, "5050032.01": 0.43362290862571923, "5050031.0": 0.0859830946807811, "5050001.04": -0.6552170451835813, "5050022.0": -0.3362014300189224, "5050021.0": -0.6471759361795547, "5050032.02": 0.07911155418929548, "5050003.0": -0.6573897034813156, "5050001.1": -0.7931028190308552, "5050033.01": 0.43822785702338113, "5050020.01": -0.5031635718812587, "5050033.02": -0.09642815365118135, "5050822.09": 0.22644734425888954, "5050001.05": -0.9683170666298184, "5050001.09": -0.852555420922516, "5050004.0": -0.39068552720065886, "5050007.02": -0.4982734471135078, "5050005.0": -0.7515245195512822, "5050034.0": -0.6060100045009669, "5050044.0": 0.01052750599480399, "5050821.02": 0.41321511058445515, "5050045.02": 0.2640844671592964, "5050017.0": -0.3500133465249712, "5050007.03": -0.5432807168100224, "5050043.0": -0.6321606494582955, "5050006.0": -0.6453170819677209, "5050019.0": -0.33025262907048264, "5050035.0": -0.5521719789141998, "5050045.01": 0.09107402151094954, "5050008.0": -0.7472097696974973, "5050007.01": -0.43297959374684025, "5050016.0": -0.3694979122539157, "5050046.0": -0.7306092756976712, "5050042.0": -0.6462340509139727, "5050018.0": -0.11987374375348529, "5050036.0": -0.7235213333260225, "5050041.0": -0.760691766294754, "5050039.0": -0.7738507060708288, "5050009.0": -0.623244626300156, "5050047.0": -0.8013531273163009, "5050040.0": -0.8490114373886782, "5050011.04": -0.6044902878417346, "5050038.0": -0.6993677369992359, "5050011.03": -0.4666591546310716, "5050015.0": -1.001359601499996, "5050037.02": -0.47714365285735255, "5050037.01": -0.5460239586412473, "5050504.01": -1.0972752810916893, "5050049.0": -0.7942143933376027, "5050048.0": -1.186085872719235, "5050011.01": -0.8900225895751036, "5050501.0": -1.1546966611291825, "5050014.0": -0.9467093381586676, "5050050.0": -0.9742719064196963, "5050051.0": -1.5479025098226458, "5050054.0": -1.316197172170442, "5050013.0": -1.0604617121142301, "5050500.0": -1.3498433136252788, "5050052.0": -1.3798479317514265, "5050053.0": -1.251174566855864, "5050012.0": -0.6914657606180724, "5050055.0": -1.120240434718031, "5050056.0": -1.1116804552423525, "5050122.02": -0.9349417789122736, "5050101.0": -1.2225322063253266, "5050122.01": -0.2310581145912255, "5050100.0": -1.2083504029502548, "5050057.0": -0.9184768836824554, "5050104.0": -1.2228658563609753, "5050058.0": -1.131328149695352, "5050102.0": -1.2681889362455394, "5050122.03": -0.8004656641251235, "5050061.0": -1.1280650360653415, "5050125.03": 0.23457610488893219, "5050171.03": 1.7115373782626075, "5050125.02": -0.969882728182938, "5050125.01": -1.554246836651671, "5050121.02": -0.35692526915583067, "5050125.11": 1.0652229176002728, "5050125.1": 0.09190933077283082, "5050125.04": -0.08425858280009452, "5050125.09": 0.8022396953179411, "5050171.12": 0.5773280314087141, "5050103.0": -1.1517773443488197, "5050062.01": -0.9127650607231462, "5050060.0": -0.94578710368957, "5050110.0": -0.7407125572387031, "5050059.0": -1.1439349990729404, "5050121.01": -0.5238692811422856, "5050600.0": -0.6435772076037986, "5050062.02": -0.6797635686453743, "5050120.01": -0.36318375996649693, "5050120.03": -0.9432946974830841, "5050610.01": -0.6283906100149245, "5050120.02": -0.9700995489551202, "5050171.11": 0.2452478339381078, "5050125.08": 0.7647496662216695, "5050125.07": -0.0664498271583241, "5050124.01": -0.23079713700427787, "5050171.13": 0.460738932549409, "5050171.15": 0.4841581505876543, "5050170.05": 0.5619208477942041, "5050124.03": -0.48459992721132017, "5050125.05": 0.37171363891189824, "5050124.04": -0.21304311345707716, "5050171.14": 0.02942817873154267, "5050170.04": -0.2416706723475681, "5050170.08": 0.31397316684549986, "5050171.07": 0.302865847088466, "5050630.04": -1.109459997361998, "5050171.06": 0.002572578443171073, "5050170.13": 0.2046235481137909, "5050170.09": -0.32952251695338947, "5050170.03": -0.21610492245875276, "5050124.02": -0.007176580079325951, "5050170.12": 0.23375015653014833, "5050170.1": -0.1107560419830273, "5050181.02": 1.5104646360647656, "5050170.11": 0.362565100806883,