{"5052001.0": 1.5011910109964417, "5050200.01": 4.244068188831689, "5050151.09": 4.826432484809916, "5050151.03": -1.1637310918494006, "5050300.02": 1.4946260178366044, "5050151.06": -0.1918963796796398, "5052002.0": 0.22256828309095042, "5051001.0": -0.3819914351137254, "5051000.0": 1.1682071198508388, "5050301.0": 2.800211287770312, "5050302.0": 0.38580275985298584, "5050850.0": 0.6784528736760267, "5050400.0": 2.377822104715457, "5050200.02": 5.8313624580075345, "5050191.02": 1.8417010219773382, "5050191.01": 0.41178328717649937, "5050190.02": 0.451763777217943, "5050190.01": 1.145475212985737, "5050126.08": -0.4033589510497086, "5050126.04": 2.3747737427061355, "5050126.07": -0.9158703271574632, "5050151.04": -1.0954928883356883, "5050151.08": -0.32467689815916867, "5050151.11": -0.722403633608002, "5050201.0": -0.15576013833928215, "5050151.05": -0.7354296065420937, "5050141.25": -1.1225652740908354, "5050141.23": -0.39394472097342964, "5050141.26": -1.2764913743355997, "5050141.24": -1.0224287696806973, "5050151.1": -0.3618882930395988, "5050162.04": -0.15168103672585642, "5050141.04": -1.4034381007686094, "5050141.14": 0.8976213710002338, "5050161.06": 0.4246438986908585, "5050162.02": -0.9602755842324043, "5050141.2": -1.0244072146780516, "5050161.05": 0.4969308215627924, "5050140.04": -0.9429723481655494, "5050140.05": -0.6099965911669069, "5050162.03": -0.9993052019487144, "5050300.01": 3.738645934881256, "5050161.03": -0.7182794375099267, "5050141.22": -1.5278825664438311, "5050160.15": -0.21697427944988887, "5050141.13": -0.81923699172825, "5050160.05": -0.7255691893201814, "5050141.21": -0.8459167616043801, "5050161.04": -0.1271593171152102, "5050140.07": -0.9271094295862187, "5050140.06": -1.2850520152278992, "5050141.11": -0.8264673711195832, "5050160.04": -0.9054262232872328, "5050141.17": -0.11922312628448449, "5050160.06": -1.138980527692936, "5050141.1": -0.519828908873023, "5050160.14": -0.5796157689847607, "5050140.03": -0.6176062478944048, "5050141.09": -0.6581074866808435, "5050141.16": -0.227493664923856, "5050160.07": -1.3167181970194444, "5050160.02": -1.0466457421081343, "5050141.18": 0.0625815585890852, "5050126.05": -0.11829540951095492, "5050136.02": -0.5623944145493396, "5050126.06": 0.06081220951331941, "5050136.01": -0.14862328327502833, "5050160.13": -0.9650933253332542, "5050141.19": 0.010702231866899883, "5050135.02": -0.5158114715724673, "5050160.12": -0.7372928514300964, "5050160.11": -0.298125114626064, "5050135.03": 0.3213514739302439, "5050137.02": 0.19317257967854362, "5050135.01": 0.05527389995090484, "5050137.03": 0.454116979526634, "5050137.04": 0.8319186209981995, "5050130.01": -0.6965261092330642, "5050027.0": 0.5804477453641111, "5050130.02": 0.11365191032893464, "5050137.05": 0.6727991777736169, "5050138.0": 0.16121466896143796, "5050139.0": -0.663504166031285, "5050134.0": 0.42797430285013904, "5050026.0": 0.4029180291814635, "5050002.04": -1.5519870241079823, "5050002.06": -1.7594460185804428, "5050028.0": 0.8197864125837643, "5050029.0": 0.7937767142984947, "5050133.0": 0.6608897280513542, "5050127.0": -1.3596552272975773, "5050182.0": 1.5165127742541085, "5050126.09": -0.7292975006106921, "5050123.04": -0.5992337576473727, "5050123.03": 0.17426422270461767, "5050001.06": 0.12286993123725859, "5050001.07": 0.8287012795578746, "5050001.08": 0.6816808328740485, "5050010.0": 0.31913941412071944, "5050131.01": -0.4723548962771761, "5050160.09": 0.5705107519224812, "5050024.0": 0.6471875882099399, "5050131.02": -0.0010855628494328535, "5050023.01": 0.5848717148822076, "5050030.0": 0.2130076889718372, "5050123.01": -0.7003488103998041, "5050132.0": 0.2757056727353095, "5050002.05": -1.5784624962368505, "5050025.0": 0.3563964904496043, "5050811.01": -0.3546167625773029, "5050023.02": 0.9748444824313365, "5050002.01": -1.0229393600512815, "5050020.02": -0.2704534925533833, "5050002.02": -1.0736168680259186, "5050032.01": 0.2612975385066506, "5050031.0": -0.010945614526284873, "5050001.04": -0.5793672725421606, "5050022.0": 0.14896398688038828, "5050021.0": 0.6206252972120057, "5050032.02": -0.17320835514025615, "5050003.0": -0.4685436254579655, "5050001.1": -0.2713382441732567, "5050033.01": -0.06132131266796281, "5050020.01": 0.3423334061390113, "5050033.02": -0.19379381697372236, "5050822.09": -0.4284572292833288, "5050001.05": 0.21642029508621444, "5050001.09": 0.07867563751664851, "5050004.0": 0.09549955027163408, "5050007.02": 0.22901361960119573, "5050005.0": -0.034918123724548666, "5050034.0": 0.40932308733467404, "5050044.0": -0.13904903333759233, "5050821.02": -0.7383563541958265, "5050045.02": -0.8314469830621533, "5050017.0": 0.7188237150634856, "5050007.03": 0.5166093340648877, "5050043.0": 0.1553059689560327, "5050006.0": 0.6890739461319215, "5050019.0": 0.9669529823409541, "5050035.0": 0.4463191979896119, "5050045.01": -0.1029724119522679, "5050008.0": 0.12873556899948316, "5050007.01": 0.6516433901598885, "5050016.0": 1.0574907877906476, "5050046.0": -0.031806265366667606, "5050042.0": 0.7004081583343418, "5050018.0": 1.022730727922778, "5050036.0": 1.3879614750650568, "5050041.0": 0.7033031689549785, "5050039.0": 1.2142191045294233, "5050009.0": 0.2762595011991139, "5050047.0": 0.6205102354179091, "5050040.0": 1.1483831805405507, "5050011.04": 0.520726607970478, "5050038.0": 1.1543788200928164, "5050011.03": 0.9950923979047802, "5050015.0": 0.7690242798214769, "5050037.02": 1.4519126160670484, "5050037.01": 1.5038551040027826, "5050504.01": -0.3633666081560427, "5050049.0": 1.1978373016420925, "5050048.0": 0.38703289042712163, "5050011.01": -0.4499897403800085, "5050501.0": 0.01663586092678049, "5050014.0": 1.1138182267119687, "5050050.0": 0.7554853902006711, "5050051.0": 0.20938169404660384, "5050054.0": 0.056527620362331985, "5050013.0": 0.6323651619610832, "5050500.0": -0.22258583050525013, "5050052.0": 0.3030764720695509, "5050053.0": 0.14012025192806388, "5050012.0": 0.3346060060699774, "5050055.0": -0.4107297799626957, "5050056.0": -0.1983605426715591, "5050122.02": -1.1010747080349614, "5050101.0": 0.42209452852531576, "5050122.01": 0.17142934401917145, "5050100.0": 0.4273880484918829, "5050057.0": 0.036147563729483474, "5050104.0": -0.09438028701733346, "5050058.0": -0.8083433071577731, "5050102.0": 0.4232600751287079, "5050122.03": -0.9050037169346017, "5050061.0": -0.04689319436285929, "5050125.03": 0.16329343280420475, "5050171.03": 1.1856339919413355, "5050125.02": -1.211032939334208, "5050125.01": -1.6780549295954421, "5050121.02": -1.2408843532885472, "5050125.11": -0.948412580328623, "5050125.1": -0.6994481247455301, "5050125.04": -1.269062325437054, "5050125.09": -0.547484952139175, "5050171.12": -0.7379833055015523, "5050103.0": -0.19612922922760645, "5050062.01": -0.5558199530391952, "5050060.0": -0.15483119112542662, "5050110.0": -0.1690784775702936, "5050059.0": -0.5834571324952117, "5050121.01": -1.1441800139794958, "5050600.0": -1.0107120705557127, "5050062.02": -0.31673579857970646, "5050120.01": -0.42687759529639585, "5050120.03": -1.0159330178308585, "5050610.01": -1.1896853994926493, "5050120.02": -1.112287654425734, "5050171.11": -0.6789248735361801, "5050125.08": -0.2411356859512233, "5050125.07": -1.1232607933081897, "5050124.01": -1.5852904057949773, "5050171.13": -0.1719299147267639, "5050171.15": -0.2498015764404209, "5050170.05": 0.07102615855236157, "5050124.03": -1.4115192480126992, "5050125.05": -0.4863373113800266, "5050124.04": -1.0765331680773105, "5050171.14": -0.09329699948089284, "5050170.04": -0.3691149223998629, "5050170.08": 0.15074418264042727, "5050171.07": 0.09319764920348184, "5050630.04": -1.44550410157839, "5050171.06": 0.4967258662717266, "5050170.13": 0.22069656069272767, "5050170.09": -0.042636272766186444, "5050170.03": -0.15960702046145925, "5050124.02": -0.45781854765154034, "5050170.12": 0.03515058751600751, "5050170.1": -0.3013650429849358, "5050181.02": -0.007096144238850711, "5050170.11": -0.18681069245171394,