{"5052001.0": 0.4945819536074295, "5050200.01": 0.5809973119479157, "5050151.09": 0.6976409158439033, "5050151.03": -0.2910071944702632, "5050300.02": 0.7389457726778145, "5050151.06": 0.8871369325496696, "5052002.0": 0.32149484827160246, "5051001.0": -0.41737339354432756, "5051000.0": 0.8296550320902665, "5050301.0": 0.3047706921127842, "5050302.0": 0.6057817630708637, "5050850.0": -0.031105825172862013, "5050400.0": -0.7374444653612021, "5050200.02": 0.22233887251979248, "5050191.02": 1.4344882655983135, "5050191.01": 0.30925523443181974, "5050190.02": 0.32990271889984707, "5050190.01": 0.09309056546142896, "5050126.08": 0.20766452329444315, "5050126.04": 1.0527209735213916, "5050126.07": 0.04621257919606187, "5050151.04": 1.3182796136734385, "5050151.08": 0.6032618327633685, "5050151.11": 0.25732942226663774, "5050201.0": 1.2592280442706922, "5050151.05": 1.4893541508335952, "5050141.25": -0.8698585264462979, "5050141.23": -1.1677291966282601, "5050141.26": 0.8288376374556532, "5050141.24": 0.938777290969808, "5050151.1": 1.841804178040519, "5050162.04": 0.5130585088129092, "5050141.04": 0.038807431350914905, "5050141.14": 0.22389299279965516, "5050161.06": 1.6265780904610476, "5050162.02": 0.36408059190663816, "5050141.2": 1.5004414518854285, "5050161.05": 0.9883103501448507, "5050140.04": -1.1184211420673007, "5050140.05": 0.10124941957467655, "5050162.03": -0.7243409968103761, "5050300.01": 0.561358543563016, "5050161.03": 0.5563507075661799, "5050141.22": 0.6897694052944939, "5050160.15": 1.0054774655342247, "5050141.13": 2.7617173749795856, "5050160.05": 1.0877951222750784, "5050141.21": 3.921710540951422, "5050161.04": 0.42080081223482707, "5050140.07": -1.023671275380129, "5050140.06": -1.021234559035128, "5050141.11": 0.5828791258162894, "5050160.04": 0.13461254477792073, "5050141.17": 2.1482739120964776, "5050160.06": 0.6362381437546382, "5050141.1": 3.639097013915803, "5050160.14": 2.4148614336638277, "5050140.03": -1.0220394451898624, "5050141.09": 2.9639376911993276, "5050141.16": -0.2452192042562331, "5050160.07": 1.6752870197989025, "5050160.02": 2.2843286833112644, "5050141.18": 2.6301873930811004, "5050126.05": 1.9991743059226328, "5050136.02": -1.060542485985028, "5050126.06": 1.8061072879604854, "5050136.01": -0.8665150753460543, "5050160.13": 1.3161536817552477, "5050141.19": 3.4701138247453325, "5050135.02": -1.129401754684704, "5050160.12": 1.737353547603164, "5050160.11": 1.1106178198781418, "5050135.03": -1.1886035369258743, "5050137.02": -1.0741206526083655, "5050135.01": -1.1638651081848979, "5050137.03": -0.9773319523267514, "5050137.04": -1.083786256829213, "5050130.01": 0.5523564736078492, "5050027.0": -0.9845836811811023, "5050130.02": -1.0133586717615046, "5050137.05": -1.1986942766456121, "5050138.0": -0.9763147605110295, "5050139.0": -0.32575976075361246, "5050134.0": -0.8001077223738103, "5050026.0": -1.0018838734129771, "5050002.04": 0.8169303446280317, "5050002.06": -0.36602783911495257, "5050028.0": -0.834237546523593, "5050029.0": -0.5669186720673782, "5050133.0": -0.0965707666605177, "5050127.0": 0.6771823197004362, "5050182.0": 0.44894758825464703, "5050126.09": -0.0022161790168583246, "5050123.04": -0.7271292638372052, "5050123.03": -0.767247347119482, "5050001.06": -0.20357779990761957, "5050001.07": 0.06749687851237535, "5050001.08": -0.5136523488581972, "5050010.0": -0.8652259965761754, "5050131.01": -0.8281541497221334, "5050160.09": 0.666920042574623, "5050024.0": -0.8105146835955145, "5050131.02": -0.6582165501456231, "5050023.01": 0.2904220126905299, "5050030.0": -0.7322387166454101, "5050123.01": -0.6058245119456818, "5050132.0": -0.1962110010934548, "5050002.05": -0.8415002060052537, "5050025.0": -0.9053239500646123, "5050811.01": -0.4962320374122736, "5050023.02": -0.8504170119076236, "5050002.01": -0.42660374656990985, "5050020.02": -0.7908469717591687, "5050002.02": -0.6102695212768714, "5050032.01": -0.8151752942675706, "5050031.0": -0.797948951915259, "5050001.04": -0.21404377720495632, "5050022.0": -0.21064983043339103, "5050021.0": 0.2307211261838396, "5050032.02": -0.24266987328158615, "5050003.0": -0.8145766089063887, "5050001.1": -0.1662870453830264, "5050033.01": -0.0967453511531101, "5050020.01": -0.7825320403931926, "5050033.02": -0.4605594407669173, "5050822.09": 0.6567714406824955, "5050001.05": -0.8801811909112923, "5050001.09": 0.12231942743059161, "5050004.0": -0.8412898716856606, "5050007.02": -0.05883141738017753, "5050005.0": -0.9073494519842448, "5050034.0": -0.8112394258566913, "5050044.0": -0.2914826746262015, "5050821.02": 1.0405862329826534, "5050045.02": -0.5836546488441187, "5050017.0": -0.9202345750853417, "5050007.03": -0.3607586033173927, "5050043.0": -0.7538935912793251, "5050006.0": -0.8029650325052692, "5050019.0": -0.9175768286720244, "5050035.0": -1.1661450023203819, "5050045.01": 0.19414760617923907, "5050008.0": -0.38511253549540464, "5050007.01": -0.9690385657528343, "5050016.0": -0.7161994193254962, "5050046.0": -0.5716206226205075, "5050042.0": -0.8039476760378345, "5050018.0": -1.0085220699404642, "5050036.0": -0.46683790967155886, "5050041.0": -0.7163428568686085, "5050039.0": -0.3887567667713692, "5050009.0": -0.9066258124981408, "5050047.0": -0.25659346500321545, "5050040.0": -0.06656029530842367, "5050011.04": -1.0297329109916582, "5050038.0": -0.7467065834695332, "5050011.03": -0.6855557960013529, "5050015.0": -1.0170123048599642, "5050037.02": -0.352658810763161, "5050037.01": 0.053070936789019245, "5050504.01": -1.0004882682273875, "5050049.0": -0.3111722889775183, "5050048.0": -0.33307011340988546, "5050011.01": -0.6583844149467258, "5050501.0": -0.23851049817158038, "5050014.0": -0.4580869267941892, "5050050.0": -0.017657142919275552, "5050051.0": -0.46673479777836846, "5050054.0": -0.052885234369222406, "5050013.0": -0.7576200709197154, "5050500.0": -0.22181209559474105, "5050052.0": -0.5336332223374232, "5050053.0": -0.22322049818452425, "5050012.0": -0.5443955068174486, "5050055.0": -0.11037025218178818, "5050056.0": -0.3399908206886151, "5050122.02": -0.5135822512729069, "5050101.0": -0.8329039734024412, "5050122.01": 0.04739448886180495, "5050100.0": -0.8480171905239924, "5050057.0": -0.7653058092088945, "5050104.0": -0.9926895726564486, "5050058.0": -0.7297588570611365, "5050102.0": -0.8942526773319559, "5050122.03": 0.015558356675823117, "5050061.0": -0.25525454561952865, "5050125.03": -0.6314334898299004, "5050171.03": 0.8357517749178883, "5050125.02": -1.1871923948239937, "5050125.01": -1.0378079001177187, "5050121.02": -0.6745344302216738, "5050125.11": -0.1315978757285583, "5050125.1": -1.0090814822630907, "5050125.04": -0.20785482432233118, "5050125.09": 0.07994770042842392, "5050171.12": 1.1227331096569755, "5050103.0": -0.9476856171609601, "5050062.01": -0.5840059437238312, "5050060.0": -0.3195511261643494, "5050110.0": -0.6954829016655141, "5050059.0": -0.8319420087924936, "5050121.01": -0.1608242122442883, "5050600.0": -0.24483345744493729, "5050062.02": -0.2061310268351719, "5050120.01": -0.08164572092818674, "5050120.03": -0.8095050770146237, "5050610.01": -0.5627438900822899, "5050120.02": -0.8183690835071543, "5050171.11": 0.8364370927154734, "5050125.08": -0.354393182488194, "5050125.07": -0.8926568781205083, "5050124.01": -0.6501841137502491, "5050171.13": 1.5335834702610671, "5050171.15": 1.0510131683976163, "5050170.05": 0.2450022671922359, "5050124.03": -0.9967538346560586, "5050125.05": -0.5478785309442035, "5050124.04": -0.9014539419745488, "5050171.14": 2.6118027828093977, "5050170.04": -1.2050872457397606, "5050170.08": 0.9797270231018614, "5050171.07": 1.2197455979548928, "5050630.04": -0.9832827737154771, "5050171.06": 0.5971496233805242, "5050170.13": 2.107346571932239, "5050170.09": -0.20787043976799865, "5050170.03": -1.1217792149781827, "5050124.02": 0.14306240971018203, "5050170.12": 1.2042616439446552, "5050170.1": -0.41230436246209173, "5050181.02": 0.7134010963907745, "5050170.11": 1.37732439796975,