{"5052001.0": 1.490948284523862, "5050200.01": 4.244460269294665, "5050151.09": 4.803442963144287, "5050151.03": -1.165372647243792, "5050300.02": 1.4903483464542355, "5050151.06": -0.19855376384635876, "5052002.0": 0.21866770937224822, "5051001.0": -0.35579601158070306, "5051000.0": 1.161061700145781, "5050301.0": 2.8077565207010813, "5050302.0": 0.371845706658208, "5050850.0": 0.672909875996921, "5050400.0": 2.407339199411383, "5050200.02": 5.802969858320572, "5050191.02": 1.8281957283813421, "5050191.01": 0.4172910160463449, "5050190.02": 0.45254986965709865, "5050190.01": 1.1641731578543073, "5050126.08": -0.3975394491510553, "5050126.04": 2.36049508290099, "5050126.07": -0.9024799487247732, "5050151.04": -1.1206722703714267, "5050151.08": -0.3349184229988053, "5050151.11": -0.7255072353261803, "5050201.0": -0.14313993118199667, "5050151.05": -0.7534504736103678, "5050141.25": -1.1154360183854595, "5050141.23": -0.3808716686303373, "5050141.26": -1.279514791262071, "5050141.24": -1.0224840162288262, "5050151.1": -0.37840661984814916, "5050162.04": -0.1578960442446549, "5050141.04": -1.3941711478493368, "5050141.14": 0.885154963132102, "5050161.06": 0.4113567331551432, "5050162.02": -0.9742074796899709, "5050141.2": -1.0321448431708884, "5050161.05": 0.4959568641808503, "5050140.04": -0.9476187586487675, "5050140.05": -0.6010944097475147, "5050162.03": -0.9983273752943477, "5050300.01": 3.7115185337339156, "5050161.03": -0.7252214804999059, "5050141.22": -1.5137181882320085, "5050160.15": -0.22829677729456566, "5050141.13": -0.817733139976264, "5050160.05": -0.7369388629937049, "5050141.21": -0.8490544055392896, "5050161.04": -0.11259653832264545, "5050140.07": -0.9224199661307829, "5050140.06": -1.281351956866354, "5050141.11": -0.8173284054092634, "5050160.04": -0.9039038913024662, "5050141.17": -0.11355649916880753, "5050160.06": -1.1456093336486024, "5050141.1": -0.5186916737900419, "5050160.14": -0.5904074283950062, "5050140.03": -0.6170187084050546, "5050141.09": -0.6587216531531167, "5050141.16": -0.22202116803989164, "5050160.07": -1.3283393755526718, "5050160.02": -1.0515263807784934, "5050141.18": 0.06718009414740907, "5050126.05": -0.10761750545965357, "5050136.02": -0.5436356873105999, "5050126.06": 0.07706495024443745, "5050136.01": -0.1283926741871781, "5050160.13": -0.9693285471316132, "5050141.19": 0.013078894682842826, "5050135.02": -0.504366795097064, "5050160.12": -0.7400672714442392, "5050160.11": -0.3060507939367639, "5050135.03": 0.32227273801557743, "5050137.02": 0.199951038177355, "5050135.01": 0.0631477200009711, "5050137.03": 0.4787726766697955, "5050137.04": 0.8421100013597355, "5050130.01": -0.6973202912801251, "5050027.0": 0.5922416738147973, "5050130.02": 0.11817296180430235, "5050137.05": 0.6835291655238621, "5050138.0": 0.16366904994023485, "5050139.0": -0.6692789710764516, "5050134.0": 0.4306723223962255, "5050026.0": 0.41310758995209496, "5050002.04": -1.556705349978198, "5050002.06": -1.7605736480728928, "5050028.0": 0.8169586686508071, "5050029.0": 0.7971180890777073, "5050133.0": 0.6582739045346844, "5050127.0": -1.3708141206407527, "5050182.0": 1.499770455486808, "5050126.09": -0.7152502443729181, "5050123.04": -0.579778078606858, "5050123.03": 0.1897808007814642, "5050001.06": 0.13425559348176908, "5050001.07": 0.8424367206138007, "5050001.08": 0.6985022125249131, "5050010.0": 0.3091655090059568, "5050131.01": -0.4734897952559464, "5050160.09": 0.5760671126735485, "5050024.0": 0.6559371255548503, "5050131.02": -0.0031778590390281474, "5050023.01": 0.5958939990091193, "5050030.0": 0.19287674569315397, "5050123.01": -0.6994306201209549, "5050132.0": 0.270030528339957, "5050002.05": -1.5804132128623756, "5050025.0": 0.36170137705205335, "5050811.01": -0.3657862180069882, "5050023.02": 0.9888898601596249, "5050002.01": -1.0374659963336332, "5050020.02": -0.2822388300942329, "5050002.02": -1.0760240825767406, "5050032.01": 0.2588076567627302, "5050031.0": -0.009051798668857303, "5050001.04": -0.5847135909814202, "5050022.0": 0.14435716696087117, "5050021.0": 0.6191809292906785, "5050032.02": -0.18229145488796675, "5050003.0": -0.4777940102642446, "5050001.1": -0.2736102845916, "5050033.01": -0.05594924409672699, "5050020.01": 0.346904328947728, "5050033.02": -0.18349456512068563, "5050822.09": -0.43446287748051415, "5050001.05": 0.2164916353561661, "5050001.09": 0.09491254273635315, "5050004.0": 0.08928380986364239, "5050007.02": 0.22399148878008263, "5050005.0": -0.030380328847086524, "5050034.0": 0.4189289040257282, "5050044.0": -0.13959618059694548, "5050821.02": -0.7505316933185345, "5050045.02": -0.8395566467327906, "5050017.0": 0.7201505118580683, "5050007.03": 0.542364163208352, "5050043.0": 0.15137925327430368, "5050006.0": 0.707486757958818, "5050019.0": 0.9666712638988376, "5050035.0": 0.45381781109723496, "5050045.01": -0.11001054794353783, "5050008.0": 0.14118175861421275, "5050007.01": 0.6615054855407807, "5050016.0": 1.0684401543193967, "5050046.0": -0.03322316087100793, "5050042.0": 0.6924673046201937, "5050018.0": 1.030356102482084, "5050036.0": 1.399488725353396, "5050041.0": 0.6999616586210036, "5050039.0": 1.2055234739366878, "5050009.0": 0.28406023924610335, "5050047.0": 0.6094488046459546, "5050040.0": 1.160633633640208, "5050011.04": 0.5369298428920263, "5050038.0": 1.1510722623829068, "5050011.03": 1.0093406123396684, "5050015.0": 0.7655926243415409, "5050037.02": 1.4616214338159863, "5050037.01": 1.4900060006387335, "5050504.01": -0.380036736261812, "5050049.0": 1.2012053251383163, "5050048.0": 0.39210536327095113, "5050011.01": -0.44061592426891627, "5050501.0": 0.014335292849033135, "5050014.0": 1.1174183798997686, "5050050.0": 0.7709156843003604, "5050051.0": 0.21437108769236313, "5050054.0": 0.05158963456778469, "5050013.0": 0.6344162341002273, "5050500.0": -0.2104270122950106, "5050052.0": 0.306150267501927, "5050053.0": 0.12926576145865562, "5050012.0": 0.33824699290474813, "5050055.0": -0.427061102141261, "5050056.0": -0.18707413793071467, "5050122.02": -1.1039759831438196, "5050101.0": 0.4043223102030135, "5050122.01": 0.16246343155225723, "5050100.0": 0.42762117808566885, "5050057.0": 0.0188010876702399, "5050104.0": -0.09103359178423605, "5050058.0": -0.819154157905374, "5050102.0": 0.42365427621436025, "5050122.03": -0.9013356914430334, "5050061.0": -0.050445434355699946, "5050125.03": 0.16194678283074604, "5050171.03": 1.1817882947657419, "5050125.02": -1.198502244665878, "5050125.01": -1.6623951478737633, "5050121.02": -1.2514005773182195, "5050125.11": -0.946240882492591, "5050125.1": -0.6971713814984477, "5050125.04": -1.2659777621103634, "5050125.09": -0.5469805642815542, "5050171.12": -0.7459654933442698, "5050103.0": -0.2016307288556709, "5050062.01": -0.5578787923538228, "5050060.0": -0.15275975380379306, "5050110.0": -0.18422763463733416, "5050059.0": -0.5751779481054682, "5050121.01": -1.1490027605855349, "5050600.0": -1.044384433817467, "5050062.02": -0.3250919732002687, "5050120.01": -0.42774304439153893, "5050120.03": -1.0141675042594551, "5050610.01": -1.2169880545711962, "5050120.02": -1.1096163410688709, "5050171.11": -0.6765341702141925, "5050125.08": -0.23582243907618308, "5050125.07": -1.130853411289058, "5050124.01": -1.5873827301091024, "5050171.13": -0.1788277851912548, "5050171.15": -0.24305315230186472, "5050170.05": 0.07748459601250758, "5050124.03": -1.427007171316069, "5050125.05": -0.4807756762426524, "5050124.04": -1.0874921328681189, "5050171.14": -0.09525513974658212, "5050170.04": -0.36184178894420915, "5050170.08": 0.16138774042651477, "5050171.07": 0.10262508929933861, "5050630.04": -1.4653328705608872, "5050171.06": 0.5039299351158627, "5050170.13": 0.2235234536952662, "5050170.09": -0.03582065442234256, "5050170.03": -0.15362927698519657, "5050124.02": -0.4498286378838572, "5050170.12": 0.03701753670084824, "5050170.1": -0.29906163887042087, "5050181.02": -0.019183924871623098, "5050170.11": -0.18913185677527847,