{"5052001.0": 1.104142290048468, "5050200.01": 3.6993130278161734, "5050151.09": 5.2790423271463585, "5050151.03": -0.9755453935457276, "5050300.02": 0.9067647254330391, "5050151.06": -0.6217030006962858, "5052002.0": -0.11806573418007797, "5051001.0": -0.3516272280866877, "5051000.0": 0.1823003013619533, "5050301.0": 2.619550817974906, "5050302.0": 0.3393746556339188, "5050850.0": 0.7676524746060346, "5050400.0": 2.903298254932588, "5050200.02": 6.658943724297711, "5050191.02": 1.197877238246338, "5050191.01": 0.000752175259961652, "5050190.02": 0.16515674734778077, "5050190.01": 1.0280055378161619, "5050126.08": -0.7622256494003193, "5050126.04": 2.9730360177395627, "5050126.07": -0.9798276369107949, "5050151.04": -1.2914054754780113, "5050151.08": -0.39105029402434316, "5050151.11": -0.9576062631817379, "5050201.0": -0.3350932520234803, "5050151.05": -1.307286398944218, "5050141.25": -0.937858678971043, "5050141.23": -0.12212514176130435, "5050141.26": -1.2858099452808207, "5050141.24": -0.9211267078481556, "5050151.1": -0.8155868206920615, "5050162.04": -0.39095608677841837, "5050141.04": -1.514412247695729, "5050141.14": 1.0686830475920288, "5050161.06": 0.19882982829427684, "5050162.02": -1.2480011800362298, "5050141.2": -0.8646527056470366, "5050161.05": 0.09662736587834049, "5050140.04": -0.6442602272893005, "5050140.05": -0.37819408034194796, "5050162.03": -0.9351081373665744, "5050300.01": 4.468091620450858, "5050161.03": -0.6013826564104356, "5050141.22": -1.173794954762803, "5050160.15": -0.5950726949772897, "5050141.13": -0.9336030798828934, "5050160.05": -0.8404131274405244, "5050141.21": -0.7353209196208993, "5050161.04": -0.15269604297496497, "5050140.07": -0.660046539777028, "5050140.06": -1.0064999591894424, "5050141.11": -0.5947178183450704, "5050160.04": -0.7508789995318229, "5050141.17": -0.06202569787858344, "5050160.06": -1.2791535619203525, "5050141.1": -0.36543703737500344, "5050160.14": -0.9175745742613716, "5050140.03": -0.3360538916394813, "5050141.09": -0.4738770007087918, "5050141.16": 0.01764485897681196, "5050160.07": -1.5448677054252122, "5050160.02": -1.2402298020557345, "5050141.18": 0.3391253984786593, "5050126.05": 0.0813944887761609, "5050136.02": -0.12298891532163941, "5050126.06": -0.26056830534619096, "5050136.01": 0.18673902963884823, "5050160.13": -1.0679512560850823, "5050141.19": 0.10900968173961194, "5050135.02": -0.09405452972753471, "5050160.12": -0.7548459762098829, "5050160.11": -0.003363402335737604, "5050135.03": 0.4745409545262724, "5050137.02": 0.516383623360501, "5050135.01": 0.3863629414873254, "5050137.03": 0.8293172987504773, "5050137.04": 0.9468186865024164, "5050130.01": -0.522523332327949, "5050027.0": 0.8569271317674696, "5050130.02": 0.258228654752456, "5050137.05": 0.956000514719657, "5050138.0": 0.4157785969114636, "5050139.0": -0.621981268066039, "5050134.0": 0.33132087519397213, "5050026.0": 0.5516187390776909, "5050002.04": -1.38421284918341, "5050002.06": -1.5246570854948482, "5050028.0": 0.5681211909757344, "5050029.0": 0.48207684482250734, "5050133.0": 0.6187449250794739, "5050127.0": -1.4351281634115274, "5050182.0": 1.3649975624452702, "5050126.09": -0.9735529152203299, "5050123.04": -0.3400494623932072, "5050123.03": 0.22802798858136325, "5050001.06": 0.2518887391673393, "5050001.07": 0.8527174354245083, "5050001.08": 0.7143701413422499, "5050010.0": 0.29514876592960215, "5050131.01": -0.38290516542613645, "5050160.09": 0.6202018285212259, "5050024.0": 0.4231711727477427, "5050131.02": -0.25718157523509755, "5050023.01": 0.5348985825675164, "5050030.0": -0.1704669593729848, "5050123.01": -0.49362036958717104, "5050132.0": 0.18935645932329026, "5050002.05": -1.2891827856423472, "5050025.0": 0.006176696638864832, "5050811.01": -0.2303815234579506, "5050023.02": 0.7262830868621258, "5050002.01": -0.9854322357444124, "5050020.02": -0.4925453811534251, "5050002.02": -0.8506464623051863, "5050032.01": -0.2905246742563756, "5050031.0": -0.5290740359460598, "5050001.04": -0.4324058539031414, "5050022.0": 0.09912228815174576, "5050021.0": 0.43027230890894735, "5050032.02": -0.5730792908093383, "5050003.0": -0.47740864457173277, "5050001.1": -0.21720226605467138, "5050033.01": -0.4649334214661833, "5050020.01": 0.2968696002577366, "5050033.02": -0.39778742256492783, "5050822.09": -0.45206811318639994, "5050001.05": 0.44512071853395646, "5050001.09": 0.2257680676531496, "5050004.0": 0.03550195279147604, "5050007.02": 0.2613292550894432, "5050005.0": 0.09268289610312588, "5050034.0": 0.12386958445329731, "5050044.0": -0.28467438806577317, "5050821.02": -1.0769144051979767, "5050045.02": -1.0514767599111197, "5050017.0": 0.5628650899558311, "5050007.03": 0.6031974596553801, "5050043.0": -0.013011268718797788, "5050006.0": 0.7119508313462816, "5050019.0": 0.8865672711415872, "5050035.0": 0.3514292086633898, "5050045.01": -0.4716013861376891, "5050008.0": 0.3980165917421377, "5050007.01": 0.7295409733186883, "5050016.0": 0.9741823789318139, "5050046.0": -0.13227665773461297, "5050042.0": 0.4880888892968649, "5050018.0": 1.026263898864969, "5050036.0": 1.1201191641643715, "5050041.0": 0.48935123140142567, "5050039.0": 0.7829456966710888, "5050009.0": 0.2796212835949898, "5050047.0": 0.37480103543590143, "5050040.0": 0.7201827644684521, "5050011.04": 0.5461887128493451, "5050038.0": 0.8905801237408413, "5050011.03": 0.9271997730796643, "5050015.0": 0.8537455576599307, "5050037.02": 0.9734047097757473, "5050037.01": 0.918581413919819, "5050504.01": -0.2324839813961514, "5050049.0": 0.9360782065948668, "5050048.0": 0.3023502198252447, "5050011.01": -0.33160056953293354, "5050501.0": 0.2086736040810526, "5050014.0": 0.893607285851684, "5050050.0": 0.47225507173742126, "5050051.0": 0.32072224807934563, "5050054.0": 0.08529533512609884, "5050013.0": 0.5618887253699854, "5050500.0": -0.027494077156925544, "5050052.0": 0.22497923271004738, "5050053.0": 0.05924444089848178, "5050012.0": 0.20838740809220863, "5050055.0": -0.3667054687310363, "5050056.0": -0.1864554858813455, "5050122.02": -1.058978300638604, "5050101.0": 0.4030658205148777, "5050122.01": -0.05433965044591553, "5050100.0": 0.3718223392561279, "5050057.0": -0.05318617929859348, "5050104.0": 0.05444247019881089, "5050058.0": -0.6528566842830447, "5050102.0": 0.38479271622860883, "5050122.03": -0.829397547327251, "5050061.0": -0.04120944981120073, "5050125.03": 0.17742376439448154, "5050171.03": 1.4469025439787064, "5050125.02": -0.724217986809482, "5050125.01": -1.0642025449829042, "5050121.02": -1.0866169333512425, "5050125.11": -1.153223513453788, "5050125.1": -0.49195039352209613, "5050125.04": -1.1195923492157158, "5050125.09": -0.6386112592352937, "5050171.12": -0.7219145398356581, "5050103.0": -0.07297704150359911, "5050062.01": -0.45995777101962176, "5050060.0": -0.11139909933987216, "5050110.0": -0.2580504351134797, "5050059.0": -0.4698092564886856, "5050121.01": -1.113018178591268, "5050600.0": -0.8817051381076647, "5050062.02": -0.2704451488642427, "5050120.01": -0.35178166517785114, "5050120.03": -0.6719932888305117, "5050610.01": -0.9597841315703014, "5050120.02": -0.8086378703974567, "5050171.11": -0.5440280912663324, "5050125.08": -0.27762488129103896, "5050125.07": -0.9361249501223056, "5050124.01": -1.4636000867830703, "5050171.13": -0.06721335662382048, "5050171.15": -0.10090927732686447, "5050170.05": 0.1734470234316633, "5050124.03": -1.1141201494530906, "5050125.05": -0.42262968499518005, "5050124.04": -0.8703190280335508, "5050171.14": 0.18983967560792192, "5050170.04": -0.05792579211028723, "5050170.08": 0.3737211746751521, "5050171.07": 0.2820583142540921, "5050630.04": -1.230962119297211, "5050171.06": 0.6010112981410228, "5050170.13": 0.4215001543473893, "5050170.09": 0.35027330059885, "5050170.03": 0.11226766214397096, "5050124.02": -0.2881274927953858, "5050170.12": 0.24602691706881627, "5050170.1": -0.0650845968830422, "5050181.02": -0.5020042102280646, "5050170.11": -0.14835593959532128,