{"5052001.0": -0.8599215547905759, "5050200.01": -0.5358275078730068, "5050151.09": -1.9667933353045326, "5050151.03": -1.286630753507988, "5050300.02": -0.9819916505314339, "5050151.06": -0.7574046085477871, "5052002.0": -1.1581066549810817, "5051001.0": -1.4670640345379038, "5051000.0": -0.8001127383806024, "5050301.0": -0.9853748325912478, "5050302.0": -1.7798048590629132, "5050850.0": -0.8563025596806385, "5050400.0": -1.1169999842352079, "5050200.02": -2.5115753088655697, "5050191.02": -0.5070268419489892, "5050191.01": -0.29915050216606603, "5050190.02": -0.43864232218347915, "5050190.01": -0.2296070858374579, "5050126.08": 1.234776147641274, "5050126.04": -0.8570074467874089, "5050126.07": 0.8791669810117219, "5050151.04": -1.2019143276028343, "5050151.08": -0.6575950718483978, "5050151.11": -1.215744829827369, "5050201.0": -0.6901116202220757, "5050151.05": -0.49382610034411906, "5050141.25": 0.4089540321474236, "5050141.23": -0.13185508561028372, "5050141.26": 0.29877693212368917, "5050141.24": 0.10010879476619138, "5050151.1": -0.22971463236767853, "5050162.04": -0.19972619110347428, "5050141.04": 0.07870983321290416, "5050141.14": -0.5300509228513336, "5050161.06": -0.2465154848460292, "5050162.02": -0.16993605533776157, "5050141.2": 0.5803020745676163, "5050161.05": -0.30185676051451416, "5050140.04": -0.6017836928254697, "5050140.05": 0.2763578401338606, "5050162.03": -0.4528667332034733, "5050300.01": -2.0078163472300883, "5050161.03": -0.6594597672790566, "5050141.22": 0.0004549401306831685, "5050160.15": -0.24580916780662204, "5050141.13": 0.47657208564866926, "5050160.05": -0.09294856764458853, "5050141.21": 0.7841722332579476, "5050161.04": -0.8825066370870546, "5050140.07": -0.660567694270239, "5050140.06": -0.6305112267862502, "5050141.11": -0.1142520007681305, "5050160.04": -0.511156629945572, "5050141.17": 0.6331644466336475, "5050160.06": -0.6211880773488406, "5050141.1": 0.5693309753275707, "5050160.14": -0.8622547343250686, "5050140.03": -0.49859597386198884, "5050141.09": -0.43114321143916157, "5050141.16": -0.48702590755084824, "5050160.07": -0.43508605126637706, "5050160.02": -0.523777240660463, "5050141.18": -0.05658338906717395, "5050126.05": -0.21811367244730417, "5050136.02": -0.8764278799102133, "5050126.06": 0.5676305744414082, "5050136.01": -0.43334161977668473, "5050160.13": -0.5156855166230818, "5050141.19": -0.4827375398913853, "5050135.02": -0.09968474792806485, "5050160.12": -0.7007506409226891, "5050160.11": -0.9490298889862377, "5050135.03": 0.44330997607829187, "5050137.02": 0.21652612433298202, "5050135.01": -0.5580820894321352, "5050137.03": 2.0549162754476775, "5050137.04": 0.5048610631163551, "5050130.01": -0.455487443672251, "5050027.0": 1.4742315152783905, "5050130.02": 0.023796629466066525, "5050137.05": 0.7586980858891277, "5050138.0": 0.1712840453442029, "5050139.0": 1.7826000043558208, "5050134.0": 1.7047862769767512, "5050026.0": 0.10896871089236682, "5050002.04": -1.0394703165637926, "5050002.06": 0.15000628727931617, "5050028.0": 2.484234344732006, "5050029.0": 2.9572957472531223, "5050133.0": 1.17413716373536, "5050127.0": 0.8449102886038112, "5050182.0": -0.8409351806740517, "5050126.09": 1.2267285647894677, "5050123.04": 2.8632948813745074, "5050123.03": 2.008679153920983, "5050001.06": 1.7338511758068145, "5050001.07": 1.083902617209723, "5050001.08": 1.1049374476261378, "5050010.0": 1.1646894533006658, "5050131.01": 1.0544526552850573, "5050160.09": -0.6484033572963716, "5050024.0": 1.2963266206295652, "5050131.02": 2.1195656307986175, "5050023.01": 2.475257446047283, "5050030.0": 1.0509279110588616, "5050123.01": 0.43558042999323476, "5050132.0": 1.302476819594142, "5050002.05": -0.8124855218596992, "5050025.0": 0.43934570896091996, "5050811.01": -0.8797979665071156, "5050023.02": 3.0937565893103223, "5050002.01": 0.5680778261045157, "5050020.02": 2.371347938896734, "5050002.02": 2.106417524660082, "5050032.01": -0.24178404105143156, "5050031.0": 0.15169082122023056, "5050001.04": 1.9130484560987322, "5050022.0": 0.17967137121548524, "5050021.0": 2.006726947605479, "5050032.02": -0.3151136812117765, "5050003.0": -0.6922891253753831, "5050001.1": 2.0268771978448976, "5050033.01": -0.3572491696838706, "5050020.01": 0.9751167987394163, "5050033.02": 0.019269004853314134, "5050822.09": -1.4699237780781438, "5050001.05": 2.3697244255804897, "5050001.09": 3.0480204998145446, "5050004.0": 0.5951377422986638, "5050007.02": 1.718256586371774, "5050005.0": 1.2641156521654056, "5050034.0": 0.6489258990974903, "5050044.0": -0.9240761731264965, "5050821.02": -0.5248445205486884, "5050045.02": -1.1621282995833715, "5050017.0": 0.30278338681564654, "5050007.03": 2.0184913478008464, "5050043.0": -0.2659665078800014, "5050006.0": 1.9671837875250517, "5050019.0": -0.6882209325052514, "5050035.0": -0.47574166939073, "5050045.01": -0.41171364006111494, "5050008.0": 0.6255848272255169, "5050007.01": 0.663292544857424, "5050016.0": 0.16937770538682842, "5050046.0": -0.5587036472913053, "5050042.0": -0.45009748952542294, "5050018.0": -0.8831897377383154, "5050036.0": -0.19381119046543818, "5050041.0": 0.10184574226159668, "5050039.0": -0.08088506037243492, "5050009.0": 0.8774171019442145, "5050047.0": -0.06587730572861873, "5050040.0": 0.22530571622397455, "5050011.04": 0.9627236821835395, "5050038.0": -0.1136651346804063, "5050011.03": 0.4506425759874604, "5050015.0": -0.3540376767933164, "5050037.02": -0.15806850917681026, "5050037.01": 0.010359923483211096, "5050504.01": -0.7849767092908249, "5050049.0": 0.3052956317220849, "5050048.0": -0.524359124623044, "5050011.01": 1.2332930895415042, "5050501.0": -1.0038026431836942, "5050014.0": 0.6326659188730285, "5050050.0": -0.007299734699342124, "5050051.0": -0.08818767632659212, "5050054.0": -0.13112587901136186, "5050013.0": 1.2943415289582427, "5050500.0": -0.41015682201752357, "5050052.0": -0.23121127671474237, "5050053.0": 0.057302032269497635, "5050012.0": 2.160621232499095, "5050055.0": -0.30431730058489515, "5050056.0": -0.520441324235987, "5050122.02": 1.5821129268447902, "5050101.0": 0.4923473174071337, "5050122.01": 1.34286091323071, "5050100.0": 0.3726330275775817, "5050057.0": -0.10445701870684768, "5050104.0": -0.8737504182622737, "5050058.0": -0.5025280643835884, "5050102.0": 0.23006313321749175, "5050122.03": 1.259682427583601, "5050061.0": 1.4731416433208384, "5050125.03": 0.10833771509666486, "5050171.03": -0.6664428209207292, "5050125.02": -0.5982024756284898, "5050125.01": -1.28634326347575, "5050121.02": -0.07939519756538653, "5050125.11": -0.23276709374470356, "5050125.1": -0.5999074035802424, "5050125.04": -0.6331688371575662, "5050125.09": -0.6517579878955835, "5050171.12": -0.5091135409877737, "5050103.0": -0.7135102963524157, "5050062.01": 1.1321796293078397, "5050060.0": -0.04694267241162906, "5050110.0": -0.20798274115406487, "5050059.0": -0.41937630482702076, "5050121.01": -0.13101737771482835, "5050600.0": -0.3164029057600961, "5050062.02": 0.11158400420533593, "5050120.01": 0.2755634014503425, "5050120.03": -0.16471282727196726, "5050610.01": -1.487659770910121, "5050120.02": -0.48740479877383763, "5050171.11": -0.19246263307302555, "5050125.08": -0.11178445929318617, "5050125.07": -0.9027035559252111, "5050124.01": -0.883907839849763, "5050171.13": -0.1500710068024219, "5050171.15": 0.09022597641142821, "5050170.05": -0.4859639966571648, "5050124.03": -1.1036257328687318, "5050125.05": -0.5669705516826126, "5050124.04": -1.0332739640869784, "5050171.14": -0.20905184417332748, "5050170.04": -1.1080385145090517, "5050170.08": -0.3517229594514601, "5050171.07": -0.43144778536183565, "5050630.04": -1.1017976115289756, "5050171.06": -0.8114977965062745, "5050170.13": -0.7323863875567411, "5050170.09": -0.9601383753674846, "5050170.03": -0.9118372332513527, "5050124.02": -0.8292326998338877, "5050170.12": -0.8198475486658766, "5050170.1": -0.9272184205591696, "5050181.02": -1.1845934032272343, "5050170.11": -0.6370965519743418,