{"5052001.0": -0.4152188517865291, "5050200.01": -0.8167102161060102, "5050151.09": 0.21214160251736078, "5050151.03": 1.2720218372113652, "5050300.02": -0.5500632128547529, "5050151.06": 0.24248623003205613, "5052002.0": -0.3455830367617324, "5051001.0": -0.6448931776087954, "5051000.0": -0.5278768703236358, "5050301.0": -1.0559898321707302, "5050302.0": -0.1557108749617429, "5050850.0": -0.2126299754605132, "5050400.0": -0.5862597697567712, "5050200.02": 0.4130489857855484, "5050191.02": -0.21372437858357207, "5050191.01": -0.11324312372006091, "5050190.02": 0.32789101502089923, "5050190.01": -0.12808842408140525, "5050126.08": 3.2977739893801092, "5050126.04": 1.0077300556191646, "5050126.07": 1.6951364786857883, "5050151.04": 0.32117802898407094, "5050151.08": 0.548487897363934, "5050151.11": 0.2667882851623456, "5050201.0": 0.6299092162324467, "5050151.05": 0.84362332547462, "5050141.25": 1.8243805585265978, "5050141.23": 0.9372722013417424, "5050141.26": 1.5962933449334937, "5050141.24": 1.5436614493537775, "5050151.1": 0.41767526898579355, "5050162.04": 0.19524337741776693, "5050141.04": 1.7245881755544037, "5050141.14": 0.30652383377979336, "5050161.06": 0.7029084881466693, "5050162.02": 0.289534324933646, "5050141.2": 1.1839948594441025, "5050161.05": 0.34149312345150007, "5050140.04": 0.14346534755785303, "5050140.05": 0.7169517119573406, "5050162.03": 0.505798875727499, "5050300.01": 0.250561962644709, "5050161.03": 0.5667044504543596, "5050141.22": 1.6886577256146718, "5050160.15": 0.040598283194200176, "5050141.13": 1.1144626617903264, "5050160.05": 0.0035957045243396237, "5050141.21": 1.4935060865628556, "5050161.04": 0.7571930010699635, "5050140.07": 0.5775279932825091, "5050140.06": 0.8056718650037058, "5050141.11": 0.6893045535893974, "5050160.04": -0.07990699179835709, "5050141.17": 0.4459832769491622, "5050160.06": 0.2140586007089449, "5050141.1": 1.024552526161566, "5050160.14": 0.3672889530669757, "5050140.03": 0.26137548243075104, "5050141.09": 0.8884365559042127, "5050141.16": 0.1126538478204965, "5050160.07": 0.6479335645979389, "5050160.02": 1.0427488041974804, "5050141.18": 0.7035045669667968, "5050126.05": 0.6623240360388591, "5050136.02": 0.9357520087403107, "5050126.06": 1.3385934381875495, "5050136.01": 0.09764984739792054, "5050160.13": 0.6067840026721258, "5050141.19": -0.07200610929815733, "5050135.02": 0.5707887282942926, "5050160.12": 0.8766098725349406, "5050160.11": 1.5544032457847548, "5050135.03": 0.23954760787818294, "5050137.02": -0.08606162624589038, "5050135.01": -0.25008054781441397, "5050137.03": 0.8432529215736682, "5050137.04": -0.24491538844425145, "5050130.01": 0.4001572840218959, "5050027.0": 0.23613650733107167, "5050130.02": 0.049398552555426876, "5050137.05": 0.017691644370902117, "5050138.0": 0.6882877511234312, "5050139.0": 1.8719785865908216, "5050134.0": 0.3522810127286797, "5050026.0": -0.43510587627829717, "5050002.04": 0.19444804141072455, "5050002.06": 0.20073163308198017, "5050028.0": 0.317807975655913, "5050029.0": 0.8506512325483837, "5050133.0": -0.15061052411387388, "5050127.0": 1.5769224506783568, "5050182.0": -0.36275673124670527, "5050126.09": 1.8892453954169346, "5050123.04": 1.2767987727958021, "5050123.03": 0.8712703845736651, "5050001.06": 1.4607921449665116, "5050001.07": 1.0682899762206204, "5050001.08": 0.8855257724325076, "5050010.0": 0.4770587878238967, "5050131.01": -0.03087864297132937, "5050160.09": 0.10673720487043276, "5050024.0": -0.19992380385849298, "5050131.02": 1.1591937987803222, "5050023.01": -0.022062783646346475, "5050030.0": 0.462446279979696, "5050123.01": 0.7109211959699049, "5050132.0": 0.28150267938020196, "5050002.05": 0.12836801890715951, "5050025.0": -0.5549531766122775, "5050811.01": -0.696929537169673, "5050023.02": 0.14255023072069464, "5050002.01": 0.3619112231665618, "5050020.02": 0.3933833515681977, "5050002.02": 0.9307248100668666, "5050032.01": -1.5648301957613853, "5050031.0": -0.39783414153682434, "5050001.04": 1.3746805473750656, "5050022.0": -0.7598038292990448, "5050021.0": 0.007038732229556515, "5050032.02": -1.3849569240984891, "5050003.0": -0.3481810604195466, "5050001.1": 0.5817989460636972, "5050033.01": -1.1258600119263775, "5050020.01": -0.7438160632311575, "5050033.02": -0.8745753985173814, "5050822.09": -0.6169558162739333, "5050001.05": 1.124494833056112, "5050001.09": 1.0669461997449194, "5050004.0": -0.24792522907744177, "5050007.02": 0.9737689735768122, "5050005.0": -0.0028001108968902315, "5050034.0": -0.33393180676675494, "5050044.0": -1.6427352418900019, "5050821.02": -1.445231555845217, "5050045.02": -1.0603508442734317, "5050017.0": -0.879636542172073, "5050007.03": 0.05045503154730143, "5050043.0": -1.3496250096502118, "5050006.0": -0.4505947171823091, "5050019.0": -1.3462088976902684, "5050035.0": -0.7352088218751736, "5050045.01": -1.008056861533163, "5050008.0": 0.7908357319288981, "5050007.01": -0.3324462383023289, "5050016.0": -1.711470893217279, "5050046.0": -1.6271586485924017, "5050042.0": -1.6497917871799557, "5050018.0": -1.7566301521178036, "5050036.0": -1.8058117558223754, "5050041.0": -1.8824101351165714, "5050039.0": -1.6353886835260019, "5050009.0": 0.5004241637569828, "5050047.0": -1.8230800163459617, "5050040.0": -1.8801155034135415, "5050011.04": -0.7408648405551159, "5050038.0": -2.106878557987291, "5050011.03": -0.25668062282469634, "5050015.0": -1.7834828287281337, "5050037.02": -1.7821453297089613, "5050037.01": -2.4715535472022387, "5050504.01": -2.103404562641557, "5050049.0": -2.331840161830797, "5050048.0": -2.307319833122492, "5050011.01": 0.7749084735751617, "5050501.0": -2.4144593366519476, "5050014.0": -2.1336628294835696, "5050050.0": -1.6440796396830677, "5050051.0": -1.385590453758517, "5050054.0": -1.3414425656049536, "5050013.0": -0.3189763156021603, "5050500.0": -2.4500744026116905, "5050052.0": -0.5006553586455335, "5050053.0": -1.7548763111317616, "5050012.0": 0.9549797568086477, "5050055.0": -0.9907473920873445, "5050056.0": -1.6060013194859935, "5050122.02": 1.7131843803735247, "5050101.0": -1.0404483967834273, "5050122.01": 1.7617253078182957, "5050100.0": 0.19536204736046228, "5050057.0": -1.1671663751369028, "5050104.0": -1.7553718753087304, "5050058.0": -0.694475137193481, "5050102.0": -1.6336961537788328, "5050122.03": 1.0477184914470608, "5050061.0": 0.27546118347998755, "5050125.03": 0.5859585173153248, "5050171.03": 0.6205304380671582, "5050125.02": -1.31918125928402, "5050125.01": -0.5153630014588277, "5050121.02": 0.6250805945305914, "5050125.11": -0.028391685797416598, "5050125.1": 0.39282197669718943, "5050125.04": 0.40333623924038675, "5050125.09": 0.33637490144220417, "5050171.12": 0.9708794732474104, "5050103.0": -1.9319547159039971, "5050062.01": 0.32787302863910134, "5050060.0": -0.6097361954846152, "5050110.0": -1.6981756273650686, "5050059.0": -1.2178787478750377, "5050121.01": 0.6899273474156035, "5050600.0": -1.2295961483966125, "5050062.02": -0.02422669191415434, "5050120.01": 0.6711754409036215, "5050120.03": 0.8512755967442661, "5050610.01": 0.2701408824482923, "5050120.02": 0.020325565935637536, "5050171.11": 0.6953487558512291, "5050125.08": 0.6889930370717732, "5050125.07": 0.8117343172984134, "5050124.01": 0.13494503005778208, "5050171.13": 0.7082369559354079, "5050171.15": 0.8722784150155494, "5050170.05": 0.49488662975514125, "5050124.03": 0.3084909811851172, "5050125.05": 0.35715031159158, "5050124.04": -0.22300052626138125, "5050171.14": 0.9067051907910834, "5050170.04": 0.5436597377970996, "5050170.08": 0.38732511888027066, "5050171.07": 0.5252927041035865, "5050630.04": -0.7801140502335319, "5050171.06": 0.001877838957213954, "5050170.13": 0.5539904169786903, "5050170.09": -0.056522289740765355, "5050170.03": 0.09365964779681828, "5050124.02": 0.064355198909045, "5050170.12": 0.6188209942903129, "5050170.1": 0.2740904064769587, "5050181.02": -0.2049485304236001, "5050170.11": 0.371602263232775, "5050170.01": 0.08373654819972828,