{"5052001.0": 0.28389312931581345, "5050200.01": 1.4938182719435766, "5050151.09": 0.7656875513347476, "5050151.03": -0.5865304716439171, "5050300.02": 0.3620088090541858, "5050151.06": -0.9643901945252028, "5052002.0": -0.01403378015666906, "5051001.0": -0.307489886491254, "5051000.0": 0.5843031345406512, "5050301.0": 0.40262154159217495, "5050302.0": -0.010085563965368966, "5050850.0": -0.41007210012833784, "5050400.0": 0.2772087071822574, "5050200.02": 1.4036762916779815, "5050191.02": 0.47719464199042416, "5050191.01": 0.14008049952080534, "5050190.02": -0.34742150560907986, "5050190.01": -0.26199964356575517, "5050126.08": -1.1640013640244908, "5050126.04": -0.26869565668661916, "5050126.07": -0.9953359713191482, "5050151.04": -1.001071702849826, "5050151.08": -0.9963930830221366, "5050151.11": -0.8711273478033968, "5050201.0": -0.5268283102619846, "5050151.05": -1.4448524379847125, "5050141.25": -1.7088349570280286, "5050141.23": -1.299531470106194, "5050141.26": -1.7095297871615756, "5050141.24": -1.7539583862933554, "5050151.1": -0.9299769976722608, "5050162.04": -0.19002925939606122, "5050141.04": -1.2298440512959044, "5050141.14": 0.5202598955336606, "5050161.06": -1.3108963704742058, "5050162.02": -0.6404167339445346, "5050141.2": -1.6272315533090673, "5050161.05": -1.4008257785100626, "5050140.04": -0.17989555746461677, "5050140.05": -1.0459009959898875, "5050162.03": -0.40791986671344604, "5050300.01": 0.26225716820713874, "5050161.03": -0.7889486713382496, "5050141.22": -1.7389324917601645, "5050160.15": -1.0032071252262291, "5050141.13": -1.5309264704900067, "5050160.05": 0.09249100736253038, "5050141.21": -1.713780842545813, "5050161.04": -1.2678231422824917, "5050140.07": -0.8831404158258899, "5050140.06": -0.6049469438275304, "5050141.11": -1.54749941264255, "5050160.04": -0.23514717757811907, "5050141.17": -1.4855768979502246, "5050160.06": -0.18542630359910744, "5050141.1": -1.6820707293352952, "5050160.14": -1.317146733529109, "5050140.03": -0.13974900251057523, "5050141.09": -1.6177951973339373, "5050141.16": -0.39936348360793067, "5050160.07": -0.8227739112645572, "5050160.02": -1.6640282231935875, "5050141.18": -1.3169860739371313, "5050126.05": -0.9311585728248156, "5050136.02": 0.5359257068934897, "5050126.06": -0.6677386856087608, "5050136.01": 0.9674852106895941, "5050160.13": -0.8167018579341611, "5050141.19": -1.2175714776886555, "5050135.02": 0.6685669069692584, "5050160.12": -1.55032010827886, "5050160.11": -0.1939624210044554, "5050135.03": 1.8214971181018476, "5050137.02": 1.4431497931386412, "5050135.01": 0.6905583834992455, "5050137.03": 1.2461579831267344, "5050137.04": 1.4981837446352642, "5050130.01": -0.13521090547247616, "5050027.0": 1.526767035865969, "5050130.02": 0.3644528434420346, "5050137.05": 1.2443897753825626, "5050138.0": 1.0261290581267315, "5050139.0": 0.6941480109555102, "5050134.0": 1.2891138246618705, "5050026.0": 0.68593904302735, "5050002.04": -0.3517104014150278, "5050002.06": 0.2201460131508667, "5050028.0": 2.8973785805000616, "5050029.0": 3.1197291005494057, "5050133.0": 1.065106055847909, "5050127.0": -0.4955790392409772, "5050182.0": 0.05444945528248252, "5050126.09": -0.7953877142274441, "5050123.04": -0.09458672787375151, "5050123.03": 0.0697623439182058, "5050001.06": -0.4350369552064881, "5050001.07": -0.7982718633337151, "5050001.08": 0.39270781061697413, "5050010.0": 0.9616649247507836, "5050131.01": 0.9369222747004369, "5050160.09": -0.6986258593495361, "5050024.0": 1.2707996557492962, "5050131.02": 2.1925578567492057, "5050023.01": 0.8986507046406275, "5050030.0": 2.2901366255776114, "5050123.01": 0.13999202787021808, "5050132.0": 1.3497707159392849, "5050002.05": 0.42246849961110894, "5050025.0": 1.6694563008171428, "5050811.01": 1.582756775916736, "5050023.02": 2.064762626169757, "5050002.01": 0.6865168242534451, "5050020.02": 2.4472209983486453, "5050002.02": 0.6742162483915446, "5050032.01": 2.077849455665526, "5050031.0": 1.9698861855001564, "5050001.04": 0.15809983656367846, "5050022.0": 0.22349585410228967, "5050021.0": 1.2403653060332558, "5050032.02": 1.2976054398388766, "5050003.0": 0.8320064226883321, "5050001.1": 0.8244042428967121, "5050033.01": 0.35570599374498485, "5050020.01": 0.6031608794691624, "5050033.02": -0.05938989112916474, "5050822.09": -0.4371175714970508, "5050001.05": 0.6018189624817648, "5050001.09": 0.327107768321843, "5050004.0": 0.9993367679754636, "5050007.02": 0.5215132598764473, "5050005.0": 0.3444959515271006, "5050034.0": 0.7923723457501575, "5050044.0": -0.6473361318437267, "5050821.02": -0.4753774214099883, "5050045.02": -0.8027060179119178, "5050017.0": 0.9515933252728749, "5050007.03": 0.5639731582765319, "5050043.0": -0.3347486874872723, "5050006.0": 0.8025885266174331, "5050019.0": 0.11618125328841607, "5050035.0": 0.09482034299396108, "5050045.01": -0.12177932159927596, "5050008.0": 0.3014256764548979, "5050007.01": 1.1010920465022878, "5050016.0": -0.0407774981103495, "5050046.0": -0.29416021419000515, "5050042.0": -0.08603779397449801, "5050018.0": -0.7822532837069718, "5050036.0": 0.16862327547324038, "5050041.0": 0.19533812428586014, "5050039.0": 0.261853009023191, "5050009.0": 1.2117288882961326, "5050047.0": 0.4356639029983015, "5050040.0": 0.7131461386650563, "5050011.04": 0.6388195841470828, "5050038.0": 0.6931911269921255, "5050011.03": 0.061196006232587266, "5050015.0": -0.1310662112516276, "5050037.02": 1.008702475891608, "5050037.01": 1.577398343228003, "5050504.01": -0.7931826000459443, "5050049.0": 0.97053336328713, "5050048.0": 0.09176999211978093, "5050011.01": 0.18005912730471213, "5050501.0": -0.5199473293277347, "5050014.0": 0.387324587200281, "5050050.0": 0.3274745145610746, "5050051.0": -0.0993232569621383, "5050054.0": -0.0064598434236318135, "5050013.0": 0.7095781290706782, "5050500.0": -0.45341419421191753, "5050052.0": -0.04416877897018284, "5050053.0": -0.06997261717606268, "5050012.0": 1.2191039421793815, "5050055.0": -0.53066985871557, "5050056.0": -0.12142370377430145, "5050122.02": 0.5313395312450796, "5050101.0": 0.21769485163565547, "5050122.01": 1.771696502941761, "5050100.0": 0.6737025625253229, "5050057.0": 0.422585803369566, "5050104.0": 0.06071436920065245, "5050058.0": -0.5891586320467624, "5050102.0": 0.7501459380346837, "5050122.03": 1.100474817842413, "5050061.0": 0.6365272325666341, "5050125.03": 0.7207189420861745, "5050171.03": -0.7974785864587528, "5050125.02": 0.8817870177196755, "5050125.01": -0.14516794668810512, "5050121.02": 1.5698277689064468, "5050125.11": -1.3252893115815987, "5050125.1": -1.3705813095482167, "5050125.04": -1.0229249297216765, "5050125.09": -1.3015443889024279, "5050171.12": -1.3527879847463475, "5050103.0": -0.24150231389001744, "5050062.01": 0.5105949455995381, "5050060.0": 0.2693371508256042, "5050110.0": 0.18166674605269154, "5050059.0": -0.24171340447264383, "5050121.01": 1.2367182424874261, "5050600.0": -1.3037727441358549, "5050062.02": 1.1263763932018644, "5050120.01": 1.9333184675949038, "5050120.03": 1.1313297419761175, "5050610.01": 0.7828374201644982, "5050120.02": 0.08103956136107529, "5050171.11": -1.4739920763841967, "5050125.08": -1.4128791915008008, "5050125.07": -0.815409628745338, "5050124.01": -0.19981965081872344, "5050171.13": -1.3530747343049307, "5050171.15": -1.739648151243247, "5050170.05": -1.0910885839661888, "5050124.03": 1.1931502566048777, "5050125.05": -0.7339332805360859, "5050124.04": 0.2868267909651091, "5050171.14": -1.4080660164153151, "5050170.04": -1.1670967792490952, "5050170.08": -1.1235284885822059, "5050171.07": -1.4389846259075791, "5050630.04": 0.9488937423424888, "5050171.06": -0.5417989947758289, "5050170.13": -1.3553227265744565, "5050170.09": -1.0414113038095867, "5050170.03": -0.33569725443152465, "5050124.02": -0.13844298751173725, "5050170.12": -1.5665759208856067, "5050170.1": -0.5014272485732846, "5050181.02": -0.16577546241520194, "5050170.11": -1.4807212080011725, "5050170.01": -0.3765985907165993,