{"5052001.0": -0.7562704604355351, "5050200.01": -2.9088866488459906, "5050151.09": 0.49796635599066275, "5050151.03": 1.1809410115027512, "5050300.02": -0.4931629929734344, "5050151.06": 1.3532747120722466, "5052002.0": -0.08755897757022868, "5051001.0": -0.33993033374111026, "5051000.0": 0.14309791776995856, "5050301.0": -2.538314400847894, "5050302.0": 0.8959745569847707, "5050850.0": -1.064881297675402, "5050400.0": -3.275097731726133, "5050200.02": 0.7584228501685516, "5050191.02": -0.9489685597197062, "5050191.01": 0.20675714137817294, "5050190.02": -0.25810624158894807, "5050190.01": -1.6127791826015772, "5050126.08": 1.0835678406232274, "5050126.04": 0.793190261153811, "5050126.07": 1.3492853781994136, "5050151.04": 1.8394509953240954, "5050151.08": 0.9765361103886421, "5050151.11": 1.4319232328704992, "5050201.0": 0.7321161508271343, "5050151.05": 2.0112871093972857, "5050141.25": 1.3590113595958428, "5050141.23": 0.6855034720862736, "5050141.26": 2.0018228593579304, "5050141.24": 1.4528620448871405, "5050151.1": 1.4318636523682315, "5050162.04": 0.7641296088493021, "5050141.04": 1.9987240365920476, "5050141.14": 1.060976494458704, "5050161.06": 0.5400767997740363, "5050162.02": 1.4728548117677838, "5050141.2": 0.866410649269457, "5050161.05": 0.6390976061168047, "5050140.04": 0.7610401133055426, "5050140.05": 0.23670787249505387, "5050162.03": 0.952995626111402, "5050300.01": 0.9715989628729038, "5050161.03": 0.9238800778422882, "5050141.22": 0.9076479817802848, "5050160.15": 1.1753283032777895, "5050141.13": 1.0860422005884955, "5050160.05": 1.0175375701101552, "5050141.21": 0.5562686539870987, "5050161.04": 0.6857186760401274, "5050140.07": 0.9537288188427876, "5050140.06": 0.9219067080788399, "5050141.11": 0.3128010196274288, "5050160.04": 0.6908743934443975, "5050141.17": -0.043068048708017816, "5050160.06": 1.5115688272475367, "5050141.1": 0.22829467995399613, "5050160.14": 1.229376887247189, "5050140.03": 0.5484612517728009, "5050141.09": 0.5063974010399389, "5050141.16": -0.33423890489800046, "5050160.07": 1.6740115605950652, "5050160.02": 1.8080916754506473, "5050141.18": -0.15631762406232386, "5050126.05": 0.5635033592322822, "5050136.02": 0.1563961752172384, "5050126.06": 0.49949780257565823, "5050136.01": -0.25580046215457564, "5050160.13": 1.3434745463669662, "5050141.19": 0.683835247220239, "5050135.02": -0.5273564700059766, "5050160.12": 0.5985340470486405, "5050160.11": 1.6577336652609067, "5050135.03": -0.6519059455499254, "5050137.02": -0.921578753978197, "5050135.01": -1.2267779379336439, "5050137.03": -0.983421124294648, "5050137.04": -1.4256060652987352, "5050130.01": 0.46233215183915627, "5050027.0": -1.2038445685066326, "5050130.02": -0.8208147191754609, "5050137.05": -2.146642084245901, "5050138.0": -0.4422502002379348, "5050139.0": 0.005139542480087791, "5050134.0": -0.8998064831357019, "5050026.0": -1.3188245161836736, "5050002.04": 1.650863815997929, "5050002.06": 1.8206730711956896, "5050028.0": -1.0498892009798955, "5050029.0": -0.5909195895786048, "5050133.0": -1.3227151876494985, "5050127.0": 1.374163305919449, "5050182.0": -1.302011606418002, "5050126.09": 1.1738682909738323, "5050123.04": -0.2592896593746623, "5050123.03": -0.7139159675715946, "5050001.06": -0.5536616270821653, "5050001.07": -0.7334694307074789, "5050001.08": -1.1493043278007848, "5050010.0": -0.6242733372363467, "5050131.01": -0.3247914203381674, "5050160.09": -0.25861795469188853, "5050024.0": -1.2400819886771393, "5050131.02": -0.7684400679385817, "5050023.01": -1.6175926537588012, "5050030.0": -0.14152477092617297, "5050123.01": 0.016160509522606146, "5050132.0": -1.1404591014240253, "5050002.05": 1.3079523696614281, "5050025.0": -0.6207463763291734, "5050811.01": 0.5673023784920017, "5050023.02": -1.688153116667408, "5050002.01": 0.38600102836549816, "5050020.02": -0.12919333475334127, "5050002.02": 0.037026231083225454, "5050032.01": -0.004872341681250671, "5050031.0": 0.05753257989750944, "5050001.04": -0.026373174752286038, "5050022.0": -0.37132426165609433, "5050021.0": -0.9580468642665737, "5050032.02": 0.6253825761888442, "5050003.0": -0.41848919698434234, "5050001.1": -0.6457501656251882, "5050033.01": 0.4859769586615899, "5050020.01": -0.897612783405046, "5050033.02": 0.589275798035522, "5050822.09": -0.5455312775762617, "5050001.05": -1.1248427721379302, "5050001.09": -1.3731514537717482, "5050004.0": -0.5778012948085752, "5050007.02": -0.8030056739736963, "5050005.0": -0.5287269177793581, "5050034.0": -0.628876562233603, "5050044.0": 0.6688450975833242, "5050821.02": 1.7362363173519906, "5050045.02": 1.209212595363031, "5050017.0": -1.0535167738371702, "5050007.03": -1.1694155534340753, "5050043.0": -0.1820563409265516, "5050006.0": -1.3064942126526016, "5050019.0": -0.8470646251613758, "5050035.0": -0.6614141419170949, "5050045.01": 0.8755894041311751, "5050008.0": -0.7204548715421578, "5050007.01": -1.0627327463906167, "5050016.0": -1.5357118217332772, "5050046.0": -0.18320217620317428, "5050042.0": -0.755307434725709, "5050018.0": -1.000241655558354, "5050036.0": -1.5111034404577608, "5050041.0": -0.5104945753095917, "5050039.0": -1.0870737641160875, "5050009.0": -0.9936320001791226, "5050047.0": -0.7020924837527115, "5050040.0": -1.105590519513964, "5050011.04": -0.9147371233896101, "5050038.0": -0.7529618350963204, "5050011.03": -1.4464552731637113, "5050015.0": -1.2653716886517161, "5050037.02": -0.8144339094896056, "5050037.01": -0.5262746370441549, "5050504.01": -0.017971513904351824, "5050049.0": -1.1061572767418966, "5050048.0": -0.5704974427260787, "5050011.01": -0.47576129691988556, "5050501.0": -0.20033158622441918, "5050014.0": -1.928446561613566, "5050050.0": -1.122028280041217, "5050051.0": -1.5872800460537217, "5050054.0": -0.5935736525917915, "5050013.0": -1.6649345685580068, "5050500.0": -0.058881285911429854, "5050052.0": -1.2799280840948881, "5050053.0": -1.0895665041605382, "5050012.0": -1.0764009772810528, "5050055.0": 0.09925751364598527, "5050056.0": -0.026086354577224868, "5050122.02": 0.15692953735645887, "5050101.0": -1.073618301164308, "5050122.01": -0.5439100895600567, "5050100.0": -1.4950064474815166, "5050057.0": -0.2973453443146246, "5050104.0": -0.41092472570556127, "5050058.0": 1.915734886725203, "5050102.0": -1.2334896876832904, "5050122.03": 0.03541287609744167, "5050061.0": -0.8721276775621606, "5050125.03": -0.09192070117246735, "5050171.03": 0.48615168431077366, "5050125.02": 0.5097562526291168, "5050125.01": 0.3219077403412354, "5050121.02": 0.8087473184166292, "5050125.11": 1.4498620964961684, "5050125.1": 0.6867131231927179, "5050125.04": 1.0827840575531518, "5050125.09": 1.186679665614958, "5050171.12": 0.9417121684705271, "5050103.0": 1.7512684000993304, "5050062.01": 0.4228714515484033, "5050060.0": 1.0359758753277348, "5050110.0": 0.20622721082269926, "5050059.0": 2.1203083631799453, "5050121.01": 1.215363641669379, "5050600.0": 0.9951992991575946, "5050062.02": 0.43250477452831415, "5050120.01": 0.09006180360849865, "5050120.03": 1.103043362297195, "5050610.01": 0.4137672362216742, "5050120.02": 0.4890894116191314, "5050171.11": 0.9278817120624948, "5050125.08": 0.651542430738531, "5050125.07": 0.9773395182596537, "5050124.01": 1.2420687508719068, "5050171.13": 0.24154939350758295, "5050171.15": 0.7281039818871542, "5050170.05": 0.1623646549341065, "5050124.03": 0.7909248199389066, "5050125.05": 0.580184104981284, "5050124.04": 0.7275906553154203, "5050171.14": 0.11442951512419881, "5050170.04": 0.051366029424719184, "5050170.08": -0.06748604622832141, "5050171.07": 0.12218424146009005, "5050630.04": 0.09142723843506663, "5050171.06": -1.3097466625366236, "5050170.13": -0.17605871164280018, "5050170.09": -0.1604590084650657, "5050170.03": -0.4183032277295327, "5050124.02": 0.22526330660114474, "5050170.12": -0.14337493248363462, "5050170.1": -0.09174267568832124, "5050181.02": 0.4399001185464305, "5050170.11": 0.28081196529831653, "5050170.01": 0.20765137726703065,