{"5052001.0": 0.1364557939879821, "5050200.01": 2.469267314106531, "5050151.09": 1.0111169690162127, "5050151.03": -1.5764170363867458, "5050300.02": 0.5155020888965441, "5050151.06": -0.3880352012247383, "5052002.0": -0.7947108748377205, "5051001.0": -0.8546330268054024, "5051000.0": 0.20108962719382836, "5050301.0": 1.0860213245465227, "5050302.0": -0.5558358152257715, "5050850.0": -0.4669375788753163, "5050400.0": 0.8484001073167091, "5050200.02": 1.1082508141798053, "5050191.02": 1.432728553496147, "5050191.01": 0.5308622477951829, "5050190.02": 0.5422826625530813, "5050190.01": 1.0565167096449357, "5050126.08": 0.3553597353035276, "5050126.04": 0.4258832158578597, "5050126.07": -0.4737824348752816, "5050151.04": -1.2260213343841615, "5050151.08": -0.13200196345846701, "5050151.11": -0.9767794384092797, "5050201.0": -0.24873852449756942, "5050151.05": -0.42439422090023715, "5050141.25": -0.8708509359681914, "5050141.23": -0.4879905425370878, "5050141.26": -0.6761311047345925, "5050141.24": -0.6783391548751345, "5050151.1": 0.07380738688343327, "5050162.04": 0.43693254870273857, "5050141.04": -1.0519155912895835, "5050141.14": 0.10100906127319917, "5050161.06": 0.23049331902966277, "5050162.02": -0.3787170499145777, "5050141.2": -0.16045909266170527, "5050161.05": 0.73669616014624, "5050140.04": -0.8450000858170188, "5050140.05": -0.3178761040888704, "5050162.03": -0.5958286646204586, "5050300.01": 0.20627158344339042, "5050161.03": -0.6120579027726781, "5050141.22": -1.0506775168277502, "5050160.15": -0.13694949684579522, "5050141.13": 0.05631902924092833, "5050160.05": -0.23156297022291616, "5050141.21": 0.41316221313116036, "5050161.04": -0.004558882974722755, "5050140.07": -0.6590099642856256, "5050140.06": -1.2846077329334171, "5050141.11": -0.43671239592064043, "5050160.04": -0.9257674924167177, "5050141.17": 1.0557780429721433, "5050160.06": -0.8499389672489173, "5050141.1": 0.3057735252281969, "5050160.14": -0.23054977596789553, "5050140.03": -0.17882153264785247, "5050141.09": -0.20110355955037096, "5050141.16": -0.26113200786276003, "5050160.07": -0.914589157791885, "5050160.02": -0.9174391575021601, "5050141.18": 0.5426898802650948, "5050126.05": -0.18867869647680294, "5050136.02": -0.7059559004284119, "5050126.06": 0.4050878258774496, "5050136.01": -0.347485154986246, "5050160.13": -0.7744355697371101, "5050141.19": -0.10378537336387073, "5050135.02": 0.07843278481831102, "5050160.12": -0.4119477983934515, "5050160.11": -0.815987209578319, "5050135.03": 1.4671866218941767, "5050137.02": 0.6914158040416717, "5050135.01": 0.8457087227380449, "5050137.03": 1.5198480447611862, "5050137.04": 2.2156003666107487, "5050130.01": -0.19435073676038164, "5050027.0": 1.7163679543138315, "5050130.02": 1.6422728421006612, "5050137.05": 2.67156048448257, "5050138.0": 0.07912502292102211, "5050139.0": 0.5847666119525256, "5050134.0": 2.6846577644237573, "5050026.0": 1.4672415710309366, "5050002.04": -1.329157433997359, "5050002.06": -0.8023319730943367, "5050028.0": 1.8846444294895173, "5050029.0": 2.034936494235734, "5050133.0": 2.400707344739715, "5050127.0": -0.22680041990699748, "5050182.0": 0.6944701057330285, "5050126.09": 0.1360802982302281, "5050123.04": 0.4674845841870262, "5050123.03": 1.2881684098528698, "5050001.06": 1.36726648176223, "5050001.07": 1.8019135994225997, "5050001.08": 1.2532952216455564, "5050010.0": 0.5235115992906753, "5050131.01": 1.3424582548160107, "5050160.09": -0.0034630165826073657, "5050024.0": 3.2825369632821815, "5050131.02": 2.017373660877973, "5050023.01": 2.075450636386625, "5050030.0": 0.44686913630517544, "5050123.01": 0.3000552499461197, "5050132.0": 2.2230556846384792, "5050002.05": -0.9207941223603439, "5050025.0": -0.14594458267811386, "5050811.01": -0.4834596263366502, "5050023.02": 3.129651272698837, "5050002.01": -0.08537495072588941, "5050020.02": 1.3282463787549321, "5050002.02": 0.38036983760161847, "5050032.01": -0.8636619927363683, "5050031.0": -0.4208996632804933, "5050001.04": 0.45055395241389534, "5050022.0": 0.2668224434380312, "5050021.0": 1.4082797312764246, "5050032.02": -1.142596414900661, "5050003.0": 1.002544997085692, "5050001.1": 0.7953985931206718, "5050033.01": -1.2649671996033391, "5050020.01": 0.5498366846917557, "5050033.02": -0.9157752461878792, "5050822.09": -0.7634674140552903, "5050001.05": 0.9817440884110434, "5050001.09": 1.358349846016723, "5050004.0": 0.6434735093659265, "5050007.02": 0.46278639883597994, "5050005.0": 0.28116073641715955, "5050034.0": 0.03529811941724421, "5050044.0": -1.80967101295012, "5050821.02": -2.1681729387068347, "5050045.02": -2.008913784007179, "5050017.0": 0.7366301509005984, "5050007.03": 0.8312630924235305, "5050043.0": -1.072250435287039, "5050006.0": 0.7897079402971929, "5050019.0": 0.6117357919283526, "5050035.0": -0.11490326336257567, "5050045.01": -1.5887756457081654, "5050008.0": 0.24792170723591894, "5050007.01": 0.43322924489542, "5050016.0": 1.0581799559245417, "5050046.0": -1.1514121736771779, "5050042.0": -0.40367788137835264, "5050018.0": 0.5979943610180573, "5050036.0": 0.45438346928621565, "5050041.0": -0.7962125918312547, "5050039.0": -0.09036414608508453, "5050009.0": 0.3182821763957285, "5050047.0": -1.1101222106278792, "5050040.0": -0.49790574447280184, "5050011.04": 0.20740809051431994, "5050038.0": -0.28479960746731847, "5050011.03": 0.975690499266515, "5050015.0": -0.001124611622331946, "5050037.02": 0.02866355779200326, "5050037.01": -0.46868958049843396, "5050504.01": -1.9911166264736972, "5050049.0": 0.13132264850620734, "5050048.0": -0.924954463372163, "5050011.01": 0.34959181112459065, "5050501.0": -1.3729794387820478, "5050014.0": 2.1663570375508874, "5050050.0": 0.36663474998821083, "5050051.0": -0.9154858326020238, "5050054.0": -1.1201853599018945, "5050013.0": 1.26260347066413, "5050500.0": -1.7580771478847101, "5050052.0": 0.30866871211364755, "5050053.0": 0.5434270298664345, "5050012.0": 1.9447914977208918, "5050055.0": -1.119086613568964, "5050056.0": -1.1989795973168762, "5050122.02": -0.043183003668433265, "5050101.0": 0.24097026255496165, "5050122.01": 1.7355069607419769, "5050100.0": 1.0484447067154452, "5050057.0": -0.5166898850936746, "5050104.0": -1.024326453965331, "5050058.0": -1.326471577136223, "5050102.0": 0.21201238248774795, "5050122.03": 0.6208610633069215, "5050061.0": 0.32032285037034436, "5050125.03": 0.5117987752182442, "5050171.03": 0.2178872939253374, "5050125.02": -1.6941362911090712, "5050125.01": -1.7815852746908145, "5050121.02": -0.33212566024389295, "5050125.11": -0.9937788998457264, "5050125.1": -0.6378540103499138, "5050125.04": -0.9939088886478663, "5050125.09": -0.41511053919852076, "5050171.12": -0.3166118817410096, "5050103.0": -1.314532407426601, "5050062.01": -0.19055323628638532, "5050060.0": -0.27751939360799355, "5050110.0": -1.2003181874134927, "5050059.0": -1.55154814698113, "5050121.01": -0.7073247907968527, "5050600.0": -1.640825262126088, "5050062.02": 0.010294939967039401, "5050120.01": 0.0431905244834461, "5050120.03": -0.41429847690585014, "5050610.01": -1.2767627980248695, "5050120.02": -1.2574953814688257, "5050171.11": -0.9514891398285442, "5050125.08": -0.05839461464117041, "5050125.07": -0.8750506379272589, "5050124.01": -1.281499803443588, "5050171.13": -0.2690253622056508, "5050171.15": -0.3412706518903309, "5050170.05": 0.0021192703259087144, "5050124.03": -1.133791551304659, "5050125.05": -0.4290670144009274, "5050124.04": -1.2699105289607013, "5050171.14": -0.1516790558548015, "5050170.04": -0.46194780436502725, "5050170.08": -0.11216120399335812, "5050171.07": -0.3851361156413206, "5050630.04": -1.172565934242418, "5050171.06": -0.38996924046979903, "5050170.13": 0.035916764410166856, "5050170.09": -0.3913980244616357, "5050170.03": -0.2839147166401879, "5050124.02": -0.5064797800786345, "5050170.12": -0.11254926795353833, "5050170.1": -0.3075277108540848, "5050181.02": -0.22962793520480074, "5050170.11": -0.024405095172040953,