{"5052001.0": -1.4562403777230146, "5050200.01": -1.1528145182295644, "5050151.09": -2.272083425141239, "5050151.03": -0.9186019555351094, "5050300.02": -1.3951166582229513, "5050151.06": -0.29467297239049195, "5052002.0": -1.3380600533413591, "5051001.0": -1.5418340486802773, "5051000.0": -1.3497952685837467, "5050301.0": -1.0752487914336442, "5050302.0": -1.722008431925379, "5050850.0": -1.0611334122990808, "5050400.0": -1.103302450929627, "5050200.02": -2.2903580487665525, "5050191.02": -1.154688150511266, "5050191.01": -0.9511783765413608, "5050190.02": -1.1254665775471786, "5050190.01": -1.6367964143013873, "5050126.08": -0.009310180030679184, "5050126.04": -0.7878337850840864, "5050126.07": -0.4656023968645663, "5050151.04": -0.7009391654746219, "5050151.08": -0.5404201507246706, "5050151.11": -0.5262835771476871, "5050201.0": -0.7857642689890235, "5050151.05": -0.7795047206467611, "5050141.25": -0.020133394522744145, "5050141.23": -0.38697307934268715, "5050141.26": -0.48295398059312494, "5050141.24": -0.27461773377822946, "5050151.1": -0.29993881196332384, "5050162.04": -0.061015432951366196, "5050141.04": -0.2868253919047932, "5050141.14": -0.6409392708879154, "5050161.06": -0.7570253480729262, "5050162.02": -0.23730020514161776, "5050141.2": 0.45748163085653565, "5050161.05": -0.4124956517945194, "5050140.04": 0.058439979796793946, "5050140.05": 0.06437352760513648, "5050162.03": 0.0158111435177117, "5050300.01": -1.9833830290592045, "5050161.03": -0.5531839041406735, "5050141.22": 0.3178697750085836, "5050160.15": -0.2724930194674683, "5050141.13": 0.10219259335575122, "5050160.05": 0.12294674662335753, "5050141.21": 0.37522347860904975, "5050161.04": -0.48483424084836463, "5050140.07": -0.6325557252912661, "5050140.06": -0.19724331271811635, "5050141.11": 0.7872829441339797, "5050160.04": 0.04132868804798041, "5050141.17": 0.5822506733032332, "5050160.06": 0.04117170656569743, "5050141.1": 0.43629972714619847, "5050160.14": -0.35004124152901117, "5050140.03": -0.20194760699860484, "5050141.09": 0.13109975903490165, "5050141.16": 0.11146238144097387, "5050160.07": -0.15914261283715556, "5050160.02": -0.25559034103764233, "5050141.18": -0.2633827466911377, "5050126.05": -0.9643075989299755, "5050136.02": -0.03817170794738696, "5050126.06": -0.3778250507986523, "5050136.01": 0.16794357968166984, "5050160.13": -0.31474542745335726, "5050141.19": -0.873578941080423, "5050135.02": 0.36471668705083116, "5050160.12": -0.5870220889370937, "5050160.11": -0.6977876362192241, "5050135.03": 0.02430392421661429, "5050137.02": 0.45281922053208423, "5050135.01": 0.8678374328966928, "5050137.03": 1.1207310637341783, "5050137.04": 1.1184509207079645, "5050130.01": -0.0027843559299029555, "5050027.0": 0.8666633247434092, "5050130.02": 0.7090964552386722, "5050137.05": 0.7773656019137204, "5050138.0": 0.7108181378441979, "5050139.0": 0.8632790171537231, "5050134.0": 0.41108006969779654, "5050026.0": 0.5542385107813783, "5050002.04": -0.8786789892994962, "5050002.06": -0.11268090411991502, "5050028.0": 1.683312664920073, "5050029.0": 1.031446036522329, "5050133.0": 1.0992349597614302, "5050127.0": 0.7501748337510783, "5050182.0": -2.002272909316074, "5050126.09": -0.2009919798721094, "5050123.04": 0.9851759116170167, "5050123.03": 1.0831040755693744, "5050001.06": 1.4336302451490706, "5050001.07": 1.137303810662305, "5050001.08": 0.6087131891094011, "5050010.0": 1.256480626311735, "5050131.01": 0.05257554184372737, "5050160.09": -0.7721369955786909, "5050024.0": 0.9631848527288922, "5050131.02": 1.3388037437067506, "5050023.01": 0.7704338712130765, "5050030.0": 1.1643149722695878, "5050123.01": 1.3255868277687228, "5050132.0": 0.9971513980295887, "5050002.05": -0.39986125866619054, "5050025.0": 0.7284735681854748, "5050811.01": -0.7912535920305499, "5050023.02": 1.2075303372734987, "5050002.01": 1.0350276602036224, "5050020.02": 1.1203539928868163, "5050002.02": 1.481845691744159, "5050032.01": -0.1407025105103906, "5050031.0": 0.6329030140878443, "5050001.04": 0.9932161713538347, "5050022.0": -0.3378345356594089, "5050021.0": 0.8550308135302338, "5050032.02": -0.04209739482010933, "5050003.0": 0.5803228460466512, "5050001.1": 1.2449419544500102, "5050033.01": -1.0676562021861986, "5050020.01": 0.7080493325862924, "5050033.02": -0.3457587738839009, "5050822.09": -1.3109606092781367, "5050001.05": 2.262063371277512, "5050001.09": 1.6203451219441356, "5050004.0": 0.5857224015389073, "5050007.02": 0.6160541356913771, "5050005.0": 0.8115545799154951, "5050034.0": 0.5084666593306051, "5050044.0": -1.5517335764763482, "5050821.02": -1.2287350654275648, "5050045.02": -1.2574762561543913, "5050017.0": 0.7645353949690253, "5050007.03": 0.4527304569330788, "5050043.0": -0.14019334525988317, "5050006.0": 0.23344074343976023, "5050019.0": 0.18033793907113266, "5050035.0": 0.32425239183750065, "5050045.01": -0.7191982522518146, "5050008.0": 0.2121570753058216, "5050007.01": 0.272605105263885, "5050016.0": 0.36859323046708103, "5050046.0": -0.3424150174886617, "5050042.0": 0.2872225467973352, "5050018.0": -0.03873393744611802, "5050036.0": 0.6014529756516752, "5050041.0": 0.1025994394223685, "5050039.0": 0.5300284791302997, "5050009.0": 0.7257877096479521, "5050047.0": 0.46381312068111696, "5050040.0": 0.7398642799118369, "5050011.04": -0.07849426763113604, "5050038.0": 0.1224545555374416, "5050011.03": 1.473966745874066, "5050015.0": 0.9095404034529921, "5050037.02": -0.2960495549023151, "5050037.01": -0.4219879412738272, "5050504.01": -0.2709306515374218, "5050049.0": 0.1207873583959726, "5050048.0": 0.2331178535091556, "5050011.01": 0.9144491666780159, "5050501.0": -0.10798220593716218, "5050014.0": 2.138657539059733, "5050050.0": 1.8676705558213482, "5050051.0": 2.937768692410856, "5050054.0": 1.1882945164726875, "5050013.0": 2.798373023951142, "5050500.0": 0.25376614071993037, "5050052.0": 2.8515104634690225, "5050053.0": 2.3013316073601673, "5050012.0": 2.1439465928627888, "5050055.0": 0.8580171847984362, "5050056.0": 0.8184397726298949, "5050122.02": 0.9269921556491616, "5050101.0": 1.4626526560602051, "5050122.01": 1.1210061649541447, "5050100.0": 2.375774278313216, "5050057.0": 1.2207787406157027, "5050104.0": 0.3825438401572834, "5050058.0": 0.05193658651410863, "5050102.0": 1.795514730525469, "5050122.03": 0.7588801071420046, "5050061.0": 1.416608010460366, "5050125.03": 0.025455220290557495, "5050171.03": -1.7390434174058385, "5050125.02": -1.309441815663661, "5050125.01": -1.6006210791528075, "5050121.02": 0.07782619738875249, "5050125.11": -1.4194989220726477, "5050125.1": -0.6697915824147888, "5050125.04": -0.4968017415191778, "5050125.09": -0.20475536825204138, "5050171.12": -0.809560949059263, "5050103.0": -0.33433332500669716, "5050062.01": 0.7880264758852048, "5050060.0": 0.0796143087533024, "5050110.0": 0.2655657510110773, "5050059.0": 0.01308993565383817, "5050121.01": 0.2028053932847848, "5050600.0": 0.09083195180898405, "5050062.02": 0.861329435125444, "5050120.01": 0.26988470518999297, "5050120.03": 0.613071877835596, "5050610.01": -0.3541696040936401, "5050120.02": 0.0660578106619365, "5050171.11": -1.433605191872691, "5050125.08": -0.4529432190147352, "5050125.07": 0.015619474348479483, "5050124.01": -0.23552954529974662, "5050171.13": -1.3369941384674409, "5050171.15": -1.0135810671119772, "5050170.05": -1.0070464664403238, "5050124.03": 0.44610955093525834, "5050125.05": -0.3402610279543756, "5050124.04": 0.4009628802058784, "5050171.14": -1.118646659016192, "5050170.04": -0.8980374327086232, "5050170.08": -1.049103948022364, "5050171.07": -1.1662229127102417, "5050630.04": 1.2137860526290016, "5050171.06": -1.8453639737949559, "5050170.13": -1.369804057418572, "5050170.09": -0.8504099260660115, "5050170.03": -0.6585126152092959, "5050124.02": -0.17913060728214933, "5050170.12": -0.7680301495247928, "5050170.1": -0.3508161741048959, "5050181.02": -2.136880223193753, "5050170.11": -1.107122768504723, "5050170.01": -0.2144636387479963,