{"5052001.0": -1.7219496611552199, "5050200.01": -2.360344577321206, "5050151.09": -0.7905454765763863, "5050151.03": -1.3290569430300296, "5050300.02": -1.4840511448522051, "5050151.06": 0.636477082345534, "5052002.0": -1.640647713341736, "5051001.0": -1.983834913107414, "5051000.0": -1.143320866132481, "5050301.0": -2.1830854168862497, "5050302.0": -0.7939518179566855, "5050850.0": -1.3225699188679547, "5050400.0": -3.029739254843005, "5050200.02": -1.3838918786072592, "5050191.02": -1.1716171822904577, "5050191.01": 0.06534584497785208, "5050190.02": 0.1915939064683842, "5050190.01": -0.6554053161764155, "5050126.08": 3.4267382659961734, "5050126.04": 0.2458751457459231, "5050126.07": 1.732396120278131, "5050151.04": -0.7752297574272218, "5050151.08": 0.68967114570313, "5050151.11": -0.5589234690190001, "5050201.0": 0.32640350348225355, "5050151.05": 1.3899972960690126, "5050141.25": 1.3403272239531898, "5050141.23": 0.5907494622286976, "5050141.26": 2.114174931131765, "5050141.24": 1.8797427361739356, "5050151.1": 1.7909177563176872, "5050162.04": 1.4366952236415984, "5050141.04": 1.6535367071050533, "5050141.14": 0.5238271323464188, "5050161.06": 1.1667554915248106, "5050162.02": 1.7976175829345467, "5050141.2": 1.4420439607010234, "5050161.05": 2.2971005469009453, "5050140.04": -0.3859937229686031, "5050140.05": 0.5228192564669855, "5050162.03": 0.4473236367333197, "5050300.01": -0.032361736871570616, "5050161.03": 0.02084007906877359, "5050141.22": 0.9446043677795376, "5050160.15": 1.8874001984983562, "5050141.13": 2.0274985837461474, "5050160.05": 1.0131163265260181, "5050141.21": 1.8630513429351034, "5050161.04": 0.5847068680286849, "5050140.07": -0.5218037330243815, "5050140.06": -0.36530315449223716, "5050141.11": 0.6901681968979736, "5050160.04": -0.23222711014023237, "5050141.17": 1.0815422668176349, "5050160.06": 0.7224733308187071, "5050141.1": 1.4823314228832074, "5050160.14": 1.456946194575424, "5050140.03": -0.5163339547630796, "5050141.09": 0.5010687700104846, "5050141.16": -0.17838463081893674, "5050160.07": 1.8316856891163062, "5050160.02": 1.448388686834762, "5050141.18": 0.35888615054886547, "5050126.05": 0.44650689798384224, "5050136.02": -1.2797789505487338, "5050126.06": 2.4452186865911005, "5050136.01": -0.9653890979199411, "5050160.13": 1.5402267117297397, "5050141.19": 0.28128947745017896, "5050135.02": -0.8844909752079372, "5050160.12": 1.198848220265197, "5050160.11": 0.5815523212384682, "5050135.03": 0.019920264603095542, "5050137.02": -0.8213028504777607, "5050135.01": -0.6047815114813778, "5050137.03": 0.20175001129848555, "5050137.04": 0.0991721556678744, "5050130.01": -0.25518969429099403, "5050027.0": 0.11189690506400637, "5050130.02": 0.2250602869985002, "5050137.05": -0.3544143230452395, "5050138.0": -0.6576069668858162, "5050139.0": 0.7312275599235866, "5050134.0": 1.1061692013816007, "5050026.0": -0.19114701419471675, "5050002.04": -0.25414309479913694, "5050002.06": 0.2563583791564571, "5050028.0": 0.877333129659305, "5050029.0": 1.7373953725450133, "5050133.0": 0.6225692297322184, "5050127.0": 1.5240648712429912, "5050182.0": -1.8242423703959338, "5050126.09": 2.8289391307970133, "5050123.04": 1.0647090715367826, "5050123.03": 1.5187457298391516, "5050001.06": 1.6103315764369974, "5050001.07": 1.8434051599872958, "5050001.08": 1.0504525393218613, "5050010.0": 0.49788178072882044, "5050131.01": 0.4162297435184809, "5050160.09": -0.10950736360523754, "5050024.0": 0.8921969198579107, "5050131.02": 1.3072527871494763, "5050023.01": 0.8088496314500466, "5050030.0": 0.7376724055026314, "5050123.01": 0.4712846064249969, "5050132.0": 0.6741439227406928, "5050002.05": -0.29532199828960315, "5050025.0": 0.07647660697112624, "5050811.01": -1.0407407912900202, "5050023.02": 1.1878454085340175, "5050002.01": 0.39718443294569783, "5050020.02": 1.1966043761573302, "5050002.02": 0.7832932702921834, "5050032.01": -0.10339790104204315, "5050031.0": 0.4588507785818276, "5050001.04": 1.0611387207240792, "5050022.0": -0.32792271107747556, "5050021.0": 0.8190889880180219, "5050032.02": -0.17776380468472708, "5050003.0": -0.22261349204098874, "5050001.1": 0.8340552065254898, "5050033.01": -0.32701035716757426, "5050020.01": -0.07905240342301008, "5050033.02": -0.41055351910290916, "5050822.09": -1.1716677186419377, "5050001.05": 0.7200580849633139, "5050001.09": 1.0901320783582613, "5050004.0": 0.03277144558287835, "5050007.02": 0.8370064947039012, "5050005.0": -0.08002515939666978, "5050034.0": -0.035278637614989374, "5050044.0": -0.8934442323875706, "5050821.02": -0.12124383988164236, "5050045.02": -0.5237381835524807, "5050017.0": -0.14994201669071924, "5050007.03": 0.45690039992048564, "5050043.0": -0.7487511450920313, "5050006.0": 0.1845528067397547, "5050019.0": -0.9647526031898402, "5050035.0": -0.7940523348139339, "5050045.01": -0.008012163792639238, "5050008.0": 0.04303889360691788, "5050007.01": -0.24541886687285946, "5050016.0": -0.25200900776749935, "5050046.0": -0.6429231024261344, "5050042.0": -0.7523306397443237, "5050018.0": -1.0206125192609259, "5050036.0": -0.5906703591562706, "5050041.0": -0.3760726397510807, "5050039.0": -0.39860473642318867, "5050009.0": 0.07606707384388975, "5050047.0": -0.2013647146530076, "5050040.0": -0.2172840883886931, "5050011.04": -0.07658004960881848, "5050038.0": -0.6648545419081027, "5050011.03": 0.02366765360514674, "5050015.0": -0.9892733919528713, "5050037.02": -0.191153423029033, "5050037.01": -0.07118635146248849, "5050504.01": -0.9538529537736772, "5050049.0": -0.17232607827746152, "5050048.0": -0.7947491732072539, "5050011.01": 0.3962542871797073, "5050501.0": -0.8593122600515599, "5050014.0": 0.18380958293970814, "5050050.0": 0.03073658762731735, "5050051.0": -0.6881379448705276, "5050054.0": -0.4819677918941666, "5050013.0": 0.25965431624383023, "5050500.0": -0.9313074780404866, "5050052.0": -0.36269099144160916, "5050053.0": -0.45501118781541916, "5050012.0": 1.024741462371126, "5050055.0": -0.5407950761034435, "5050056.0": -0.69263478108867, "5050122.02": 0.6932597135944109, "5050101.0": -0.5479002952827694, "5050122.01": 1.08968987641031, "5050100.0": -0.16244588699775894, "5050057.0": -0.5122184812508241, "5050104.0": -1.0754722253632618, "5050058.0": -0.8152414056912652, "5050102.0": -0.5614668255605327, "5050122.03": 0.6284980876162095, "5050061.0": 0.20600655165027734, "5050125.03": 0.35287380296365223, "5050171.03": 0.18435123113882879, "5050125.02": -1.586326462330645, "5050125.01": -1.6420947358812112, "5050121.02": 0.07329364163580562, "5050125.11": 0.9736569946789312, "5050125.1": -0.07945967786147413, "5050125.04": -0.024408193753007734, "5050125.09": 0.27087327172882514, "5050171.12": 0.3088864966650315, "5050103.0": -1.0329558668896708, "5050062.01": 0.14466913132195555, "5050060.0": -0.42724101389738456, "5050110.0": -0.41380961475206507, "5050059.0": -0.8527638535531888, "5050121.01": 0.15093106417914534, "5050600.0": -0.4429966226368045, "5050062.02": -0.1529941144606176, "5050120.01": 0.14725550469413115, "5050120.03": -0.5266724044385768, "5050610.01": -0.9714235485880381, "5050120.02": -0.8901647823357511, "5050171.11": -0.049553141104945984, "5050125.08": 0.7534143483514895, "5050125.07": -0.5633183662544875, "5050124.01": -0.5746950244698312, "5050171.13": -0.1026447906983394, "5050171.15": 0.7078298003338657, "5050170.05": 0.056437925826576106, "5050124.03": -0.8379010763786012, "5050125.05": 0.005804167901496397, "5050124.04": -0.9700636181774853, "5050171.14": -0.28308280548439585, "5050170.04": -1.1407970158356315, "5050170.08": -0.22334091801227268, "5050171.07": -0.5015139673394107, "5050630.04": -1.1335854071487232, "5050171.06": -1.984283053561009, "5050170.13": -0.9937645707908885, "5050170.09": -1.3977946774452499, "5050170.03": -1.1649740494979253, "5050124.02": -1.0677605792540341, "5050170.12": -0.8390685646405857, "5050170.1": -0.996615611135196, "5050181.02": -1.032774185716558, "5050170.11": -0.5965374883128676,