{"5052001.0": 1.4093254275100964, "5050200.01": 2.5354963341732644, "5050151.09": 4.915079164823347, "5050151.03": -0.16748333937932042, "5050300.02": 1.9297892263724332, "5050151.06": 1.9432240840411483, "5052002.0": 0.7451525061926003, "5051001.0": 0.007049824247727682, "5051000.0": 2.2369494807421946, "5050301.0": 0.8968536740594286, "5050302.0": 1.8664703529969189, "5050850.0": 0.323699067983501, "5050400.0": -0.0919593754600435, "5050200.02": 5.565651959834067, "5050191.02": 2.3763772720254375, "5050191.01": 1.7311529013757054, "5050190.02": 1.370787649749907, "5050190.01": 1.1166585014150434, "5050126.08": 1.3067681541946776, "5050126.04": 2.4891899685114933, "5050126.07": 0.47078800937826193, "5050151.04": 0.8225919251289872, "5050151.08": 0.8556191326704518, "5050151.11": 1.086075511303878, "5050201.0": 1.023777708462931, "5050151.05": 2.191153190114451, "5050141.25": 0.031641838343574064, "5050141.23": -0.031395022128077085, "5050141.26": 0.5292819922725229, "5050141.24": 0.2992003214664633, "5050151.1": 1.843208340524276, "5050162.04": 1.4567375970498224, "5050141.04": 0.5525800436438102, "5050141.14": 1.661453643888958, "5050161.06": 1.6023293800946599, "5050162.02": 1.1247311360908687, "5050141.2": -0.039284667872069884, "5050161.05": 2.0011942585957248, "5050140.04": -0.38141962997390083, "5050140.05": -0.18277505886038353, "5050162.03": 0.16977992000525505, "5050300.01": 4.026984692048728, "5050161.03": 0.1914768355666196, "5050141.22": -0.7812848954956327, "5050160.15": 1.4415588023534867, "5050141.13": 0.6254475586283921, "5050160.05": 0.33868167627950335, "5050141.21": 0.05679174471626445, "5050161.04": 0.8607892227270355, "5050140.07": -0.17812050950000674, "5050140.06": -0.32979879598805967, "5050141.11": -0.35659247121991455, "5050160.04": -0.36552564984002983, "5050141.17": 0.49463688735563666, "5050160.06": 0.3976657919736143, "5050141.1": 0.030053403910042076, "5050160.14": 1.2656500920153386, "5050140.03": -0.28098695149776487, "5050141.09": 0.05307693740077723, "5050141.16": -0.18216783670363268, "5050160.07": 0.5646575704778624, "5050160.02": 0.5665005921368446, "5050141.18": -0.08445190901137818, "5050126.05": 0.08586881899253497, "5050136.02": -0.8822077595335981, "5050126.06": 1.4240334073017658, "5050136.01": -0.8014111614390436, "5050160.13": 0.575399431580496, "5050141.19": 0.4344487544009255, "5050135.02": -0.8243615182541596, "5050160.12": 0.5787918675759607, "5050160.11": 1.1577379413764335, "5050135.03": -0.012894311598977505, "5050137.02": -0.7350260278593388, "5050135.01": -0.6133355428946735, "5050137.03": -1.1155934590825989, "5050137.04": -0.23100183321540116, "5050130.01": -0.38383112336353215, "5050027.0": -0.7440405233177158, "5050130.02": -0.060257937212979486, "5050137.05": -0.6115040614106936, "5050138.0": -0.8879763393589751, "5050139.0": -0.6135355200824316, "5050134.0": 0.1334097739114129, "5050026.0": -0.44497066701211563, "5050002.04": -0.18797842593461883, "5050002.06": -0.7718736010787159, "5050028.0": -0.6379091916914627, "5050029.0": -0.20224343897920088, "5050133.0": -0.23174079385042984, "5050127.0": 0.10810673126195518, "5050182.0": 1.1037025729878982, "5050126.09": 0.9792389808890262, "5050123.04": -0.7365569457249066, "5050123.03": -0.17049453668269074, "5050001.06": -0.11569441371000609, "5050001.07": 0.39496058341671997, "5050001.08": -0.24553014311654237, "5050010.0": -0.39768376882419726, "5050131.01": -0.3405063118001033, "5050160.09": 0.4340353197937499, "5050024.0": -0.008340006454630636, "5050131.02": -0.4699876612329864, "5050023.01": -0.6512504801653237, "5050030.0": -0.2637266663968392, "5050123.01": -0.5911390226008663, "5050132.0": -0.4608253646261079, "5050002.05": -0.5668261743897761, "5050025.0": -0.3003887970380376, "5050811.01": 0.05457258722400767, "5050023.02": -0.4570316121401051, "5050002.01": -0.6511079970342475, "5050020.02": -0.3724891555301973, "5050002.02": -0.9476864204906624, "5050032.01": 0.4563492359495449, "5050031.0": 0.08231432877710493, "5050001.04": -0.663590906800863, "5050022.0": -0.25738426853242163, "5050021.0": -0.547385586796165, "5050032.02": 0.12753400198038836, "5050003.0": -0.5893352915212208, "5050001.1": -0.786752381392052, "5050033.01": 0.6272523997668803, "5050020.01": -0.3886750043506381, "5050033.02": 0.06277348520657347, "5050822.09": 0.09762542211342518, "5050001.05": -1.0093406833221976, "5050001.09": -0.8577464155289658, "5050004.0": -0.2889062536693327, "5050007.02": -0.4221608328431842, "5050005.0": -0.664490354695314, "5050034.0": -0.5512263591311061, "5050044.0": 0.16659720902696531, "5050821.02": 0.5754441908971341, "5050045.02": 0.3453992648458955, "5050017.0": -0.18360957824343566, "5050007.03": -0.47468020979172315, "5050043.0": -0.5412933627039247, "5050006.0": -0.5986807925606409, "5050019.0": -0.11471552232610104, "5050035.0": -0.40147519048457564, "5050045.01": 0.06482873542209029, "5050008.0": -0.718058260994339, "5050007.01": -0.3799831090609194, "5050016.0": -0.11965070813933656, "5050046.0": -0.7395138154912286, "5050042.0": -0.5541623372106532, "5050018.0": 0.20542964219172605, "5050036.0": -0.5669802442742833, "5050041.0": -0.6802267615892167, "5050039.0": -0.6563559387258903, "5050009.0": -0.6195972266545979, "5050047.0": -0.8781325552484446, "5050040.0": -0.771339485891508, "5050011.04": -0.5541962093138111, "5050038.0": -0.6378304441958584, "5050011.03": -0.3116037657908544, "5050015.0": -0.8606462234055547, "5050037.02": -0.3602810447022892, "5050037.01": -0.5034614773900064, "5050504.01": -1.0990095527890182, "5050049.0": -0.7166257431927392, "5050048.0": -1.1550371076363897, "5050011.01": -0.8593594596776483, "5050501.0": -1.2831831908213711, "5050014.0": -0.7798964673931478, "5050050.0": -0.8251472416538944, "5050051.0": -1.4824243447768306, "5050054.0": -1.275069898154546, "5050013.0": -1.0268400738073593, "5050500.0": -1.2825272506103538, "5050052.0": -1.3179216606281396, "5050053.0": -1.171757736734202, "5050012.0": -0.769544036663396, "5050055.0": -1.0269728785869825, "5050056.0": -1.0093822198214606, "5050122.02": -1.0161166718630927, "5050101.0": -1.1793986146560096, "5050122.01": -0.36133770109078606, "5050100.0": -1.247460429943364, "5050057.0": -0.8577709542062163, "5050104.0": -1.1634700199188328, "5050058.0": -1.0656309041968672, "5050102.0": -1.3704120379016598, "5050122.03": -0.88217020120274, "5050061.0": -1.1941990989894766, "5050125.03": 0.1883158246315706, "5050171.03": 1.737691684945464, "5050125.02": -0.9538829673445984, "5050125.01": -1.63681618154613, "5050121.02": -0.4356510604435142, "5050125.11": 0.9961059075636204, "5050125.1": 0.032319710689021515, "5050125.04": -0.1195449920697856, "5050125.09": 0.8165558436846343, "5050171.12": 0.5020862162670773, "5050103.0": -1.0816280277958243, "5050062.01": -0.9570711244768882, "5050060.0": -0.9429456746059809, "5050110.0": -0.6943102178430226, "5050059.0": -1.0689802499745253, "5050121.01": -0.5698730252150799, "5050600.0": -0.5448099112354924, "5050062.02": -0.7427795280828049, "5050120.01": -0.3987865479714791, "5050120.03": -0.9585888427029563, "5050610.01": -0.7606248561948125, "5050120.02": -1.0045029003020327, "5050171.11": 0.13973727342594644, "5050125.08": 0.7157721232040639, "5050125.07": -0.11430901179700789, "5050124.01": -0.31608265357397103, "5050171.13": 0.3139585339110149, "5050171.15": 0.35473048923298317, "5050170.05": 0.5305359110017679, "5050124.03": -0.633452538089443, "5050125.05": 0.31649089229236654, "5050124.04": -0.34049184194646837, "5050171.14": -0.07128607436774964, "5050170.04": -0.23768735936179597, "5050170.08": 0.2411906512210937, "5050171.07": 0.23281208159538347, "5050630.04": -1.2194912909854223, "5050171.06": -0.09980250549699497, "5050170.13": 0.18313547643296002, "5050170.09": -0.3448027619809941, "5050170.03": -0.2729773585330973, "5050124.02": -0.11456353730252673, "5050170.12": 0.18510049103087592, "5050170.1": -0.18950669934650577, "5050181.02": 1.4699017443267137, "5050170.11": 0.29116325955713745,