{"5052001.0": 1.64882454047282, "5050200.01": 2.70822417439035, "5050151.09": 3.7719061915882004, "5050151.03": -0.7345159774628975, "5050300.02": 2.1775953871991605, "5050151.06": 1.4475802886647209, "5052002.0": 1.325136075276625, "5051001.0": 0.7245341931947626, "5051000.0": 3.4636425924541885, "5050301.0": 1.4166697427158688, "5050302.0": 1.508050312577727, "5050850.0": 0.32948226108729795, "5050400.0": -0.26673020861159846, "5050200.02": 4.155890491350542, "5050191.02": 2.0082633782225674, "5050191.01": 1.1446770924892888, "5050190.02": 1.1184420233714456, "5050190.01": 0.8683188642716839, "5050126.08": 1.281851554118051, "5050126.04": 1.7680727114144046, "5050126.07": 0.8551916465428603, "5050151.04": 0.060052496376049994, "5050151.08": 0.8265759837787975, "5050151.11": 0.6936489101002564, "5050201.0": 0.3870319756434928, "5050151.05": 1.4933315871723378, "5050141.25": -0.26190829303190494, "5050141.23": 0.1496394123704577, "5050141.26": 0.19503666718022247, "5050141.24": 0.0628114668178742, "5050151.1": 1.7790358076009574, "5050162.04": 1.9021414417889577, "5050141.04": 0.30095248759286497, "5050141.14": 1.378684687003544, "5050161.06": 1.2411157837276066, "5050162.02": 1.6139053000170607, "5050141.2": 0.15860956446751243, "5050161.05": 2.193773702754552, "5050140.04": 0.45889051553637694, "5050140.05": 0.38069563431620856, "5050162.03": 0.8811854759416671, "5050300.01": 2.920530635449047, "5050161.03": 0.3884452172605335, "5050141.22": -0.7020011476556207, "5050160.15": 1.430794463268957, "5050141.13": 0.4713517712979425, "5050160.05": 1.2376681228842266, "5050141.21": 0.2208483423938996, "5050161.04": 0.762989790206657, "5050140.07": 0.5297197192740691, "5050140.06": -0.010450207396062726, "5050141.11": 0.022894908813061624, "5050160.04": 0.20585325218822936, "5050141.17": 1.2639434184071245, "5050160.06": 0.312287618536115, "5050141.1": 0.11955706095293596, "5050160.14": 0.4159911298888459, "5050140.03": 0.9618111431898507, "5050141.09": -0.17988059513670465, "5050141.16": 0.5996925607997814, "5050160.07": 0.15541361908594703, "5050160.02": 0.3310007277202502, "5050141.18": -0.10596727720242859, "5050126.05": 0.014284230358306567, "5050136.02": -0.6594213340822124, "5050126.06": 1.3360227269615947, "5050136.01": -0.5697881959440072, "5050160.13": 0.038688168936657955, "5050141.19": -0.1129181711649965, "5050135.02": -0.6154524859232637, "5050160.12": 0.10409047856863851, "5050160.11": 0.4330828921455185, "5050135.03": 0.010659913460774127, "5050137.02": -0.366467675413308, "5050135.01": -0.346831370094362, "5050137.03": -0.9034912881174323, "5050137.04": 0.16416660742639747, "5050130.01": -0.40141683581332965, "5050027.0": -0.37830852338676374, "5050130.02": 0.05273709175957535, "5050137.05": -0.059344927960282186, "5050138.0": -0.6568530579103954, "5050139.0": -0.7512032562384245, "5050134.0": 0.2607036129480062, "5050026.0": -0.07904356069078997, "5050002.04": -0.4693125348375485, "5050002.06": -0.24278822756044197, "5050028.0": -0.18631322649071533, "5050029.0": 0.2372353346964801, "5050133.0": 0.07717439115512167, "5050127.0": 0.42665919496323346, "5050182.0": 0.8279529292462067, "5050126.09": 1.1957203183239629, "5050123.04": -0.2057376313710975, "5050123.03": 0.6662829041188677, "5050001.06": 0.26962147768396016, "5050001.07": 1.033236618810238, "5050001.08": 0.43909214993551354, "5050010.0": 0.2160678135578642, "5050131.01": -0.4968689654015504, "5050160.09": 0.27292960933448146, "5050024.0": 0.40386030343330437, "5050131.02": -0.260059433367464, "5050023.01": -0.5341432422916527, "5050030.0": 0.2569225224236044, "5050123.01": 0.2532548342526252, "5050132.0": -0.17412393398995152, "5050002.05": -0.26606965489277, "5050025.0": -0.15842057645579447, "5050811.01": -0.35139293918294273, "5050023.02": -0.025849383351783904, "5050002.01": -0.4432180227499022, "5050020.02": -0.3350607680971173, "5050002.02": -0.3016019635334708, "5050032.01": -0.1069535544165852, "5050031.0": 0.04638748120290962, "5050001.04": -0.05773999703395725, "5050022.0": -0.21985134508209536, "5050021.0": -0.4635016255777342, "5050032.02": -0.2886259584001384, "5050003.0": -0.5103772494643719, "5050001.1": -0.417916959371999, "5050033.01": -0.1201842253448898, "5050020.01": -0.6043519575931763, "5050033.02": -0.33468081541624456, "5050822.09": -0.2675591826642399, "5050001.05": -0.5324074198964605, "5050001.09": -0.5111224158132702, "5050004.0": -0.474330007694969, "5050007.02": -0.35429841308457444, "5050005.0": -0.8744816131699918, "5050034.0": -0.5301030346541886, "5050044.0": -0.5543166840752779, "5050821.02": -0.32894897929891026, "5050045.02": -0.3677526835459107, "5050017.0": -0.48770610414208004, "5050007.03": -0.5271399954684715, "5050043.0": -1.098887401293881, "5050006.0": -0.7414052062511378, "5050019.0": -0.8302213326778715, "5050035.0": -0.9285723651759, "5050045.01": -0.471208910395611, "5050008.0": -0.652364244451158, "5050007.01": -0.24849840016150296, "5050016.0": -0.8676709627834642, "5050046.0": -0.9494174272013791, "5050042.0": -1.2410656021840187, "5050018.0": -0.9007192230388366, "5050036.0": -1.5110994543702447, "5050041.0": -1.625310936663405, "5050039.0": -1.7106608612116794, "5050009.0": -0.4603600569031945, "5050047.0": -1.3002190700883969, "5050040.0": -1.6505697892631856, "5050011.04": -0.7979431465425963, "5050038.0": -1.8036249414575343, "5050011.03": -0.465808005690607, "5050015.0": -1.4208460353270937, "5050037.02": -1.668512138627583, "5050037.01": -1.8896238008784956, "5050504.01": -1.6251779402882829, "5050049.0": -1.8857369260291965, "5050048.0": -1.9316357769535455, "5050011.01": -0.4522465112438757, "5050501.0": -1.3413029874240467, "5050014.0": -1.1493578576970145, "5050050.0": -1.677715706733834, "5050051.0": -1.8128420889715504, "5050054.0": -1.8853536933709103, "5050013.0": -0.8944158446522346, "5050500.0": -2.1073188475497346, "5050052.0": -1.3619883197649045, "5050053.0": -1.5437029836300407, "5050012.0": 0.40938776077350136, "5050055.0": -1.5822132523271086, "5050056.0": -1.5807417250084335, "5050122.02": 0.01780812256912959, "5050101.0": -1.228618445501348, "5050122.01": 1.002576248770692, "5050100.0": -0.4612616587862889, "5050057.0": -1.1165537708897617, "5050104.0": -1.4085911567633527, "5050058.0": -1.3145031292581355, "5050102.0": -1.0472983817776038, "5050122.03": 0.12254303102103448, "5050061.0": -0.49536964144801815, "5050125.03": 0.5462696883552187, "5050171.03": 1.4158590319602897, "5050125.02": -1.502239144532328, "5050125.01": -0.9133305616107642, "5050121.02": 0.20918226945627413, "5050125.11": 0.797368966011355, "5050125.1": 0.4892030217946496, "5050125.04": 0.08426945478593807, "5050125.09": 0.82535901695923, "5050171.12": 0.6236949416506511, "5050103.0": -1.4585764987489673, "5050062.01": -0.36680284444381306, "5050060.0": -0.7945964850227191, "5050110.0": -0.8816732785687239, "5050059.0": -1.2105351525560473, "5050121.01": -0.33598179405417156, "5050600.0": -0.687913711974712, "5050062.02": -0.3228690684143633, "5050120.01": -0.13847396399287193, "5050120.03": -0.6201877153873825, "5050610.01": 0.24581379332619674, "5050120.02": -0.8987454929867309, "5050171.11": 0.05841939088472296, "5050125.08": 1.0417868583070622, "5050125.07": 0.505366682267572, "5050124.01": 0.00359270150704029, "5050171.13": 0.16418714451783162, "5050171.15": 0.28617098895539533, "5050170.05": 0.7475575517848524, "5050124.03": 0.0329989705745305, "5050125.05": 0.7142973370524455, "5050124.04": -0.10472057772126286, "5050171.14": -0.15317216726731278, "5050170.04": 0.1660114398698104, "5050170.08": 0.7032513573022401, "5050171.07": 0.24008416361363408, "5050630.04": -0.6375158000070644, "5050171.06": 0.2141310292137103, "5050170.13": 0.0896092914462363, "5050170.09": 0.0012503971198068202, "5050170.03": 0.1380790690831124, "5050124.02": -0.05387230739585055, "5050170.12": -0.009400952057116455, "5050170.1": 0.13042702963920794, "5050181.02": 1.3741217552379725, "5050170.11": 0.3283390600464699,