{"5052001.0": 1.5239526134653383, "5050200.01": 3.138300232774783, "5050151.09": 6.056787371815792, "5050151.03": -0.7519395816085617, "5050300.02": 1.838176360629842, "5050151.06": 1.1239892316871583, "5052002.0": 0.6937369660801456, "5051001.0": -0.21715450537264214, "5051000.0": 2.415946602552642, "5050301.0": 1.5927500931672804, "5050302.0": 1.8344090152506252, "5050850.0": 0.2245571467372112, "5050400.0": 0.2466241363468064, "5050200.02": 7.240507247827391, "5050191.02": 2.184945010806598, "5050191.01": 1.091545611715038, "5050190.02": 0.9181861992119904, "5050190.01": 0.9188312116885162, "5050126.08": 0.9249915973021017, "5050126.04": 3.2066138073658723, "5050126.07": 0.09804486083443675, "5050151.04": -0.055984069751039645, "5050151.08": 0.35388907288170957, "5050151.11": 0.23164947489692947, "5050201.0": 0.3582325663047467, "5050151.05": 1.1616527513988668, "5050141.25": -0.2640183601926721, "5050141.23": -0.16209356217276688, "5050141.26": 0.07155283013584517, "5050141.24": -0.05440192741768026, "5050151.1": 1.1547826575731042, "5050162.04": 1.0547360029541433, "5050141.04": -0.043585310167478575, "5050141.14": 1.8321283878840375, "5050161.06": 1.0668648204278046, "5050162.02": 0.5218790963213344, "5050141.2": -0.2569821461281184, "5050161.05": 1.5466563537940448, "5050140.04": -0.6197589724745104, "5050140.05": -0.26788600708668064, "5050162.03": -0.17715477207796973, "5050300.01": 5.001879766890682, "5050161.03": -0.29379411838918024, "5050141.22": -0.938648567655182, "5050160.15": 0.9011069491692721, "5050141.13": 0.26690840559941365, "5050160.05": 0.1557938738117385, "5050141.21": -0.06422127327664304, "5050161.04": 0.42116806403388496, "5050140.07": -0.5721423508858956, "5050140.06": -0.7504385247426076, "5050141.11": -0.4646393653817833, "5050160.04": -0.5444876074146682, "5050141.17": 0.3674575145020969, "5050160.06": -0.22079399196109198, "5050141.1": -0.05557069413633858, "5050160.14": 0.4410387840615844, "5050140.03": -0.4329279367014781, "5050141.09": -0.31666426804099956, "5050141.16": -0.25579799614095516, "5050160.07": -0.04678473969635637, "5050160.02": -0.024566547884614542, "5050141.18": -0.16920843358030224, "5050126.05": -0.1739656610572974, "5050136.02": -1.004962272558883, "5050126.06": 1.0963322811612315, "5050136.01": -0.6960960459735931, "5050160.13": -0.06986250882686547, "5050141.19": 0.003357621160889593, "5050135.02": -0.8671389966617937, "5050160.12": 0.03747391963032948, "5050160.11": 1.0308495063483663, "5050135.03": 0.07375181004205464, "5050137.02": -0.4750007129272664, "5050135.01": -0.5785064016095899, "5050137.03": -0.35890025716589313, "5050137.04": 0.16144206559730004, "5050130.01": -0.6107624541283179, "5050027.0": -0.1795173345356876, "5050130.02": -0.13790414350647454, "5050137.05": -0.1558218513477411, "5050138.0": -0.5156973403639381, "5050139.0": -0.30627638193506396, "5050134.0": 0.4418844942469805, "5050026.0": -0.19681743962173368, "5050002.04": -0.8945881399368195, "5050002.06": -1.020771566437879, "5050028.0": 0.36441427210544736, "5050029.0": 0.7020317721084278, "5050133.0": 0.19517134551428766, "5050127.0": -0.22788176283850348, "5050182.0": 0.9570715946811018, "5050126.09": 0.6610063673135815, "5050123.04": -0.32177039227542914, "5050123.03": 0.2683426477934693, "5050001.06": 0.16926591021406887, "5050001.07": 0.6774778440010593, "5050001.08": 0.28322490634323816, "5050010.0": 0.037051628090284526, "5050131.01": -0.3724660625905434, "5050160.09": 0.2897743253656946, "5050024.0": 0.4882857610892086, "5050131.02": 0.14900093795296088, "5050023.01": 0.04875462138992511, "5050030.0": 0.3145701874740871, "5050123.01": -0.48447178976835165, "5050132.0": 0.035409824855253805, "5050002.05": -1.0689484668500124, "5050025.0": 0.07406772372419787, "5050811.01": -0.5983194118655132, "5050023.02": 0.6413199006353228, "5050002.01": -0.706973845834993, "5050020.02": 0.014527128921289685, "5050002.02": -0.6451823768418008, "5050032.01": 0.24663899913120815, "5050031.0": 0.23676081570642743, "5050001.04": -0.3256817807629054, "5050022.0": -0.2565958382602824, "5050021.0": 0.10499064861544946, "5050032.02": -0.12557739166516216, "5050003.0": -0.5982446897267157, "5050001.1": -0.3149310426024572, "5050033.01": -0.05095397524894761, "5050020.01": -0.20857413550086448, "5050033.02": -0.2654612523603498, "5050822.09": -0.04933045939296069, "5050001.05": -0.28877484700744926, "5050001.09": -0.18511581897855897, "5050004.0": -0.2354992466834223, "5050007.02": -0.06587670257775918, "5050005.0": -0.4667240878530764, "5050034.0": -0.10433386637841403, "5050044.0": -0.48332856504355115, "5050821.02": -0.38119820393514486, "5050045.02": -0.47061620057957826, "5050017.0": -0.022777832883138997, "5050007.03": -0.05218213401451417, "5050043.0": -0.5790412305934008, "5050006.0": -0.1279183896305579, "5050019.0": -0.16300157757146508, "5050035.0": -0.41414099762289985, "5050045.01": -0.12643068588283815, "5050008.0": -0.4799304688774797, "5050007.01": -0.13717001986970195, "5050016.0": -0.03465237540907445, "5050046.0": -0.6412869065607543, "5050042.0": -0.3830609919043169, "5050018.0": -0.14168346517982974, "5050036.0": -0.16895232092864393, "5050041.0": -0.4756022887951662, "5050039.0": -0.2637309467059057, "5050009.0": -0.24616867423769773, "5050047.0": -0.3864671043408225, "5050040.0": -0.26635937293150325, "5050011.04": -0.287083426253225, "5050038.0": -0.3778328839495498, "5050011.03": 0.04397270954304365, "5050015.0": -0.6457963510318664, "5050037.02": -0.01639677414034297, "5050037.01": -0.0859148050423172, "5050504.01": -1.1401449280091998, "5050049.0": -0.30964080692707135, "5050048.0": -0.8924727780850729, "5050011.01": -0.5548767515095944, "5050501.0": -0.9319848793838095, "5050014.0": -0.13422817425919417, "5050050.0": -0.3862670083730718, "5050051.0": -1.0126679367361449, "5050054.0": -0.9946669956636823, "5050013.0": -0.2329125504959506, "5050500.0": -1.319263532799343, "5050052.0": -0.6795688018230012, "5050053.0": -0.7973109165693626, "5050012.0": 0.23040927701286362, "5050055.0": -1.0454519064789187, "5050056.0": -1.002109495602904, "5050122.02": -0.6034224272262174, "5050101.0": -0.6359259802642857, "5050122.01": 0.40405304164702593, "5050100.0": -0.30329563058370984, "5050057.0": -0.631803544435791, "5050104.0": -0.9611363762406495, "5050058.0": -1.171624585640428, "5050102.0": -0.48839880652379225, "5050122.03": -0.4520251219252138, "5050061.0": -0.4466664398371218, "5050125.03": 0.20767807693611154, "5050171.03": 1.901710136118132, "5050125.02": -1.3736685289700994, "5050125.01": -1.764313095080193, "5050121.02": -0.5944326637999771, "5050125.11": 0.34413233631309004, "5050125.1": -0.3568805232789739, "5050125.04": -0.6550170801248081, "5050125.09": 0.10034045113260069, "5050171.12": -0.028829990600610013, "5050103.0": -1.0458854791801995, "5050062.01": -0.6186228027038558, "5050060.0": -0.6034149451411499, "5050110.0": -0.5605860892123756, "5050059.0": -1.083150058241015, "5050121.01": -0.6997747608761047, "5050600.0": -0.9220197560192185, "5050062.02": -0.4716862057905901, "5050120.01": -0.31815220904876906, "5050120.03": -1.0115223935041227, "5050610.01": -0.7482254190548847, "5050120.02": -1.1008498490370204, "5050171.11": -0.20935384392987674, "5050125.08": 0.31894589213421914, "5050125.07": -0.6224392071591115, "5050124.01": -0.8395715299725713, "5050171.13": 0.09835870581129696, "5050171.15": 0.15270164561832292, "5050170.05": 0.19407581007677868, "5050124.03": -0.9229004002155959, "5050125.05": -0.06017210266407822, "5050124.04": -0.7075345307112034, "5050171.14": -0.2139139736390593, "5050170.04": -0.5877604524557793, "5050170.08": 0.08690989758819131, "5050171.07": -0.00522593591778861, "5050630.04": -1.2342089694966976, "5050171.06": 0.08000258514718069, "5050170.13": -0.10733859642953432, "5050170.09": -0.5845497780579838, "5050170.03": -0.45786254260785314, "5050124.02": -0.3762688282959436, "5050170.12": -0.12705849137380415, "5050170.1": -0.4083679333490148,