{"5052001.0": -0.8091729869399211, "5050200.01": 0.882854571074318, "5050151.09": 4.545257761849512, "5050151.03": 0.9162916336932607, "5050300.02": -0.5574463273200063, "5050151.06": -1.0321479726929614, "5052002.0": -0.081197656259341, "5051001.0": 1.2452519183581074, "5051000.0": -1.9684566898330171, "5050301.0": 0.5865730674646903, "5050302.0": 0.8428644115720516, "5050850.0": 1.0990723285533723, "5050400.0": 3.0551489850527482, "5050200.02": 5.926745989958803, "5050191.02": -1.3133927431487569, "5050191.01": -0.5643090667025517, "5050190.02": -2.2032438600484205, "5050190.01": -0.06378078752121558, "5050126.08": -3.091413384087131, "5050126.04": 2.6539139433156245, "5050126.07": -1.401931717149636, "5050151.04": -0.07400467884019413, "5050151.08": -0.4204827854287572, "5050151.11": -0.8464231281831316, "5050201.0": -0.8833291848479621, "5050151.05": -1.7694480244295065, "5050141.25": 0.4894855134153978, "5050141.23": 0.44516430428743203, "5050141.26": -0.21533180725719625, "5050141.24": -0.14174693028567806, "5050151.1": -1.428278916091043, "5050162.04": -1.4685147888333998, "5050141.04": -0.9374833466761875, "5050141.14": 1.072818423214824, "5050161.06": -0.7099066448538832, "5050162.02": -2.017917197089917, "5050141.2": 0.06722008871968266, "5050161.05": -1.429961073371037, "5050140.04": 0.13699349198624494, "5050140.05": -0.4666558015353271, "5050162.03": -0.633708769943303, "5050300.01": 4.562254799422119, "5050161.03": -0.15809754780869675, "5050141.22": 0.7678413893133247, "5050160.15": -1.550781695489122, "5050141.13": -1.099317564004927, "5050160.05": -1.394220843152966, "5050141.21": -0.3760182607328651, "5050161.04": -0.5371771512485503, "5050140.07": -0.8003359931302048, "5050140.06": 0.341171198635158, "5050141.11": 0.015096759312787937, "5050160.04": 0.04401331076410384, "5050141.17": -1.2117500529025058, "5050160.06": -1.154661911781346, "5050141.1": 0.15886948198684325, "5050160.14": -0.8644288165592143, "5050140.03": -1.0970021170119535, "5050141.09": 0.15020780765745484, "5050141.16": 0.2607961790401677, "5050160.07": -0.7306302187095594, "5050160.02": -0.6316621273620718, "5050141.18": -0.36437710353394454, "5050126.05": -0.2244403786664681, "5050136.02": 1.969217430483704, "5050126.06": -2.9590919405693055, "5050136.01": 1.0790629354723231, "5050160.13": -0.8453877240742401, "5050141.19": -0.1273334959780474, "5050135.02": 1.1687775845458523, "5050160.12": -0.013571846701131346, "5050160.11": 1.2540654042264165, "5050135.03": 0.17002388551548242, "5050137.02": 1.1098058813951623, "5050135.01": 0.7738575327855107, "5050137.03": 1.5206013311365847, "5050137.04": -0.025703221763485298, "5050130.01": 0.2533600747717716, "5050027.0": 1.1408481320509167, "5050130.02": -0.5665015067885439, "5050137.05": 1.4738067021905903, "5050138.0": 0.852837953960698, "5050139.0": 0.1604452812470575, "5050134.0": -0.4229838972397837, "5050026.0": 0.4098149421692015, "5050002.04": -0.6956924791593683, "5050002.06": -0.2951225368982179, "5050028.0": 0.014326635739179215, "5050029.0": -0.7873907484113088, "5050133.0": 0.36803228675715416, "5050127.0": -1.7250512602149977, "5050182.0": -0.24555794856170368, "5050126.09": -2.517671112844632, "5050123.04": -1.0560734176015125, "5050123.03": -0.9291067218708616, "5050001.06": -0.7417353987691466, "5050001.07": -0.9370320333304797, "5050001.08": -0.23818799076881925, "5050010.0": -0.13060164092888563, "5050131.01": 0.360834795135741, "5050160.09": 0.42920668177271465, "5050024.0": -0.3819964142123574, "5050131.02": 0.19683578998214, "5050023.01": 0.7187341227060308, "5050030.0": -1.0762959470251727, "5050123.01": -0.10255678973887714, "5050132.0": 0.44574949596730823, "5050002.05": 0.038588411549481796, "5050025.0": -0.13100387680872552, "5050811.01": -0.47140061054012167, "5050023.02": 0.356761337791649, "5050002.01": -0.05899596873999306, "5050020.02": -0.2517168173869309, "5050002.02": -0.4557547118413252, "5050032.01": -0.8849996875138068, "5050031.0": -0.6753951730037988, "5050001.04": -0.5894486857669063, "5050022.0": 0.476032394759757, "5050021.0": 0.2156614646853624, "5050032.02": -0.7673539357303041, "5050003.0": 0.3559940834944798, "5050001.1": -0.23712547585192428, "5050033.01": -0.4283223487203469, "5050020.01": 0.3763878709480234, "5050033.02": -0.2623404048041394, "5050822.09": -0.05486099241559682, "5050001.05": 0.8187091131477232, "5050001.09": -0.057904089534403014, "5050004.0": 0.7787286936617166, "5050007.02": -0.08577385105735962, "5050005.0": 0.4584311994753761, "5050034.0": 0.3434615312613531, "5050044.0": -0.17379598121988052, "5050821.02": -0.9652465707279411, "5050045.02": 0.3890839819083934, "5050017.0": 0.6860010990428558, "5050007.03": -0.06589622840948865, "5050043.0": 0.5091674532283035, "5050006.0": 0.2701336378603118, "5050019.0": 0.9219536407961487, "5050035.0": 0.27843010390489303, "5050045.01": -0.8296733262926105, "5050008.0": 0.1757737340330285, "5050007.01": 0.25508747955666194, "5050016.0": 0.5068399992552258, "5050046.0": 0.2954894072088613, "5050042.0": 0.3088096897001692, "5050018.0": 0.8806112917121343, "5050036.0": 0.9041309205470084, "5050041.0": 0.07018999105542788, "5050039.0": 0.4715525112439337, "5050009.0": 0.26685164593973, "5050047.0": -0.33367866046510447, "5050040.0": 0.3547373842172881, "5050011.04": -0.49957566062968445, "5050038.0": 0.33242779071459405, "5050011.03": 0.29655828183660277, "5050015.0": 0.9758270040118339, "5050037.02": -0.3953787972043, "5050037.01": -0.2832895309602795, "5050504.01": 0.9373543372766343, "5050049.0": 0.2283691419338527, "5050048.0": 0.8454037682577978, "5050011.01": 0.05975949644601851, "5050501.0": 0.2730062073400037, "5050014.0": 0.6553957712381869, "5050050.0": -0.3207231311973115, "5050051.0": 0.7557183943516576, "5050054.0": 0.11352762658763547, "5050013.0": 0.07373798017899393, "5050500.0": 0.5509097455749441, "5050052.0": 0.592312788567002, "5050053.0": 1.1510256956211884, "5050012.0": -0.4886355407678096, "5050055.0": -0.08982751074368402, "5050056.0": -0.09748044486547319, "5050122.02": -0.42123772863651565, "5050101.0": 0.8864336987902555, "5050122.01": -0.5657651314113827, "5050100.0": 0.7177517425110547, "5050057.0": -0.17777856177437215, "5050104.0": 0.5984570497975645, "5050058.0": 0.45572793053963717, "5050102.0": 0.40236210133745703, "5050122.03": -0.30262487496116686, "5050061.0": 0.3973689828377009, "5050125.03": -0.27711286843758626, "5050171.03": 0.42571605799202533, "5050125.02": 1.6084599217584532, "5050125.01": 0.6156060151176318, "5050121.02": -0.12391206919573255, "5050125.11": -1.3998483223419655, "5050125.1": -0.16356857242547002, "5050125.04": 0.09203442468886644, "5050125.09": -0.5142641838141941, "5050171.12": -1.1062739980094785, "5050103.0": 0.5129456377490634, "5050062.01": 0.4932415689137749, "5050060.0": 0.5762504393101389, "5050110.0": -0.7210758322905505, "5050059.0": 0.2039598252886151, "5050121.01": -0.2513808619712984, "5050600.0": -0.6140609124725068, "5050062.02": 0.12453764234683086, "5050120.01": 0.06016110710794226, "5050120.03": 0.3057918145206049, "5050610.01": -0.1778895616073761, "5050120.02": 0.7650747317273003, "5050171.11": -0.5537280770042791, "5050125.08": -0.612105039103039, "5050125.07": 0.018434549351440437, "5050124.01": -0.5358496553045089, "5050171.13": -0.8000685909996479, "5050171.15": -1.2683040643067303, "5050170.05": -0.5979591489367577, "5050124.03": 0.0344488193857263, "5050125.05": -0.2812989806854015, "5050124.04": 0.0701117583911269, "5050171.14": -0.629799814233736, "5050170.04": 0.3771326044854592, "5050170.08": -0.5169137577743739, "5050171.07": 0.009759582807916294, "5050630.04": 0.23267583747670922, "5050171.06": 0.3172101537085388, "5050170.13": 0.12176608780655161, "5050170.09": 0.9712868896112441, "5050170.03": 0.615677853144348, "5050124.02": 0.025974193576961437, "5050170.12": 0.11444728660351976, "5050170.1": 0.1315678122066976, "5050181.02": -0.9609730618835824, "5050170.11": 0.22635338607206668, "5050170.01": 0.362380780072646,