{"5052001.0": 0.453981401053746, "5050200.01": 2.000043071806819, "5050151.09": -0.12498764441102946, "5050151.03": -1.3478508766682946, "5050300.02": 0.40680354509260674, "5050151.06": -0.6285099310929264, "5052002.0": -0.16190939079638847, "5051001.0": -0.8846040152901138, "5051000.0": 0.7044084514108238, "5050301.0": 1.1530596411422602, "5050302.0": -1.0766361338148827, "5050850.0": -0.35674340301227175, "5050400.0": 0.18401659691064245, "5050200.02": -0.22802226478263288, "5050191.02": 0.5916070787363473, "5050191.01": -0.2595819200743997, "5050190.02": -0.18218672388236448, "5050190.01": 0.11186242321414952, "5050126.08": -0.19608254352008916, "5050126.04": -0.6879364499418998, "5050126.07": -0.67850214844153, "5050151.04": -1.4606705596445226, "5050151.08": -0.7863466021003882, "5050151.11": -1.0275461394145866, "5050201.0": -0.6623969199124002, "5050151.05": -0.8151753417249478, "5050141.25": -1.0066396057510676, "5050141.23": -0.6975552578338033, "5050141.26": -0.9234085279368704, "5050141.24": -0.9115694151818982, "5050151.1": -0.6172867676542664, "5050162.04": -0.6333262353328479, "5050141.04": -0.9515136112747624, "5050141.14": -0.5541884714864799, "5050161.06": -0.48311575209569996, "5050162.02": -0.8342067594049283, "5050141.2": -0.8937888703373056, "5050161.05": -0.17927904635203287, "5050140.04": -1.263135533968996, "5050140.05": -0.7605583910428247, "5050162.03": -1.081789827516178, "5050300.01": -0.7117359405788475, "5050161.03": -1.2634690347214028, "5050141.22": -1.1279108881161806, "5050160.15": -0.1405712804203243, "5050141.13": -0.6388405618820909, "5050160.05": -0.3124598900561103, "5050141.21": -0.613431168123527, "5050161.04": -0.7973491669168529, "5050140.07": -1.3408527145900944, "5050140.06": -1.4624394426705527, "5050141.11": -0.9399106304991466, "5050160.04": -0.5642736715455909, "5050141.17": -0.5849570459626718, "5050160.06": -1.074205918154628, "5050141.1": -0.6225340326289078, "5050160.14": -0.9277530508197706, "5050140.03": -1.039243863821179, "5050141.09": -1.2100475343624253, "5050141.16": -0.8108789769226419, "5050160.07": -0.6557595968812402, "5050160.02": -0.5588443246850013, "5050141.18": -0.5147518380147346, "5050126.05": -0.5184428639829425, "5050136.02": -0.9899745289648365, "5050126.06": -0.14713161270487307, "5050136.01": -0.5640795442783955, "5050160.13": -1.1264950592717913, "5050141.19": -0.619933130075925, "5050135.02": -0.808772510589434, "5050160.12": -1.145605411186177, "5050160.11": -1.4318949733531505, "5050135.03": -0.029438862087889716, "5050137.02": -0.2012524943981971, "5050135.01": -0.5295597919283956, "5050137.03": 0.788662310970926, "5050137.04": 0.4532598045772521, "5050130.01": -0.9269533122346059, "5050027.0": 0.5607362762099782, "5050130.02": -0.23223259067215601, "5050137.05": 0.23457323722185566, "5050138.0": 0.2526802742809802, "5050139.0": 0.2834540883739083, "5050134.0": 0.6824924751198811, "5050026.0": 0.24251607720417898, "5050002.04": -1.5472198238583115, "5050002.06": -1.1290080615709979, "5050028.0": 2.149501701527595, "5050029.0": 2.194460617305213, "5050133.0": 0.7714648012868818, "5050127.0": -0.7827383760614696, "5050182.0": 0.1604803403941853, "5050126.09": -0.3927453473371294, "5050123.04": 0.027913286104785266, "5050123.03": 0.3961619355977166, "5050001.06": 0.16795604445458825, "5050001.07": 0.34141003559976124, "5050001.08": 0.6419854923129401, "5050010.0": 0.6132803496003667, "5050131.01": -0.1703349557794517, "5050160.09": -0.4094832317737944, "5050024.0": 1.040235298527581, "5050131.02": 1.1718310024611212, "5050023.01": 1.0535111201608847, "5050030.0": 1.4452024267584125, "5050123.01": -0.6022038846996283, "5050132.0": 0.8426637426696416, "5050002.05": -1.5138460891053014, "5050025.0": 1.2692326375826466, "5050811.01": -0.9796997673664745, "5050023.02": 2.01926717348956, "5050002.01": -0.30622671891267855, "5050020.02": 0.8748423355219122, "5050002.02": -0.20617264074767494, "5050032.01": 0.8493325992415732, "5050031.0": 1.3093885324232044, "5050001.04": -0.13419211296693723, "5050022.0": 0.3150668478293705, "5050021.0": 1.2634799260008456, "5050032.02": 0.746738677936628, "5050003.0": -0.06667252837965393, "5050001.1": 0.33381860316380835, "5050033.01": 0.2592830772596319, "5050020.01": 0.7995726257961874, "5050033.02": 0.11789136244043885, "5050822.09": -0.9334426570420907, "5050001.05": 0.5200642033543317, "5050001.09": 0.7260601939971036, "5050004.0": 0.43433670204420755, "5050007.02": 0.4129889473405439, "5050005.0": 0.13792729504762505, "5050034.0": 1.4569843617259879, "5050044.0": 0.19660402384879597, "5050821.02": 0.024714097447782513, "5050045.02": -0.5445474770796306, "5050017.0": 1.0125943965990472, "5050007.03": 0.7180197056570802, "5050043.0": 0.7698679244677096, "5050006.0": 1.0465983357515476, "5050019.0": 1.04733819705282, "5050035.0": 0.8892938751113103, "5050045.01": 0.5089300108084303, "5050008.0": -0.09972033973133215, "5050007.01": 0.5211267076319019, "5050016.0": 1.2541238615582335, "5050046.0": 0.6225628144644151, "5050042.0": 1.684906439103493, "5050018.0": 0.7167710752132247, "5050036.0": 2.2715394937728797, "5050041.0": 1.7891245699624791, "5050039.0": 2.4228854876251864, "5050009.0": 0.5796262128162868, "5050047.0": 1.4297586763742494, "5050040.0": 2.443846687199964, "5050011.04": 0.8103563149913824, "5050038.0": 2.2085112874799164, "5050011.03": 1.2149529185011465, "5050015.0": 1.058033215000897, "5050037.02": 2.70128180755392, "5050037.01": 3.0435938484328777, "5050504.01": 0.06404614183722611, "5050049.0": 2.430233085347363, "5050048.0": 1.3661614187169588, "5050011.01": 0.2025601910971138, "5050501.0": 0.07779335778852801, "5050014.0": 2.714083062748933, "5050050.0": 2.230604605468218, "5050051.0": 1.0904342931715019, "5050054.0": 1.0017243566269645, "5050013.0": 1.843488971256612, "5050500.0": 0.3418727660929433, "5050052.0": 1.5579364618732527, "5050053.0": 1.6341249739694645, "5050012.0": 1.5494733810057058, "5050055.0": 0.4490997996670605, "5050056.0": 0.7523139264020313, "5050122.02": 0.018876145985614556, "5050101.0": 1.456224701432083, "5050122.01": 1.2098882533908109, "5050100.0": 1.638311313416284, "5050057.0": 1.2207937144968157, "5050104.0": 0.6515039854068045, "5050058.0": -0.2156131175956821, "5050102.0": 1.5590408806932683, "5050122.03": 0.04598214163202688, "5050061.0": 0.9077928505909575, "5050125.03": -0.0042027530599594715, "5050171.03": -0.5573745891774281, "5050125.02": -1.522301862003514, "5050125.01": -1.604396793871845, "5050121.02": -0.8299293250188366, "5050125.11": -0.8197516211024478, "5050125.1": -1.029599698389805, "5050125.04": -1.2856526231863739, "5050125.09": -1.1944723965979434, "5050171.12": -1.003475647174457, "5050103.0": 0.277018958340678, "5050062.01": 0.11414735674244386, "5050060.0": 0.543559679631332, "5050110.0": 0.6538297081536606, "5050059.0": -0.1778172319002502, "5050121.01": -0.5407779166553885, "5050600.0": -0.8746992261663096, "5050062.02": 0.11217413714629715, "5050120.01": -0.2524983776525173, "5050120.03": -0.8954921018894313, "5050610.01": -1.3904790838606584, "5050120.02": -0.9557631199856071, "5050171.11": -0.8732255810428137, "5050125.08": -0.6102392982222254, "5050125.07": -1.3791133477900153, "5050124.01": -1.4831785206647206, "5050171.13": -0.6623136205354603, "5050171.15": -0.63636704920445, "5050170.05": -0.6742195922141678, "5050124.03": -1.3286422959021678, "5050125.05": -0.8773532005088601, "5050124.04": -0.9987050531176224, "5050171.14": -0.6915280573470743, "5050170.04": -1.147925609562823, "5050170.08": -0.5464710748966205, "5050171.07": -0.5724878947906326, "5050630.04": -1.0540882620564604, "5050171.06": -0.3386170715655153, "5050170.13": -0.6324640470281765, "5050170.09": -0.979955392871256, "5050170.03": -0.8680869444523749, "5050124.02": -0.842589020596887, "5050170.12": -0.7632910137974542, "5050170.1": -0.7959976667258356, "5050181.02": -0.5613081770520929, "5050170.11": -0.7266627101458132, "5050170.01": -0.6289243689988462,