{"5052001.0": -1.256410686257262, "5050200.01": -1.695382557921088, "5050151.09": -3.5690491574018237, "5050151.03": -1.113265748737275, "5050300.02": -1.2116797216650865, "5050151.06": -0.2713044010116522, "5052002.0": -1.0256557692521306, "5051001.0": -1.2647534638550728, "5051000.0": -0.8205919160031715, "5050301.0": -1.5807858264343713, "5050302.0": -1.7756271618687929, "5050850.0": -0.9701730132745238, "5050400.0": -2.0574612504475898, "5050200.02": -4.555747929923481, "5050191.02": -1.266074151675332, "5050191.01": -1.0501797319110306, "5050190.02": -1.0907999213223019, "5050190.01": -1.2351072011358721, "5050126.08": -0.5772545424769483, "5050126.04": -2.303937126509512, "5050126.07": -0.24005043938019227, "5050151.04": -0.4113153175822511, "5050151.08": -0.6475544117034024, "5050151.11": -0.6671741907113612, "5050201.0": -0.9651691617420038, "5050151.05": -0.38560668740410103, "5050141.25": -0.5480324458183017, "5050141.23": -0.7252627764730095, "5050141.26": -0.5074234439100397, "5050141.24": -0.5539975591071473, "5050151.1": -0.013445376067187535, "5050162.04": -0.50834224496231, "5050141.04": -0.2977669428885487, "5050141.14": -0.9424057177931887, "5050161.06": -0.7854752114409081, "5050162.02": 0.36979681491722854, "5050141.2": -0.15651307099811088, "5050161.05": -0.4640794064129755, "5050140.04": -0.2514276660457411, "5050140.05": -0.12947918870206732, "5050162.03": 0.0915156177559996, "5050300.01": -3.5137548950043698, "5050161.03": -0.9716899082857682, "5050141.22": -0.08850476943287423, "5050160.15": -0.41971385667115885, "5050141.13": -0.044864091627422435, "5050160.05": 0.5459847099159456, "5050141.21": 0.025376963204132935, "5050161.04": -0.8280425721352481, "5050140.07": -0.6989153336289721, "5050140.06": -0.3327457976472755, "5050141.11": -0.1547100580740317, "5050160.04": -0.5626511764131135, "5050141.17": -0.6432474708197125, "5050160.06": 0.9244977481692992, "5050141.1": -0.1269988534521682, "5050160.14": -0.564028089959174, "5050140.03": -0.2994949244670983, "5050141.09": -0.9665061985994777, "5050141.16": -0.18655797056413564, "5050160.07": 0.18363703181332489, "5050160.02": -0.5303577829350733, "5050141.18": -0.6390930912644092, "5050126.05": -0.39611646066521966, "5050136.02": 0.15717668748465624, "5050126.06": -0.5659934287022406, "5050136.01": 0.38893409293801834, "5050160.13": -0.16266095967863392, "5050141.19": -0.4506099760968208, "5050135.02": -0.2847987386169887, "5050160.12": -0.8940963998330724, "5050160.11": -0.9662523689703427, "5050135.03": 0.28842462400979907, "5050137.02": -0.16948179351418258, "5050135.01": 0.11448922168969401, "5050137.03": 0.19068289607564415, "5050137.04": 0.4001980121722614, "5050130.01": -0.11801615099098607, "5050027.0": -0.43463347485954945, "5050130.02": -0.1519526360984133, "5050137.05": -0.745588149754015, "5050138.0": -0.39548050326632195, "5050139.0": -0.4817146475744367, "5050134.0": 0.6956842253741518, "5050026.0": -0.0821231785528835, "5050002.04": -0.45790323432009705, "5050002.06": 0.4058557412466437, "5050028.0": 0.7331483722410663, "5050029.0": 0.40101332469070206, "5050133.0": 0.3042936965753351, "5050127.0": 0.6331922772358769, "5050182.0": -1.4588463756764731, "5050126.09": -0.3203097917510796, "5050123.04": 0.33943371093313063, "5050123.03": 0.9533261807515444, "5050001.06": 0.2626202627563045, "5050001.07": 0.01998554505079568, "5050001.08": -0.12911659176361867, "5050010.0": -0.19230467287290334, "5050131.01": -0.7896524526171281, "5050160.09": -1.0584649119488347, "5050024.0": -0.06304153087781059, "5050131.02": 1.1460320197036187, "5050023.01": -0.9186723498461394, "5050030.0": 1.0137291518326792, "5050123.01": 1.185665819581542, "5050132.0": 0.3413237686414104, "5050002.05": 0.018340913545987506, "5050025.0": 0.31728065119457655, "5050811.01": -0.7664525988733051, "5050023.02": -0.4818430024937123, "5050002.01": 0.7159783569004744, "5050020.02": 0.763095975759922, "5050002.02": 0.7193299935905487, "5050032.01": 1.4103093970798508, "5050031.0": 0.34783464033583555, "5050001.04": 0.48447225453416476, "5050022.0": -0.2874939114800449, "5050021.0": -0.16232484488940782, "5050032.02": 0.9258709052234849, "5050003.0": -0.06149938024284675, "5050001.1": 0.25230462129373543, "5050033.01": 0.5304265720520979, "5050020.01": -0.4312968638931209, "5050033.02": -0.3083521810642672, "5050822.09": -1.2399576327634239, "5050001.05": 0.2674612256467238, "5050001.09": -0.017840671978672375, "5050004.0": -0.26303220492216917, "5050007.02": -0.41378677928149793, "5050005.0": -0.4963849937091178, "5050034.0": 0.10440884536126978, "5050044.0": 0.40635260598236606, "5050821.02": 1.516180535848844, "5050045.02": 0.5430561067124844, "5050017.0": -0.08271681353132039, "5050007.03": -0.8949225327638952, "5050043.0": 0.10477546935124211, "5050006.0": -0.26941849031233905, "5050019.0": 0.04034403156822894, "5050035.0": -0.25188173244081585, "5050045.01": 1.47453782506068, "5050008.0": -0.8070783220864463, "5050007.01": -0.6230566409187397, "5050016.0": -0.3187111912081828, "5050046.0": 0.8785646593177316, "5050042.0": 0.2559716153978199, "5050018.0": -0.69682725802388, "5050036.0": 0.4679575114510579, "5050041.0": 1.7671768467721634, "5050039.0": 1.291525367411202, "5050009.0": -0.4569042605932408, "5050047.0": 2.7764666229840156, "5050040.0": 2.2465619882299976, "5050011.04": 0.11597552828995024, "5050038.0": 1.5298594304722082, "5050011.03": -0.28004817370747015, "5050015.0": -0.33617708293483545, "5050037.02": 1.6260184821527754, "5050037.01": 3.405846239765738, "5050504.01": 0.9255105066186411, "5050049.0": 1.9126905856591512, "5050048.0": 1.564219123887586, "5050011.01": -0.005043389587772683, "5050501.0": 2.6283087563167524, "5050014.0": 0.31880552322465244, "5050050.0": 2.1667416826686607, "5050051.0": 0.4473674762678232, "5050054.0": 2.2295223431354123, "5050013.0": 0.4834025244898962, "5050500.0": 2.4468534823924983, "5050052.0": 0.6692113753641337, "5050053.0": 0.610826258418666, "5050012.0": 1.0212201800642886, "5050055.0": 1.4674926986767454, "5050056.0": 1.263654017826438, "5050122.02": 1.0902961777301627, "5050101.0": 0.27642958134772966, "5050122.01": 1.3834921987674644, "5050100.0": 0.18211406358625146, "5050057.0": 0.8379892102022279, "5050104.0": 0.3154566200826018, "5050058.0": 0.38927818640736384, "5050102.0": 1.236031558996429, "5050122.03": 1.4856484078870553, "5050061.0": 0.7908440267763438, "5050125.03": 0.5114033576516201, "5050171.03": -1.5186741274899391, "5050125.02": -1.1729402682182875, "5050125.01": 0.40426434105254383, "5050121.02": 1.4690906608607992, "5050125.11": -0.4388261343843792, "5050125.1": -0.1485900452711689, "5050125.04": -0.005698029254970857, "5050125.09": -0.5392023739513955, "5050171.12": -0.2808989012333908, "5050103.0": 0.8759468754960523, "5050062.01": 1.0462565301907885, "5050060.0": 0.11169860012873462, "5050110.0": 1.2576494278903585, "5050059.0": 0.36246138432891695, "5050121.01": 1.2578824761965441, "5050600.0": 0.642119518255018, "5050062.02": 1.306687986461644, "5050120.01": 1.3673717720235992, "5050120.03": 1.2462366725948464, "5050610.01": 0.9102728033876262, "5050120.02": 0.27985015339786895, "5050171.11": -0.45335008368548557, "5050125.08": -0.03242149424528756, "5050125.07": 0.19443381426389825, "5050124.01": 0.6233514511221812, "5050171.13": -0.2816339558458784, "5050171.15": -0.567889902648872, "5050170.05": -0.4657396281184301, "5050124.03": 1.5795438844108642, "5050125.05": -0.19922590767640072, "5050124.04": 1.34869680132263, "5050171.14": -0.6458970479320507, "5050170.04": -0.36565011773963646, "5050170.08": -0.43656732786695246, "5050171.07": -0.5236195331347461, "5050630.04": 0.5881558564221583, "5050171.06": -0.8644441881311443, "5050170.13": -0.5867968472496149, "5050170.09": -0.873948384051556, "5050170.03": 0.11420041707405776, "5050124.02": 0.13452694157095987, "5050170.12": -0.13412609910611625, "5050170.1": 0.48619000209936364, "5050181.02": -1.1343433838807135, "5050170.11": 0.4283167641344855,