{"5052001.0": 1.2163761536235558, "5050200.01": 3.8808537677141928, "5050151.09": 4.863813416600942, "5050151.03": -1.2768502471758199, "5050300.02": 1.2832416790806904, "5050151.06": -0.2389434273155735, "5052002.0": 0.06316981939287297, "5051001.0": -0.5226717527244327, "5051000.0": 0.9343908261141696, "5050301.0": 2.4999768243880247, "5050302.0": 0.4340050493363658, "5050850.0": 0.6005389206656603, "5050400.0": 2.094616282167497, "5050200.02": 5.95237863394709, "5050191.02": 1.749815397361978, "5050191.01": 0.6146144115869834, "5050190.02": 0.6746495310067087, "5050190.01": 1.2822738138947687, "5050126.08": 0.44033044546246025, "5050126.04": 2.7022610458510576, "5050126.07": -0.47841614713771996, "5050151.04": -1.1382829338041311, "5050151.08": -0.2173365598870515, "5050151.11": -0.8817343567848852, "5050201.0": -0.07069945658873868, "5050151.05": -0.5848733803978722, "5050141.25": -0.6967014103369531, "5050141.23": -0.16749005937277184, "5050141.26": -0.8352996487992435, "5050141.24": -0.6874446850278308, "5050151.1": -0.19257031792579468, "5050162.04": 0.06357963771710164, "5050141.04": -1.0257631475835367, "5050141.14": 0.9763200262295721, "5050161.06": 0.42525680515975456, "5050162.02": -0.8479510032724822, "5050141.2": -0.5076480074237177, "5050161.05": 0.8272433285847508, "5050140.04": -0.8243909943441884, "5050140.05": -0.30316950259583547, "5050162.03": -0.8353259072493562, "5050300.01": 3.8841492850260586, "5050161.03": -0.7398713667987165, "5050141.22": -1.2139890930674542, "5050160.15": -0.222085363479306, "5050141.13": -0.27593779035027094, "5050160.05": -0.7684323561489612, "5050141.21": -0.23780793581623275, "5050161.04": 0.07901035289762491, "5050140.07": -0.8565712084714081, "5050140.06": -1.2094071001045454, "5050141.11": -0.46991506697920654, "5050160.04": -1.0661635253013921, "5050141.17": 0.4987272239153868, "5050160.06": -1.2067677667226893, "5050141.1": 0.04189150003031529, "5050160.14": -0.5084116996782212, "5050140.03": -0.49436065043670174, "5050141.09": -0.27366932503931657, "5050141.16": 0.00021493080757242764, "5050160.07": -1.3644399160652243, "5050160.02": -1.075877198288066, "5050141.18": 0.36538029997994464, "5050126.05": 0.030831658774797526, "5050136.02": -0.7800510121843245, "5050126.06": 0.658948307075471, "5050136.01": -0.2965093640196319, "5050160.13": -0.8862474110489853, "5050141.19": 0.13249540754386455, "5050135.02": -0.585558353147912, "5050160.12": -0.5923328178115329, "5050160.11": -0.14856137263154917, "5050135.03": 0.452328739259101, "5050137.02": 0.17264433388011605, "5050135.01": 0.0033200526638956463, "5050137.03": 0.6596297036923565, "5050137.04": 0.958981214586639, "5050130.01": -0.6716586678623693, "5050027.0": 0.7103958350956229, "5050130.02": 0.22471463424033575, "5050137.05": 0.8563920042340551, "5050138.0": 0.14246751668462268, "5050139.0": -0.365177230184348, "5050134.0": 0.7439438602626197, "5050026.0": 0.44839016405503823, "5050002.04": -1.5964692930634574, "5050002.06": -1.6394213965470095, "5050028.0": 0.8691069770994807, "5050029.0": 0.9707503543492411, "5050133.0": 0.723393408637293, "5050127.0": -0.9040639899268467, "5050182.0": 1.2664424290875604, "5050126.09": -0.09372267201616248, "5050123.04": -0.22692367517570064, "5050123.03": 0.8151623955211074, "5050001.06": 0.6989306109670127, "5050001.07": 1.5406279406870838, "5050001.08": 1.063421495623168, "5050010.0": 0.44632831180129856, "5050131.01": -0.37030748038389, "5050160.09": 0.47895210480710776, "5050024.0": 0.9887482501011443, "5050131.02": 0.426721988909392, "5050023.01": 0.9184822032939833, "5050030.0": 0.18021696274213828, "5050123.01": -0.3090349116095591, "5050132.0": 0.5097663101547559, "5050002.05": -1.7089126432521433, "5050025.0": 0.09339279848172632, "5050811.01": -0.8959709242117506, "5050023.02": 1.4973106226726698, "5050002.01": -0.8873687786558153, "5050020.02": -0.07533360210259653, "5050002.02": -0.6833930970859141, "5050032.01": -0.48457804750370587, "5050031.0": -0.3268616904371145, "5050001.04": -0.12733505229924183, "5050022.0": -0.14696746609857803, "5050021.0": 0.9469685399634128, "5050032.02": -0.7600135805198821, "5050003.0": -0.2736050354259738, "5050001.1": 0.11985656280353095, "5050033.01": -0.8890730084919601, "5050020.01": 0.24964772643561853, "5050033.02": -0.5724920467368919, "5050822.09": -0.46032237715291247, "5050001.05": 0.7110601000684111, "5050001.09": 0.6690191649862439, "5050004.0": 0.23063844863921593, "5050007.02": 0.5832270756104851, "5050005.0": 0.03862511697128904, "5050034.0": 0.4134157911398797, "5050044.0": -0.9503576921255472, "5050821.02": -1.6453941811552313, "5050045.02": -1.4328307039264976, "5050017.0": 0.734304771329483, "5050007.03": 0.6962802673627203, "5050043.0": -0.32906549647797356, "5050006.0": 0.6210384348066699, "5050019.0": 0.7398840095955553, "5050035.0": 0.2117969988351954, "5050045.01": -0.6514886148022915, "5050008.0": 0.15881298576990915, "5050007.01": 0.45105155776977907, "5050016.0": 0.960693578251935, "5050046.0": -0.4664689069715065, "5050042.0": 0.33327734978362356, "5050018.0": 0.6001725185810171, "5050036.0": 0.9921577193883881, "5050041.0": 0.20265334323405154, "5050039.0": 0.6913617028855362, "5050009.0": 0.12887431086054502, "5050047.0": 0.12511773628425213, "5050040.0": 0.6300866591317043, "5050011.04": 0.2624088092189381, "5050038.0": 0.6166420706677401, "5050011.03": 0.8543158898149843, "5050015.0": 0.3793364704214364, "5050037.02": 0.6800274380855292, "5050037.01": 0.6512125274415604, "5050504.01": -0.9984473514940472, "5050049.0": 0.6919314863406721, "5050048.0": -0.18412063830692948, "5050011.01": -0.24852841392471675, "5050501.0": -0.4809404951366133, "5050014.0": 1.243447913602481, "5050050.0": 0.5823107383750735, "5050051.0": 0.013784566297992507, "5050054.0": -0.24021592465423863, "5050013.0": 0.7726273577029368, "5050500.0": -0.8257945663146321, "5050052.0": 0.37369230008677773, "5050053.0": 0.21638616588509677, "5050012.0": 0.7993618197774323, "5050055.0": -0.794565969992316, "5050056.0": -0.6926272375065528, "5050122.02": -0.760861071367293, "5050101.0": 0.22719008409415012, "5050122.01": 0.6021442079120569, "5050100.0": 0.5439429691821064, "5050057.0": -0.2742716765631587, "5050104.0": -0.5972680819521603, "5050058.0": -1.059240086996674, "5050102.0": 0.23251247811000672, "5050122.03": -0.526760120230979, "5050061.0": 0.07937242008389978, "5050125.03": 0.3152634164343951, "5050171.03": 1.4549050164268573, "5050125.02": -1.4780646949285332, "5050125.01": -1.9141474102879323, "5050121.02": -1.1183958331118302, "5050125.11": -0.6977944065043022, "5050125.1": -0.6974611807393469, "5050125.04": -1.2648537258503703, "5050125.09": -0.5228993580916722, "5050171.12": -0.5149184946781902, "5050103.0": -0.8826918369220689, "5050062.01": -0.5458473327005401, "5050060.0": -0.2524977548695382, "5050110.0": -0.6655419950806167, "5050059.0": -1.031168164962892, "5050121.01": -1.1264021720546968, "5050600.0": -1.1262489844290355, "5050062.02": -0.39238854438398457, "5050120.01": -0.382325766735535, "5050120.03": -1.0026083947055622, "5050610.01": -1.0191520095920001, "5050120.02": -1.2173410421392596, "5050171.11": -0.5957143036874565, "5050125.08": -0.10540356136425308, "5050125.07": -1.2492241111853024, "5050124.01": -1.7743932344389535, "5050171.13": 0.053571860909842124, "5050171.15": 0.10592978162215988, "5050170.05": 0.15667703147645173, "5050124.03": -1.5211866403505592, "5050125.05": -0.448755569725335, "5050124.04": -1.4513766291291206, "5050171.14": 0.12308473557253857, "5050170.04": -0.5463004489481172, "5050170.08": 0.21789110965138017, "5050171.07": 0.09976211569141837, "5050630.04": -1.4224756526866809, "5050171.06": 0.433307918303145, "5050170.13": 0.14249456161786148, "5050170.09": -0.23561582402969006, "5050170.03": -0.39198758511815307, "5050124.02": -0.6843447068384184, "5050170.12": -0.007226545006316663, "5050170.1": -0.4898316866695892, "5050181.02": 0.18732565293711614, "5050170.11": -0.27274429268795203,