{"5052001.0": 0.9870719121209198, "5050200.01": 1.7906519978962807, "5050151.09": 2.3820135306772756, "5050151.03": 0.04177800162620788, "5050300.02": 1.2504739371331905, "5050151.06": 1.2905842889822239, "5052002.0": 0.6547902354411866, "5051001.0": 0.2700786457625572, "5051000.0": 1.5508886148732972, "5050301.0": 0.6465773556212129, "5050302.0": 1.3312211159601726, "5050850.0": 0.1038452691277479, "5050400.0": -0.10698565460616162, "5050200.02": 2.9505518356894083, "5050191.02": 1.9315508852493792, "5050191.01": 1.5037917740950484, "5050190.02": 1.839024532444117, "5050190.01": 1.6422053996700503, "5050126.08": 2.2849371552566233, "5050126.04": 1.6571199334688793, "5050126.07": 1.1116867593050703, "5050151.04": 0.3292072535859753, "5050151.08": 0.9737269444747331, "5050151.11": 0.5430543824254481, "5050201.0": 1.1372759519870768, "5050151.05": 1.439331987612085, "5050141.25": 1.375081019501706, "5050141.23": 0.4386505371468028, "5050141.26": 1.2873838148160481, "5050141.24": 1.6347322953231056, "5050151.1": 1.5984891262842493, "5050162.04": 1.4221973367613285, "5050141.04": 1.2754282206755903, "5050141.14": 1.1993318720573671, "5050161.06": 1.136239045684129, "5050162.02": 1.2723071373419803, "5050141.2": 0.9895225145918993, "5050161.05": 1.7801796832557513, "5050140.04": 0.11209530433280024, "5050140.05": 0.49309131142984886, "5050162.03": 0.5119303112020894, "5050300.01": 2.413777663544666, "5050161.03": 0.18573838801214754, "5050141.22": 0.35116187335169724, "5050160.15": 1.4464590216606403, "5050141.13": 1.5850763328821056, "5050160.05": 0.8934910454420799, "5050141.21": 1.3293866684736366, "5050161.04": 0.8749856344843993, "5050140.07": -0.11280803018200145, "5050140.06": 0.036905038250984006, "5050141.11": 0.4045616563951177, "5050160.04": -0.12688856292593223, "5050141.17": 1.2335676306263494, "5050160.06": 0.25527461711380456, "5050141.1": 0.9663408569263912, "5050160.14": 1.131442605445013, "5050140.03": -0.008190226988404482, "5050141.09": 0.7380809503872209, "5050141.16": 0.15248311740784495, "5050160.07": 1.1402787211934517, "5050160.02": 0.6071737855469368, "5050141.18": 0.5337084538770381, "5050126.05": 0.5270819813139431, "5050136.02": -0.5867281641988293, "5050126.06": 1.9837401442811005, "5050136.01": -0.4562064342250535, "5050160.13": 1.0726790280561014, "5050141.19": 0.5894702744649666, "5050135.02": -0.5585512907821317, "5050160.12": 1.1937846596867783, "5050160.11": 0.880843163614728, "5050135.03": 0.1914247808279726, "5050137.02": -0.4182353291470595, "5050135.01": -0.3898940237196943, "5050137.03": -0.5654954983399783, "5050137.04": -0.08344506064648848, "5050130.01": -0.0608223544278832, "5050027.0": -0.46015941005786404, "5050130.02": -0.02577981511954381, "5050137.05": -0.2596068048922983, "5050138.0": -0.6725494408848965, "5050139.0": 0.0427840990613607, "5050134.0": 0.2716202113881872, "5050026.0": -0.42172918119216535, "5050002.04": -0.32134680348340844, "5050002.06": -0.4514532363006485, "5050028.0": -0.3654036556861914, "5050029.0": 0.0813110613155951, "5050133.0": -0.13046169330507548, "5050127.0": 0.5715914853573818, "5050182.0": 1.0982131804117437, "5050126.09": 1.9234459433589082, "5050123.04": 0.08829117677198914, "5050123.03": 0.7626169552510544, "5050001.06": 1.0779554812023937, "5050001.07": 1.7029978589175803, "5050001.08": 0.6600785013016156, "5050010.0": -0.16253896015873046, "5050131.01": -0.32441572437745003, "5050160.09": 0.6025127715561515, "5050024.0": -0.04579792094234968, "5050131.02": -0.2426647925675083, "5050023.01": -0.47273355210120543, "5050030.0": -0.18809087019822396, "5050123.01": 0.005802683922156098, "5050132.0": -0.3214128542395528, "5050002.05": -0.6240891292584506, "5050025.0": -0.7184052378115996, "5050811.01": -0.6991270831929318, "5050023.02": -0.3119523276725145, "5050002.01": -0.4931876129381412, "5050020.02": -0.3564678882543343, "5050002.02": -0.4568214574811797, "5050032.01": -0.7900158783428466, "5050031.0": -0.4815703588384501, "5050001.04": 0.13822929809915235, "5050022.0": -0.7527351425955052, "5050021.0": -0.6498949577135736, "5050032.02": -0.8174082890359909, "5050003.0": -0.7482175362260615, "5050001.1": -0.18936275612758457, "5050033.01": -0.9383605771631138, "5050020.01": -0.8437816069390948, "5050033.02": -0.863118170174135, "5050822.09": 0.5660443216612246, "5050001.05": -0.19894045362697302, "5050001.09": -0.16966048146315918, "5050004.0": -0.8330826842321191, "5050007.02": -0.08413778955599314, "5050005.0": -0.8461778558643105, "5050034.0": -1.0969800134042087, "5050044.0": -1.2069692777406624, "5050821.02": -0.9418932783684394, "5050045.02": -0.885590422036748, "5050017.0": -0.9386454642477705, "5050007.03": -0.34337181934781186, "5050043.0": -1.3117753374769108, "5050006.0": -0.8802378191980781, "5050019.0": -1.3593244721489859, "5050035.0": -1.2707081412115828, "5050045.01": -1.0084640207264775, "5050008.0": -0.26901377552065264, "5050007.01": -0.7016628195816542, "5050016.0": -1.2049754264821713, "5050046.0": -1.2583735697170046, "5050042.0": -1.3523952765319571, "5050018.0": -1.4892670658117222, "5050036.0": -1.5860284700391534, "5050041.0": -1.5053552969388102, "5050039.0": -1.4570263301148538, "5050009.0": -0.6514068020171099, "5050047.0": -1.4487328565111603, "5050040.0": -1.4966334215597805, "5050011.04": -1.0810641855097072, "5050038.0": -1.5183190969980678, "5050011.03": -0.9499468009205828, "5050015.0": -1.496588437794525, "5050037.02": -1.5155452767279156, "5050037.01": -1.6227797402215831, "5050504.01": -1.4006106587682412, "5050049.0": -1.6580814494054252, "5050048.0": -1.626874498740178, "5050011.01": -0.5226036835070322, "5050501.0": -1.5419876238828563, "5050014.0": -1.4664776850160917, "5050050.0": -1.5935589940635235, "5050051.0": -1.5216316120872655, "5050054.0": -1.698901714331273, "5050013.0": -1.0260764091567585, "5050500.0": -1.7390098718367106, "5050052.0": -1.3137625181333248, "5050053.0": -1.5953181322933732, "5050012.0": 0.05288078351668826, "5050055.0": -1.6197258724553996, "5050056.0": -1.4803033979393903, "5050122.02": -0.42784778298264026, "5050101.0": -1.299327673127717, "5050122.01": 0.4394277430080388, "5050100.0": -0.6306617062434983, "5050057.0": -1.2650839783787189, "5050104.0": -1.2166324990381625, "5050058.0": -1.3316369029611852, "5050102.0": -0.9956151067449425, "5050122.03": 0.04117994006407863, "5050061.0": -0.6792990534696004, "5050125.03": 0.5683409807243575, "5050171.03": 1.518052478524791, "5050125.02": -1.2288068064381887, "5050125.01": -1.0013685396413292, "5050121.02": -0.0031805654835973724, "5050125.11": 1.374269216877945, "5050125.1": 0.1753996442855873, "5050125.04": -0.06580254265324918, "5050125.09": 0.21292030092043823, "5050171.12": 0.8119221787856576, "5050103.0": -1.3813209612893356, "5050062.01": -0.5186258079497434, "5050060.0": -0.7324318244611172, "5050110.0": -1.1434044076519299, "5050059.0": -1.3220907919167129, "5050121.01": -0.42481439398546345, "5050600.0": -1.001538520611717, "5050062.02": -0.4298630884206638, "5050120.01": -0.20932381501914127, "5050120.03": -0.6008741635719439, "5050610.01": -0.40276734867287084, "5050120.02": -0.7131875636837688, "5050171.11": 0.5207818403516817, "5050125.08": 0.722760226397612, "5050125.07": -0.3015408924759094, "5050124.01": -0.327814981102792, "5050171.13": 0.8543174702926145, "5050171.15": 0.8917165705656168, "5050170.05": 0.5554154050001822, "5050124.03": -0.2918530691115532, "5050125.05": 0.354450448438435, "5050124.04": -0.28375349175706893, "5050171.14": 0.6565306673158974, "5050170.04": -0.22526865188593662, "5050170.08": 0.5509062162493709, "5050171.07": 0.45953895504080355, "5050630.04": -0.7730114148184917, "5050171.06": 0.3558741442726835, "5050170.13": 0.42609041407696147, "5050170.09": -0.17577200955460984, "5050170.03": -0.2723201500613928, "5050124.02": 0.051632823838497606, "5050170.12": 0.34294945839799124, "5050170.1": 0.05423100564532537, "5050181.02": 1.252368948853463, "5050170.11": 0.3418990607196192,