{"5052001.0": 1.540179837781598, "5050200.01": 3.6053051089676096, "5050151.09": 5.98723273252813, "5050151.03": -0.8338275490243204, "5050300.02": 1.881623270826803, "5050151.06": 0.8058765159879786, "5052002.0": 0.5591707558611495, "5051001.0": -0.1122589483304241, "5051000.0": 2.0385902899692447, "5050301.0": 1.968436410135335, "5050302.0": 1.543701282478786, "5050850.0": 0.4786789939234045, "5050400.0": 1.0417394554660453, "5050200.02": 7.136220731724495, "5050191.02": 2.2279206386096564, "5050191.01": 1.0079304145866836, "5050190.02": 0.9656510102964737, "5050190.01": 1.2019106837477427, "5050126.08": 0.6469817708242956, "5050126.04": 3.153653174881388, "5050126.07": -0.1145304098915392, "5050151.04": -0.3159202065860224, "5050151.08": 0.25255440684971475, "5050151.11": -0.009609063330988704, "5050201.0": 0.29190058273098257, "5050151.05": 0.699112739901936, "5050141.25": -0.49673859570681966, "5050141.23": -0.16817175397823628, "5050141.26": -0.2951395396507848, "5050141.24": -0.30217383946790727, "5050151.1": 0.8150854597452701, "5050162.04": 0.7981671478189764, "5050141.04": -0.4438047606238523, "5050141.14": 1.6076969945847914, "5050161.06": 1.0183217460948224, "5050162.02": 0.126316241126459, "5050141.2": -0.41402000186028376, "5050161.05": 1.4067321400236057, "5050140.04": -0.6637765889701667, "5050140.05": -0.29373919835944284, "5050162.03": -0.3916206713836717, "5050300.01": 4.888109012365554, "5050161.03": -0.36471699220985143, "5050141.22": -1.094419691337452, "5050160.15": 0.5717486016845704, "5050141.13": 0.05314870667238543, "5050160.05": -0.17566443961745157, "5050141.21": -0.18358165701611664, "5050161.04": 0.3939984385723722, "5050140.07": -0.5842131212488331, "5050140.06": -0.8812645605272869, "5050141.11": -0.49026541205885804, "5050160.04": -0.7399598340743468, "5050141.17": 0.46634228735875516, "5050160.06": -0.5572693188326474, "5050141.1": -0.04437169303113298, "5050160.14": 0.21785701313183164, "5050140.03": -0.3924110261642294, "5050141.09": -0.24011242298344873, "5050141.16": -0.1380390711516807, "5050160.07": -0.5306894747128829, "5050160.02": -0.4074386635034007, "5050141.18": 0.0379113162138655, "5050126.05": -0.08015016223445602, "5050136.02": -0.8810922084197534, "5050126.06": 0.950717215522083, "5050136.01": -0.5574598477559903, "5050160.13": -0.40663964969113026, "5050141.19": 0.1397196320470741, "5050135.02": -0.8055466189125777, "5050160.12": -0.11917825935013128, "5050160.11": 0.6548990645812037, "5050135.03": 0.056556661434346914, "5050137.02": -0.30156154521498946, "5050135.01": -0.39260009094860415, "5050137.03": -0.13579946068301021, "5050137.04": 0.36344313996313776, "5050130.01": -0.6448521078424357, "5050027.0": 0.02041308266907041, "5050130.02": -0.10580772906092044, "5050137.05": 0.12764292427111942, "5050138.0": -0.42109576319845027, "5050139.0": -0.5249223390777937, "5050134.0": 0.33088925099630356, "5050026.0": -0.023176284194765705, "5050002.04": -1.0730493364676261, "5050002.06": -1.3507828097882066, "5050028.0": 0.28723037183695677, "5050029.0": 0.48144744725168886, "5050133.0": 0.2959335605160435, "5050127.0": -0.6269764149103434, "5050182.0": 1.2973340417666768, "5050126.09": 0.36763861191940733, "5050123.04": -0.5253841978867451, "5050123.03": 0.18660072089808785, "5050001.06": 0.11722494435910426, "5050001.07": 0.799232739250557, "5050001.08": 0.34979974837569716, "5050010.0": 0.00038950700185716447, "5050131.01": -0.4461734786789034, "5050160.09": 0.42237996157835817, "5050024.0": 0.48136931751234757, "5050131.02": -0.06764156293088126, "5050023.01": 0.1517093360644255, "5050030.0": -0.03446781691895106, "5050123.01": -0.6021841662391045, "5050132.0": 0.05888950460611785, "5050002.05": -1.2889449911971393, "5050025.0": -0.05931365441553864, "5050811.01": -0.6279591789731156, "5050023.02": 0.6213340200877778, "5050002.01": -0.964388615734238, "5050020.02": -0.2477641428311507, "5050002.02": -0.941995642724507, "5050032.01": -0.08661256836452874, "5050031.0": -0.12984228980272933, "5050001.04": -0.5395488352489278, "5050022.0": -0.16365846279588767, "5050021.0": 0.16006560872267525, "5050032.02": -0.323693735526929, "5050003.0": -0.5685871090120693, "5050001.1": -0.4635707121024121, "5050033.01": -0.2113478428114348, "5050020.01": -0.06888587381134137, "5050033.02": -0.3503776729281742, "5050822.09": -0.1689899088560129, "5050001.05": -0.2904414110261313, "5050001.09": -0.19078126461827985, "5050004.0": -0.1573122122685428, "5050007.02": -0.08479814396757386, "5050005.0": -0.4557876033389905, "5050034.0": 0.040335740630591525, "5050044.0": -0.3505880939916048, "5050821.02": -0.518224921035152, "5050045.02": -0.6252319547616731, "5050017.0": 0.19612660119528183, "5050007.03": 0.037829046249820204, "5050043.0": -0.3471553130933427, "5050006.0": 0.02140253743756784, "5050019.0": 0.29521741995544887, "5050035.0": -0.12266039638649111, "5050045.01": -0.09976104044994283, "5050008.0": -0.3854118796036527, "5050007.01": 0.012982152909942053, "5050016.0": 0.36004975260262767, "5050046.0": -0.43926427767122195, "5050042.0": 0.10472835289394987, "5050018.0": 0.31616102477310126, "5050036.0": 0.43736878523863604, "5050041.0": 0.04114919442068644, "5050039.0": 0.27262280533935696, "5050009.0": -0.24897878713950594, "5050047.0": -0.053173973810176474, "5050040.0": 0.23846362193213774, "5050011.04": -0.14901745710218184, "5050038.0": 0.32661703873785325, "5050011.03": 0.24342152370084477, "5050015.0": -0.24235553531814386, "5050037.02": 0.5698921016869736, "5050037.01": 0.5479424998206407, "5050504.01": -0.8903266685114828, "5050049.0": 0.38177960332712546, "5050048.0": -0.3988056191769327, "5050011.01": -0.6781753235396327, "5050501.0": -0.6444210142667591, "5050014.0": 0.29169923207620563, "5050050.0": 0.05576825216996093, "5050051.0": -0.7658545273434715, "5050054.0": -0.6459540137036344, "5050013.0": -0.10458374759946798, "5050500.0": -0.8920296629692579, "5050052.0": -0.4839885248553272, "5050053.0": -0.4519200078708963, "5050012.0": 0.05271826700973462, "5050055.0": -0.8994824239503272, "5050056.0": -0.8228603442912709, "5050122.02": -0.970594366040926, "5050101.0": -0.4621693629040861, "5050122.01": 0.11496225721605399, "5050100.0": -0.3987279390101455, "5050057.0": -0.5478327661888251, "5050104.0": -0.8432970709398607, "5050058.0": -1.1034851641602685, "5050102.0": -0.44225717867238934, "5050122.03": -0.7581851375342178, "5050061.0": -0.605300186110816, "5050125.03": 0.2005182727459685, "5050171.03": 1.903389740552569, "5050125.02": -1.4219617250088405, "5050125.01": -1.8185749069895039, "5050121.02": -0.8852270471224353, "5050125.11": 0.1292795048912991, "5050125.1": -0.40924326483233553, "5050125.04": -0.7981265272192244, "5050125.09": 0.00949144232744075, "5050171.12": -0.10796296715108153, "5050103.0": -0.98446397031738, "5050062.01": -0.8024311268438012, "5050060.0": -0.6267861344078721, "5050110.0": -0.6777913804724879, "5050059.0": -1.1651476768962086, "5050121.01": -1.001566887916237, "5050600.0": -0.9316554530166937, "5050062.02": -0.6526959245741537, "5050120.01": -0.5401965782336029, "5050120.03": -1.1366898533702505, "5050610.01": -0.968154371248715, "5050120.02": -1.2254319025015301, "5050171.11": -0.22088078464721064, "5050125.08": 0.2513785209058207, "5050125.07": -0.7925129547353573, "5050124.01": -1.1540258446785983, "5050171.13": 0.15315857083834655, "5050171.15": 0.16429551116638527, "5050170.05": 0.2864576323562328, "5050124.03": -1.1766448302112757, "5050125.05": -0.14545568976547366, "5050124.04": -0.9466612966060254, "5050171.14": -0.034310425142730284, "5050170.04": -0.4960813190568232, "5050170.08": 0.22689855955152113, "5050171.07": 0.17742814588855915, "5050630.04": -1.5105299345975514, "5050171.06": 0.3038370315108369, "5050170.13": 0.15625312264498825, "5050170.09": -0.350147186505995, "5050170.03": -0.39826259231195965, "5050124.02": -0.42620878171402166, "5050170.12": 0.044453383666185155, "5050170.1": -0.3845380761713078, "5050181.02": 0.8109511042219607,