{"5052001.0": 0.14325020225062549, "5050200.01": 0.476028827509552, "5050151.09": 1.2185756625565034, "5050151.03": -0.21707898780185134, "5050300.02": 0.27878536540695864, "5050151.06": -0.34028364004679684, "5052002.0": -0.10741646131761642, "5051001.0": 0.3421350457171949, "5051000.0": -0.5138949092772348, "5050301.0": 0.3108851152231731, "5050302.0": 0.329870265984581, "5050850.0": 1.0049275705317815, "5050400.0": 1.4419695647929598, "5050200.02": 0.8524943254152467, "5050191.02": 0.4548186736854396, "5050191.01": 0.5645444944153248, "5050190.02": 1.1549033438097625, "5050190.01": 1.4544420175976915, "5050126.08": 1.6474191375163776, "5050126.04": 0.85727548909594, "5050126.07": 1.6065114187724214, "5050151.04": -0.16660444534334753, "5050151.08": 0.8467294499041456, "5050151.11": -0.10296875686177924, "5050201.0": 0.46421873330900143, "5050151.05": 0.9347545111615437, "5050141.25": 1.0614819530170296, "5050141.23": 0.9876954526761201, "5050141.26": 1.0250634289254017, "5050141.24": 1.0257424136736908, "5050151.1": 0.53083396326827, "5050162.04": 0.4642586968587666, "5050141.04": 0.5287262650013369, "5050141.14": 0.02332456874770906, "5050161.06": 0.9237717582951726, "5050162.02": 0.38745966576028373, "5050141.2": 1.2079554476769994, "5050161.05": 1.5317682526121854, "5050140.04": 0.2732664843039236, "5050140.05": 0.8641844523496911, "5050162.03": 0.37171958709468783, "5050300.01": 1.1976508803077544, "5050161.03": 0.3937571416746627, "5050141.22": 0.9713939254736512, "5050160.15": 0.29788102837409586, "5050141.13": 1.2273436085344647, "5050160.05": -0.8243073575566996, "5050141.21": 1.174891950324052, "5050161.04": 1.1391225055892444, "5050140.07": 0.33054891844388, "5050140.06": -0.018728456479535867, "5050141.11": 1.2002927033305564, "5050160.04": -0.9519858179752657, "5050141.17": 1.5932726878725703, "5050160.06": -0.7186898777160793, "5050141.1": 1.2993406084256534, "5050160.14": 0.34110448120592457, "5050140.03": 0.4399505920441977, "5050141.09": 1.544974603777889, "5050141.16": 0.5464937338731327, "5050160.07": -0.5836826876169461, "5050160.02": -0.3657460229725387, "5050141.18": 1.2340882218872251, "5050126.05": 0.4549633927259467, "5050136.02": -0.3239425772305944, "5050126.06": 1.6294546590983374, "5050136.01": -0.19399898714368327, "5050160.13": 0.035044945785493345, "5050141.19": -0.22592955374846832, "5050135.02": -0.5463509755562264, "5050160.12": 0.757515231069742, "5050160.11": 0.1698557531100319, "5050135.03": -0.8745165341468111, "5050137.02": -0.23169789863029416, "5050135.01": -0.4050364271030961, "5050137.03": 0.1933828986186387, "5050137.04": -0.12467557316748003, "5050130.01": -0.5398869406662302, "5050027.0": -0.1172255525393265, "5050130.02": -0.8495771026382586, "5050137.05": 0.0426116762006658, "5050138.0": -0.6287939561268144, "5050139.0": -0.5729703847385221, "5050134.0": -0.8812798222132404, "5050026.0": -0.05866494628189918, "5050002.04": 0.05465004404206069, "5050002.06": -1.5372565401575453, "5050028.0": -0.8547117856043269, "5050029.0": -1.0700480390620437, "5050133.0": -0.16020614475206627, "5050127.0": -0.6293921965961711, "5050182.0": 0.430985836764887, "5050126.09": 1.617310216025691, "5050123.04": -0.5405698203784469, "5050123.03": -0.17634138746800773, "5050001.06": -0.46285553428717896, "5050001.07": 0.3747387723209494, "5050001.08": -0.22497732451394836, "5050010.0": -0.5656815924415393, "5050131.01": -0.8483063340617184, "5050160.09": 0.7956061218469245, "5050024.0": -0.3462950877541107, "5050131.02": -0.9474075855923423, "5050023.01": 0.2753966139794986, "5050030.0": -1.6349755334977794, "5050123.01": -0.6505395323198431, "5050132.0": -0.3646169753678411, "5050002.05": -1.247160397987066, "5050025.0": -0.8767986149888749, "5050811.01": -1.8124259685356474, "5050023.02": -0.258101292205569, "5050002.01": -1.6494305255262094, "5050020.02": -1.2409841053796906, "5050002.02": -1.124508619827413, "5050032.01": -1.945649640336003, "5050031.0": -1.434535614764509, "5050001.04": -0.9765395988410408, "5050022.0": 0.11064027191162819, "5050021.0": 0.08836848682369236, "5050032.02": -0.9135914615515736, "5050003.0": -0.4574750227182051, "5050001.1": -1.1922124172654245, "5050033.01": -0.6771069030715026, "5050020.01": -0.027269751739166126, "5050033.02": -0.05668061115365532, "5050822.09": -0.0680345907749173, "5050001.05": -0.7786436430955266, "5050001.09": -0.47495346403365263, "5050004.0": -0.3481227068802113, "5050007.02": -0.5625558960753824, "5050005.0": -0.786110184150841, "5050034.0": 0.5997358853180194, "5050044.0": 0.7067405757504075, "5050821.02": 0.35091505984472293, "5050045.02": -0.039979306942804285, "5050017.0": -0.045211967276205675, "5050007.03": -0.4966096080877176, "5050043.0": 0.6194643685310336, "5050006.0": -0.5153187518916312, "5050019.0": 0.885704452441018, "5050035.0": 0.6710788365573511, "5050045.01": 1.0058661545509007, "5050008.0": -0.8637981550344193, "5050007.01": -0.5413555376880936, "5050016.0": 0.44539334132268715, "5050046.0": 1.1810134948941893, "5050042.0": 2.0946749118377914, "5050018.0": 0.6533699257825516, "5050036.0": 1.6038183467498894, "5050041.0": 2.1928663268859125, "5050039.0": 1.5612461733724976, "5050009.0": -0.9683944575934046, "5050047.0": 0.9812254314815717, "5050040.0": 1.488647888031543, "5050011.04": -0.6672211219078177, "5050038.0": 2.5485047077897707, "5050011.03": -0.7949092716434548, "5050015.0": 0.3238722826533689, "5050037.02": 1.4774494923193857, "5050037.01": 1.6094368727797779, "5050504.01": 1.4403824851329763, "5050049.0": 2.489729349299196, "5050048.0": 1.866626882196525, "5050011.01": -1.187311219205525, "5050501.0": 1.2833584310602404, "5050014.0": 0.6450050877899469, "5050050.0": 0.5749087320783122, "5050051.0": -0.09972712545146407, "5050054.0": 1.209214736807188, "5050013.0": -1.0024137235615689, "5050500.0": 1.496645105175061, "5050052.0": -0.5326087371460475, "5050053.0": 0.8160277074187466, "5050012.0": -0.8836172681737895, "5050055.0": -0.24363219429995495, "5050056.0": -0.21886240803252413, "5050122.02": -1.451733483919685, "5050101.0": -0.7773556078126175, "5050122.01": -1.4886514909733262, "5050100.0": -2.159695824175807, "5050057.0": -0.9366284203641476, "5050104.0": -1.0673444342486624, "5050058.0": -0.21425190096460048, "5050102.0": -1.2484085155977533, "5050122.03": -1.3053637159089628, "5050061.0": -1.6110731710400266, "5050125.03": -0.2624457667688827, "5050171.03": 1.3438195618238977, "5050125.02": -1.3000469888709818, "5050125.01": -0.946469448728421, "5050121.02": -1.4869050114648037, "5050125.11": 0.4335533807097877, "5050125.1": -0.3384293267487564, "5050125.04": -0.6697038155795411, "5050125.09": -0.26367661453808783, "5050171.12": 0.48992883816537924, "5050103.0": -1.465072863210715, "5050062.01": -1.3103148032346401, "5050060.0": -1.2001131192864385, "5050110.0": -1.477350123927537, "5050059.0": -2.047654672300548, "5050121.01": -1.4256313182070808, "5050600.0": 0.2883398785904401, "5050062.02": -1.5980513881603362, "5050120.01": -1.4239055038672817, "5050120.03": -1.2880786271513425, "5050610.01": -0.2472913481742732, "5050120.02": -1.2575498023759974, "5050171.11": 1.6025619515218272, "5050125.08": 0.0331421688160771, "5050125.07": -1.1573109456944703, "5050124.01": -1.6676620983905042, "5050171.13": 1.6054979514686585, "5050171.15": 1.878294067806063, "5050170.05": 0.1092690904762554, "5050124.03": -1.5399227903455484, "5050125.05": -0.5221466168177926, "5050124.04": -2.1467050041911784, "5050171.14": 1.5685793404293251, "5050170.04": -0.6169364986052003, "5050170.08": 0.12441196987197756, "5050171.07": 0.9747449217555694, "5050630.04": -2.7092204016736448, "5050171.06": 0.7142414711659462, "5050170.13": 0.8080254552704955, "5050170.09": -0.1582359792179096, "5050170.03": -1.2814717203637496, "5050124.02": -0.6928803409661997, "5050170.12": 0.7542509735237086, "5050170.1": -0.7041459139226781, "5050181.02": 0.07239526098261272, "5050170.11": 0.5153965410263798, "5050170.01": -1.029505597677149,