{"6020600.0": 0.6207575627165, "6020700.0": 0.8210173790917982, "6020500.02": 1.350809871709142, "6020100.02": 0.7924346852825457, "6020500.07": 1.630505894448289, "6020500.04": 0.2788308857515184, "6020500.12": 1.2071729349950489, "6020500.13": 0.15201569339887835, "6020500.1": 0.9515873006093207, "6020100.01": -0.7603984094014838, "6020100.06": 0.5486661202553154, "6020500.01": 0.5135031429553663, "6020100.09": 0.21061947269982845, "6020100.1": 0.27643012125772815, "6020500.08": 1.8304306345776349, "6020110.08": -0.8161207683689023, "6020100.05": 0.6202448154560916, "6020500.09": 1.8450500316641658, "6020500.11": 0.7049587763689514, "6020501.01": 1.6033775656288336, "6020100.07": 0.7067697875579029, "6020101.02": 1.583688564943296, "6020501.02": 1.0251901962790366, "6020110.09": 0.5836112920504929, "6020102.01": 0.8467342071841746, "6020110.06": 0.9195630869754802, "6020501.03": 0.31048502564001834, "6020101.01": 0.6531647601109174, "6020520.05": 0.8820708298472131, "6020510.03": -0.07945096527345834, "6020102.04": 0.8199423118971797, "6020510.06": 0.9756921257099815, "6020502.0": 1.3274517999322777, "6020102.02": 1.1475029982512086, "6020110.04": 0.14727300551880623, "6020110.02": 0.6664560037955942, "6020503.0": 1.015652430412148, "6020102.03": 0.6463064500991553, "6020590.04": 0.021206042454643255, "6020103.0": 0.6624452058186666, "6020111.0": 0.0038752929332456815, "6020004.02": 1.074536871823104, "6020104.0": 0.06285495686129475, "6020522.02": -0.209827504015441, "6020005.0": 0.504698011355125, "6020521.01": -1.064947715028557, "6020006.0": 1.1028960774858554, "6020521.02": -0.8867794779230588, "6020520.03": -1.8955084050719346, "6020002.0": 0.7189934936306243, "6020510.02": 0.9326027653292267, "6020004.01": 0.4666093744968473, "6020112.01": -0.278182469463886, "6020001.0": 0.5938803923442595, "6020003.0": 2.299101366815848, "6020112.02": 0.5507001095924151, "6020105.0": -0.050296837594545785, "6020009.0": 0.4798892434440031, "6020522.01": 0.8500900657407324, "6020010.0": 0.6913707858804387, "6020110.01": -0.3734456289233227, "6020007.0": 0.2648726316148581, "6020115.0": 0.9709920426976201, "6020114.0": 0.1585845695939846, "6020520.02": -0.44882533514985806, "6020008.0": -0.4828834017182105, "6020011.0": 3.240740466485108, "6020113.0": 0.31883356085442066, "6020537.02": -1.3036393503605335, "6020537.01": 0.13198329013016238, "6020012.0": 2.1907118864679447, "6020120.01": 0.3126979636589051, "6020530.0": 0.05569498388586021, "6020520.04": -1.342230797074526, "6020534.0": 0.9554663020236647, "6020018.0": -0.3267515467777179, "6020017.0": -0.8119795886551534, "6020015.0": 1.649327663903872, "6020538.0": -0.8265273266807948, "6020016.0": 1.1131834977482762, "6020116.0": -0.26918794258040873, "6020014.0": 2.9435316052950986, "6020537.03": -0.8240826887161415, "6020533.0": -0.6325819125338542, "6020531.0": -1.2923394233766439, "6020120.05": -0.8176982669388039, "6020013.0": 1.539442890452062, "6020535.0": 0.2303415906733865, "6020019.0": -1.5622538597552482, "6020021.0": -0.4248687748208027, "6020020.0": -0.8664337211078245, "6020121.0": 1.4832955875574076, "6020536.0": -0.34973565350035546, "6020123.0": 0.0935879860333946, "6020540.04": 0.15853122264017064, "6020122.01": -0.5449868839200306, "6020532.0": -0.8480864118078882, "6020117.0": -0.7120799881085609, "6020120.04": 0.16576404437185563, "6020023.0": -0.003797592669182534, "6020022.0": -0.3501714047215416, "6020540.02": -1.3983149509423207, "6020120.03": 0.07957421059889319, "6020037.0": 0.38442874398796206, "6020540.03": -1.0255750111200932, "6020024.0": -1.1376452208105376, "6020028.0": -1.2106139047588096, "6020539.02": -1.3770933408924917, "6020140.04": 0.29773240289221126, "6020029.0": -0.8772021593321547, "6020025.0": -1.3287822431823892, "6020030.0": -0.7049002993580119, "6020122.02": 1.3879689908785124, "6020036.0": -1.1550715906297708, "6020038.0": -0.7201800551708477, "6020540.01": -0.275370319265529, "6020026.0": -1.1496956772160165, "6020130.02": 0.7947570312143272, "6020541.0": -0.4638495141158348, "6020027.0": -1.198340787274241, "6020031.0": -1.7177098272488722, "6020539.01": -1.597255532139206, "6020039.0": -1.222874496402907, "6020034.0": -1.6891933488605624, "6020130.01": 0.9958567921251023, "6020035.0": -1.8387947383993084, "6020033.0": -1.7423353329271012, "6020040.0": -0.9152007829655222, "6020131.0": -0.22896019550549648, "6020043.0": -1.5649510879284703, "6020032.0": -2.0805254542369047, "6020140.05": 1.5971360995871622, "6020140.01": 1.3678792061969882, "6020042.0": -0.9634518065595832, "6020133.0": 0.6619070896920287, "6020044.0": -0.8194775555213675, "6020045.0": -1.278843746055626, "6020041.0": -1.1064659893528124, "6020046.0": -0.15817733872844095, "6020134.0": 0.7703217962913788, "6020542.0": -1.4423685485050486, "6020048.0": -0.71467000375917, "6020132.0": -0.4679561092912839, "6020047.0": -0.4317163725530357, "6020141.01": 0.8550131440198486, "6020140.02": 0.3887866465038449, "6020550.0": -0.6738928744790011, "6020049.0": 0.03256080914169147, "6020050.02": -1.1741183841073608, "6020050.01": -0.8145962540431946, "6020142.04": 0.8667853777891236, "6020551.0": -0.6157011882422342, "6020141.02": -0.1505304418471588, "6020051.03": -0.34851317653389696, "6020051.02": -0.5853127411868267, "6020052.0": 0.2389147351147899, "6020552.02": 0.19503832640809524, "6020553.0": -0.5070370193376557, "6020142.02": 0.3368303458444451, "6020552.01": -0.8358146673891045, "6020142.01": 0.4253590622645012, "6020560.05": -0.9662477209855264, "6020142.03": -0.3381158096154016, "6020560.14": -0.5485583377652661, "6020560.13": 0.11044209595636006, "6020150.02": 1.5497386635113874, "6020560.15": -1.1893338811349026, "6020560.04": -1.3768202646444891, "6020560.12": -1.2385746278562282, "6020560.01": -0.4955743032498448, "6020590.03": 1.0750876144030825, "6020560.11": 0.43497606985137, "6020051.01": -0.9793173647529532, "6020560.08": -0.5412674755210364, "6020560.09": -0.8440348263614603, "6020560.1": -0.9245207918889187, "6020585.0": -0.5592773281928229, "6020570.0": -0.889573989255856}