{"6020600.0": -0.7032978138186068, "6020700.0": -0.32379840980105373, "6020500.02": 0.3617030374110137, "6020100.02": -0.45337670608753333, "6020500.07": 0.919467263347415, "6020500.04": -0.10373288215948329, "6020500.12": -0.2512789206876933, "6020500.13": -1.5962807783350534, "6020500.1": 0.3868492258498252, "6020100.01": -1.1747403698935937, "6020100.06": 0.08357923792353245, "6020500.01": 0.2044391966574395, "6020100.09": -1.7815775415940749, "6020100.1": -0.9730815518759932, "6020500.08": -0.20816049256272504, "6020110.08": -1.883899560869014, "6020100.05": -0.019934943591713637, "6020500.09": -0.15592350419440124, "6020500.11": -0.6398371111055724, "6020501.01": 1.1726699042920536, "6020100.07": -0.45016454765532676, "6020101.02": 1.8999256276694032, "6020501.02": 0.31146561990801097, "6020110.09": -0.297691699998417, "6020102.01": 0.3356352528581456, "6020110.06": 0.3426902986004786, "6020501.03": 0.5748002025282323, "6020101.01": 1.0330942102438576, "6020520.05": -0.44577198274819374, "6020510.03": -0.9707866503889925, "6020102.04": 0.4577856343819093, "6020510.06": 0.4603311957441182, "6020502.0": 0.635836886488769, "6020102.02": 1.5939930698896767, "6020110.04": -0.8358281735648634, "6020110.02": 0.9990337871037658, "6020503.0": 1.494836963940931, "6020102.03": 1.0697422984103586, "6020590.04": -0.5352770772333344, "6020103.0": 1.1919918862358287, "6020111.0": 0.6083653461669376, "6020004.02": 0.8667690463638485, "6020104.0": 0.6120081325029121, "6020522.02": -0.6942035481994338, "6020005.0": 0.4583044110271195, "6020521.01": -1.100506656520952, "6020006.0": 0.11036785810110311, "6020521.02": -0.9991575521635611, "6020520.03": -2.0341414380014333, "6020002.0": 1.1957561937935204, "6020510.02": 1.0201335366658477, "6020004.01": 0.03511729007781903, "6020112.01": 0.3432515058021792, "6020001.0": 0.9914048013966457, "6020003.0": 2.5845899034525375, "6020112.02": 1.963991353878617, "6020105.0": 0.691967928939673, "6020009.0": -0.05881388211459684, "6020522.01": 0.5926872090083698, "6020010.0": 0.4303737340984408, "6020110.01": -0.010969899528002596, "6020007.0": 0.15604673048606013, "6020115.0": 1.5359425590573, "6020114.0": 0.7256530872980587, "6020520.02": -0.5246713370729404, "6020008.0": -0.9028164618972917, "6020011.0": 3.3008620959119632, "6020113.0": 1.110643735452909, "6020537.02": -0.8271639260455506, "6020537.01": 0.4014369386003946, "6020012.0": 2.406933544285253, "6020120.01": 0.09615336729472175, "6020530.0": 0.4885233042582082, "6020520.04": -1.7194847252900254, "6020534.0": 0.9436031739776621, "6020018.0": -0.22432341147956175, "6020017.0": -1.1146319421800472, "6020015.0": 2.000901124706287, "6020538.0": -0.4783447203997947, "6020016.0": 0.739758524724891, "6020116.0": 0.45005339439575676, "6020014.0": 3.3015383563114375, "6020537.03": -0.18068565391220512, "6020533.0": 0.6564759990397623, "6020531.0": -0.5480495122946982, "6020120.05": -0.8111541966826721, "6020013.0": 1.8721558440012263, "6020535.0": 2.0233188509637507, "6020019.0": -0.821306341123662, "6020021.0": -0.6560642739237534, "6020020.0": -0.6615092407426898, "6020121.0": 1.2575060092461976, "6020536.0": 0.5639671761526718, "6020123.0": 0.30785350335640255, "6020540.04": 0.5187311828579501, "6020122.01": -0.1797063075916774, "6020532.0": 0.591878766025951, "6020117.0": -0.03265318670366652, "6020120.04": -1.2406160270126838, "6020023.0": 0.09841829925440056, "6020022.0": -0.19499246931062755, "6020540.02": -0.6820303865327901, "6020120.03": -0.5537902807151133, "6020037.0": 0.4776485660884482, "6020540.03": 0.08572158430189161, "6020024.0": -0.5466153488979526, "6020028.0": -1.1527954641849685, "6020539.02": -0.7763036864309045, "6020140.04": -0.7591661530141552, "6020029.0": -0.8654463181314896, "6020025.0": -1.0079360305051632, "6020030.0": -0.48173289900629396, "6020122.02": 0.7053904270373997, "6020036.0": -0.5314231941628935, "6020038.0": -0.010828514081466196, "6020540.01": 0.15729486514832963, "6020026.0": -1.001689176073116, "6020130.02": 0.9585779840587122, "6020027.0": -1.2112912881605158, "6020031.0": -0.9024336964522136, "6020539.01": -1.0754047078707112, "6020039.0": -0.3733829466645382, "6020034.0": -1.3226893746556636, "6020130.01": 1.7872101666883657, "6020035.0": -1.1461932683873102, "6020033.0": -1.6053562447264602, "6020040.0": -0.133655857730352, "6020131.0": 0.450550192623047, "6020043.0": -1.2047873882368, "6020032.0": -1.7713726948123456, "6020140.05": 0.8472470193149244, "6020140.01": 1.2655178738230926, "6020042.0": -0.5170748537474369, "6020133.0": 1.1299105485369567, "6020044.0": -0.7733330631214026, "6020045.0": -0.943829866946804, "6020041.0": -0.5188370656319092, "6020046.0": 0.16504346581937834, "6020134.0": 1.1106794737832515, "6020542.0": -0.9185301266935151, "6020048.0": -0.7491798646829355, "6020132.0": 0.7141525446965499, "6020047.0": -0.13063615256537006, "6020141.01": 0.8049841204035996, "6020140.02": -0.06464582908078062, "6020550.0": 0.5771169242765951, "6020049.0": -0.06587632347787252, "6020050.02": -1.1814899087555588, "6020050.01": -0.9716018784865084, "6020142.04": 0.429919423478765, "6020551.0": -0.09138969968086634, "6020141.02": 1.044137931858578, "6020051.03": -0.7823738264540862, "6020051.02": -0.7865092392471703, "6020552.02": 0.32852857652000284, "6020553.0": 0.00019114215409682302, "6020142.02": -0.4877508724563102, "6020552.01": -0.7028893803959226, "6020142.01": 0.7067494887001325, "6020560.05": -0.8201266794711927, "6020142.03": 0.02938361026370141, "6020560.14": -0.4865082231883386, "6020560.13": 1.3492647180783608, "6020150.02": 1.0271815563061275, "6020560.15": -1.2061713657121558, "6020560.04": -1.3690383465101326, "6020560.12": 0.2790568418287036, "6020560.01": -1.0977581105014602, "6020590.03": 0.9110095814689496, "6020560.11": 0.007964410423154407, "6020051.01": -1.2280231287597285, "6020560.08": -1.2055944340012978, "6020560.09": -2.0299538207113037, "6020560.1": -1.1941883668008817, "6020585.0": -0.5423539582371908, "6020570.0": -1.1313509229921113}