{"6020600.0": -0.1280495485873232, "6020700.0": 0.4255529776274011, "6020500.02": -0.36992066247158395, "6020100.02": 0.904998854755015, "6020500.07": 0.3109042017026028, "6020500.04": 0.24757891742612365, "6020500.12": 1.3711438545886943, "6020500.13": 1.6572510137881742, "6020500.1": 1.2569488154991457, "6020100.01": 1.2091071842869752, "6020100.06": 0.441790172599946, "6020500.01": 0.38279917078630427, "6020100.09": 1.10647577944654, "6020100.1": 0.7026572643778081, "6020500.08": 1.3391789844603141, "6020110.08": 0.8029583464223999, "6020100.05": 0.1977960148804085, "6020500.09": 2.0706628561623175, "6020500.11": 1.3336341659808266, "6020501.01": 0.20524163103455598, "6020100.07": 0.738471457928697, "6020101.02": -0.2884616712986963, "6020501.02": 0.5860340130917483, "6020110.09": 0.2178116385443049, "6020102.01": 0.005764104940595666, "6020110.06": -0.31873531248688425, "6020501.03": -0.8360100881727222, "6020101.01": -0.7715512200689105, "6020520.05": 0.2906574589127354, "6020510.03": 0.42919441023160515, "6020102.04": -0.4670585542220825, "6020510.06": 1.1278506230009921, "6020502.0": 0.3751349078439966, "6020102.02": -1.1471114923993668, "6020110.04": 0.24014303140716034, "6020110.02": -0.9700230020415198, "6020503.0": -1.1485410588937786, "6020102.03": -1.1560101798772722, "6020590.04": -0.13767638054418144, "6020103.0": -1.1729296096546447, "6020111.0": -0.8899967186882325, "6020004.02": -0.14679871234336314, "6020104.0": -1.191248453209473, "6020522.02": -0.8088759117569276, "6020005.0": 0.6126618156423628, "6020521.01": -0.6729277406149184, "6020006.0": 0.28927602748993453, "6020521.02": -0.4041987001206535, "6020520.03": 0.014176605704899299, "6020002.0": -0.21646171740832562, "6020510.02": -0.7991896219275854, "6020004.01": 0.7657161057924142, "6020112.01": -0.8393502639142538, "6020001.0": -0.850448995358383, "6020003.0": -0.6741671191949955, "6020112.02": -9.240819102300767, "6020105.0": -0.7339344480959384, "6020009.0": 0.6148293710841761, "6020522.01": -0.7344123160210706, "6020010.0": 0.6243740583360984, "6020110.01": -0.3060389429309578, "6020007.0": -0.43256378891937547, "6020115.0": 0.22057026066852614, "6020114.0": -1.0084068372341655, "6020520.02": -0.8772678934882754, "6020008.0": 0.9577039438781388, "6020011.0": 0.21762694799820045, "6020113.0": -0.8699391231347632, "6020537.02": -0.7412444091508956, "6020537.01": -0.6720372764736483, "6020012.0": 0.2944433497283352, "6020120.01": -0.2801115548093635, "6020530.0": -0.48811346274484224, "6020520.04": 0.47443198803347786, "6020534.0": -0.2076247368592877, "6020018.0": -0.027227615820711, "6020017.0": 0.7222558672918178, "6020015.0": 0.26279268925197535, "6020538.0": -1.282223352323405, "6020016.0": 0.4124005872919167, "6020116.0": -0.45002088901429355, "6020014.0": 0.04058032011741854, "6020537.03": -1.1322330332585675, "6020533.0": -1.3527141121961712, "6020531.0": -0.5963291185219245, "6020120.05": 0.4621171135302688, "6020013.0": 0.08009319444273458, "6020535.0": -0.8335788029323336, "6020019.0": -0.014500056184896179, "6020021.0": 1.229521290022858, "6020020.0": 0.7128563839436686, "6020121.0": 0.3528157501633299, "6020536.0": -0.44267952055900056, "6020123.0": -0.19077151836937006, "6020540.04": -0.06599332749507214, "6020122.01": -0.10158400952527218, "6020532.0": -0.833447664206101, "6020117.0": -0.18950935102176691, "6020120.04": 0.6197193665272199, "6020023.0": 0.47138920551209335, "6020022.0": 0.8886020752262648, "6020540.02": -0.5184742536320075, "6020120.03": 0.4865681245938242, "6020037.0": -0.055665739642341006, "6020540.03": -0.04053827565917828, "6020024.0": 0.29430051651993044, "6020028.0": 1.2452383230787532, "6020539.02": -0.5411324568363067, "6020140.04": 0.21032246205657823, "6020029.0": 0.9339402642063337, "6020025.0": 0.6148487994309921, "6020030.0": 0.6889133012934467, "6020122.02": 0.20112966728361473, "6020036.0": 0.32423907564075655, "6020038.0": -0.09000797428228503, "6020540.01": -0.4046501293134773, "6020026.0": 1.1353477443554794, "6020130.02": -0.4777431609427081, "6020541.0": -0.7530031963522197, "6020027.0": 1.5587987348592267, "6020031.0": 0.10974270753158971, "6020539.01": -0.3787137127357604, "6020039.0": 0.0032425783530911105, "6020034.0": 0.5549197735088661, "6020130.01": -0.5199126424411924, "6020035.0": 0.24350280754064785, "6020033.0": 1.1732234617406756, "6020040.0": 0.30984750491914176, "6020131.0": -0.6524347967651957, "6020043.0": 0.7603123991367842, "6020032.0": 0.9130430479054673, "6020140.05": -0.09123964162665368, "6020140.01": -0.6393058669672131, "6020042.0": 0.19948333853498906, "6020133.0": -0.7597817055962455, "6020044.0": 0.8725797542785094, "6020045.0": 0.2883200657786987, "6020041.0": 0.20955546280678258, "6020046.0": 0.2479351080790105, "6020134.0": -1.0780656684101606, "6020542.0": 0.13612418647298172, "6020048.0": 0.5672403145893122, "6020132.0": -0.3272257492961343, "6020047.0": 0.17253443900760593, "6020141.01": -0.8650464879775345, "6020140.02": -0.21388298798578978, "6020550.0": -0.5624477466582516, "6020049.0": 0.44313544036837954, "6020050.02": 0.9087886434749295, "6020050.01": 0.6476967620008571, "6020142.04": -0.21612551717624795, "6020551.0": -0.37252936241121065, "6020141.02": -0.74892212340522, "6020051.03": 0.0015532348148900059, "6020051.02": -0.56746757680632, "6020552.02": -0.2613215322869443, "6020553.0": -0.15085431585065026, "6020142.02": -0.2614005233181933, "6020552.01": 0.022261058826564123, "6020142.01": -0.8160452244276529, "6020560.05": 0.7712250738618087, "6020142.03": -0.9403476235389188, "6020560.14": 0.9309140561782555, "6020560.13": -0.30719019164404837, "6020150.02": -0.5559787661442063, "6020560.15": 0.8720806494617755, "6020560.04": 1.2563060353739322, "6020560.12": -0.9703625532011239, "6020560.01": 0.3412881016639213, "6020590.03": -0.6060879837155552, "6020560.11": 0.15001906030601614, "6020051.01": 0.11032767047012501, "6020560.08": 1.6665488765655212, "6020560.09": 1.5831926818734734, "6020560.1": 0.6747447619705187, "6020585.0": -0.9019602204214178, "6020570.0": 1.0029024661975132}