{"6020600.0": 1.2327544963534403, "6020700.0": 0.4308611082891198, "6020500.02": 1.2349647840262277, "6020100.02": 1.3179502781488985, "6020500.07": 1.2599499500843958, "6020500.04": 0.4457735115828774, "6020500.12": 1.045383034042829, "6020500.13": 1.302703663258128, "6020500.1": 0.4256539327082128, "6020100.01": -0.11641301931100372, "6020100.06": 0.9711942149196462, "6020500.01": 0.6041182677051707, "6020100.09": 1.341489862679387, "6020100.1": 1.3604977638710898, "6020500.08": 0.5252758104723738, "6020110.08": 0.29813023563292496, "6020100.05": 1.5792242405470165, "6020500.09": 0.5512990991064249, "6020500.11": 0.22456370771576964, "6020501.01": 1.1503558184965479, "6020100.07": 1.6277701478507964, "6020101.02": 0.31082030494513446, "6020501.02": 0.4796718300945697, "6020110.09": 1.4736652554171545, "6020102.01": 1.399945546150453, "6020110.06": 1.260726895147578, "6020501.03": 0.3559110838269693, "6020101.01": -0.33731216577860296, "6020520.05": 1.370474188002417, "6020510.03": 0.6786190946621931, "6020102.04": 1.6623116228932797, "6020510.06": 0.5742730535214349, "6020502.0": 1.0990309772172524, "6020102.02": 0.5679479558262706, "6020110.04": 0.9395118420788641, "6020110.02": 0.6621806970165371, "6020503.0": 0.08579601801456778, "6020102.03": 0.5369190172522224, "6020590.04": 0.4607164446928442, "6020103.0": 0.29034552359705773, "6020111.0": 0.1713127544050714, "6020004.02": 0.394883453518598, "6020104.0": 0.080356934123598, "6020522.02": 0.16526156561107452, "6020005.0": -0.38280593297124355, "6020521.01": -0.8774204637295341, "6020006.0": 1.0872750043349262, "6020521.02": -0.2965956202061623, "6020520.03": -1.1247838966367505, "6020002.0": -0.3632620196704951, "6020510.02": 0.2840925856391611, "6020004.01": 0.24781483678917915, "6020112.01": -0.1908586997238393, "6020001.0": -0.5274295353454471, "6020003.0": -0.07505344115414835, "6020112.02": 0.15882020301174235, "6020105.0": -0.37292761132572855, "6020009.0": 0.21656862347871664, "6020522.01": 0.7629837481201255, "6020010.0": -0.5257220391520504, "6020110.01": -0.27445956689937595, "6020007.0": 0.23449934802337039, "6020115.0": -0.6036357095962633, "6020114.0": -0.7169642990909657, "6020520.02": 0.13080159987367615, "6020008.0": -0.5159612293264613, "6020011.0": -0.40534503288219664, "6020113.0": -0.5243285117557707, "6020537.02": -1.1498650391178609, "6020537.01": 0.1253090077455739, "6020012.0": -0.5316570905476599, "6020120.01": 0.7221900364286871, "6020530.0": -0.11894489276662587, "6020520.04": -0.780541483443333, "6020534.0": 0.7247508804468376, "6020018.0": -0.47341477327427967, "6020017.0": -0.9512906621132184, "6020015.0": -1.1613989746211697, "6020538.0": -0.43823728980226667, "6020016.0": -0.46614656134584775, "6020116.0": -1.582664279925288, "6020014.0": -1.4546833851678824, "6020537.03": -0.8100144587765631, "6020533.0": -0.9420583765914926, "6020531.0": -1.402275009012525, "6020120.05": -0.04196343614460891, "6020013.0": -1.4731011155295939, "6020535.0": -0.5348247324534023, "6020019.0": -1.495007882513971, "6020021.0": -1.1822594439180225, "6020020.0": -0.5578331177152812, "6020121.0": 1.0976990339181314, "6020536.0": -0.6157923595382645, "6020123.0": 0.6298894408513667, "6020540.04": -0.03947777978255954, "6020122.01": 0.0066830500100031704, "6020532.0": -0.877993180752361, "6020117.0": -1.7581225747413352, "6020120.04": 1.7671277960093763, "6020023.0": -2.18904003370801, "6020022.0": -1.8693652284886515, "6020540.02": -1.2250161564569129, "6020120.03": 1.2819095341654785, "6020037.0": 0.42401042631055136, "6020540.03": -0.9883235415517582, "6020024.0": -2.137456215005713, "6020028.0": -1.3912308047451576, "6020539.02": -0.9718443831642273, "6020140.04": 1.557732834850821, "6020029.0": -0.6458488988014328, "6020025.0": -2.5968053248566085, "6020030.0": -0.3066448658758116, "6020122.02": 1.219643994589832, "6020036.0": -1.9334517163540836, "6020038.0": -1.1321254490958197, "6020540.01": -0.34489807877741524, "6020026.0": -2.038866738995114, "6020130.02": 1.150986053173238, "6020541.0": -0.44204386334412366, "6020027.0": -1.2254913853996816, "6020031.0": -1.4319922127794098, "6020539.01": -1.451376050694542, "6020039.0": -1.5964404468208568, "6020034.0": -2.133994085784176, "6020130.01": 0.5995197202819347, "6020035.0": -2.081503582070822, "6020033.0": -1.6190845446171298, "6020040.0": -1.1985344773066395, "6020131.0": -0.36368865318325533, "6020043.0": -1.5906778233489214, "6020032.0": -1.5992118711417234, "6020140.05": 2.1427808145459437, "6020140.01": 1.7832109318676634, "6020042.0": -0.9035375475870986, "6020133.0": 0.6200557976041354, "6020044.0": -0.1273082238467691, "6020045.0": -1.0162516854766908, "6020041.0": -1.1600004438669016, "6020046.0": 0.08796674496439356, "6020134.0": 0.9391501087324807, "6020542.0": -0.31828080570359696, "6020048.0": -0.10398359533520782, "6020132.0": -0.2632022517335004, "6020047.0": 0.20290665900208357, "6020141.01": 1.0169377317737645, "6020140.02": 1.1014662587982555, "6020550.0": 0.009402369914168617, "6020049.0": 0.9213990532106602, "6020050.02": -0.08740367601535658, "6020050.01": 0.28499375058295756, "6020142.04": 1.2625990357270231, "6020551.0": -0.3635201975833751, "6020141.02": -0.16830059692571128, "6020051.03": 1.0379383025509754, "6020051.02": 0.4173475508487004, "6020552.02": 0.6799479892454929, "6020553.0": 0.7225994707611735, "6020142.02": 1.4218976789019484, "6020552.01": -0.47691320042874735, "6020142.01": 0.24765116021416, "6020560.05": 0.04507942251565047, "6020142.03": 0.7434206436563847, "6020560.14": -0.14304323438756536, "6020560.13": 1.5492058537148934, "6020150.02": 1.967204700104188, "6020560.15": -0.3337998385153378, "6020560.04": -0.03615145764776477, "6020560.12": -0.4969466654272959, "6020560.01": 1.0082035902432374, "6020590.03": 1.1305644460735476, "6020560.11": 0.9621695422912753, "6020051.01": 0.7286455176870424, "6020560.08": 0.4858540680915032, "6020560.09": 0.06358116802098303, "6020560.1": 0.07021505801355293, "6020585.0": 0.5391932202688329, "6020570.0": -1.0000458364861329}