{"6020600.0": 1.408227054853181, "6020700.0": 0.6623534682491932, "6020500.02": 1.76096840528164, "6020100.02": 0.695546428565806, "6020500.07": 0.7667536818439831, "6020500.04": -0.013304264530269297, "6020500.12": 1.1144410199934758, "6020500.13": 0.8077863503541216, "6020500.1": -0.16690121911929304, "6020100.01": -0.6836037118747342, "6020100.06": 0.5241623873517244, "6020500.01": -0.02794518802675571, "6020100.09": 1.0239505196474317, "6020100.1": 0.9013930926544163, "6020500.08": 1.1481216087430328, "6020110.08": 0.1953326431169612, "6020100.05": 0.8254423113819751, "6020500.09": 0.621046899022533, "6020500.11": 0.49157359984878635, "6020501.01": 0.8515225953835519, "6020100.07": 1.0298783522192612, "6020101.02": -0.10952927125354148, "6020501.02": 0.25720739019178224, "6020110.09": 1.0096680694981515, "6020102.01": 0.7538231733783747, "6020110.06": 0.7205416536664686, "6020501.03": 0.6905460363585115, "6020101.01": -0.2135173914109765, "6020520.05": 0.9530976242372544, "6020510.03": 0.5084120804323141, "6020102.04": 1.4757337956382828, "6020510.06": -0.13544516390031086, "6020502.0": 0.6324120674785754, "6020102.02": 0.3480854772219425, "6020110.04": 0.868816571725515, "6020110.02": 0.6088487138792823, "6020503.0": 0.7218550223841275, "6020102.03": 0.9848157451863359, "6020590.04": 0.49356327086907487, "6020103.0": 1.1831784114777721, "6020111.0": 0.30495151946186955, "6020004.02": 0.8219730743340603, "6020104.0": 0.6531917511946039, "6020522.02": 0.4194446558932043, "6020005.0": -0.5234090185090451, "6020521.01": -0.5141443761987433, "6020006.0": 0.8534084833955007, "6020521.02": 0.2206855335092289, "6020520.03": -0.5397854175219897, "6020002.0": -0.07988098399102024, "6020510.02": 0.2593160582716499, "6020004.01": 0.49053859305260217, "6020112.01": 0.08970503047723685, "6020001.0": 0.07026572152619398, "6020003.0": -0.5743563131953402, "6020112.02": 0.354668987237669, "6020105.0": 0.4266193516425445, "6020009.0": 0.24629843688001943, "6020522.01": 0.7100650923841438, "6020010.0": -0.47864310707638474, "6020110.01": -0.13551097337692658, "6020007.0": 0.7697585044149774, "6020115.0": -0.5871640835938601, "6020114.0": 0.04856430542750839, "6020520.02": 0.49904434110955115, "6020008.0": -0.27650983561977954, "6020011.0": -1.425486946742563, "6020113.0": -0.16462051815855072, "6020537.02": -0.5358557132729254, "6020537.01": 0.5237130482505978, "6020012.0": -1.027080527827805, "6020120.01": 0.9385009535765171, "6020530.0": 1.0560001832347639, "6020520.04": -0.662189752922314, "6020534.0": 1.0911345262581564, "6020018.0": 0.05824954632358783, "6020017.0": -0.6870688992180035, "6020015.0": -2.191556228993727, "6020538.0": 0.09372989181042282, "6020016.0": -1.1264746913516934, "6020116.0": -1.2812870770581992, "6020014.0": -2.808367019460063, "6020537.03": -0.3625987283558715, "6020533.0": 0.10401272461751089, "6020531.0": -0.23670914874273769, "6020120.05": -0.2719576012182572, "6020013.0": -2.4673614118267078, "6020535.0": -0.012181470587628218, "6020019.0": -0.6021769644700509, "6020021.0": -1.4028094359795733, "6020020.0": -0.3230637777355681, "6020121.0": 1.4373108113857318, "6020536.0": -0.47538722188330795, "6020123.0": 0.901963759009403, "6020540.04": -0.1998271295666378, "6020122.01": 0.3656080613276917, "6020532.0": 0.4054537635252888, "6020117.0": -1.5903514177974565, "6020120.04": 1.3975277004498705, "6020023.0": -2.7432049631744344, "6020022.0": -2.405449895615894, "6020540.02": -0.8466576057097921, "6020120.03": 1.1749298306709006, "6020037.0": -0.12196998535540075, "6020540.03": -0.9401929358498031, "6020024.0": -2.0939006290154523, "6020028.0": -1.707310957811935, "6020539.02": -0.5123413786734514, "6020140.04": 1.4540300432642104, "6020029.0": -0.6581755634969719, "6020025.0": -2.7924800614919505, "6020030.0": -0.10816373987612338, "6020122.02": 1.7326627570766433, "6020036.0": -1.8058438383169022, "6020038.0": -0.755284567000621, "6020540.01": -0.7689506324797938, "6020026.0": -2.567057932497594, "6020130.02": 0.9490290621875963, "6020541.0": 0.049844900493431016, "6020027.0": -1.5905036704892714, "6020031.0": -0.7292472568671181, "6020539.01": -1.194635800385799, "6020039.0": -0.7009310780770279, "6020034.0": -2.0910329779948547, "6020130.01": 0.9480100895304238, "6020035.0": -1.5399489677241274, "6020033.0": -1.8293297911436244, "6020040.0": -0.2927233137002399, "6020131.0": 0.34416844999718, "6020043.0": -1.6125587481811698, "6020032.0": -1.4383982193236102, "6020140.05": 1.8126748677919113, "6020140.01": 1.6543376291428242, "6020042.0": -0.7991746508333784, "6020133.0": 1.3589467850900943, "6020044.0": -0.5683712037137569, "6020045.0": -0.8139868361198264, "6020041.0": -0.22525920786174278, "6020046.0": 0.6286360057031742, "6020134.0": 1.2739221070863835, "6020542.0": -0.635701469161128, "6020048.0": -0.2941269410693461, "6020132.0": 0.8540382078809882, "6020047.0": 0.3917013583261358, "6020141.01": 0.9691026452026059, "6020140.02": 1.1004257144930667, "6020550.0": 0.44517225082422734, "6020049.0": 0.5968430169145567, "6020050.02": -0.7044194059150273, "6020050.01": -0.3464035415996532, "6020142.04": 1.1124114219828118, "6020551.0": -0.08615772307161565, "6020141.02": -0.1504126736322336, "6020051.03": 0.4799564568731168, "6020051.02": 0.29341061145717223, "6020552.02": 0.7318086096641817, "6020553.0": 1.034031982730002, "6020142.02": 1.056382580925223, "6020552.01": -0.836956778085463, "6020142.01": 0.26595723934464716, "6020560.05": -0.8308590139838811, "6020142.03": 0.9654179090178395, "6020560.14": -0.6048226620061886, "6020560.13": 1.0739123407135012, "6020150.02": 1.2690724555836734, "6020560.15": -1.335301974018971, "6020560.04": -1.1009646626477378, "6020560.12": -0.576729866223184, "6020560.01": -0.256509015627982, "6020590.03": 1.2434845653876434, "6020560.11": 0.73706055755619, "6020051.01": 0.08089206389348012, "6020560.08": -0.4534598882702547, "6020560.09": -0.23475885865286225, "6020560.1": -0.41503072240671063, "6020585.0": 0.6993767976185186, "6020570.0": -1.4026976390187431}