{"6020600.0": 1.7887250982261778, "6020700.0": 1.596865658072778, "6020500.02": 1.6350195836306827, "6020100.02": 2.1268954477084407, "6020500.07": 1.4416684661760815, "6020500.04": 0.5965819610721782, "6020500.12": 2.19208271795868, "6020500.13": 2.1773698858054322, "6020500.1": 1.1945518695280257, "6020100.01": 0.44394559374798837, "6020100.06": 0.8324308362421085, "6020500.01": 0.528827715586696, "6020100.09": 2.679475347460869, "6020100.1": 1.8334295483186007, "6020500.08": 2.730877274159838, "6020110.08": 1.3031562009693438, "6020100.05": 0.8796505064556709, "6020500.09": 3.025169102660457, "6020500.11": 1.7914633797852921, "6020501.01": 0.5761692372388026, "6020100.07": 1.4568273465157457, "6020101.02": -0.16171539937190788, "6020501.02": 0.8511544430393752, "6020110.09": 1.3070889315827894, "6020102.01": 0.7995459562808243, "6020110.06": 1.049091139555134, "6020501.03": -0.42092255759794495, "6020101.01": -0.8257558092480274, "6020520.05": 1.0372991877986752, "6020510.03": 0.6594170741139885, "6020102.04": 0.3581703853879724, "6020510.06": 0.8795556375194635, "6020502.0": 0.6294477821612876, "6020102.02": -0.24650000694183233, "6020110.04": 1.3831255089987093, "6020110.02": -0.31888423009001854, "6020503.0": -0.8534965079574858, "6020102.03": -0.624373644854182, "6020590.04": 1.0855233999815543, "6020103.0": -0.8868191400513217, "6020111.0": -0.4141758668861894, "6020004.02": -0.2852542507967923, "6020104.0": -0.6724667408451208, "6020522.02": -0.6694478727282608, "6020005.0": -0.22416143427111077, "6020521.01": -0.5397904380429457, "6020006.0": 0.32282147171537173, "6020521.02": -0.7097660527849396, "6020520.03": -0.5502068659545641, "6020002.0": -1.0035059118225094, "6020510.02": -0.5915658758314797, "6020004.01": -0.13696899259899692, "6020112.01": -0.389437729308637, "6020001.0": -1.0733544067719194, "6020003.0": -0.959413058940324, "6020112.02": 0.1478877523555118, "6020105.0": -1.134994003051142, "6020009.0": 0.012739703399770319, "6020522.01": -0.3915474633198947, "6020010.0": -0.6641960303491342, "6020110.01": -0.5460189663462228, "6020007.0": -0.6173169169669545, "6020115.0": -1.1427256169603242, "6020114.0": -1.2207553439840613, "6020520.02": -0.32375993290304234, "6020008.0": -0.31880977275636435, "6020011.0": -0.947405476832703, "6020113.0": -1.0430115638620938, "6020537.02": -1.247030359374085, "6020537.01": -0.7480135357340204, "6020012.0": -0.9977327929875799, "6020120.01": 0.6360646759347024, "6020530.0": -0.7358010838571631, "6020520.04": 0.024498978517862806, "6020534.0": -0.33052767157160606, "6020018.0": -0.49398002151402953, "6020017.0": -0.3935488568529087, "6020015.0": -0.988200112072253, "6020538.0": -0.9193349932725947, "6020016.0": -0.35001224033033757, "6020116.0": -1.442819132939553, "6020014.0": -1.5959360598759693, "6020537.03": -1.1590742759878834, "6020533.0": -1.4436347304180497, "6020531.0": -1.3412522591217526, "6020120.05": 0.05882530713873328, "6020013.0": -1.2229184358660434, "6020535.0": -1.0217252487590307, "6020019.0": -1.1225799760846458, "6020021.0": -0.4790622923956353, "6020020.0": -0.33859770095372577, "6020121.0": 1.2508479179892025, "6020536.0": -0.9929202727949151, "6020123.0": 8.01528191568314e-05, "6020540.04": -0.6247811421077456, "6020122.01": -0.51245174493398, "6020532.0": -1.1626209611617728, "6020117.0": -1.1995055229899996, "6020120.04": 1.7049844696361924, "6020023.0": -1.165669616790709, "6020022.0": -0.8494475444512789, "6020540.02": -1.2014843269154436, "6020120.03": 0.8548340933761249, "6020037.0": 0.24271323622558869, "6020540.03": -0.957254542592612, "6020024.0": -1.14383327600904, "6020028.0": -0.4256171995666447, "6020539.02": -1.1425721003506275, "6020140.04": 1.0149214818070649, "6020029.0": -0.14128996605516111, "6020025.0": -1.2152902707802264, "6020030.0": -0.1594289500799986, "6020122.02": 1.4716342016181037, "6020036.0": -1.0491393513208442, "6020038.0": -0.9993635831964158, "6020540.01": -0.7543788598121689, "6020026.0": -0.7642443710876914, "6020130.02": 0.4742208669561989, "6020541.0": -0.9751084221409179, "6020027.0": -0.29846522047531576, "6020031.0": -0.7882061248254334, "6020539.01": -0.9818635538551056, "6020039.0": -1.2274542671386763, "6020034.0": -1.039439589922475, "6020130.01": -0.2526144944717758, "6020035.0": -1.200260222944351, "6020033.0": -0.4642177844147892, "6020040.0": -1.0214570433619286, "6020131.0": -0.8380671982929271, "6020043.0": -0.5678014304512401, "6020032.0": -0.6482791308556448, "6020140.05": 1.6834848746504332, "6020140.01": 0.5303165817211832, "6020042.0": -0.6431329237448662, "6020133.0": -0.3609826680198767, "6020044.0": 0.17713219496408197, "6020045.0": -0.463614157117044, "6020041.0": -0.984311837343967, "6020046.0": -0.2910913891690873, "6020134.0": -0.3980790409847201, "6020542.0": -0.2370650766078949, "6020048.0": 0.18076102946211714, "6020132.0": -0.9093228286794421, "6020047.0": -0.10162871741351112, "6020141.01": -0.32002689381054666, "6020140.02": 0.5542955100330983, "6020550.0": -0.6845679094538624, "6020049.0": 0.5659275552904026, "6020050.02": 0.43323229312081696, "6020050.01": 0.9994666517862115, "6020142.04": -0.020130599740891812, "6020551.0": -0.671304856827259, "6020141.02": -1.0643047116905338, "6020051.03": 1.3809393732658828, "6020051.02": 1.0257661613012596, "6020552.02": 0.34566191449198297, "6020553.0": 0.11430875198511203, "6020142.02": 0.5328072464887892, "6020552.01": 0.09716455581574412, "6020142.01": -0.5724815102217704, "6020560.05": 0.4612805421897968, "6020142.03": 0.05359824643192679, "6020560.14": 0.5834789280706009, "6020560.13": 0.3055968010542053, "6020150.02": 0.4660609846708678, "6020560.15": 0.7222619817249715, "6020560.04": 0.7795603668691582, "6020560.12": -0.24313839652838637, "6020560.01": 2.003996076870912, "6020590.03": 0.8128023317954555, "6020560.11": 0.6483029836950773, "6020051.01": 0.7631029686769303, "6020560.08": 2.19627859954517, "6020560.09": 2.039437120943984, "6020560.1": 0.9572188932517927, "6020585.0": 0.617294437167761, "6020570.0": 0.8908047739338831}