{"6020600.0": 0.678210680966451, "6020700.0": 1.5210701098714425, "6020500.02": 0.9611727880690337, "6020100.02": 1.7495378994060142, "6020500.07": 2.032624687729238, "6020500.04": 1.0027740351679444, "6020500.12": 2.3737938895822563, "6020500.13": 1.4210819768745309, "6020500.1": 2.4203521849961622, "6020100.01": 0.10285041458438383, "6020100.06": 0.8371941201664114, "6020500.01": 0.9561780487164456, "6020100.09": 1.3085274791635761, "6020100.1": 0.6518911467182121, "6020500.08": 3.4575829024891034, "6020110.08": 0.4788675454113456, "6020100.05": -0.0029980581418662393, "6020500.09": 3.77869918592717, "6020500.11": 2.1175781425645406, "6020501.01": 1.1600573755675505, "6020100.07": 0.3735328045147438, "6020101.02": 0.8707973150524663, "6020501.02": 1.4250224246532703, "6020110.09": 0.02957793499887654, "6020102.01": 0.051877271884495244, "6020110.06": 0.4408352042366857, "6020501.03": -0.6902486764011718, "6020101.01": -0.3261703373269467, "6020520.05": 0.44192456198314983, "6020510.03": -0.1932783457962938, "6020102.04": -0.5708619186458873, "6020510.06": 1.293752867869046, "6020502.0": 0.3972264166946909, "6020102.02": -0.25827926234208565, "6020110.04": 0.363286360243784, "6020110.02": -0.8948309904053013, "6020503.0": -0.7296018914992312, "6020102.03": -0.9597386624876737, "6020590.04": 0.2392273300644236, "6020103.0": -1.287999076651079, "6020111.0": -0.8991391440980171, "6020004.02": -0.08167956790907374, "6020104.0": -1.0898512030427134, "6020522.02": -1.6695297048436706, "6020005.0": 0.49183479031558014, "6020521.01": -1.0249745443778961, "6020006.0": -0.15448561406186004, "6020521.02": -1.6192124941309545, "6020520.03": -1.434101813237077, "6020002.0": -0.5737022665809502, "6020510.02": -0.8427572897065814, "6020004.01": -0.21484470007613332, "6020112.01": -0.8229911171818975, "6020001.0": -0.5455532547474279, "6020003.0": 0.6405776519189703, "6020112.02": 0.9705519411925808, "6020105.0": -1.4856193436551655, "6020009.0": 0.18291525671110154, "6020522.01": -0.8286709190972105, "6020010.0": 0.23601606430006256, "6020110.01": -0.5761703835897036, "6020007.0": -1.3849683229860892, "6020115.0": -0.07723460419276866, "6020114.0": -0.9687577304031679, "6020520.02": -1.3465625774781627, "6020008.0": -0.17962341287079792, "6020011.0": 1.8770014962392862, "6020113.0": -0.8614099971499662, "6020537.02": -1.7545436188812917, "6020537.01": -1.5572925144255179, "6020012.0": 1.0218157475409475, "6020120.01": -0.041342191370443225, "6020530.0": -0.7631417831070927, "6020520.04": -0.09151536884704563, "6020534.0": -0.5738379786818203, "6020018.0": -0.12319904881380522, "6020017.0": 0.16823378714796372, "6020015.0": 1.5046781234265794, "6020538.0": -1.9646048613951115, "6020016.0": 1.3039096525357459, "6020116.0": -0.6705098632514472, "6020014.0": 1.9462201365450778, "6020537.03": -1.6187793930646195, "6020533.0": -1.6325153404204513, "6020531.0": -1.4980642078872137, "6020120.05": -0.11154986730768636, "6020013.0": 1.3342474102402042, "6020535.0": -1.0056207389995282, "6020019.0": -0.979510786938266, "6020021.0": 0.7018671717252042, "6020020.0": -0.1639661501842339, "6020121.0": 0.9880988916552224, "6020536.0": -1.0430634326963961, "6020123.0": -0.2599733242605247, "6020540.04": -0.647508603313379, "6020122.01": -0.8385267222099176, "6020532.0": -1.1877798815305864, "6020117.0": -0.30907120968571655, "6020120.04": 0.5858478576346903, "6020023.0": 1.1136724196430239, "6020022.0": 1.0493236306946696, "6020540.02": -1.5594412517705851, "6020120.03": 0.09434425968249782, "6020037.0": 0.44137325165353203, "6020540.03": -0.9610501837510488, "6020024.0": 0.19077039639653096, "6020028.0": 0.5776012231169093, "6020539.02": -1.5775430883104138, "6020140.04": -0.021626542558606597, "6020029.0": 0.4566439416466848, "6020025.0": 0.38925160826939054, "6020030.0": 0.1895174965535366, "6020122.02": 1.0847871204824746, "6020036.0": 0.15642550086446863, "6020038.0": -0.48618988053901296, "6020540.01": -0.7081750384122888, "6020026.0": 0.9087558452351643, "6020130.02": 0.16453245405725705, "6020541.0": -1.1672084150921045, "6020027.0": 0.760669179776411, "6020031.0": -0.5891200968948499, "6020539.01": -1.1799228249237612, "6020039.0": -0.6764742763083136, "6020034.0": 0.17772738219345677, "6020130.01": -0.02681534925648467, "6020035.0": -0.46871181988010435, "6020033.0": 0.5768724520671834, "6020040.0": -0.38271454153187706, "6020131.0": -0.7234776436943091, "6020043.0": 0.366287835896007, "6020032.0": -0.25913547184756275, "6020140.05": 0.7041257221268805, "6020140.01": -0.1976503179375952, "6020042.0": 0.046269699340016714, "6020133.0": -0.6987692783872282, "6020044.0": 0.7194739502439566, "6020045.0": -0.04443788785315188, "6020041.0": -0.8026932847790187, "6020046.0": -0.23663064244119691, "6020134.0": -1.1944821230079705, "6020542.0": -0.49638012423155453, "6020048.0": 0.5383140637672937, "6020132.0": -0.8327585813902233, "6020047.0": -0.12514012791468945, "6020141.01": -0.9321362234430611, "6020140.02": -0.24152205847846583, "6020550.0": -0.8310927636885158, "6020049.0": 0.3870942022837988, "6020050.02": 0.5115621604205824, "6020050.01": 0.6896083028859682, "6020142.04": -0.7017582531189641, "6020551.0": -0.7868862059065683, "6020141.02": -0.8623194315840585, "6020051.03": 0.4819879715555435, "6020051.02": 0.04574514042324928, "6020552.02": -0.15249862407286988, "6020553.0": -0.8471223699436629, "6020142.02": -0.7121489149792295, "6020552.01": 0.0721097735888411, "6020142.01": -1.001591379438741, "6020560.05": 0.39167487038264037, "6020142.03": -1.0179889734327556, "6020560.14": 0.7735111861072761, "6020560.13": -0.7197407106086329, "6020150.02": -0.3719970444142307, "6020560.15": 0.6967041556371796, "6020560.04": 0.492495421033877, "6020560.12": -0.5646790411830616, "6020560.01": 0.9874041885265084, "6020590.03": -0.06521667199395284, "6020560.11": -0.04407736449850092, "6020051.01": -0.5130539736112317, "6020560.08": 1.7751753992958468, "6020560.09": 1.6044351835573674, "6020560.1": 0.33694535892542793, "6020585.0": -0.8962783452907515, "6020570.0": 1.2663074211599323}