{"6020600.0": -0.3400118946991825, "6020700.0": 0.9768580478085724, "6020500.02": 1.0190609570858753, "6020100.02": 0.9560615520600741, "6020500.07": 3.1349413483280615, "6020500.04": 1.5736509356743777, "6020500.12": 2.592445509326821, "6020500.13": 1.227978391715627, "6020500.1": 3.4790260473357373, "6020100.01": -0.10793888753084119, "6020100.06": 1.1196889050337258, "6020500.01": 1.840865742718858, "6020100.09": 0.40922720890625736, "6020100.1": 0.19165183428163665, "6020500.08": 2.2843952613141165, "6020110.08": -0.09712841163746429, "6020100.05": -0.16420279012214847, "6020500.09": 3.258341315110987, "6020500.11": 2.034948344284906, "6020501.01": 2.1934414898734107, "6020100.07": 0.01867599112225427, "6020101.02": 1.6301206177840417, "6020501.02": 2.6479699739718585, "6020110.09": -0.33452420624061735, "6020102.01": -0.048109775926034375, "6020110.06": 0.2122211997443723, "6020501.03": 0.12833886937482555, "6020101.01": 0.5597006251163944, "6020520.05": -0.24229160479146267, "6020510.03": -0.12585742110222806, "6020102.04": -0.4144096276631157, "6020510.06": 1.5346824033222417, "6020502.0": 0.8999740776837423, "6020102.02": 0.034582272633606595, "6020110.04": -0.17338033017092563, "6020110.02": -0.5165729424162293, "6020503.0": -0.17607799643598382, "6020102.03": -0.7203137721287722, "6020590.04": -0.37190625613898254, "6020103.0": -1.0741764705920418, "6020111.0": -0.8529459530943683, "6020004.02": -0.3507308877114365, "6020104.0": -0.8886055858017824, "6020522.02": -1.3514506847258643, "6020005.0": 0.17358048358692285, "6020521.01": -1.0062640821004842, "6020006.0": -0.359455294210709, "6020521.02": -1.2517692576558244, "6020520.03": -1.11738193482644, "6020002.0": -0.5516385431068905, "6020510.02": -0.6519721880163252, "6020004.01": -0.5105605711010909, "6020112.01": -0.8719520184164833, "6020001.0": -0.67199542026849, "6020003.0": -0.12298884463292191, "6020112.02": -0.6675487642160781, "6020105.0": -1.2312748042000483, "6020009.0": -0.27192139207501187, "6020522.01": -1.0459324174707718, "6020010.0": -0.33645610734452586, "6020110.01": -0.6352904882266867, "6020007.0": -1.1794453298997203, "6020115.0": -0.3307628244308099, "6020114.0": -0.900634420504005, "6020520.02": -1.2608332732676923, "6020008.0": -0.5788730693491441, "6020011.0": 0.766664271198114, "6020113.0": -0.8700461003722755, "6020537.02": -1.372996170772394, "6020537.01": -1.3789307302587324, "6020012.0": 0.19968109203923812, "6020120.01": -0.4257801284064942, "6020530.0": -0.7737643518617326, "6020520.04": -0.48454787281114026, "6020534.0": -0.9381046728947546, "6020018.0": -0.36321322783502363, "6020017.0": -0.20246794061610868, "6020015.0": 0.8792817210457934, "6020538.0": -1.4871369723682468, "6020016.0": 0.49883651379495214, "6020116.0": -0.4760987239599735, "6020014.0": 0.9285359988177851, "6020537.03": -1.3170622107450964, "6020533.0": -1.1937049128502861, "6020531.0": -1.1036031362577785, "6020120.05": -0.3561076110048058, "6020013.0": 0.8963057883442955, "6020535.0": -1.115124232980973, "6020019.0": -0.6102352733318638, "6020021.0": 0.39311103772392236, "6020020.0": -0.12510052122283472, "6020121.0": 0.21174147524024148, "6020536.0": -1.0154990731110753, "6020123.0": -0.5576577503766793, "6020540.04": -0.864954565432668, "6020122.01": -0.8031610789650444, "6020532.0": -0.8841029463728092, "6020117.0": -0.31972720892904394, "6020120.04": -0.26174881802829836, "6020023.0": 1.07194961986743, "6020022.0": 1.0075466532080481, "6020540.02": -1.1848438945962396, "6020120.03": -0.4610428386958525, "6020037.0": 0.2238741835478841, "6020540.03": -0.8967419642302031, "6020024.0": 0.25433483380915795, "6020028.0": 0.6932723965293623, "6020539.02": -1.1311683764444993, "6020140.04": -0.3301596427996011, "6020029.0": 0.5040792861037441, "6020025.0": 0.44244029678580826, "6020030.0": 0.1600320380482808, "6020122.02": 0.046769148494840464, "6020036.0": 0.003155831359822955, "6020038.0": -0.4140724563736296, "6020540.01": -0.8155576080202593, "6020026.0": 0.8963341897889461, "6020130.02": 0.16623782840331905, "6020541.0": -1.06017418287204, "6020027.0": 0.7792644708534422, "6020031.0": -0.3178949896388482, "6020539.01": -1.0278776063120227, "6020039.0": -0.6621358199937093, "6020034.0": 0.08749186419811579, "6020130.01": -0.09941322884775981, "6020035.0": -0.49819334524358283, "6020033.0": 0.4539529080662014, "6020040.0": -0.5953738444236648, "6020131.0": -0.7030320978723564, "6020043.0": 0.3735683259313636, "6020032.0": 0.014594171950131823, "6020140.05": 0.11724121383799273, "6020140.01": -0.20996627956030267, "6020042.0": -0.25334815516055115, "6020133.0": -0.6062060508400837, "6020044.0": 0.5796889731174039, "6020045.0": -0.14053861983458416, "6020041.0": -0.7656530486940033, "6020046.0": -0.42245751121543273, "6020134.0": -0.8921271661148822, "6020542.0": 0.004811187075797209, "6020048.0": 0.3431423587541365, "6020132.0": -0.936421240530709, "6020047.0": -0.1341514283217402, "6020141.01": -0.9641152909211725, "6020140.02": -0.34823477511800577, "6020550.0": -0.7203093242751897, "6020049.0": 0.5122220210807323, "6020050.02": 0.8411816049126722, "6020050.01": 1.2983309446478906, "6020142.04": -0.8320509671870525, "6020551.0": -0.5780620351794173, "6020141.02": -1.0148700480898534, "6020051.03": 1.0247500810877999, "6020051.02": 0.9471849518250919, "6020552.02": 0.007302401141763146, "6020553.0": -0.6056219114795922, "6020142.02": -0.8857928570508914, "6020552.01": 0.5886086426776932, "6020142.01": -1.1272036831419507, "6020560.05": 1.0191978674569468, "6020142.03": -1.2223531732858581, "6020560.14": 1.6093497253956965, "6020560.13": -1.1877331898828283, "6020150.02": -0.6323799856563818, "6020560.15": 1.5369214709648524, "6020560.04": 1.27151588268235, "6020560.12": -0.33667562319841826, "6020560.01": 1.928247092423705, "6020590.03": -0.2818469577898613, "6020560.11": 0.09553960253457616, "6020051.01": 0.24174120715331449, "6020560.08": 2.7739011216811846, "6020560.09": 1.717794394016197, "6020560.1": 0.8069271482373038, "6020585.0": -0.2117257174258204, "6020570.0": 1.362904469279938}