{"6020600.0": 2.0286419198923, "6020700.0": 1.5897126118692837, "6020500.02": 1.0401743407455992, "6020100.02": 1.0956272705124566, "6020500.07": -0.2461809627409038, "6020500.04": 0.6012597608056175, "6020500.12": 0.6404329039570112, "6020500.13": 1.7315787704979992, "6020500.1": -0.3836358145120391, "6020100.01": 1.4674909946871804, "6020100.06": 0.5386459317938934, "6020500.01": -0.04193473518136105, "6020100.09": 2.3134263766751175, "6020100.1": 1.437568668385561, "6020500.08": 1.3216111196090263, "6020110.08": 1.9765748351050136, "6020100.05": 0.6413983272711328, "6020500.09": 1.2688785884080076, "6020500.11": 1.0321919623750893, "6020501.01": -0.2099216808586952, "6020100.07": 0.8291140793465749, "6020101.02": -0.9347203261071244, "6020501.02": 0.10624900080856575, "6020110.09": 1.270365504663378, "6020102.01": 0.5458388048254502, "6020110.06": 0.4408778235597401, "6020501.03": 0.1199061056988331, "6020101.01": -0.6120821091550264, "6020520.05": 1.846851410059611, "6020510.03": 2.0039751803939256, "6020102.04": 0.4837627240496173, "6020510.06": 0.32333010880960117, "6020502.0": 0.6596982992412311, "6020102.02": -0.5874464053507681, "6020110.04": 1.2760661432808695, "6020110.02": -0.29299455584718137, "6020503.0": -0.36976641400242677, "6020102.03": -0.09999208222166253, "6020590.04": 1.072569582303693, "6020103.0": -0.15484746921340659, "6020111.0": 0.01568309596396491, "6020004.02": 0.34267763471094853, "6020104.0": -0.08170658374689947, "6020522.02": 2.6795899667642478, "6020005.0": 0.441427412237075, "6020521.01": 1.8240782553854753, "6020006.0": 2.0394623560890937, "6020521.02": 1.6181723570905926, "6020520.03": 2.550681722761919, "6020002.0": -0.19256999625058158, "6020510.02": 0.9678492762791315, "6020004.01": 1.0952600117683557, "6020112.01": -0.07767086038353455, "6020001.0": -0.18811579174398535, "6020003.0": -0.4274152405298399, "6020112.02": -0.9003343114091288, "6020105.0": -0.13989764191032583, "6020009.0": 1.2752171620955506, "6020522.01": 1.0174782295457774, "6020010.0": 0.4038039863841044, "6020110.01": -0.15638677770673048, "6020007.0": 1.3349758197033772, "6020115.0": -0.7667613036511672, "6020114.0": -0.369974880941026, "6020520.02": 1.0430131369688525, "6020008.0": 1.2391868394669123, "6020011.0": -1.0357826840908684, "6020113.0": -0.6006860134337253, "6020537.02": 0.8040912686388135, "6020537.01": 0.4735316285306403, "6020012.0": -0.8707053436395494, "6020120.01": 0.2835266671129566, "6020530.0": 0.032696048441260374, "6020520.04": 1.4035217874420958, "6020534.0": 0.3873091069594018, "6020018.0": 0.3303479004086873, "6020017.0": 0.5883664174591962, "6020015.0": -1.331994006093819, "6020538.0": 0.7533666036223098, "6020016.0": -0.8551052909467675, "6020116.0": -0.6252163065495084, "6020014.0": -1.7810464182037211, "6020537.03": -0.015238324269255364, "6020533.0": -0.17616594595863327, "6020531.0": 0.00014465809703718442, "6020120.05": -0.16593270274057006, "6020013.0": -1.8165692310450996, "6020535.0": -0.21602514079336596, "6020019.0": -0.2056124887454472, "6020021.0": -0.9531674868810426, "6020020.0": -0.3325568541280652, "6020121.0": 0.04023451065381354, "6020536.0": 0.0035269677029226266, "6020123.0": -0.3504174045314632, "6020540.04": 0.008753077974224439, "6020122.01": -0.2640607525479515, "6020532.0": -0.29533379597231707, "6020117.0": -1.1724022257316264, "6020120.04": 0.9494179353139572, "6020023.0": -2.467639582735928, "6020022.0": -1.919711869502401, "6020540.02": 0.08871033124673501, "6020120.03": 0.5398029662502531, "6020037.0": -0.35474014223886136, "6020540.03": 0.06009154581097921, "6020024.0": -1.836547106984712, "6020028.0": -1.7110462520761105, "6020539.02": 0.23665305493780447, "6020140.04": 0.6551647454089917, "6020029.0": -1.0374969522463768, "6020025.0": -2.1123392629760764, "6020030.0": -0.7363042157980844, "6020122.02": 0.21962406465888926, "6020036.0": -1.5610715007917697, "6020038.0": -1.067970672986042, "6020540.01": -0.34610881555402795, "6020026.0": -2.1623379271333354, "6020130.02": -0.6420331217967594, "6020027.0": -1.7085796869505243, "6020031.0": -0.5784674366858408, "6020539.01": 0.6906304211516158, "6020039.0": -1.6324385659814638, "6020034.0": -1.9317157138582217, "6020130.01": -1.0638238469099937, "6020035.0": -1.680895524677383, "6020033.0": -1.636129343267347, "6020040.0": -1.5138232992137066, "6020131.0": -0.8003264775192025, "6020043.0": -1.745889884194669, "6020032.0": -0.9131498475435346, "6020140.05": 0.4489256305102961, "6020140.01": -0.19992379491037426, "6020042.0": -1.706350300166415, "6020133.0": -0.4433811735267351, "6020044.0": -1.1996029291797954, "6020045.0": -1.3108097916067216, "6020041.0": -0.9481518748789177, "6020046.0": -0.9895895324374865, "6020134.0": -0.26890625773904975, "6020542.0": -0.3550672386769483, "6020048.0": -0.9159144672990789, "6020132.0": -0.6465902477605892, "6020047.0": -0.9762439474411961, "6020141.01": -0.25141472197497555, "6020140.02": 0.49042846735573614, "6020550.0": -0.7119354253318817, "6020049.0": -0.5256924908418139, "6020050.02": -0.4885163359192057, "6020050.01": -0.4783582965838469, "6020142.04": 0.05439902230824777, "6020551.0": -0.612633014854382, "6020141.02": -0.5191920368935095, "6020051.03": -0.1845513670946294, "6020051.02": -0.037736536959533495, "6020552.02": -0.2171661801550821, "6020553.0": 0.2027627404409248, "6020142.02": 0.8697020675386115, "6020552.01": -0.2524935388780197, "6020142.01": 0.09915936250661814, "6020560.05": -0.4133278015973202, "6020142.03": 0.9395964590699937, "6020560.14": -0.3619476218770764, "6020560.13": 0.4390501388636897, "6020150.02": 0.16914437129639212, "6020560.15": 0.028882288298824103, "6020560.04": -0.022655181938771096, "6020560.12": -0.017674429644264578, "6020560.01": 0.3586321298472728, "6020590.03": 0.0790451965889831, "6020560.11": 0.3445531641787295, "6020051.01": 0.6362871628428296, "6020560.08": 0.30606669646057055, "6020560.09": 1.111702622645263, "6020560.1": 0.6320186655872967, "6020585.0": 0.9008529860676179, "6020570.0": 0.26169065247940626}