{"6020600.0": 1.701150745089086, "6020700.0": 1.5852005295722125, "6020500.02": 2.0645571685018473, "6020100.02": 1.7642266896883865, "6020500.07": 1.6181290012892708, "6020500.04": 0.7131129745120682, "6020500.12": 2.0618053373841136, "6020500.13": 1.5822443257453505, "6020500.1": 1.0347237547997694, "6020100.01": 0.19885160168998794, "6020100.06": 0.8632458033941048, "6020500.01": 0.729393496296189, "6020100.09": 1.7389425815217674, "6020100.1": 1.3525203661470355, "6020500.08": 2.8156402666777454, "6020110.08": 0.6872836413447315, "6020100.05": 1.1520895013977854, "6020500.09": 2.631450021465189, "6020500.11": 1.5589570112809508, "6020501.01": 1.1001268381368756, "6020100.07": 1.4556018591030258, "6020101.02": 0.5548346502417474, "6020501.02": 0.8975277467897257, "6020110.09": 1.299018961441216, "6020102.01": 1.1912829462690677, "6020110.06": 1.222444146758854, "6020501.03": 0.10199005774670253, "6020101.01": -0.30064446324544003, "6020520.05": 1.5058820254551044, "6020510.03": 0.5358908508356095, "6020102.04": 0.9881938007066245, "6020510.06": 1.0503932712543693, "6020502.0": 1.0383894091819823, "6020102.02": 0.45673652190673786, "6020110.04": 1.1806009017281953, "6020110.02": 0.23257033419590478, "6020503.0": -0.1443556162150289, "6020102.03": 0.20224449319506993, "6020590.04": 0.8693571911639633, "6020103.0": -0.1417585182548558, "6020111.0": 0.0066087821687364915, "6020004.02": 0.3546375761053161, "6020104.0": -0.14683213017846902, "6020522.02": -0.070638346466557, "6020005.0": -0.06972466353620224, "6020521.01": -0.5083989057418806, "6020006.0": 0.9872431803857062, "6020521.02": -0.4571939405870939, "6020520.03": -0.8615299902657467, "6020002.0": -0.4928482087071803, "6020510.02": 0.20862313566835766, "6020004.01": 0.09905984637411158, "6020112.01": -0.22353952825376708, "6020001.0": -0.592619638900284, "6020003.0": 0.06764812516359395, "6020112.02": -0.027380798234449104, "6020105.0": -0.6569612765198966, "6020009.0": 0.16964884394686855, "6020522.01": 0.4020929244213088, "6020010.0": -0.3802156706292924, "6020110.01": -0.4104708713420117, "6020007.0": -0.03747250582908436, "6020115.0": -0.6315157208995904, "6020114.0": -0.7946215313644883, "6020520.02": 0.04106632254318198, "6020008.0": -0.44215417589041855, "6020011.0": -0.12663071902184628, "6020113.0": -0.6088292201652385, "6020537.02": -1.037223946529524, "6020537.01": -0.20568623347743747, "6020012.0": -0.28983005534535866, "6020120.01": 0.7625087453008679, "6020530.0": -0.3904131925416579, "6020520.04": -0.2516054439964093, "6020534.0": 0.28942117417127794, "6020018.0": -0.49067136418425966, "6020017.0": -0.7333202840492407, "6020015.0": -0.6641894399489124, "6020538.0": -0.6219764930447307, "6020016.0": -0.49912887725289595, "6020116.0": -1.2033203138884778, "6020014.0": -0.6741172623608138, "6020537.03": -0.9055119962070914, "6020533.0": -1.0372894343544152, "6020531.0": -1.259176083194878, "6020120.05": -0.13890791921048634, "6020013.0": -1.0467485172966662, "6020535.0": -0.49575417096390834, "6020019.0": -1.3495770604004607, "6020021.0": -1.0625773625511663, "6020020.0": -0.7737652074520658, "6020121.0": 1.6961740104794805, "6020536.0": -0.6962251062051008, "6020123.0": 0.27275549132233956, "6020540.04": -0.29625658302198543, "6020122.01": -0.2454319509829313, "6020532.0": -0.997775874536281, "6020117.0": -1.3237132703055978, "6020120.04": 1.426663958225819, "6020023.0": -1.6702989617372834, "6020022.0": -1.4594105845619456, "6020540.02": -1.2270148584865461, "6020120.03": 0.8097412443077923, "6020037.0": 0.2279477502943024, "6020540.03": -0.961185820498325, "6020024.0": -1.7200286910773426, "6020028.0": -1.3845543515067829, "6020539.02": -1.0159504868487568, "6020140.04": 1.1445580318546282, "6020029.0": -0.8499714811112008, "6020025.0": -2.0311542928065602, "6020030.0": -0.6736918796760866, "6020122.02": 1.8387827315507892, "6020036.0": -1.6361946082469083, "6020038.0": -1.0780308007824875, "6020540.01": -0.5613124374979946, "6020026.0": -1.7742937151928853, "6020130.02": 0.5944524856896564, "6020541.0": -0.6859091336902576, "6020027.0": -1.3012511458586742, "6020031.0": -1.3415958123748706, "6020539.01": -1.1861836163230024, "6020039.0": -1.5520766229163838, "6020034.0": -1.8995387915992332, "6020130.01": 0.20444915180986392, "6020035.0": -1.9119217816469876, "6020033.0": -1.5932407649783413, "6020040.0": -1.2785753433996434, "6020131.0": -0.7014093049596424, "6020043.0": -1.5766570327558362, "6020032.0": -1.5271853159730155, "6020140.05": 2.126242181997156, "6020140.01": 1.0715352444999544, "6020042.0": -1.328985313455336, "6020133.0": 0.2184535409623918, "6020044.0": -0.7281792427216995, "6020045.0": -1.3183322041245027, "6020041.0": -1.263552087988902, "6020046.0": -0.6024924185125744, "6020134.0": 0.36401966461697854, "6020542.0": -0.789700394082198, "6020048.0": -0.6710144212041252, "6020132.0": -0.5042638299061452, "6020047.0": -0.5776352112866866, "6020141.01": 0.39753225771233464, "6020140.02": 0.8196957236553744, "6020550.0": -0.5501149102228126, "6020049.0": 0.060908659595351404, "6020050.02": -0.4428436883580643, "6020050.01": 0.10324549711222757, "6020142.04": 0.707004366424463, "6020551.0": -0.7943748746147457, "6020141.02": -0.38963431138425836, "6020051.03": 0.740783996745142, "6020051.02": 0.44328256462627774, "6020552.02": 0.20959185021495455, "6020553.0": 0.16846553270867795, "6020142.02": 0.8487849200748014, "6020552.01": -0.29704504651472863, "6020142.01": 0.04020155893396817, "6020560.05": -0.20413346343395422, "6020142.03": 0.45764922461861807, "6020560.14": 0.2142029830653963, "6020560.13": 0.9850870962748549, "6020150.02": 1.26524443968724, "6020560.15": -0.08392148753964297, "6020560.04": -0.2601735939251735, "6020560.12": -0.31425659918815707, "6020560.01": 0.9074021158317984, "6020590.03": 1.2867130704830037, "6020560.11": 0.7513705195202325, "6020051.01": 0.19202561155035738, "6020560.08": 1.1067661202034502, "6020560.09": 0.9654183899806458, "6020560.1": 0.24692626441876914, "6020585.0": 0.4271434816919111, "6020570.0": 0.06942940562352512}