{"6020600.0": -1.3524069822249891, "6020700.0": -1.4021394322557688, "6020500.02": -1.113111815339725, "6020100.02": -0.7696313901421736, "6020500.07": -0.4875390780522076, "6020500.04": -0.7312414459466603, "6020500.12": -1.004074438986934, "6020500.13": -1.3761887921977343, "6020500.1": -0.2814017867373864, "6020100.01": -0.9447365083923519, "6020100.06": -0.3909901267541513, "6020500.01": -0.3665888914189343, "6020100.09": -1.5099502088035965, "6020100.1": -0.9614076613614851, "6020500.08": -1.3063448021043076, "6020110.08": -1.3097244445381895, "6020100.05": -0.34209910542131045, "6020500.09": -1.4673407080928291, "6020500.11": -1.060759683388493, "6020501.01": -0.49143571978222533, "6020100.07": -0.5462903603327003, "6020101.02": 0.2481034905486784, "6020501.02": -0.7800403499629702, "6020110.09": -0.719831688246399, "6020102.01": -0.33297841953452706, "6020110.06": -0.03920793183977621, "6020501.03": -0.6011474277877665, "6020101.01": 0.09624391917426907, "6020520.05": -1.0567967639499314, "6020510.03": -1.337309533657354, "6020102.04": -0.2384330824448018, "6020510.06": -0.7796913608479357, "6020502.0": -0.8353799043293828, "6020102.02": 0.3226577833507521, "6020110.04": -0.8476404173100004, "6020110.02": 0.3992621644758544, "6020503.0": -0.35105344834617075, "6020102.03": 0.06985589858491316, "6020590.04": -0.6815048016823302, "6020103.0": -0.45905532813424577, "6020111.0": -0.01903743487995351, "6020004.02": -0.7474146949057149, "6020104.0": -0.24901589698587911, "6020522.02": -1.550093601131274, "6020005.0": -0.6915075490595364, "6020521.01": -1.1043681383381498, "6020006.0": -1.2767097223482207, "6020521.02": -1.006799269315474, "6020520.03": -1.609232063368397, "6020002.0": -0.5961446868523024, "6020510.02": -1.0500642813182464, "6020004.01": -0.9307510702292289, "6020112.01": -0.0017277133594289227, "6020001.0": -0.7396245185405849, "6020003.0": -0.6033447830364316, "6020112.02": 0.12638842277634046, "6020105.0": -0.3785109433899322, "6020009.0": -1.1010514221457353, "6020522.01": -0.545343818293637, "6020010.0": -0.8310976325718532, "6020110.01": -0.12361868612295826, "6020007.0": -1.0813020621972131, "6020115.0": -0.37980058580485615, "6020114.0": -0.5324587881041698, "6020520.02": -0.7182190587936964, "6020008.0": -1.213464764259452, "6020011.0": -0.26002859830436015, "6020113.0": -0.13335717669495015, "6020537.02": -0.17873995286515082, "6020537.01": -0.5391512061845177, "6020012.0": -0.3949920554547422, "6020120.01": -0.3163627671932332, "6020530.0": -0.6276927344426424, "6020520.04": -0.9998236149406488, "6020534.0": -0.6750680996131111, "6020018.0": -0.6911468087091606, "6020017.0": -0.791759720719104, "6020015.0": 0.2332575429808524, "6020538.0": -0.622817973160615, "6020016.0": 0.4258534964841346, "6020116.0": -0.6553648967552625, "6020014.0": -0.41624483298116455, "6020537.03": -0.03247504842262082, "6020533.0": -0.36252279149116, "6020531.0": -0.5814972904543094, "6020120.05": 0.16466768429880918, "6020013.0": 0.7768047955796488, "6020535.0": -0.4456543155220206, "6020019.0": -0.2861512085529157, "6020021.0": 0.4801086667978806, "6020020.0": -0.037918717889815975, "6020121.0": -0.42603635871188295, "6020536.0": -0.13269042322730915, "6020123.0": 0.1617090763706141, "6020540.04": 0.007950995618777473, "6020122.01": -0.043196933353835294, "6020532.0": -0.29601703377713795, "6020117.0": 0.26885863643731817, "6020120.04": -0.5366997281639401, "6020023.0": 1.8097775441874955, "6020022.0": 1.464882052424101, "6020540.02": -0.11482006429381504, "6020120.03": -0.5263988072263359, "6020037.0": 0.25887001035068674, "6020540.03": -0.39190773769354614, "6020024.0": 1.9786992919170237, "6020028.0": 2.135408398652877, "6020539.02": -0.17538891358505115, "6020140.04": -0.6091567468556068, "6020029.0": 0.9378820645177354, "6020025.0": 2.681828674847031, "6020030.0": 0.4806358906592919, "6020122.02": -0.32206608135538206, "6020036.0": 1.8727878662433772, "6020038.0": 0.4772147255217905, "6020540.01": 0.003282496014473029, "6020026.0": 3.6298126030703717, "6020130.02": 0.5374093153899984, "6020027.0": 2.5930900206987118, "6020031.0": 0.18510928713424124, "6020539.01": -0.48943870305109444, "6020039.0": 1.5949948558725322, "6020034.0": 2.7253502934808345, "6020130.01": 0.7080648535900378, "6020035.0": 2.4624561055970506, "6020033.0": 2.7173740185587025, "6020040.0": 1.4663109491168986, "6020131.0": 0.302945310896656, "6020043.0": 3.1838923989601127, "6020032.0": 1.4895201399955937, "6020140.05": -0.2346240122532108, "6020140.01": 0.05690516464295989, "6020042.0": 2.975988897137719, "6020133.0": 0.2198524714382315, "6020044.0": 2.215846019402647, "6020045.0": 2.5397779617896052, "6020041.0": 1.061435386658073, "6020046.0": 1.1717279187885519, "6020134.0": 0.11723267071471936, "6020542.0": 0.5457044128956583, "6020048.0": 1.610857187670404, "6020132.0": 0.30358303933442204, "6020047.0": 1.236615678966197, "6020141.01": 0.25239508222833484, "6020140.02": -0.21322496531012008, "6020550.0": 0.5122618508028158, "6020049.0": 0.8024573922128941, "6020050.02": 0.9648747615084327, "6020050.01": 1.062304516835661, "6020142.04": 0.15538048199531274, "6020551.0": 0.5673327668774784, "6020141.02": 0.5995275887361833, "6020051.03": 0.5747890820397795, "6020051.02": -0.06743825188202521, "6020552.02": 0.1019334787712302, "6020553.0": -0.20347384352870826, "6020142.02": -0.37513637383631426, "6020552.01": 0.36661453327277355, "6020142.01": 0.2105408500443245, "6020560.05": 0.6487843347147089, "6020142.03": -0.36565006020245094, "6020560.14": 0.6317905620747587, "6020560.13": 0.023269071766210243, "6020150.02": 0.2187600022416812, "6020560.15": 0.4727985293305702, "6020560.04": 0.710670434475748, "6020560.12": -0.10637616833056121, "6020560.01": 0.27270978769390514, "6020590.03": -0.2750078298498898, "6020560.11": -0.08960669992611582, "6020051.01": -0.20834212923901085, "6020560.08": -0.1250509734084251, "6020560.09": -0.7600625566261527, "6020560.1": -0.24925863665407025, "6020585.0": -0.642666596398719, "6020570.0": -0.29936019344617587}