{"6020600.0": 1.5291836780300498, "6020700.0": 1.428220624914515, "6020500.02": 2.0719695163701193, "6020100.02": 1.669526173041856, "6020500.07": 1.841600312085169, "6020500.04": 0.6300789581459443, "6020500.12": 2.046024840759692, "6020500.13": 1.299134929673487, "6020500.1": 1.1877044164354655, "6020100.01": -0.18067288769286488, "6020100.06": 0.9235666039176977, "6020500.01": 0.7524740053602988, "6020100.09": 1.4448613856192392, "6020100.1": 1.1588987359913447, "6020500.08": 2.6700709627169905, "6020110.08": 0.2332722391437704, "6020100.05": 1.1092676089792237, "6020500.09": 2.5298083486704694, "6020500.11": 1.4018760388101148, "6020501.01": 1.3346819894535285, "6020100.07": 1.4217702763362912, "6020101.02": 0.859461008205166, "6020501.02": 0.9412038259857144, "6020110.09": 1.181682657423809, "6020102.01": 1.213252516245264, "6020110.06": 1.29745789349962, "6020501.03": 0.1719299236469876, "6020101.01": -0.1896897815546653, "6020520.05": 1.3777917712721912, "6020510.03": 0.30310375536421275, "6020102.04": 1.0692581475000067, "6020510.06": 1.0377423793231042, "6020502.0": 1.0759329178310266, "6020102.02": 0.7217457631068143, "6020110.04": 0.9880053390126149, "6020110.02": 0.3392344756013662, "6020503.0": 0.03220614151470629, "6020102.03": 0.2596925139588518, "6020590.04": 0.6619021739887757, "6020103.0": -0.015169704434795497, "6020111.0": 0.002752124680162844, "6020004.02": 0.43756932822500244, "6020104.0": -0.08253333300574767, "6020522.02": -0.30622374144070674, "6020005.0": -0.11784249612513778, "6020521.01": -0.7028001705116644, "6020006.0": 0.9501448746311542, "6020521.02": -0.7843893160397927, "6020520.03": -1.3935145581340145, "6020002.0": -0.5234596469019054, "6020510.02": 0.2183238327389302, "6020004.01": 0.03209195642951293, "6020112.01": -0.24315870312625498, "6020001.0": -0.5929204535477055, "6020003.0": 0.19989655645059193, "6020112.02": 0.6686618336804104, "6020105.0": -0.6746268774333524, "6020009.0": 0.1295426601027581, "6020522.01": 0.4572197342279384, "6020010.0": -0.4420588844656589, "6020110.01": -0.4853616892542811, "6020007.0": -0.11194761092576772, "6020115.0": -0.6098889566982398, "6020114.0": -0.805315506718688, "6020520.02": -0.07150195511747048, "6020008.0": -0.6452071723416563, "6020011.0": 0.10725982537316987, "6020113.0": -0.5484159050668787, "6020537.02": -1.3548478601551666, "6020537.01": -0.18216151841515582, "6020012.0": -0.17509348406475936, "6020120.01": 0.7082698651705251, "6020530.0": -0.305220616734206, "6020520.04": -0.6154108725658634, "6020534.0": 0.4173645833707387, "6020018.0": -0.551523448919892, "6020017.0": -0.9553188940809251, "6020015.0": -0.5698697772711221, "6020538.0": -0.7264055339332125, "6020016.0": -0.25071456162160144, "6020116.0": -1.400142762072904, "6020014.0": -0.6094064097012939, "6020537.03": -0.9874193753159319, "6020533.0": -0.6946246334738635, "6020531.0": -1.5175116280366714, "6020120.05": -0.284461724954938, "6020013.0": -0.8719707939897726, "6020535.0": 0.6784058233508218, "6020019.0": -1.3518584711424342, "6020021.0": -1.0951659036220707, "6020020.0": -0.8968853939351509, "6020121.0": 1.8250998973345303, "6020536.0": -0.3471208699845969, "6020123.0": 0.29104278336375977, "6020540.04": -0.24001279835308081, "6020122.01": -0.31709531484232084, "6020532.0": -0.4247163022351182, "6020117.0": -1.4505001387166823, "6020120.04": 1.2306726661214236, "6020023.0": -1.5829410675976965, "6020022.0": -1.4537827739919915, "6020540.02": -1.4136123554301459, "6020120.03": 0.7504274185399615, "6020037.0": 0.36020037636424157, "6020540.03": -0.4507466323128987, "6020024.0": -1.795529380362431, "6020028.0": -1.3887057891697316, "6020539.02": -1.2344644721606428, "6020140.04": 1.0216310212463888, "6020029.0": -0.8201521938666143, "6020025.0": -2.0859014676877683, "6020030.0": -0.6247009816959269, "6020122.02": 1.8854497286684573, "6020036.0": -1.6371494883784867, "6020038.0": -1.0491703348671784, "6020540.01": -0.4756074801934585, "6020026.0": -1.6839279196668697, "6020130.02": 0.87805377320013, "6020027.0": -1.2210898824650334, "6020031.0": -1.1731041861686993, "6020539.01": -1.178533021601852, "6020039.0": -1.586866766608294, "6020034.0": -1.9230380407256538, "6020130.01": 0.6276866334821282, "6020035.0": -1.9628065277579372, "6020033.0": -1.5853277438923963, "6020040.0": -1.2123458819427069, "6020131.0": -0.5412317193720473, "6020043.0": -1.5627667992735748, "6020032.0": -1.8217704825453171, "6020140.05": 2.3340255563411794, "6020140.01": 1.3665600719100417, "6020042.0": -1.077764158471102, "6020133.0": 0.383072355906702, "6020044.0": -0.5118471304985917, "6020045.0": -1.2394918092591134, "6020041.0": -1.2952314909296267, "6020046.0": -0.25970261176726517, "6020134.0": 0.5348624175263993, "6020542.0": -0.4806572986327318, "6020048.0": -0.4995046916844271, "6020132.0": -0.39038709614632666, "6020047.0": -0.37712130345723044, "6020141.01": 0.6024835682068757, "6020140.02": 0.7939523181048913, "6020550.0": -0.4095845953337078, "6020049.0": 0.25668345793591074, "6020050.02": -0.5725494730038199, "6020050.01": -0.03245522993277534, "6020142.04": 0.8197333183614472, "6020551.0": -0.7882293777461445, "6020141.02": -0.32617214228535074, "6020051.03": 0.5782809287623784, "6020051.02": 0.18853101431201455, "6020552.02": 0.2585581043134339, "6020553.0": 0.22671338256965196, "6020142.02": 0.8815235411558495, "6020552.01": -0.5024731191393881, "6020142.01": 0.011623171385165007, "6020560.05": -0.3799726970985798, "6020142.03": 0.4232173482440097, "6020560.14": 0.07926812833148887, "6020560.13": 0.9844404423380874, "6020150.02": 1.344607875839725, "6020560.15": -0.4456160917250889, "6020560.04": -0.5667868012766756, "6020560.12": -0.4052847162050025, "6020560.01": 0.5823694777370709, "6020590.03": 1.3629393082377772, "6020560.11": 0.698853820711045, "6020051.01": -0.1767766605155717, "6020560.08": 0.664503363131438, "6020560.09": 0.36692569793805613, "6020560.1": -0.16252722686394577, "6020585.0": 0.6666614650245257, "6020570.0": -0.4361847286296525}