{"6020600.0": 1.0616491962264503, "6020700.0": 0.23512518641739932, "6020500.02": 1.0584922797900391, "6020100.02": 0.283749863668964, "6020500.07": 0.8492233035061584, "6020500.04": -0.13076686829611744, "6020500.12": 0.8944291712975985, "6020500.13": -0.1394712152736393, "6020500.1": -0.41064587670357144, "6020100.01": -0.8753387948091714, "6020100.06": 0.33509552034601314, "6020500.01": -0.3020366981163369, "6020100.09": -0.06924093284697934, "6020100.1": 0.39037045922278957, "6020500.08": 0.28181596837994816, "6020110.08": -0.8176358261154661, "6020100.05": 0.5506762138089601, "6020500.09": 0.05223231950926085, "6020500.11": -0.12050092185142025, "6020501.01": 0.7575334955174544, "6020100.07": 0.9300681991842551, "6020101.02": 0.5361453546439147, "6020501.02": -0.11669137516020615, "6020110.09": 0.7275957958411371, "6020102.01": 0.7343653287362942, "6020110.06": 0.6758553953959129, "6020501.03": 0.5736306091638993, "6020101.01": 0.008968992084975466, "6020520.05": 0.2709385766651234, "6020510.03": -0.42300546594798677, "6020102.04": 0.9887444316245305, "6020510.06": 0.08308178195970914, "6020502.0": 0.36836278319490934, "6020102.02": 0.5311255996854506, "6020110.04": 0.5678156595587576, "6020110.02": 0.6146574843451535, "6020503.0": 0.8545080061650892, "6020102.03": 0.664249688845941, "6020590.04": 0.47389605410855684, "6020103.0": 1.002531938145462, "6020111.0": 0.6621760148863681, "6020004.02": 0.9965777181953435, "6020104.0": 0.9477589531370776, "6020522.02": -0.42426806987039584, "6020005.0": -0.2428268609987551, "6020521.01": -0.00899032622658541, "6020006.0": 0.403106963316568, "6020521.02": -0.7175769513820056, "6020520.03": -1.434013525974336, "6020002.0": 0.33184415986955973, "6020510.02": 0.39529226335572926, "6020004.01": 0.29629657480888344, "6020112.01": 1.144023868791747, "6020001.0": 0.3370735468290544, "6020003.0": 0.4156351157129997, "6020112.02": 6.198074532293521, "6020105.0": 0.4729110550178334, "6020009.0": 0.13497527387607006, "6020522.01": 0.24425240344813542, "6020010.0": -0.5611959495817236, "6020110.01": 0.05373730371167899, "6020007.0": 0.3783264300321185, "6020115.0": -0.25821901238828004, "6020114.0": -0.01822465871940429, "6020520.02": 0.703608514818276, "6020008.0": -0.743070450137112, "6020011.0": -0.5215339186179568, "6020113.0": 0.6412883704529249, "6020537.02": -0.7498322830535639, "6020537.01": 0.19303457072837585, "6020012.0": -0.45816294180555056, "6020120.01": 0.9013676323715294, "6020530.0": 0.9703530807131971, "6020520.04": -0.6032002509749589, "6020534.0": 1.0064244485163136, "6020018.0": -0.20077988405653524, "6020017.0": -1.0182520621012736, "6020015.0": -1.4277316561193794, "6020538.0": 0.24164569261694324, "6020016.0": -1.109502284107309, "6020116.0": -0.7920230542049085, "6020014.0": -1.52545002414987, "6020537.03": -0.2343385673449959, "6020533.0": 0.34173015344903823, "6020531.0": -0.20610888983122488, "6020120.05": -0.1369045648203291, "6020013.0": -1.728612174396275, "6020535.0": 0.14512252340650647, "6020019.0": -0.7053161728075855, "6020021.0": -1.7280491503709177, "6020020.0": -0.6162282502115602, "6020121.0": 1.9173195168018466, "6020536.0": -0.4495054538756777, "6020123.0": 1.0025039358375867, "6020540.04": -0.13481717723441639, "6020122.01": 0.36759682862675574, "6020532.0": 0.39196850302787123, "6020117.0": -1.0409682941259082, "6020120.04": 0.26838231776477633, "6020023.0": -2.3431738006365346, "6020022.0": -2.159948195115399, "6020540.02": -0.7117585778307778, "6020120.03": 0.7179026682611473, "6020037.0": 0.14694394715332984, "6020540.03": -0.6574053605212882, "6020024.0": -1.774449677117055, "6020028.0": -1.7214097111110347, "6020539.02": -0.29851962965919576, "6020140.04": 0.4341475293578313, "6020029.0": -0.84742548745364, "6020025.0": -2.512928531282538, "6020030.0": -0.34170764395223946, "6020122.02": 1.5311230380212102, "6020036.0": -1.4892502828731864, "6020038.0": -0.4403191614517211, "6020540.01": 0.0924394184787451, "6020026.0": -2.418588490735795, "6020130.02": 1.0702692585502473, "6020541.0": 0.42812371281798356, "6020027.0": -1.9372868188546157, "6020031.0": -0.9738010726386869, "6020539.01": -1.1742733927218594, "6020039.0": -0.7974132845436569, "6020034.0": -1.9820263650927552, "6020130.01": 1.3651779250000657, "6020035.0": -1.4823153709432215, "6020033.0": -1.785335008306715, "6020040.0": -0.6379371077445057, "6020131.0": 0.3207311790178536, "6020043.0": -1.7194448111963225, "6020032.0": -1.6195261824378888, "6020140.05": 1.5504654969644056, "6020140.01": 1.6389698479847241, "6020042.0": -0.9315165002943979, "6020133.0": 1.3631712123555733, "6020044.0": -0.8868477391915283, "6020045.0": -0.8629594253212534, "6020041.0": -0.3539781066829877, "6020046.0": 0.3265263105455805, "6020134.0": 1.4098758507920257, "6020542.0": -0.41508728585499277, "6020048.0": -0.6774821843939319, "6020132.0": 0.7963816805749238, "6020047.0": -0.04037794330388098, "6020141.01": 1.2681566062706944, "6020140.02": 0.42314766670666126, "6020550.0": 0.4233680347039749, "6020049.0": 0.25818438002908445, "6020050.02": -0.5400605543107038, "6020050.01": -0.1935899430991475, "6020142.04": 0.4704270679857206, "6020551.0": -0.07027509458073788, "6020141.02": 0.4044878154116536, "6020051.03": 0.5460608102046473, "6020051.02": 0.6386645539352126, "6020552.02": 0.9614993984685584, "6020553.0": 1.1930023625911719, "6020142.02": 0.4649733800201678, "6020552.01": -0.39114762216340654, "6020142.01": 0.08113042063840822, "6020560.05": -0.5001764122829135, "6020142.03": 0.4233252827824648, "6020560.14": -0.29112174857080086, "6020560.13": 1.2035841124845383, "6020150.02": 0.551681238500208, "6020560.15": -1.0060395494032264, "6020560.04": -0.8862014792854227, "6020560.12": 0.21874760512737276, "6020560.01": 0.17931116323482968, "6020590.03": 1.5152515241858944, "6020560.11": 0.6810493622559353, "6020051.01": 0.1665256182578407, "6020560.08": -0.3299835938060378, "6020560.09": -0.7511201405154023, "6020560.1": -0.5274147363636135, "6020585.0": 0.575777877232822, "6020570.0": -1.0192874221035895}