{"6020600.0": 0.7038990452975816, "6020700.0": 0.7103518806524624, "6020500.02": 1.4490946349001084, "6020100.02": 0.5580572639991044, "6020500.07": 1.1186979913573427, "6020500.04": 0.042941156363564326, "6020500.12": 0.8989818833884186, "6020500.13": -0.11861693691502338, "6020500.1": 0.32764880051376466, "6020100.01": -0.7186329876518959, "6020100.06": 0.32614023307571194, "6020500.01": 0.2907487996436249, "6020100.09": 0.1868708141614923, "6020100.1": 0.39793005868970194, "6020500.08": 1.3609483992638656, "6020110.08": -0.8009223987354392, "6020100.05": 0.7591614940366459, "6020500.09": 1.2178992525215575, "6020500.11": 0.4102344155423443, "6020501.01": 1.2810232974133866, "6020100.07": 0.8237267877553871, "6020101.02": 1.258595757395711, "6020501.02": 0.6425172893366962, "6020110.09": 0.7841514056998489, "6020102.01": 0.9624956243506759, "6020110.06": 0.8599593927968624, "6020501.03": 0.5733947072840233, "6020101.01": 0.5524387416190133, "6020520.05": 0.927720999812458, "6020510.03": -0.005900600219351267, "6020102.04": 0.995862540932588, "6020510.06": 0.732529955775132, "6020502.0": 1.2429235579455937, "6020102.02": 1.1078448780569128, "6020110.04": 0.2715614230197793, "6020110.02": 0.7280575719081732, "6020503.0": 1.1698505464262667, "6020102.03": 0.7823134237708905, "6020590.04": 0.15327391669385554, "6020103.0": 0.9735618761157814, "6020111.0": 0.23093396243092582, "6020004.02": 1.1274798821312084, "6020104.0": 0.4361910376204042, "6020522.02": 0.1802361700353777, "6020005.0": 0.33465564777693124, "6020521.01": -0.7256615090290274, "6020006.0": 1.2485089866970493, "6020521.02": -0.48062183572798073, "6020520.03": -1.5036488038410332, "6020002.0": 0.7031518683599672, "6020510.02": 1.1544812718070998, "6020004.01": 0.5176491526586507, "6020112.01": -0.033398421803803945, "6020001.0": 0.6482923280040299, "6020003.0": 2.0284400142215433, "6020112.02": 0.6943118554189479, "6020105.0": 0.21134060899615947, "6020009.0": 0.4230067608634462, "6020522.01": 1.0612825337616927, "6020010.0": 0.3347456102085254, "6020110.01": -0.33706159592586354, "6020007.0": 0.6457120719110313, "6020115.0": 0.6755010441498326, "6020114.0": 0.19633990199508994, "6020520.02": 0.05077497611968258, "6020008.0": -0.48214666976474235, "6020011.0": 2.0471750164210087, "6020113.0": 0.39195494407883835, "6020537.02": -0.8456306459295285, "6020537.01": 0.5097216832379053, "6020012.0": 1.4035036188235999, "6020120.01": 0.49616365090642395, "6020530.0": 0.25397078273879026, "6020520.04": -1.298715640079506, "6020534.0": 1.0865185067231546, "6020018.0": -0.40950936775502206, "6020017.0": -1.018719418390442, "6020015.0": 0.7068833293007605, "6020538.0": -0.26259807806636976, "6020016.0": 0.06426905910296725, "6020116.0": -0.3534511927034877, "6020014.0": 1.6541421281172912, "6020537.03": -0.40839543171515846, "6020533.0": 0.14827674377285832, "6020531.0": -0.9236511208918214, "6020120.05": -0.8510242351561984, "6020013.0": 0.38535177358310546, "6020535.0": 1.6160555711132691, "6020019.0": -1.129752602717279, "6020021.0": -1.1780820653458264, "6020020.0": -0.9984789819732286, "6020121.0": 1.6905570197878808, "6020536.0": 0.28972931741314156, "6020123.0": 0.19051766424596042, "6020540.04": 0.2541396372263201, "6020122.01": -0.31256554309159323, "6020532.0": 0.08741740769254612, "6020117.0": -0.9837980425943176, "6020120.04": 0.16484200852497902, "6020023.0": -1.1852388519718016, "6020022.0": -1.3161401584622077, "6020540.02": -1.0055277933380888, "6020120.03": 0.20393939234196545, "6020037.0": 0.15515237832490877, "6020540.03": -0.1981238302274613, "6020024.0": -1.5882515521200313, "6020028.0": -1.8745295053887676, "6020539.02": -0.9489003342417661, "6020140.04": 0.41809104032192407, "6020029.0": -1.2635076426298641, "6020025.0": -2.0965336580546, "6020030.0": -0.9509964291601037, "6020122.02": 1.4887729405693517, "6020036.0": -1.5505902216806813, "6020038.0": -0.7683204461375859, "6020540.01": -0.20328447634835753, "6020026.0": -2.051359217220971, "6020130.02": 0.6840620519598067, "6020027.0": -1.9103383708299162, "6020031.0": -1.3473909754061182, "6020539.01": -1.0769838861549865, "6020039.0": -1.2690942308220174, "6020034.0": -2.205618284244809, "6020130.01": 0.9066722094600583, "6020035.0": -2.1236814163694038, "6020033.0": -2.337760118356856, "6020040.0": -1.064138625575807, "6020131.0": -0.23211642279412575, "6020043.0": -2.1129332761597266, "6020032.0": -2.2513681968353803, "6020140.05": 1.771047001786788, "6020140.01": 1.4279415771465007, "6020042.0": -1.389579225973855, "6020133.0": 0.8323310564401564, "6020044.0": -1.347328316714926, "6020045.0": -1.6158058477117545, "6020041.0": -1.0823151998165728, "6020046.0": -0.37954802211586103, "6020134.0": 1.0807194367413835, "6020542.0": -0.9800220277278608, "6020048.0": -1.1514083703721845, "6020132.0": 0.13716659844068801, "6020047.0": -0.623213820203585, "6020141.01": 0.9880634862361131, "6020140.02": 0.5059662847930871, "6020550.0": 0.011430644742066653, "6020049.0": -0.2459733306966273, "6020050.02": -1.4081459250460602, "6020050.01": -0.9561610253575502, "6020142.04": 0.9784568732219068, "6020551.0": -0.5571107951821911, "6020141.02": 0.4740594148753094, "6020051.03": -0.20826625408061247, "6020051.02": -0.33965476631176417, "6020552.02": 0.28896462273823204, "6020553.0": 0.40524604385949625, "6020142.02": 0.6249933485397358, "6020552.01": -0.7807297697420492, "6020142.01": 0.5716748476300656, "6020560.05": -1.0803625573331446, "6020142.03": 0.6330303616797862, "6020560.14": -0.6365831318279227, "6020560.13": 1.5513800303015228, "6020150.02": 1.5760557294695858, "6020560.15": -1.3254805463608175, "6020560.04": -1.5179198911448388, "6020560.12": -0.15680276146388428, "6020560.01": -0.50431632514473, "6020590.03": 1.4014103452967768, "6020560.11": 0.5012990636536319, "6020051.01": -0.7347931661302581, "6020560.08": -0.7355009002073898, "6020560.09": -0.9843707077268564, "6020560.1": -0.9073317491901378, "6020585.0": 0.35102973997155135, "6020570.0": -1.1341554058982384}