{"6020600.0": 1.621681194063971, "6020700.0": 0.48676974600870127, "6020500.02": 1.3925873326097349, "6020100.02": 0.5940343466298607, "6020500.07": -0.12760891902266341, "6020500.04": -0.3221464546571945, "6020500.12": -0.3243288554580784, "6020500.13": -0.2453325037817214, "6020500.1": -0.9855986421848979, "6020100.01": -0.43871515300328534, "6020100.06": 0.15451250088252302, "6020500.01": -0.39724208266853767, "6020100.09": 0.31673817417383854, "6020100.1": 0.32829638782264964, "6020500.08": 0.44950463387585415, "6020110.08": 0.0164894766994952, "6020100.05": 0.764069701553596, "6020500.09": -0.7510994680620905, "6020500.11": -0.6876477613491588, "6020501.01": 0.39718809503756375, "6020100.07": 0.7760006004511193, "6020101.02": 0.5399075302197726, "6020501.02": -0.5281651277406118, "6020110.09": 0.9073392803443439, "6020102.01": 0.9586187507850297, "6020110.06": 0.9272389830221356, "6020501.03": 0.5909496523552302, "6020101.01": 0.2789364335844331, "6020520.05": 1.2146376798176777, "6020510.03": 0.08169502456080223, "6020102.04": 1.2537912521071621, "6020510.06": -0.37773973901652036, "6020502.0": 0.3995383209492024, "6020102.02": 1.0971661606823835, "6020110.04": 0.6574978989902938, "6020110.02": 0.9785210760389615, "6020503.0": 0.9732477842944207, "6020102.03": 1.0400382942426039, "6020590.04": 0.4645450410490479, "6020103.0": 1.274015731721249, "6020111.0": 0.7956005505884702, "6020004.02": 0.7592441245330848, "6020104.0": 0.9470695004444831, "6020522.02": 0.6558436416333171, "6020005.0": -0.19125677888893597, "6020521.01": 0.08884680263120708, "6020006.0": 0.7833511656249705, "6020521.02": 0.24914961907545732, "6020520.03": -0.48920037140026607, "6020002.0": 0.5021254882512088, "6020510.02": 0.9445586120466283, "6020004.01": 0.4880651807669234, "6020112.01": 0.6297234836034843, "6020001.0": 0.6255633970874741, "6020003.0": 1.0082840074610548, "6020112.02": 1.9052210115896973, "6020105.0": 0.7578595287905667, "6020009.0": 0.23320001157023923, "6020522.01": 1.2593663205942704, "6020010.0": 0.1292692942687821, "6020110.01": 0.19541963757053107, "6020007.0": 0.9375471943819043, "6020115.0": 0.5538677772905681, "6020114.0": 0.5929121289155415, "6020520.02": 0.9540769521930398, "6020008.0": -0.1537302255361305, "6020011.0": 0.8350718750413519, "6020113.0": 0.8086966818883247, "6020537.02": -0.0938108190211257, "6020537.01": 1.1672067420401178, "6020012.0": 0.5655626584707294, "6020120.01": 0.97736030074996, "6020530.0": 0.4728520335230893, "6020520.04": -0.33621253699427384, "6020534.0": 1.368689208692658, "6020018.0": -0.20461973227946684, "6020017.0": -0.673695188690417, "6020015.0": -0.3371341559529302, "6020538.0": 0.6749521959665805, "6020016.0": 0.0073959876656541175, "6020116.0": -0.2733005455198545, "6020014.0": 0.05592472538055395, "6020537.03": 0.2505078744320604, "6020533.0": 0.1666631188273859, "6020531.0": -0.31293223419039545, "6020120.05": -0.3316399536318954, "6020013.0": -0.3524732562397728, "6020535.0": 0.9294259194112312, "6020019.0": -1.182865116497677, "6020021.0": -1.2478346115059409, "6020020.0": -1.065642434160726, "6020121.0": 1.353075091069915, "6020536.0": 0.18458532539642994, "6020123.0": 0.581234631753767, "6020540.04": 0.6760427974194392, "6020122.01": 0.3327102382548104, "6020532.0": -0.24316301721912356, "6020117.0": -0.7293925206338694, "6020120.04": 1.1236228386770108, "6020023.0": -1.3578418191935522, "6020022.0": -1.5454273662683329, "6020540.02": -0.2447410388441337, "6020120.03": 0.9941268805766065, "6020037.0": 0.2429711401348849, "6020540.03": -0.24598467788417056, "6020024.0": -1.2107765684479241, "6020028.0": -1.9442639421359802, "6020539.02": -0.1763012175780488, "6020140.04": 1.0881733091608565, "6020029.0": -1.3989412338170655, "6020025.0": -1.8162891392028777, "6020030.0": -1.0875148794824874, "6020122.02": 1.6402767373283427, "6020036.0": -0.9996226117195653, "6020038.0": -0.4564256553191462, "6020540.01": 0.23389473542986577, "6020026.0": -1.809535986090224, "6020130.02": 0.6733066048254807, "6020541.0": 0.3280408663922356, "6020027.0": -1.930665886096709, "6020031.0": -1.4386991702427496, "6020539.01": -0.5183676394972625, "6020039.0": -0.5226150145888777, "6020034.0": -1.4355315903872476, "6020130.01": 0.9226702476214284, "6020035.0": -1.0758312233845602, "6020033.0": -1.9657298401393424, "6020040.0": -0.29285999662399265, "6020131.0": 0.31126912716492594, "6020043.0": -1.6466000135982055, "6020032.0": -2.1575471979901617, "6020140.05": 1.825955063136623, "6020140.01": 1.4049903621555244, "6020042.0": -0.34749829303829366, "6020133.0": 0.9319750646672447, "6020044.0": -1.2577923331275345, "6020045.0": -1.019576116186443, "6020041.0": -0.3938386039217345, "6020046.0": 0.22556767442828674, "6020134.0": 1.2522752989818209, "6020542.0": -1.441603475340833, "6020048.0": -0.9677689528127118, "6020132.0": 0.4732345766198288, "6020047.0": -0.3635541565818103, "6020141.01": 1.2393856473930338, "6020140.02": 0.6866882143296064, "6020550.0": 0.4382479899178336, "6020049.0": -0.6713979594123808, "6020050.02": -1.9710275140016407, "6020050.01": -1.6967171915132178, "6020142.04": 1.1139880126608837, "6020551.0": -0.2509113633512751, "6020141.02": 0.5330959038617424, "6020051.03": -1.1051047709461694, "6020051.02": -0.9723665591080436, "6020552.02": -0.3851250502000655, "6020553.0": 0.29306516674257316, "6020142.02": 1.1130836148858683, "6020552.01": -1.4278453164234197, "6020142.01": 0.7222922925928292, "6020560.05": -1.8905849277622402, "6020142.03": 1.0902349036344121, "6020560.14": -1.641777379783851, "6020560.13": 1.5133214107642556, "6020150.02": 1.4521275987728568, "6020560.15": -2.16977277936747, "6020560.04": -2.1158657401197623, "6020560.12": -0.369589208448726, "6020560.01": -1.7169432890964025, "6020590.03": 1.4359554951167859, "6020560.11": 0.03935832396410656, "6020051.01": -1.0280349398635675, "6020560.08": -2.3276525961808816, "6020560.09": -1.8154733601730233, "6020560.1": -1.4983907464237443, "6020585.0": -0.10419594928744995, "6020570.0": -2.0498245370955104}