{"6020600.0": 1.2927377010749876, "6020700.0": 1.3529015751541633, "6020500.02": 1.6827089681103424, "6020100.02": 1.5787290161382743, "6020500.07": 3.6143450792990746, "6020500.04": 1.8061274660442614, "6020500.12": 2.2954998202770382, "6020500.13": 1.752604914162934, "6020500.1": 3.1785144936250824, "6020100.01": -0.5935506869700994, "6020100.06": 1.8535217405278397, "6020500.01": 1.356342354878785, "6020100.09": 0.686663381647142, "6020100.1": 0.4665294412940703, "6020500.08": 2.8666897695981923, "6020110.08": 0.34437297362512687, "6020100.05": 0.2511881978590492, "6020500.09": 2.2861309762683697, "6020500.11": 1.4771871306467521, "6020501.01": 2.5435389365941794, "6020100.07": 0.5850982440703393, "6020101.02": 2.1829029480821522, "6020501.02": 2.2978249047686776, "6020110.09": 0.19433803538923625, "6020102.01": 0.41027807576671543, "6020110.06": 0.8226238731724921, "6020501.03": -0.21133333197984439, "6020101.01": 0.9455942943435646, "6020520.05": 0.1825653264093991, "6020510.03": -0.3030998709865217, "6020102.04": 0.38129176546546095, "6020510.06": 0.4238087609849378, "6020502.0": 0.25971356571780096, "6020102.02": 0.4914778648979072, "6020110.04": 0.13670403766968725, "6020110.02": 0.40787761375133863, "6020503.0": 0.05006853701161185, "6020102.03": -0.6965083935475156, "6020590.04": -0.29024266495515816, "6020103.0": -0.9691183478553717, "6020111.0": -1.1037192762461077, "6020004.02": -0.5325993759887284, "6020104.0": -0.8767190247164249, "6020522.02": -1.3601952054386868, "6020005.0": -0.053281809275153046, "6020521.01": -0.9243807422647504, "6020006.0": -0.7209416952910257, "6020521.02": -1.5498583622081672, "6020520.03": -1.8306343712639903, "6020002.0": -1.0326996888396949, "6020510.02": -0.9381898549775143, "6020004.01": -0.7288436174700511, "6020112.01": -0.8837260460188028, "6020001.0": -0.40193396584700813, "6020003.0": 0.1768472075564983, "6020112.02": -0.839485609407125, "6020105.0": -1.4098532209402175, "6020009.0": -0.5028964684868827, "6020522.01": -0.8913114015462987, "6020010.0": -0.6341554933648991, "6020110.01": -0.7306357473005419, "6020007.0": -1.3754232679165594, "6020115.0": -0.5543462656367094, "6020114.0": -0.8771388434649269, "6020520.02": -1.1525586970835493, "6020008.0": -0.7770906968176726, "6020011.0": 0.8020641090187987, "6020113.0": -0.9474481397255797, "6020537.02": -1.5213398790007282, "6020537.01": -1.1312967627656874, "6020012.0": -0.025717198926450344, "6020120.01": 0.5109853531075411, "6020530.0": -0.6187532304879079, "6020520.04": -0.24895976050767676, "6020534.0": -0.6748563245186344, "6020018.0": -0.4765329442991539, "6020017.0": -0.6981751630297605, "6020015.0": 0.7495221477435632, "6020538.0": -1.75659340227849, "6020016.0": 1.0313312248420072, "6020116.0": -0.876837972900881, "6020014.0": 0.6775125710345231, "6020537.03": -1.343651137997217, "6020533.0": -1.2637532258543032, "6020531.0": -1.4959720772610858, "6020120.05": 0.29054878535914175, "6020013.0": 0.4923748303517335, "6020535.0": -1.0259124037796838, "6020019.0": -1.0639658665155796, "6020021.0": 0.5066363508184865, "6020020.0": -0.4298984029642272, "6020121.0": 1.1130650358204632, "6020536.0": -0.6198381080383777, "6020123.0": -0.26466371681189876, "6020540.04": -0.7088272724538915, "6020122.01": -0.2879538594472062, "6020532.0": -0.867929630599537, "6020117.0": -0.5178143873914263, "6020120.04": 0.5912827243345529, "6020023.0": 0.5841205374571645, "6020022.0": 0.38047187118517034, "6020540.02": -1.3822063931685884, "6020120.03": 0.6980033620629984, "6020037.0": 0.48645176626658854, "6020540.03": -1.3657135408336034, "6020024.0": -0.3436453000549907, "6020028.0": 0.27514329225147766, "6020539.02": -1.471277268118989, "6020140.04": 0.08839309692044789, "6020029.0": 0.7120928831484113, "6020025.0": -0.15089948564658734, "6020030.0": 0.10913318438257122, "6020122.02": 1.2761559443190644, "6020036.0": -0.48529916054509237, "6020038.0": -0.1357437924559243, "6020540.01": -0.5182196555867357, "6020026.0": 0.5604770469043946, "6020130.02": 0.7514842725191558, "6020541.0": -1.1595364614458934, "6020027.0": 0.9061032379709688, "6020031.0": -0.637645337812628, "6020539.01": -1.4340863806163817, "6020039.0": -0.3989221159752077, "6020034.0": -0.6710469619519938, "6020130.01": 1.2785378050297125, "6020035.0": -0.5637062009279068, "6020033.0": -0.049085082054257476, "6020040.0": -0.21834589286000997, "6020131.0": -0.24568562004792494, "6020043.0": -0.2584869362904359, "6020032.0": -0.8956537723897688, "6020140.05": 1.5558030878879412, "6020140.01": 0.6988972090989989, "6020042.0": -0.40016149871387147, "6020133.0": 0.08850678025605135, "6020044.0": 0.2956480137344874, "6020045.0": -0.5189883324185531, "6020041.0": -0.8947139547399054, "6020046.0": -0.1408193324837025, "6020134.0": -0.5263862871686951, "6020542.0": -0.4848893709866125, "6020048.0": 0.20602445515434564, "6020132.0": -0.20081028356927172, "6020047.0": -0.38500528534344747, "6020141.01": -0.39272351715458637, "6020140.02": 0.1590990195800661, "6020550.0": -0.88881115319338, "6020049.0": 0.12744962989014547, "6020050.02": -0.1955829659381795, "6020050.01": 0.65113721501318, "6020142.04": -0.4023917096686747, "6020551.0": -0.926740299539805, "6020141.02": -0.9617071324437052, "6020051.03": -0.030617613218211385, "6020051.02": -0.13719506981624646, "6020552.02": -0.3988867478495756, "6020553.0": -0.5547824328917951, "6020142.02": -0.2765862567576404, "6020552.01": -0.12991923047316542, "6020142.01": -0.8601816795418595, "6020560.05": 0.2615460552766901, "6020142.03": -0.623747172373391, "6020560.14": 1.2631989515118736, "6020560.13": -0.7247243850468927, "6020150.02": -0.3333812787730953, "6020560.15": 0.4239284181541971, "6020560.04": 0.7378799476781119, "6020560.12": -0.28455995995106753, "6020560.01": 0.3680463862570609, "6020590.03": 0.5032122361542345, "6020560.11": -0.007063750206762592, "6020051.01": -0.11027625687714106, "6020560.08": 2.348767255229593, "6020560.09": 0.9551531463508041, "6020560.1": 0.5679120205691864, "6020585.0": -0.7456763306259697, "6020570.0": 0.8162473056800655}