{"6020600.0": 1.2703946611577532, "6020700.0": 1.3742222706951452, "6020500.02": 1.7096893891039016, "6020100.02": 1.9006518736311708, "6020500.07": 2.3188710548334077, "6020500.04": 0.8698808490086021, "6020500.12": 2.352995170027983, "6020500.13": 1.5943371236902393, "6020500.1": 1.946530339332545, "6020100.01": -0.22154523907226564, "6020100.06": 1.0888944031870484, "6020500.01": 0.9680326203482411, "6020100.09": 1.5683674632798026, "6020100.1": 1.1490806094214032, "6020500.08": 2.8270490928613277, "6020110.08": 0.29419706763353604, "6020100.05": 0.8255572839929795, "6020500.09": 3.0344985887806977, "6020500.11": 1.6530638839496394, "6020501.01": 1.5976509054869912, "6020100.07": 1.159730346091972, "6020101.02": 0.9723259636190197, "6020501.02": 1.3930543930484953, "6020110.09": 0.8799152799479726, "6020102.01": 0.8763624346942773, "6020110.06": 1.100091339413305, "6020501.03": -0.15125352660114033, "6020101.01": -0.2636981736307838, "6020520.05": 1.0358412751699078, "6020510.03": 0.16452703559684728, "6020102.04": 0.6061260660828578, "6020510.06": 1.242307250111273, "6020502.0": 1.006486886720893, "6020102.02": 0.3628800025229806, "6020110.04": 0.7909932296862116, "6020110.02": -0.0996710613254482, "6020503.0": -0.2375083700465037, "6020102.03": -0.24350014009600318, "6020590.04": 0.497778922061912, "6020103.0": -0.5487617130775108, "6020111.0": -0.43856791030778475, "6020004.02": 0.20883227856679712, "6020104.0": -0.5697869188178751, "6020522.02": -1.0033968187723974, "6020005.0": 0.030586381621119273, "6020521.01": -1.2135669248748764, "6020006.0": 0.5346049439435647, "6020521.02": -1.3210316419685941, "6020520.03": -1.7816123015070724, "6020002.0": -0.5549814345637388, "6020510.02": -0.25394276301316443, "6020004.01": -0.04845937366358578, "6020112.01": -0.6039433752820204, "6020001.0": -0.6189934867286595, "6020003.0": 0.4860593727806041, "6020112.02": 0.7299684190719476, "6020105.0": -1.131599206496314, "6020009.0": 0.14140193609356821, "6020522.01": -0.0665189073829426, "6020010.0": -0.21432084206328877, "6020110.01": -0.6002220979433586, "6020007.0": -0.7148624707228899, "6020115.0": -0.36050712476115826, "6020114.0": -1.004555255452972, "6020520.02": -0.7825954103521984, "6020008.0": -0.5611750814108635, "6020011.0": 1.1273374943785714, "6020113.0": -0.7342113207731356, "6020537.02": -1.8850417570263334, "6020537.01": -0.8641004231105972, "6020012.0": 0.3981267903936531, "6020120.01": 0.4587254983985469, "6020530.0": -0.5326287647406287, "6020520.04": -0.7133051469951978, "6020534.0": 0.10869083108927476, "6020018.0": -0.4450530824721072, "6020017.0": -0.6161388201825365, "6020015.0": 0.3255559120681327, "6020538.0": -1.5060497620615112, "6020016.0": 0.5654856182786963, "6020116.0": -1.357263565210908, "6020014.0": 0.5153787358771738, "6020537.03": -1.5379591722421881, "6020533.0": -1.5727537366695594, "6020531.0": -1.8400455505909548, "6020120.05": -0.2972547741327246, "6020013.0": 0.09416454956528199, "6020535.0": -0.877575100550266, "6020019.0": -1.6604902127365595, "6020021.0": -0.38019561430314086, "6020020.0": -0.5951688319091669, "6020121.0": 1.5578117789084394, "6020536.0": -1.1029228904367931, "6020123.0": 0.11709282257802067, "6020540.04": -0.476213307985953, "6020122.01": -0.6073323582597464, "6020532.0": -1.3182220777745748, "6020117.0": -1.2762874253123104, "6020120.04": 1.2632635538812542, "6020023.0": -0.572221974437248, "6020022.0": -0.4973026248186196, "6020540.02": -1.814509308452732, "6020120.03": 0.6928920651741425, "6020037.0": 0.592339149131463, "6020540.03": -1.335502500997816, "6020024.0": -1.188213790109762, "6020028.0": -0.6508480874669121, "6020539.02": -1.677639125417908, "6020140.04": 0.8548411240920074, "6020029.0": -0.23065479900088515, "6020025.0": -1.4137769641336138, "6020030.0": -0.1935579747318567, "6020122.02": 1.579585306849186, "6020036.0": -1.0914214985576454, "6020038.0": -1.0144143539287624, "6020540.01": -0.7395362704242494, "6020026.0": -0.7263112353067206, "6020130.02": 0.9008714839796743, "6020541.0": -1.0333805434037693, "6020027.0": -0.4226894473727335, "6020031.0": -1.385721852538129, "6020539.01": -1.769164811904792, "6020039.0": -1.4050420658318283, "6020034.0": -1.2669651106507611, "6020130.01": 0.5130330369183204, "6020035.0": -1.6839443624733346, "6020033.0": -0.8261619227217872, "6020040.0": -1.0135907401622897, "6020131.0": -0.6581890133867487, "6020043.0": -0.8529305992325323, "6020032.0": -1.3755821516369797, "6020140.05": 1.9367881964393188, "6020140.01": 1.0639714283772899, "6020042.0": -0.5622916603536189, "6020133.0": 0.03095718446949151, "6020044.0": 0.23832212330578953, "6020045.0": -0.7409534625539282, "6020041.0": -1.2577169896495022, "6020046.0": -0.10186632852500237, "6020134.0": -0.07640699374957297, "6020542.0": -0.6862295968456142, "6020048.0": 0.18209987013889192, "6020132.0": -0.6515463932617644, "6020047.0": -0.012328983157368833, "6020141.01": 0.0868786984473968, "6020140.02": 0.49957898654741656, "6020550.0": -0.49933984138369736, "6020049.0": 0.7200743384470726, "6020050.02": 0.058780370396360845, "6020050.01": 0.5538585887363411, "6020142.04": 0.3187197503694066, "6020551.0": -0.7497743980978712, "6020141.02": -0.6187472445202392, "6020051.03": 0.9674123677738294, "6020051.02": 0.408343112402069, "6020552.02": 0.3597221720209287, "6020553.0": -0.03570385686729776, "6020142.02": 0.3662999235316286, "6020552.01": -0.22797914056696894, "6020142.01": -0.4562533891653361, "6020560.05": 0.12217969163165115, "6020142.03": -0.12144165394908142, "6020560.14": 0.45835985399164036, "6020560.13": 0.5754267702157083, "6020150.02": 0.9891606684789538, "6020560.15": 0.15284531160205375, "6020560.04": 0.1337620867058355, "6020560.12": -0.534683320386969, "6020560.01": 1.2603303336985194, "6020590.03": 0.8927772245203863, "6020560.11": 0.6155521016898204, "6020051.01": 0.027689581738065457, "6020560.08": 1.4520508162952792, "6020560.09": 1.0424884973009403, "6020560.1": 0.197969082472368, "6020585.0": -0.15600091033143257, "6020570.0": 0.19389526730367285}