{"6020600.0": -0.9202594268138105, "6020700.0": -0.17752681735993678, "6020500.02": -0.04664115902452673, "6020100.02": -0.11752091092508116, "6020500.07": 1.082115323717351, "6020500.04": 0.05462248137320517, "6020500.12": 0.29478086828473454, "6020500.13": -0.381459323223188, "6020500.1": 1.211913912832146, "6020100.01": -0.779053149272666, "6020100.06": 0.10055179940914237, "6020500.01": 0.46820857669861515, "6020100.09": -0.7528680163918885, "6020100.1": -0.7462914701351121, "6020500.08": 0.3008431604109691, "6020110.08": -0.9927213497961581, "6020100.05": -0.5411602438577486, "6020500.09": 0.8051846838704797, "6020500.11": 0.06307445336307851, "6020501.01": 0.8051073064101657, "6020100.07": -0.563022582431047, "6020101.02": 1.0206514815667027, "6020501.02": 0.9045695956258069, "6020110.09": -0.7343032174853094, "6020102.01": -0.32514693823742324, "6020110.06": -0.21874759358750565, "6020501.03": -0.295387303259578, "6020101.01": 0.5330462912357793, "6020520.05": -0.47533678825942866, "6020510.03": -0.5338414507397901, "6020102.04": -0.38983234593695243, "6020510.06": 0.15707163648264355, "6020502.0": 0.16994379594084152, "6020102.02": 0.4190513548435936, "6020110.04": -0.7437741497106745, "6020110.02": -0.07136128334618487, "6020503.0": 0.16146732009774376, "6020102.03": -0.43219763774038816, "6020590.04": -0.8517459726694122, "6020103.0": -0.21288860626754524, "6020111.0": -0.8272113874005089, "6020004.02": -0.18139502358311446, "6020104.0": -0.5386941962475348, "6020522.02": -0.7030864478204322, "6020005.0": 0.05025091497147404, "6020521.01": -1.125979309624525, "6020006.0": -0.3529144029281349, "6020521.02": -1.0091458872590662, "6020520.03": -1.2997222316370691, "6020002.0": 0.42855761971290124, "6020510.02": -0.09085338928114527, "6020004.01": -0.22208465147902431, "6020112.01": -0.7281300371929299, "6020001.0": 0.5527351974216423, "6020003.0": 1.3825546227575214, "6020112.02": -0.4806029574683326, "6020105.0": -0.4259858139044525, "6020009.0": -0.15095734346904052, "6020522.01": -0.2651374858875944, "6020010.0": 0.9240284015032391, "6020110.01": -0.32869869168903965, "6020007.0": -0.506230225180003, "6020115.0": 1.3669245795423406, "6020114.0": 0.22688401521856716, "6020520.02": -1.039120158760961, "6020008.0": -0.3830186532309265, "6020011.0": 4.044771599370472, "6020113.0": 0.17718830712786676, "6020537.02": -1.145106100709223, "6020537.01": -0.5257197559367903, "6020012.0": 2.546259884171337, "6020120.01": -0.6842093339383732, "6020530.0": -0.3895517778551089, "6020520.04": -1.0459986763402782, "6020534.0": -0.003839788699285679, "6020018.0": -0.10272571844521892, "6020017.0": 0.17310174208812304, "6020015.0": 3.153616813945617, "6020538.0": -1.1282510020128176, "6020016.0": 3.2709427438251533, "6020116.0": 0.4862592713554788, "6020014.0": 4.3963866832846, "6020537.03": -0.9031650455940289, "6020533.0": -0.6048126066568863, "6020531.0": -0.9044659067762744, "6020120.05": -0.38382498853631397, "6020013.0": 3.874683966613349, "6020535.0": 0.33919089429365445, "6020019.0": -0.6916868572458148, "6020021.0": 1.6892630272226021, "6020020.0": -0.03689650293163545, "6020121.0": -0.3554166307959971, "6020536.0": -0.28934447913538086, "6020123.0": -0.2774971541474964, "6020540.04": -0.28031660708101963, "6020122.01": -0.7884734367701608, "6020532.0": -0.37898284068946175, "6020117.0": 0.5057909605362715, "6020120.04": -0.6201483401086401, "6020023.0": 3.724114063006952, "6020022.0": 2.7127872533423583, "6020540.02": -1.006482812166078, "6020120.03": -0.5146655887746446, "6020037.0": 0.15706849185986935, "6020540.03": -0.3908001797705108, "6020024.0": 1.1288255746910443, "6020028.0": 1.4382222990163795, "6020539.02": -1.0092418468829318, "6020140.04": -0.6389962341574511, "6020029.0": 0.7563635620770924, "6020025.0": 1.8182577409752712, "6020030.0": 0.4013273324236347, "6020122.02": -0.4364625655017267, "6020036.0": 0.6878100497421096, "6020038.0": 0.0009531774810905664, "6020540.01": -0.3964548900384231, "6020026.0": 2.0665182673570444, "6020130.02": -0.07086393894815123, "6020027.0": 1.5435298396458275, "6020031.0": -0.33381851582286853, "6020539.01": -0.8711414082428168, "6020039.0": 0.22776498323683703, "6020034.0": 0.90504635505528, "6020130.01": 0.3470457684992851, "6020035.0": 0.1934975237838147, "6020033.0": 0.7248215053128008, "6020040.0": 0.1996803951058039, "6020131.0": -0.06824348115784776, "6020043.0": 0.8255279839919188, "6020032.0": -0.43439324238208776, "6020140.05": -0.38388991774271924, "6020140.01": -0.13206372453094561, "6020042.0": 0.5133372670585664, "6020133.0": -0.19963795533734813, "6020044.0": 0.6749393818750884, "6020045.0": 0.24541193997397978, "6020041.0": -0.18513682057005454, "6020046.0": 0.40830947637049864, "6020134.0": -0.5337155196639837, "6020542.0": -0.2376918531570201, "6020048.0": 0.3722896391248659, "6020132.0": -0.2192119949300894, "6020047.0": 0.29199199785913116, "6020141.01": -0.2124557938231883, "6020140.02": -0.6795986190022119, "6020550.0": -0.06411197105962245, "6020049.0": 0.135558454536735, "6020050.02": -0.3161614096044005, "6020050.01": -0.37127713295772197, "6020142.04": -0.227869116958558, "6020551.0": -0.42017384416393555, "6020141.02": -0.006040051036696238, "6020051.03": -0.5560495575019184, "6020051.02": -0.9040806093038155, "6020552.02": -0.36193587186319165, "6020553.0": -0.7045919291643222, "6020142.02": -0.4273646204345909, "6020552.01": -0.9295866893205837, "6020142.01": -0.5716989909348028, "6020560.05": -0.5994647823668171, "6020142.03": -0.6676134488700978, "6020560.14": -0.8183320726640696, "6020560.13": -0.42061421280440753, "6020150.02": 0.10392139765221298, "6020560.15": -0.948655402207307, "6020560.04": -0.769703180679015, "6020560.12": -0.744083087451055, "6020560.01": -0.6540522432155585, "6020590.03": -0.5944858936555618, "6020560.11": -0.6579055740262151, "6020051.01": -1.009271387601959, "6020560.08": -0.8448984131584241, "6020560.09": -1.0122444220626765, "6020560.1": -0.9574063348359987, "6020585.0": -1.0386731060166068, "6020570.0": -0.6907151687363577}