{"6020600.0": -0.9587178695438957, "6020700.0": -0.7400411926423144, "6020500.02": -0.3989540510136635, "6020100.02": -0.6938273223298043, "6020500.07": 0.5550742010095813, "6020500.04": -0.4151631101944933, "6020500.12": -0.33826404280116246, "6020500.13": -1.3082810949427874, "6020500.1": 0.21486369440422895, "6020100.01": -1.3111992645775703, "6020100.06": -0.28001645071228765, "6020500.01": -0.137949949768491, "6020100.09": -1.48342034100301, "6020100.1": -1.1461535581168592, "6020500.08": -0.5821749357225342, "6020110.08": -1.8277099342707865, "6020100.05": -0.549886579172063, "6020500.09": -0.28832040737077097, "6020500.11": -0.7791105323398639, "6020501.01": 0.8489043882854256, "6020100.07": -0.6002326214892496, "6020101.02": 1.5138288294858915, "6020501.02": 0.3668685465742129, "6020110.09": -0.544223552147717, "6020102.01": -0.13029921688876445, "6020110.06": 0.18083563007016396, "6020501.03": -0.14138038429189587, "6020101.01": 1.0005518109920735, "6020520.05": -0.8770206976798055, "6020510.03": -0.9513926369394455, "6020102.04": -0.021529531933579423, "6020510.06": -0.13227634119786905, "6020502.0": 0.42796349941014494, "6020102.02": 1.4000369829703239, "6020110.04": -0.9905603552691151, "6020110.02": 0.7203260385916456, "6020503.0": 1.0518597926165214, "6020102.03": 0.40956941062192714, "6020590.04": -0.7669643896800368, "6020103.0": 0.5882281140451783, "6020111.0": -0.07287005323857554, "6020004.02": 0.47398382242115705, "6020104.0": -0.08513334471345098, "6020522.02": -0.9952093760203456, "6020005.0": 0.27475375624647386, "6020521.01": -1.3772340917718167, "6020006.0": -0.2600255687939543, "6020521.02": -1.157809356499804, "6020520.03": -1.9765519397811921, "6020002.0": 0.9641088509027201, "6020510.02": 0.07848419316998546, "6020004.01": 0.22614710491210518, "6020112.01": -0.3073502083634183, "6020001.0": 0.7043407219324131, "6020003.0": 2.5158973787740777, "6020112.02": 0.6439832824001157, "6020105.0": 0.34116523118226727, "6020009.0": 0.03891710023505071, "6020522.01": 0.22129456510943601, "6020010.0": 0.9884228669953822, "6020110.01": -0.06849347417229142, "6020007.0": -0.2869917431370306, "6020115.0": 1.7256288766086887, "6020114.0": 0.7474929718651694, "6020520.02": -1.0635437357713209, "6020008.0": -0.6317558621781476, "6020011.0": 4.39528437163088, "6020113.0": 0.909923984337806, "6020537.02": -0.9408199126550674, "6020537.01": -0.13609652311231468, "6020012.0": 3.0337508805422124, "6020120.01": -0.4058873228611153, "6020530.0": -0.0643546453727967, "6020520.04": -1.683925046946673, "6020534.0": 0.399700248161817, "6020018.0": -0.1509656122858864, "6020017.0": -0.4409982051907509, "6020015.0": 2.774767134972583, "6020538.0": -0.8718616561367033, "6020016.0": 2.061456735747081, "6020116.0": 0.7379903983580947, "6020014.0": 4.337954441376659, "6020537.03": -0.32189980403632884, "6020533.0": 0.14810074121389588, "6020531.0": -0.8669349642613022, "6020120.05": -0.8520195386222814, "6020013.0": 3.2869805067022635, "6020535.0": 1.1864598893922866, "6020019.0": -0.7126022585190945, "6020021.0": 0.6800188801928785, "6020020.0": -0.40928754636047143, "6020121.0": 0.17401596541480824, "6020536.0": 0.33972597374049895, "6020123.0": -0.2954108564351957, "6020540.04": 0.25643055344369, "6020122.01": -0.6994959228185086, "6020532.0": -0.15135977924929753, "6020117.0": 0.3346561376013281, "6020120.04": -1.0211570065012237, "6020023.0": 1.7805687721001657, "6020022.0": 1.2020698231917235, "6020540.02": -0.7747298855231098, "6020120.03": -0.9498102370640743, "6020037.0": 0.7078592879749477, "6020540.03": -0.28118876469532333, "6020024.0": 0.07640253376078798, "6020028.0": 0.14295850313549982, "6020539.02": -1.0333128847410051, "6020140.04": -0.6712310277976642, "6020029.0": 0.037022106307734164, "6020025.0": 0.20947659277737246, "6020030.0": 0.009398859492598319, "6020122.02": 0.09334212357879462, "6020036.0": 0.27535897359469186, "6020038.0": 0.31443304363309527, "6020540.01": 0.05300772848682251, "6020026.0": 0.33428671611986094, "6020130.02": 0.7159959363599979, "6020027.0": 0.15928270314112886, "6020031.0": -0.5981519879178401, "6020539.01": -0.9375202131150944, "6020039.0": -0.23641212379391086, "6020034.0": -0.1287581320532124, "6020130.01": 1.1906920184836522, "6020035.0": -0.6346936954904238, "6020033.0": -0.3213119693735705, "6020040.0": 0.2594375785414029, "6020131.0": 0.4070867015398857, "6020043.0": -0.32671167040702753, "6020032.0": -0.9997683350386783, "6020140.05": 0.2779279273629329, "6020140.01": 0.8765823704118592, "6020042.0": 0.20137019879361429, "6020133.0": 0.5394078819043492, "6020044.0": -0.09058252828920473, "6020045.0": -0.24504972577653716, "6020041.0": -0.24993445172881368, "6020046.0": 0.5173954386586386, "6020134.0": 0.6473422050317934, "6020542.0": -0.7944826429673427, "6020048.0": 0.001838547300729001, "6020132.0": 0.4853991714028007, "6020047.0": 0.30807052504025767, "6020141.01": 0.6438144156966057, "6020140.02": -0.13704919842912963, "6020550.0": 0.674622074646277, "6020049.0": 0.2633462182702088, "6020050.02": -0.7488979460867896, "6020050.01": -0.7962842348403825, "6020142.04": 0.43984727093773346, "6020551.0": 0.06839704294056838, "6020141.02": 1.284775342121473, "6020051.03": -1.041404731712, "6020051.02": -0.9332357324466546, "6020552.02": 0.32758492876726336, "6020553.0": -0.058570026246583015, "6020142.02": -0.4355600219313576, "6020552.01": -0.7689316356751416, "6020142.01": 0.9563861026938013, "6020560.05": -0.7573987260809404, "6020142.03": -0.016458935430494648, "6020560.14": -0.36912039522485307, "6020560.13": 1.4125815454919353, "6020150.02": 1.0889266145353398, "6020560.15": -1.154613353231603, "6020560.04": -1.2080269486560073, "6020560.12": -0.01939444939740683, "6020560.01": -1.3706207823911405, "6020590.03": 0.15645311171196927, "6020560.11": 0.017574304456814654, "6020051.01": -1.4118082294333862, "6020560.08": -1.310821163189124, "6020560.09": -1.8294668730741297, "6020560.1": -1.1553700575862356, "6020585.0": -1.1726173038403938, "6020570.0": -0.7666550045353957}