{"6020600.0": -0.12009764208741959, "6020700.0": 0.15400185629870958, "6020500.02": 0.23400978712406245, "6020100.02": 0.09737652302940147, "6020500.07": 0.5340943562622777, "6020500.04": 0.07452049598047664, "6020500.12": 0.7623247545824446, "6020500.13": 0.4052936055803349, "6020500.1": 0.6622831388544136, "6020100.01": -0.22125487775394356, "6020100.06": -0.06458175713096174, "6020500.01": 0.21201953412614735, "6020100.09": 0.09231364033816697, "6020100.1": -0.08867940222028509, "6020500.08": 0.6455951219923431, "6020110.08": -0.1581778706737653, "6020100.05": -0.26834567147047306, "6020500.09": 0.8340901883849453, "6020500.11": 0.6847447515580661, "6020501.01": 0.26720466309472435, "6020100.07": -0.06953359045530424, "6020101.02": 0.0302046661490506, "6020501.02": 0.4836436964492856, "6020110.09": -0.27198867406038185, "6020102.01": -0.27363619888013413, "6020110.06": -0.14308777654268326, "6020501.03": -0.2562509085700037, "6020101.01": -0.22918699673357856, "6020520.05": -0.32511601613465047, "6020510.03": -0.24319266977997217, "6020102.04": -0.4708146041186508, "6020510.06": 0.251623411204904, "6020502.0": 0.06168031259803676, "6020102.02": -0.4312593635288322, "6020110.04": -0.22862667962301947, "6020110.02": -0.5023865560428097, "6020503.0": -0.33743675427341335, "6020102.03": -0.6057440682441769, "6020590.04": -0.26844132326569675, "6020103.0": -0.6815113752231425, "6020111.0": -0.5896254176232606, "6020004.02": -0.48446503037569855, "6020104.0": -0.6136223903621443, "6020522.02": -0.6379372162914005, "6020005.0": -0.3230534092779711, "6020521.01": -0.5383347463227209, "6020006.0": -0.5075012963659262, "6020521.02": -0.6042064316236947, "6020520.03": -0.5754101411731986, "6020002.0": -0.4847055917844006, "6020510.02": -0.5951154825438204, "6020004.01": -0.4905540804123557, "6020112.01": -0.5812625714517148, "6020001.0": -0.5089457872918504, "6020003.0": -0.4278301775560146, "6020112.02": -0.5852525018512681, "6020105.0": -0.7149030333672765, "6020009.0": -0.4620404607367387, "6020522.01": -0.5683003400191439, "6020010.0": -0.5023914789331707, "6020110.01": -0.5395445090121622, "6020007.0": -0.6707022747370848, "6020115.0": -0.47559229925864177, "6020114.0": -0.6439350835430646, "6020520.02": -0.6404391666986947, "6020008.0": -0.5145323752457659, "6020011.0": -0.3077987799322483, "6020113.0": -0.6233205339452924, "6020537.02": -0.589711961392271, "6020537.01": -0.6435785446689997, "6020012.0": -0.4445887455344231, "6020120.01": -0.013214212541584353, "6020530.0": -0.5602727001642344, "6020520.04": -0.3466735336104744, "6020534.0": -0.6096665273300945, "6020018.0": -0.45059606316512546, "6020017.0": -0.4366344517800103, "6020015.0": -0.3134533745886178, "6020538.0": -0.7249608661388944, "6020016.0": -0.37457091138478543, "6020116.0": -0.5235478743384766, "6020014.0": -0.25831695959930767, "6020537.03": -0.6759673665662446, "6020533.0": -0.6086527251329705, "6020531.0": -0.6677387176995794, "6020120.05": -0.4024064784235574, "6020013.0": -0.37794952827847433, "6020535.0": -0.6188445115090992, "6020019.0": -0.48750078297249655, "6020021.0": -0.36998159506257633, "6020020.0": -0.4528584358810421, "6020121.0": 0.4789474174110822, "6020536.0": -0.5421971068687886, "6020123.0": -0.5102127843159237, "6020540.04": -0.5100934727140913, "6020122.01": -0.5366124407460066, "6020532.0": -0.5648401243289818, "6020117.0": -0.47616633940928393, "6020120.04": -0.33647606119527584, "6020023.0": -0.3617410305694586, "6020022.0": -0.3405289376088713, "6020540.02": -0.6023606507307243, "6020120.03": -0.4240670877138503, "6020037.0": 0.1660529312174991, "6020540.03": -0.5759653972735499, "6020024.0": -0.4404152299243787, "6020028.0": -0.3018641450417142, "6020539.02": -0.6061020195741469, "6020140.04": 0.006130163320882284, "6020029.0": -0.38623289353052576, "6020025.0": -0.3932785661805562, "6020030.0": -0.40609518294578056, "6020122.02": 0.29351987250758743, "6020036.0": -0.46416048114904707, "6020038.0": -0.36093862469713034, "6020540.01": -0.5712751875323169, "6020026.0": -0.3613577288796815, "6020130.02": 0.5567030184999759, "6020541.0": -0.6117695570964129, "6020027.0": -0.3087449421751246, "6020031.0": -0.4532351666736036, "6020539.01": -0.5727854375646502, "6020039.0": -0.5780048918119592, "6020034.0": -0.4475865881256813, "6020130.01": 0.14094456530984262, "6020035.0": -0.45137768446451243, "6020033.0": -0.34677833533172653, "6020040.0": -0.476383014906124, "6020131.0": -0.526123596508714, "6020043.0": -0.4136717378057209, "6020032.0": -0.35558369099334497, "6020140.05": 0.6671654594756925, "6020140.01": 0.25511102612343245, "6020042.0": -0.45386480797488565, "6020133.0": -0.01502524035475009, "6020044.0": -0.3140329841708546, "6020045.0": -0.48967710227175915, "6020041.0": -0.5894498986676324, "6020046.0": -0.5406452224051949, "6020134.0": -0.088737498709934, "6020542.0": 0.12048268703188586, "6020048.0": -0.3593019908648547, "6020132.0": -0.5635272362162319, "6020047.0": -0.5325548439902686, "6020141.01": -0.32282537490586405, "6020140.02": 0.30107455773544917, "6020550.0": -0.44587498724429503, "6020049.0": -0.11070301713507577, "6020050.02": 0.634261566816358, "6020050.01": 1.998477743703036, "6020142.04": -0.3082933568820143, "6020551.0": -0.43130649781147895, "6020141.02": -0.5044833281776424, "6020051.03": 2.8750037090092455, "6020051.02": 2.7964936268794496, "6020552.02": 0.26810289395248704, "6020553.0": 0.07020959191877618, "6020142.02": -0.17292786430530635, "6020552.01": 1.2117643065843469, "6020142.01": -0.5490370604124446, "6020560.05": 1.2670231002647385, "6020142.03": -0.30127409724455095, "6020560.14": 2.7158128808589095, "6020560.13": -0.014283990099413658, "6020150.02": 0.14529905960798298, "6020560.15": 3.2914682538941586, "6020560.04": 2.1464247196429516, "6020560.12": 0.617480436831701, "6020560.01": 4.757803513514827, "6020590.03": 0.4190205172495399, "6020560.11": 1.0755603519916133, "6020051.01": 1.9005283172378866, "6020560.08": 5.602438210926216, "6020560.09": 4.360540517752527, "6020560.1": 2.4582754491470284, "6020585.0": 1.7796783846993909, "6020570.0": 3.280389433821165}