{"6020600.0": 0.43853637345249424, "6020700.0": 0.43524039912824136, "6020500.02": 0.07064395778124707, "6020100.02": 0.8363267094763737, "6020500.07": 0.5708320751288049, "6020500.04": 0.2595863309958063, "6020500.12": 0.6818432386374603, "6020500.13": 1.1187462235796022, "6020500.1": 0.7086411291486517, "6020100.01": 0.262918230749716, "6020100.06": 0.28536749509891746, "6020500.01": 0.03934516806687761, "6020100.09": 1.1047339133807366, "6020100.1": 0.5723467622894424, "6020500.08": 0.5301343552066197, "6020110.08": 0.8661235877457006, "6020100.05": -0.2291075808267388, "6020500.09": 1.0151235070924611, "6020500.11": 0.6019780266083903, "6020501.01": -0.30813187182954654, "6020100.07": 0.05539985933197428, "6020101.02": -0.7616941816722571, "6020501.02": 0.0996632478738059, "6020110.09": 0.03893905606820194, "6020102.01": -0.2762086599822438, "6020110.06": 0.027164003971996895, "6020501.03": -0.8464971739275113, "6020101.01": -1.0264633662408553, "6020520.05": -0.29080581278488227, "6020510.03": -0.000278888059730042, "6020102.04": -0.6101866113878183, "6020510.06": 0.06505827777232116, "6020502.0": -0.5124661878446624, "6020102.02": -0.8133815224091885, "6020110.04": 0.35220514319537566, "6020110.02": -0.7820266417137626, "6020503.0": -1.398980629944057, "6020102.03": -1.186039119535354, "6020590.04": 0.43382651397579436, "6020103.0": -1.3512712983410495, "6020111.0": -0.5759826712642316, "6020004.02": -1.0004143167250528, "6020104.0": -0.9465824842678676, "6020522.02": -0.8421764276652112, "6020005.0": -0.5300895097034425, "6020521.01": -0.4139795754331752, "6020006.0": -0.7335628850164398, "6020521.02": -0.648028587529938, "6020520.03": -0.10468200473477238, "6020002.0": -1.2956981144681636, "6020510.02": -0.9021955694724129, "6020004.01": -0.7898160814486218, "6020112.01": -0.2721860867816231, "6020001.0": -1.3044029081707156, "6020003.0": -1.5306585907872161, "6020112.02": 0.1805925755143181, "6020105.0": -1.2953415740808523, "6020009.0": -0.5452185711842773, "6020522.01": -1.1290545631137254, "6020010.0": -0.9325498450018083, "6020110.01": -0.36841054391392075, "6020007.0": -1.32646584489298, "6020115.0": -1.369855931107744, "6020114.0": -1.3314593959874865, "6020520.02": -0.8641238470089586, "6020008.0": -0.40653925246537564, "6020011.0": -1.4729885972076637, "6020113.0": -1.067571575971153, "6020537.02": -1.138537315956777, "6020537.01": -1.248521529171592, "6020012.0": -1.4214427564346162, "6020120.01": 0.04378944436071169, "6020530.0": -0.679872992527479, "6020520.04": 0.09952637504364395, "6020534.0": -0.8319940028249676, "6020018.0": -0.2840874639332143, "6020017.0": -0.02832293868184402, "6020015.0": -0.8862455187781052, "6020538.0": -1.0144137570073744, "6020016.0": -0.08388344234687971, "6020116.0": -1.3725715507872573, "6020014.0": -1.906420686902336, "6020537.03": -1.085120505996263, "6020533.0": -1.2727087907274124, "6020531.0": -1.0006741750261203, "6020120.05": 0.2529403609182974, "6020013.0": -0.9012251111182706, "6020535.0": -1.4402002880588267, "6020019.0": -0.39824924501347125, "6020021.0": 0.4065574884268555, "6020020.0": 0.42463125401613727, "6020121.0": -0.14671115582744124, "6020536.0": -1.0819897260767004, "6020123.0": -0.1780880523683834, "6020540.04": -0.8783062632957135, "6020122.01": -0.3568374711847476, "6020532.0": -0.6934058916990011, "6020117.0": -0.655787399407644, "6020120.04": 0.8880824780793901, "6020023.0": 0.2797981195330096, "6020022.0": 0.5240606802506229, "6020540.02": -0.9625842327842614, "6020120.03": 0.32927182185401177, "6020037.0": 0.22283329216888634, "6020540.03": -0.8626861533717946, "6020024.0": 0.3382481759550501, "6020028.0": 1.4404799448071317, "6020539.02": -0.9067052390279817, "6020140.04": 0.19754672190399988, "6020029.0": 1.1355111812154253, "6020025.0": 0.4671723407560598, "6020030.0": 0.7924189402325195, "6020122.02": -0.08555357516839106, "6020036.0": 0.4086990372574939, "6020038.0": -0.39333823544868235, "6020540.01": -0.7514771671501148, "6020026.0": 1.629151026212064, "6020130.02": 0.21722797619751333, "6020541.0": -0.6313121740346606, "6020027.0": 1.9255425511853972, "6020031.0": 0.35158989092036813, "6020539.01": -0.6885646890839298, "6020039.0": -0.10465872568482132, "6020034.0": 1.065643358706993, "6020130.01": -0.3570269358534439, "6020035.0": 0.7040211863092272, "6020033.0": 1.9959349371995245, "6020040.0": 0.03997289242025342, "6020131.0": -0.49961691823055016, "6020043.0": 2.1287429163950726, "6020032.0": 1.6040954744480387, "6020140.05": 0.2137025203466181, "6020140.01": -0.35963559397891137, "6020042.0": 1.1129701404417291, "6020133.0": -0.7458204002582796, "6020044.0": 2.111921398185209, "6020045.0": 1.563002206669777, "6020041.0": -0.0643786914160531, "6020046.0": 0.4471572955022048, "6020134.0": -1.0255449231206992, "6020542.0": 0.7949820111269079, "6020048.0": 1.755265599443101, "6020132.0": -0.7828978472146904, "6020047.0": 1.0978205615424637, "6020141.01": -0.7973204508546576, "6020140.02": -0.10908230373957173, "6020550.0": -0.3814187179720989, "6020049.0": 1.290491050175197, "6020050.02": 1.938309599844496, "6020050.01": 2.0963833425577625, "6020142.04": -0.8361529494976211, "6020551.0": 0.10029119123947237, "6020141.02": -1.1945154331961934, "6020051.03": 1.8412308087623952, "6020051.02": 1.14431415264193, "6020552.02": 0.6364418269100659, "6020553.0": 0.044826499132038775, "6020142.02": -0.23950616687940626, "6020552.01": 1.154409950089417, "6020142.01": -1.0041404042064102, "6020560.05": 1.5208352995426684, "6020142.03": -0.5663035611215028, "6020560.14": 1.4051327804404132, "6020560.13": -0.8647170560663121, "6020150.02": -0.847004331410131, "6020560.15": 2.0614875049437362, "6020560.04": 2.502997364270105, "6020560.12": -0.001461125662356291, "6020560.01": 2.6770872854539562, "6020590.03": -0.37024735259751745, "6020560.11": 0.3255400130120045, "6020051.01": 1.7838791098890123, "6020560.08": 2.518385959893034, "6020560.09": 2.1870102625030015, "6020560.1": 1.9365993435722966, "6020585.0": 0.5905597827896335, "6020570.0": 1.3950233991226382}