{"6020600.0": 2.0585235758154354, "6020700.0": 1.6961602144746444, "6020500.02": 1.1502749374068102, "6020100.02": 1.305865505185564, "6020500.07": -0.0033308149216503473, "6020500.04": 0.7892402841231612, "6020500.12": 0.8942070851755228, "6020500.13": 2.0048728999178627, "6020500.1": 0.08299968770774627, "6020100.01": 1.5237557341721892, "6020100.06": 0.7041204292803026, "6020500.01": 0.17863301117664576, "6020100.09": 2.4699683749959296, "6020100.1": 1.6631600730187541, "6020500.08": 1.6020972554185018, "6020110.08": 2.199348954299415, "6020100.05": 0.6976067177112288, "6020500.09": 1.3913124647412376, "6020500.11": 1.3235568338933432, "6020501.01": -0.13319440646301312, "6020100.07": 1.0291039535789273, "6020101.02": -0.8620448826076809, "6020501.02": 0.26384219315802726, "6020110.09": 1.2848293142101326, "6020102.01": 0.6364961281368805, "6020110.06": 0.6126582151341985, "6020501.03": 0.06640861746077269, "6020101.01": -0.8118649302408196, "6020520.05": 1.5458829930037818, "6020510.03": 1.7419667311384084, "6020102.04": 0.4315929885060821, "6020510.06": 0.4022706269109663, "6020502.0": 0.5133220511326593, "6020102.02": -0.730944007738143, "6020110.04": 1.3979761132170783, "6020110.02": -0.40665932070181215, "6020503.0": -0.721349751708536, "6020102.03": -0.39419690593045636, "6020590.04": 1.1047154813670466, "6020103.0": -0.5901967885933554, "6020111.0": 0.03984419774807664, "6020004.02": 0.023064424050935173, "6020104.0": -0.22223164929790307, "6020522.02": 1.6247406648485232, "6020005.0": 0.0134628638794048, "6020521.01": 1.686404905536167, "6020006.0": 1.2602954533321695, "6020521.02": 1.26381185150657, "6020520.03": 2.4650506739592117, "6020002.0": -0.7027097405265923, "6020510.02": 0.4198595232557916, "6020004.01": 0.49156508478307503, "6020112.01": -0.0004173098581060669, "6020001.0": -0.6151466693041389, "6020003.0": -0.9783242094968099, "6020112.02": -0.3921202887313704, "6020105.0": -0.6538185853047533, "6020009.0": 0.6941565586619172, "6020522.01": 0.2189613283740824, "6020010.0": -0.1186266856824197, "6020110.01": -0.13721095704891723, "6020007.0": 0.5117585690314514, "6020115.0": -1.212759990216549, "6020114.0": -0.8197053097169319, "6020520.02": 0.9698903045549065, "6020008.0": 0.5126659277754668, "6020011.0": -1.459421396673888, "6020113.0": -0.9048559080143833, "6020537.02": 0.41863959105980714, "6020537.01": 0.017394618946457628, "6020012.0": -1.3045570468369563, "6020120.01": 0.4176519998596442, "6020530.0": -0.3356552317980217, "6020520.04": 1.612238687351749, "6020534.0": -0.18725918610812292, "6020018.0": -0.028521620435791702, "6020017.0": 0.09882289376950536, "6020015.0": -1.5919921532562746, "6020538.0": 0.6986057716954838, "6020016.0": -1.1636213837955682, "6020116.0": -1.072783715637848, "6020014.0": -1.9979175419789659, "6020537.03": -0.24765724565762384, "6020533.0": -0.600071241051068, "6020531.0": -0.3685936269642678, "6020120.05": 0.17099340180508746, "6020013.0": -2.0011355342537605, "6020535.0": -0.6526030548988345, "6020019.0": -0.3823965285883446, "6020021.0": -1.008735826455897, "6020020.0": -0.38270692754829055, "6020121.0": 0.21454261243030803, "6020536.0": -0.5362203905174483, "6020123.0": -0.15447777860465414, "6020540.04": -0.25663246417835067, "6020122.01": -0.03397479753385083, "6020532.0": -0.4230659547993578, "6020117.0": -1.3635302330060686, "6020120.04": 1.3290977431636928, "6020023.0": -2.361239094882776, "6020022.0": -1.8688981813055447, "6020540.02": -0.011918283721072329, "6020120.03": 0.8577785563449863, "6020037.0": -0.3170410874583101, "6020540.03": 0.0033538732839413095, "6020024.0": -1.948885077364747, "6020028.0": -1.4693736907662363, "6020539.02": 0.27406419606376664, "6020140.04": 0.8400891707084026, "6020029.0": -0.7883327444376351, "6020025.0": -2.1281535116400336, "6020030.0": -0.5057277210502104, "6020122.02": 0.3406333333631925, "6020036.0": -1.5551425305991151, "6020038.0": -1.1562168236274821, "6020540.01": -0.3954235088356895, "6020026.0": -1.8441402293160563, "6020130.02": -0.4059510275909742, "6020027.0": -1.3387268065438644, "6020031.0": -0.325337568317509, "6020539.01": 0.7208055583054569, "6020039.0": -1.575697549101643, "6020034.0": -1.8091236059649027, "6020130.01": -0.9454275308593433, "6020035.0": -1.4722244035996312, "6020033.0": -1.3473517287847805, "6020040.0": -1.2724643393746147, "6020131.0": -0.7594857327867413, "6020043.0": -1.428653784536535, "6020032.0": -0.6355446341997074, "6020140.05": 0.7319074299798287, "6020140.01": -0.19968675425305285, "6020042.0": -1.4091571618631111, "6020133.0": -0.619134314404965, "6020044.0": -0.7632313180591167, "6020045.0": -1.0547645512203032, "6020041.0": -0.8903367156714369, "6020046.0": -0.7792468442039285, "6020134.0": -0.5158948707405238, "6020542.0": 0.0627429947851581, "6020048.0": -0.5870406375432823, "6020132.0": -0.808754765466171, "6020047.0": -0.7190751248906576, "6020141.01": -0.4469780945089573, "6020140.02": 0.6047406026326677, "6020550.0": -0.8744753253210031, "6020049.0": -0.30207407494568617, "6020050.02": -0.028106801568982855, "6020050.01": 0.12271342936881452, "6020142.04": -0.13224264461346186, "6020551.0": -0.617111216118293, "6020141.02": -0.8255043394553679, "6020051.03": 0.3813576869237313, "6020051.02": 0.5089309642954618, "6020552.02": -0.06622392891766717, "6020553.0": 0.20437678919261554, "6020142.02": 0.9673205315034537, "6020552.01": 0.040893266034947084, "6020142.01": -0.02784740391952815, "6020560.05": 0.027206145861482522, "6020142.03": 0.605471390719844, "6020560.14": 0.23935952877387778, "6020560.13": 0.41539580697174505, "6020150.02": 0.09579863378902899, "6020560.15": 0.7310047372803663, "6020560.04": 0.6766103029112495, "6020560.12": -0.048666240663623864, "6020560.01": 1.0784682064491915, "6020590.03": 0.1408731869634728, "6020560.11": 0.3775728484995049, "6020051.01": 1.197009412569505, "6020560.08": 1.1724132794324964, "6020560.09": 1.8173470034712982, "6020560.1": 1.1418439622522085, "6020585.0": 1.2399854998205249, "6020570.0": 0.7889168922968888}