{"6020600.0": -0.7259626954896478, "6020700.0": -0.5779207598711986, "6020500.02": -0.6180728457201924, "6020100.02": -0.6542888268688042, "6020500.07": -0.5294941038191969, "6020500.04": -0.7139031932086684, "6020500.12": -0.6519261756784489, "6020500.13": -0.7240936611710516, "6020500.1": -0.28343594781309855, "6020100.01": -0.793283141614605, "6020100.06": -0.5343384185343564, "6020500.01": -0.4472909617436355, "6020100.09": -0.7863792498911109, "6020100.1": -0.7993437899731152, "6020500.08": -0.2936465246489117, "6020110.08": -0.7859247775654838, "6020100.05": -0.6940498603807589, "6020500.09": -0.37913716054535257, "6020500.11": -0.5156352007751287, "6020501.01": -0.16744758877466387, "6020100.07": -0.6337883340290482, "6020101.02": 0.08408227658368747, "6020501.02": -0.21507261572005215, "6020110.09": -0.7165926715683409, "6020102.01": -0.599637248753791, "6020110.06": -0.31876558597723936, "6020501.03": -0.30793088681036734, "6020101.01": 0.3445029402507931, "6020520.05": -0.6290424819020307, "6020510.03": -0.405731843167771, "6020102.04": -0.5656416492292122, "6020510.06": -0.44795771938905465, "6020502.0": 0.24669218248388075, "6020102.02": -0.17464175544242747, "6020110.04": -0.734262816297165, "6020110.02": -0.19779363187909732, "6020503.0": 0.3966015633768052, "6020102.03": -0.5972316941572089, "6020590.04": -0.8161237312172441, "6020103.0": -0.03878404535852004, "6020111.0": -0.7803755645859034, "6020004.02": 0.06753327394958983, "6020104.0": -0.4605899973432813, "6020522.02": 0.3625804842763312, "6020005.0": 0.2702536703226635, "6020521.01": -0.8333079054258072, "6020006.0": -0.28880182374744273, "6020521.02": 0.033597490613209054, "6020520.03": -0.8239970854263478, "6020002.0": 0.9271879474954142, "6020510.02": 0.6731238230317408, "6020004.01": 0.2194663809427805, "6020112.01": -0.6589469434333327, "6020001.0": 0.8861505752801416, "6020003.0": 1.2931488700592373, "6020112.02": -1.0240803555572995, "6020105.0": -0.3400389520471158, "6020009.0": 0.02965563138952001, "6020522.01": 0.15864087933651685, "6020010.0": 0.4073811225719802, "6020110.01": -0.17459482261491602, "6020007.0": 0.09879294021981397, "6020115.0": 2.117025117274609, "6020114.0": 0.9978869174600117, "6020520.02": -0.8471531186250651, "6020008.0": -0.12357888569596509, "6020011.0": 4.3246169201851, "6020113.0": 1.0550299230028395, "6020537.02": -0.5941145532967698, "6020537.01": 0.5788550152111676, "6020012.0": 3.077169594018827, "6020120.01": -0.6473669456892016, "6020530.0": -0.046876012344972254, "6020520.04": -0.7451280914408793, "6020534.0": 1.4973840237491503, "6020018.0": -0.1935975672518157, "6020017.0": -0.04824837318478609, "6020015.0": 3.4696935104100874, "6020538.0": -0.7574661972115597, "6020016.0": 1.9330362309735774, "6020116.0": 1.2716668299756733, "6020014.0": 4.311161327491244, "6020537.03": -0.45869531508167294, "6020533.0": -0.3160205517299572, "6020531.0": -0.3738173448920088, "6020120.05": -0.31765694667276345, "6020013.0": 4.362347642857, "6020535.0": 0.5414913363370331, "6020019.0": -0.5939135398333829, "6020021.0": 1.1076467410562698, "6020020.0": -0.2386034922502928, "6020121.0": -0.7423960142776539, "6020536.0": 0.47607081097185217, "6020123.0": -0.3386178499535529, "6020540.04": 0.21745249955981463, "6020122.01": -0.4657559795945056, "6020532.0": -0.44311271910705935, "6020117.0": 1.5440353253863133, "6020120.04": -0.43239977057192625, "6020023.0": 3.7679101909793435, "6020022.0": 3.0448427192218435, "6020540.02": -0.6229033339054205, "6020120.03": -0.7520233619643065, "6020037.0": -0.484033576040483, "6020540.03": -0.06844745711183431, "6020024.0": 1.8633532009255813, "6020028.0": 0.8713519063332574, "6020539.02": -0.8392754946685288, "6020140.04": -0.8151501337643913, "6020029.0": 0.28800494079890676, "6020025.0": 2.577484773752158, "6020030.0": -0.07926948771473002, "6020122.02": -0.46113682669808487, "6020036.0": 0.7133534566275787, "6020038.0": -0.03476291432356518, "6020540.01": -0.2855830827984124, "6020026.0": 2.3631911175864797, "6020130.02": -0.5035744470656804, "6020541.0": -0.15810319361262526, "6020027.0": 0.778777383590093, "6020031.0": -0.6028044482286617, "6020539.01": -0.5318433083585131, "6020039.0": 0.07672126951771147, "6020034.0": 0.823447392884739, "6020130.01": -0.058177373246652925, "6020035.0": 0.03473234014960008, "6020033.0": 0.6635940159990859, "6020040.0": -0.18554083734983334, "6020131.0": -0.3962261397396262, "6020043.0": 0.24600370686263584, "6020032.0": -0.11487505320805222, "6020140.05": -0.6957906523507226, "6020140.01": -0.3914676913324424, "6020042.0": -0.009467550306596188, "6020133.0": -0.3071833945605451, "6020044.0": 0.4228939729048209, "6020045.0": -0.061168439217610414, "6020041.0": -0.5320798655972216, "6020046.0": -0.670988545079137, "6020134.0": -0.5528207154733176, "6020542.0": -0.2938935855574113, "6020048.0": 0.01517523419468409, "6020132.0": -0.30009548233622996, "6020047.0": -0.6050089123777876, "6020141.01": -0.20274054542227016, "6020140.02": -0.5177913450919897, "6020550.0": -0.5524335230426879, "6020049.0": -0.19735035054290018, "6020050.02": -0.4231192396214652, "6020050.01": -0.4186305961833471, "6020142.04": -0.26398745684270036, "6020551.0": -0.3431807308671448, "6020141.02": -0.15538165994025704, "6020051.03": -0.04791205855407957, "6020051.02": -0.5154402343403517, "6020552.02": -0.5427659057089594, "6020553.0": -0.23615000594103983, "6020142.02": -0.4734365825127061, "6020552.01": -0.20214608288880037, "6020142.01": -0.5169445084689357, "6020560.05": -0.22944467358643536, "6020142.03": -0.38486201355086136, "6020560.14": -0.6276099898338425, "6020560.13": -0.5560555892599022, "6020150.02": -0.44440347620664716, "6020560.15": -0.722022900528303, "6020560.04": -0.12945378016093434, "6020560.12": -0.5433504522617821, "6020560.01": -0.037004915532742655, "6020590.03": -0.5529030891171625, "6020560.11": -0.1435193710175502, "6020051.01": -0.4615022979562901, "6020560.08": -0.5141405635430765, "6020560.09": -0.45780609291758567, "6020560.1": -0.7019228940014406, "6020585.0": -0.689794306842527, "6020570.0": -0.5300705902848162}