{"6020600.0": 0.035916943636708776, "6020700.0": -0.13268331590127713, "6020500.02": -0.2905241033750833, "6020100.02": 0.34532225380518056, "6020500.07": 0.251448848610919, "6020500.04": 0.4348051410238053, "6020500.12": 0.18470918292782043, "6020500.13": 0.3619869225970149, "6020500.1": 0.7093993541106572, "6020100.01": 0.07818352827526052, "6020100.06": 0.4142906934236953, "6020500.01": -0.029789748502726053, "6020100.09": 0.376243894412988, "6020100.1": -0.11822428601989947, "6020500.08": 0.22034652716722697, "6020110.08": 0.9744746906460204, "6020100.05": -0.39611183550140305, "6020500.09": 0.19163170526608078, "6020500.11": 0.06603080761485888, "6020501.01": -0.40745697559122185, "6020100.07": -0.029827796962557496, "6020101.02": -0.45495153622656637, "6020501.02": -0.39243743371831036, "6020110.09": -0.3816327449599289, "6020102.01": -0.44136002446226585, "6020110.06": 0.07582571505675477, "6020501.03": -0.9988917441251866, "6020101.01": -1.1604731283363159, "6020520.05": -0.37532703739297385, "6020510.03": -0.630439670916944, "6020102.04": -0.49597404307351173, "6020510.06": -0.3502493096118478, "6020502.0": -1.0589407639862616, "6020102.02": -0.7741113348473924, "6020110.04": 0.19538225539699852, "6020110.02": -0.7326611206124801, "6020503.0": -1.474141199748389, "6020102.03": -1.1030677202611279, "6020590.04": 0.03030383991236814, "6020103.0": -1.3730586925211186, "6020111.0": -0.5882215714470859, "6020004.02": -0.9642459913375127, "6020104.0": -1.1236140520311868, "6020522.02": -1.3480415164721848, "6020005.0": -0.5770703786463366, "6020521.01": -0.8213975040219831, "6020006.0": -0.7234300145693167, "6020521.02": -1.237667979163366, "6020520.03": -0.8681454123545602, "6020002.0": -1.3008746491969903, "6020510.02": -1.3476225598287135, "6020004.01": -0.8035342694335817, "6020112.01": -0.4867428035613378, "6020001.0": -1.3565950320864528, "6020003.0": -1.3977074177149893, "6020112.02": 0.46783691910778047, "6020105.0": -1.3110682621668341, "6020009.0": -0.7389976687855553, "6020522.01": -1.112891173192811, "6020010.0": -0.7839218475225574, "6020110.01": 0.12639761518413034, "6020007.0": -1.5791399099554593, "6020115.0": -1.1951806451229277, "6020114.0": -1.448695294612572, "6020520.02": -0.5794851316778669, "6020008.0": -0.24735257419018233, "6020011.0": -0.9190587921315948, "6020113.0": -1.0351559078853751, "6020537.02": -1.391808510452224, "6020537.01": -1.2119932372476603, "6020012.0": -1.0901984514136316, "6020120.01": 0.08330795300910564, "6020530.0": -0.5535110711090181, "6020520.04": 0.032602155781355106, "6020534.0": -0.747868412655353, "6020018.0": -0.1091507752272062, "6020017.0": 0.053581070083195036, "6020015.0": -0.3717394863467055, "6020538.0": -0.8156019564406992, "6020016.0": 0.3294519415128614, "6020116.0": -1.193751712312135, "6020014.0": -1.4845994692376696, "6020537.03": -0.8733587853512825, "6020533.0": -1.0944194831926866, "6020531.0": -0.8756224972274125, "6020120.05": 0.5598956331983542, "6020013.0": -0.09454098328181336, "6020535.0": -1.2545223840993354, "6020019.0": -0.4453321984845376, "6020021.0": 0.698636039496618, "6020020.0": 0.5237129641513084, "6020121.0": -0.47837999154913163, "6020536.0": -1.004460996436676, "6020123.0": 0.03531993505145311, "6020540.04": -0.7042735740115643, "6020122.01": -0.24179978156623852, "6020532.0": -0.6559773641101296, "6020117.0": -0.046170887750649085, "6020120.04": 1.0115306073299926, "6020023.0": 0.88187489817826, "6020022.0": 1.1373531236106567, "6020540.02": -0.6575515865082333, "6020120.03": 0.40073506172331297, "6020037.0": 0.47383792074131953, "6020540.03": -0.20620592912814026, "6020024.0": 1.1815311284705026, "6020028.0": 1.924899521532251, "6020539.02": -0.41174860210348285, "6020140.04": 0.02640118827541473, "6020029.0": 1.3281821433162664, "6020025.0": 1.440381185635159, "6020030.0": 0.9694693810397833, "6020122.02": -0.4169238732952495, "6020036.0": 1.548451063336231, "6020038.0": 0.42798371615632796, "6020540.01": 0.02573148047715664, "6020026.0": 2.3295989430720434, "6020130.02": 0.2421274985468708, "6020541.0": -0.5290092058970636, "6020027.0": 2.401543974454125, "6020031.0": 0.3749938591459463, "6020539.01": -0.595889227088141, "6020039.0": 0.5963641292036391, "6020034.0": 2.2688193569511474, "6020130.01": -0.3109463773077035, "6020035.0": 1.7274998487893907, "6020033.0": 2.413487615034512, "6020040.0": 0.7072449867761808, "6020131.0": -0.2544181286437754, "6020043.0": 2.6583838871183145, "6020032.0": 1.6064056750396378, "6020140.05": 0.14569420234256908, "6020140.01": -0.5244576389435792, "6020042.0": 1.907400359756632, "6020133.0": -0.7982503920344063, "6020044.0": 2.423201894505946, "6020045.0": 1.7356442839529813, "6020041.0": 0.42507939389264454, "6020046.0": 0.8457880174066881, "6020134.0": -1.198888216255785, "6020542.0": 0.6987263956487599, "6020048.0": 1.5565189893127336, "6020132.0": -0.7846415955463699, "6020047.0": 1.1720239270870934, "6020141.01": -0.5142746219755409, "6020140.02": -0.06934607390407217, "6020550.0": -0.25150069767037764, "6020049.0": 1.2244946765926914, "6020050.02": 1.8892835792640759, "6020050.01": 1.8849496772526935, "6020142.04": -0.6664868603539712, "6020551.0": -0.10017773341928923, "6020141.02": -0.8761650749171919, "6020051.03": 1.2986330073293602, "6020051.02": 0.31931914223171426, "6020552.02": -0.1622615389125444, "6020553.0": -0.29562606408109127, "6020142.02": 0.05040034143001979, "6020552.01": 0.561702629984832, "6020142.01": -0.9153024494996704, "6020560.05": 1.0600701172045688, "6020142.03": -0.9035327145092056, "6020560.14": 1.4853734181044398, "6020560.13": -1.081668386251987, "6020150.02": -0.6794192912531721, "6020560.15": 1.7936610784851144, "6020560.04": 2.5129636059150027, "6020560.12": -0.7070287773740459, "6020560.01": 2.036334817337025, "6020590.03": -0.6646725962845628, "6020560.11": -0.22903911277949845, "6020051.01": 1.1305242966521325, "6020560.08": 1.950273209747216, "6020560.09": 1.1596819533944567, "6020560.1": 1.0565218555990035, "6020585.0": 0.11644375198282189, "6020570.0": 0.6401233543777561}