{"6020600.0": -0.5596100975031578, "6020700.0": 0.04661602852681537, "6020500.02": 0.6253277794520414, "6020100.02": -0.73891293651709, "6020500.07": 0.876550807415248, "6020500.04": -0.21876701108047042, "6020500.12": 0.09001060921345713, "6020500.13": -1.4642409737927522, "6020500.1": 0.19924778316043093, "6020100.01": -1.2720411903170745, "6020100.06": -0.04655550362305576, "6020500.01": 0.10680254094914012, "6020100.09": -1.8372378999846333, "6020100.1": -1.086860457659988, "6020500.08": 0.25808619293807367, "6020110.08": -2.1143802084296217, "6020100.05": -0.004105032876304097, "6020500.09": 0.18542266297692048, "6020500.11": -0.2868148000909292, "6020501.01": 1.3553988128354062, "6020100.07": -0.27531277812924804, "6020101.02": 1.8853859367285601, "6020501.02": 0.4889111843383093, "6020110.09": -0.24610757104318443, "6020102.01": 0.29769683186947227, "6020110.06": 0.17903560716268554, "6020501.03": 0.5566679117044508, "6020101.01": 1.2797770850190606, "6020520.05": -0.2301203006646415, "6020510.03": -0.8183027810381631, "6020102.04": 0.6208096990533699, "6020510.06": 0.4280164062833846, "6020502.0": 0.9303728715111914, "6020102.02": 1.3515620215847302, "6020110.04": -0.9461316965414661, "6020110.02": 1.0294997437125086, "6020503.0": 1.8069619497682439, "6020102.03": 1.206072048389998, "6020590.04": -0.693293335679469, "6020103.0": 1.233057128807436, "6020111.0": 0.40024961204692416, "6020004.02": 1.0384826424963671, "6020104.0": 0.6426247091884635, "6020522.02": -0.35102739482680817, "6020005.0": 0.35749120347790003, "6020521.01": -0.8311624496873337, "6020006.0": 0.4073481925317334, "6020521.02": -0.8627774686302565, "6020520.03": -1.9195555336976797, "6020002.0": 1.2177481376604695, "6020510.02": 1.1764788318580073, "6020004.01": 0.24444165277381594, "6020112.01": 0.099778339219272, "6020001.0": 1.2046011835049661, "6020003.0": 2.51208856039321, "6020112.02": 1.4431173871692722, "6020105.0": 0.8825045653802108, "6020009.0": -0.04204219703913126, "6020522.01": 0.6302308279327145, "6020010.0": 0.3700727118237926, "6020110.01": -0.17964283770434059, "6020007.0": 0.46128404510228227, "6020115.0": 1.1343207244809945, "6020114.0": 0.7416285117843315, "6020520.02": -0.22941907277858692, "6020008.0": -0.8774187202365809, "6020011.0": 2.675561360720118, "6020113.0": 0.7563442165163546, "6020537.02": -0.8037938120549021, "6020537.01": 0.7903857045179656, "6020012.0": 2.026752780730267, "6020120.01": 0.2357699266248678, "6020530.0": 0.47294190720583124, "6020520.04": -1.6586247700466368, "6020534.0": 1.018790493915112, "6020018.0": -0.2776774409754621, "6020017.0": -1.0317974579166058, "6020015.0": 1.2971483489901654, "6020538.0": -0.13808014254401085, "6020016.0": 0.26727683587090795, "6020116.0": 0.2742948602914988, "6020014.0": 2.554284652399544, "6020537.03": -0.02082393728015461, "6020533.0": 0.7061378784274048, "6020531.0": -0.5057679844162599, "6020120.05": -0.9037635611098614, "6020013.0": 1.0947647840913501, "6020535.0": 2.0801704470596163, "6020019.0": -0.6172335035675539, "6020021.0": -0.8550504175031785, "6020020.0": -0.8871542067257339, "6020121.0": 1.735578735143938, "6020536.0": 0.5183136103494359, "6020123.0": 0.48213248095163214, "6020540.04": 0.5571702712371935, "6020122.01": 0.07338545730855389, "6020532.0": 0.5554372106505295, "6020117.0": -0.36109323547540617, "6020120.04": -1.1427920360041537, "6020023.0": -0.5200810484787768, "6020022.0": -0.7262960823250935, "6020540.02": -0.4959564623017307, "6020120.03": -0.25992231059538473, "6020037.0": 0.49451581838593656, "6020540.03": 0.34353147595118716, "6020024.0": -0.7979822555498931, "6020028.0": -1.6247755984014385, "6020539.02": -0.6143342886224146, "6020140.04": -0.2707836063607559, "6020029.0": -0.8884816275717853, "6020025.0": -1.5053312073521632, "6020030.0": -0.7441696436298315, "6020122.02": 0.9580287167994916, "6020036.0": -0.7263178352359602, "6020038.0": 0.06650370945889231, "6020540.01": 0.28786926628517334, "6020026.0": -1.4344715253005227, "6020130.02": 1.130761002352398, "6020027.0": -1.5876555527666372, "6020031.0": -0.9989865246485159, "6020539.01": -0.9610160037560521, "6020039.0": -0.31987590927866477, "6020034.0": -1.573512956369432, "6020130.01": 1.7866680310062566, "6020035.0": -1.3987014876937907, "6020033.0": -1.9761048358677082, "6020040.0": -0.1955771300981806, "6020131.0": 0.49753388999942716, "6020043.0": -1.5006357512975679, "6020032.0": -1.9876960432357356, "6020140.05": 1.0630248296934002, "6020140.01": 1.4434109728428146, "6020042.0": -0.7624779723076744, "6020133.0": 1.3054940591698054, "6020044.0": -1.085028443881812, "6020045.0": -1.1784747794461838, "6020041.0": -0.5230022015541137, "6020046.0": 0.1176147407897025, "6020134.0": 1.2790451628247022, "6020542.0": -0.924681934115995, "6020048.0": -0.7940177026854688, "6020132.0": 0.6384018623445284, "6020047.0": -0.24823511805684326, "6020141.01": 0.91044074265949, "6020140.02": 0.09902631914925004, "6020550.0": 0.5055824441777406, "6020049.0": -0.1179682801195201, "6020050.02": -1.4337975999715697, "6020050.01": -0.9161021488991244, "6020142.04": 0.6645789166085921, "6020551.0": -0.2016836454407299, "6020141.02": 0.8300171848347944, "6020051.03": -0.6839708318820314, "6020051.02": -0.2897924508796369, "6020552.02": 0.507403345436097, "6020553.0": 0.3562027050745654, "6020142.02": -0.025071335565436097, "6020552.01": -0.623466322699001, "6020142.01": 0.5981808219065903, "6020560.05": -1.098896126534466, "6020142.03": 0.22275668929217604, "6020560.14": -0.41814937192429597, "6020560.13": 1.1291712748440035, "6020150.02": 1.1542254838048132, "6020560.15": -1.3478069254945457, "6020560.04": -1.5696850672694622, "6020560.12": 0.27212810321584174, "6020560.01": -1.1051263775393925, "6020590.03": 1.3003917360924335, "6020560.11": 0.2553397181010198, "6020051.01": -1.0473703628947435, "6020560.08": -1.1331535839444342, "6020560.09": -1.7524916449650638, "6020560.1": -1.2290445561052585, "6020585.0": -0.19995468080799272, "6020570.0": -1.2386645614146765}