{"n": 133.0, "rho": 0.015075334559637414, "beta_const": 7.251278838767932, "beta_dist_std": -5.079582815513321, "beta_count_std": -1.6183716558579688, "se_const": 6.293334836012043, "se_dist_std": 6.341699896427603, "se_count_std": 6.321164266096016, "p_const": NaN, "p_dist_std": NaN, "p_count_std": NaN, "moran_I_resid": NaN, "moran_p_resid": NaN}