{"9330220.0": -0.2984770520808227, "9330221.01": -0.369258489007376, "9330002.04": -0.35309756565715167, "9330001.02": 0.05417739456491933, "9330001.01": -0.4267861793378042, "9330002.01": 0.22340486272696344, "9330015.01": 0.046828095963392054, "9330015.02": 0.024563942853125322, "9330016.01": -0.30775400682564247, "9330016.06": 2.244826037924988, "9330016.05": -0.46930791380115466, "9330017.04": -0.39672460190193465, "9330014.02": -0.13588807915758205, "9330016.04": -0.28794562571930743, "9330017.03": -0.10892731885438622, "9330017.02": -0.40289311534235567, "9330002.03": -0.11202077008305579, "9330003.02": -0.057001229190716006, "9330003.01": -0.23566024624630275, "9330014.01": -0.2760497033566355, "9330004.02": 0.1757941146017427, "9330013.04": -0.3788246130323889, "9330004.01": -0.022865402094361557, "9330005.0": -0.12210957475516732, "9330013.03": -0.07906460417631926, "9330013.01": 0.056112756641220264, "9330018.01": -0.3496092284964106, "9330036.02": 0.04750312853142282, "9330035.01": -0.47731569416017855, "9330036.01": -0.21872514273406946, "9330034.01": -0.468073795052983, "9330033.02": -0.5065439304445852, "9330034.02": 0.5128518743492512, "9330006.02": -0.024759579752590185, "9330011.0": 0.1254395715267982, "9330006.01": -0.22383837000752396, "9330012.02": -0.1011686706583414, "9330018.02": 0.17085607399691097, "9330012.01": -0.1648871563559929, "9330010.02": -0.20769750358416664, "9330007.01": 0.4964747664567596, "9330033.01": -0.23449945263740687, "9330010.01": -0.018069007659372176, "9330035.02": -0.14680170648076635, "9330052.01": 0.33124382730948615, "9330032.02": -0.22912065412930513, "9330032.01": 1.055990264634385, "9330051.02": -0.2727803133290993, "9330037.02": -0.5614330337582951, "9330019.0": 0.00820637594617364, "9330007.02": -0.19272634505805825, "9330030.0": 0.10638552115025811, "9330020.0": -0.15469305521693155, "9330009.0": 0.2539271564199051, "9330031.02": -0.5353907064496679, "9330008.02": -0.17603969640377384, "9330031.01": -0.54547248700639, "9330029.0": 0.3672219613550804, "9330022.0": -0.5383832338346751, "9330052.02": 0.10939506686591927, "9330051.01": -0.19141523942637245, "9330037.01": -0.5940501533089705, "9330050.02": -0.22707089637012007, "9330054.02": -0.2895769005664064, "9330038.0": 1.5014774487395248, "9330050.04": -0.8849406935638826, "9330053.02": -0.13229114327903618, "9330054.01": -0.39076236771983364, "9330028.0": -0.4924463390477042, "9330021.0": -0.5010160097323619, "9330039.01": -0.07243562662182691, "9330027.02": 0.1522221123120325, "9330023.0": -0.20963578129471827, "9330008.01": -0.49647476645675803, "9330039.02": 0.0551787331170754, "9330049.05": -0.8020721999690807, "9330040.02": -0.12347797253669766, "9330056.02": -0.41265165127307213, "9330053.01": 0.12148556038658895, "9330050.03": -0.16600637658888345, "9330055.01": 0.09303851637107267, "9330057.02": -1.203759492921599, "9330055.02": -0.6375213755541258, "9330024.0": -0.3467629236952949, "9330049.04": 0.23873002955302852, "9330027.01": -0.4773843551829811, "9330049.06": 5.203092886322431, "9330040.01": 0.017031855238989233, "9330041.01": -0.7537982755546002, "9330049.03": -0.41782306239269956, "9330026.0": -0.4093357861253171, "9330049.02": -1.489966205704923, "9330041.02": 0.9587944806485703, "9330059.08": -2.466931803720157, "9330048.02": 0.5781608042789018, "9330059.07": 1.6154252183635704, "9330059.15": 2.219323334656697, "9330025.0": -0.2176054319523854, "9330059.09": 2.3672490291156882, "9330046.0": -0.2972307517619361, "9330059.1": 2.0749204538516732, "9330042.0": -0.5295635790843587, "9330048.01": -0.2299807401270629, "9330056.01": -0.214433151104343, "9330057.01": -0.4186964544592766, "9330059.16": 1.1076639950984504, "9330058.0": -1.0338881187430882, "9330059.13": 3.8351356034412785, "9330059.18": -1.5684748925387713, "9330059.17": 1.622115079700244, "9330059.11": 4.389221533945457, "9330060.02": -1.5151450498176822, "9330047.02": -0.47493156504012324, "9330047.01": -0.465646097081642, "9330045.02": -0.33208134355319663, "9330064.0": -1.325214077983385, "9330060.01": -0.25587013661411895, "9330065.0": -0.8717337042773768, "9330043.02": -0.40911559867575714, "9330066.01": -1.1295956084480412, "9330066.02": 2.002733039847652, "9330045.01": -0.24411485748902131, "9330061.0": 0.01512799816571871, "9330063.0": -0.3381188355642019, "9330069.02": 2.2189753602603326, "9330043.01": -0.2862649989092917, "9330067.01": -0.39272561537162115, "9330067.02": 0.44064771342599596, "9330062.0": -0.27802867913568563, "9330044.0": -0.4371958701593081, "9330068.0": -0.20614537950443088, "9330069.04": 0.16544365897623065, "9330250.02": -0.5543044498013289}