{"9330220.0": -0.3606735384017032, "9330221.01": -0.4579965932064688, "9330002.04": 0.9726165381493083, "9330001.02": 0.4056862000682265, "9330001.01": -0.19601808489727804, "9330002.01": 0.7063372198429639, "9330015.01": 0.8584499242606443, "9330015.02": 0.5942469604293917, "9330016.01": 1.0762671129322645, "9330016.06": 2.153191784136866, "9330016.05": 1.6239524611231677, "9330017.04": 1.3940706886302319, "9330014.02": 1.2222118418911927, "9330016.04": 1.3836245688823758, "9330017.03": 1.555061109887248, "9330017.02": 1.6736855740962222, "9330002.03": 0.9616035904320078, "9330003.02": 0.7172888065824734, "9330003.01": 1.5263823915916315, "9330014.01": 1.1790435938204264, "9330004.02": 1.7416803545788528, "9330013.04": 0.8792432364916565, "9330004.01": 1.3877142147410744, "9330005.0": 0.706912065016429, "9330013.03": 1.4722786212499144, "9330013.01": 1.3489489657041616, "9330018.01": 1.1624074887894766, "9330036.02": 2.3829354014939845, "9330035.01": 2.2601085622445747, "9330036.01": 1.832802115468543, "9330034.01": 1.331892555558038, "9330033.02": 1.3658084440346159, "9330034.02": 1.0164145305530117, "9330006.02": 0.9308268781376755, "9330011.0": 1.137208055888253, "9330006.01": 0.09138010590545123, "9330012.02": 1.5941740779372346, "9330018.02": 1.1642705294641198, "9330012.01": 0.5864283553413675, "9330010.02": 0.6256739833013917, "9330007.01": -0.322755057062914, "9330033.01": 0.5932385576224813, "9330010.01": 0.21932140892381508, "9330035.02": 0.9672655501694744, "9330052.01": 1.4158217314285444, "9330032.02": 0.7668196056704469, "9330032.01": 0.7398281157396506, "9330051.02": 1.064829172338285, "9330037.02": 0.6044576946893344, "9330019.0": 0.9121290260574305, "9330007.02": 0.16976738103112832, "9330030.0": 0.5536973871796969, "9330020.0": 0.0419649099023703, "9330009.0": -0.5459177113421888, "9330031.02": 0.2881592381233128, "9330008.02": -0.22564611982797383, "9330031.01": 0.028741351527232624, "9330029.0": -0.35442927922989986, "9330022.0": -0.4519070348550695, "9330052.02": 0.8123736623904619, "9330051.01": 0.2502695112236252, "9330037.01": -0.19696431659569594, "9330050.02": -0.22610616470430786, "9330054.02": 0.8980907120477247, "9330038.0": -0.4743583952597166, "9330050.04": -0.21668996055869244, "9330053.02": 1.7557109392539998, "9330054.01": -0.048248986721878044, "9330028.0": -0.9291102720455054, "9330021.0": -0.7583692406314864, "9330039.01": -0.6172465619605232, "9330027.02": -0.7167165325152826, "9330023.0": -0.3699383009295824, "9330008.01": -0.8324782485019999, "9330039.02": -0.9218214669557611, "9330049.05": -1.1308522777257153, "9330040.02": -1.0100631842590344, "9330056.02": -0.49038287616250464, "9330053.01": 0.3081565516618207, "9330050.03": -0.5985142397004444, "9330055.01": 0.0054935300763192235, "9330057.02": -1.0121772037245529, "9330055.02": 0.42093082618912003, "9330024.0": -0.2692312640531605, "9330049.04": -1.3414807280045766, "9330027.01": -0.3502334842042148, "9330049.06": -1.0809494979823786, "9330040.01": -1.520301539465218, "9330041.01": -1.249289061791614, "9330049.03": -1.5985050333667181, "9330026.0": -0.0866185779230219, "9330049.02": -1.4640793276236432, "9330041.02": -0.7965982622006326, "9330059.08": -0.5833138238046661, "9330048.02": -1.3204385325035342, "9330059.07": -0.8254731177184028, "9330059.15": -0.578966361911204, "9330025.0": -0.1908303220749218, "9330059.09": -0.9561346185837677, "9330046.0": -0.6935172836589393, "9330059.1": -0.8294931920490181, "9330042.0": -0.27500497438140725, "9330048.01": -1.2428830182270467, "9330056.01": -0.6214847739145225, "9330057.01": -1.1064310268500275, "9330059.16": -1.0130237530778425, "9330058.0": -1.0085049669001547, "9330059.13": -0.6947461528818353, "9330059.18": -0.848231180562642, "9330059.17": -1.0804654192842293, "9330059.11": -0.9243496020180348, "9330060.02": -1.030804502112425, "9330047.02": -1.21091800103913, "9330047.01": -0.8023939293573672, "9330045.02": -0.5975032161398434, "9330064.0": -1.0282408427280825, "9330060.01": -1.2998641922422731, "9330065.0": -0.9612726214480715, "9330043.02": -0.08604230846663002, "9330066.01": -0.7926706409042072, "9330066.02": -0.7009382521721377, "9330045.01": -0.8903479367049328, "9330061.0": -1.5198738478136242, "9330063.0": -1.4883917311606711, "9330069.02": -0.33077248959618955, "9330043.01": -0.38768947388973807, "9330067.01": -1.2304873802471623, "9330067.02": -1.0054497204851016, "9330062.0": -1.4217262680047587, "9330044.0": -0.40578281566645297, "9330068.0": -1.3594081993511946, "9330069.04": -0.5729650147822688, "9330250.02": -0.7003918427969454}