{"9330220.0": 0.041402990158751055, "9330221.01": 0.8834133431772755, "9330002.04": 1.6670916358244343, "9330001.02": -1.0117637829313497, "9330001.01": 1.7025241023213489, "9330002.01": -0.5490187163107312, "9330015.01": -0.131807429982914, "9330015.02": 1.2116395853284068, "9330016.01": 0.31691659993777926, "9330016.06": -1.4696360552679717, "9330016.05": -0.40439110982097615, "9330017.04": -0.016449383280286133, "9330014.02": 1.1862407063036209, "9330016.04": -0.04500487593659131, "9330017.03": -0.11874232650755541, "9330017.02": 0.06927056608289184, "9330002.03": 1.0275565945225238, "9330003.02": -1.1458067581805123, "9330003.01": -0.5746954139514122, "9330014.01": 0.8331232744383754, "9330004.02": -0.26651448684766027, "9330013.04": -0.08683222810271744, "9330004.01": -1.4356423395934363, "9330005.0": 0.05459967570948099, "9330013.03": -0.3415657673472344, "9330013.01": -0.09703106649604373, "9330018.01": 0.4726838428551212, "9330036.02": -0.05763225587759254, "9330035.01": -0.28826650208123716, "9330036.01": 0.40326589372192573, "9330034.01": -0.35717774225067195, "9330033.02": 0.14924939801116016, "9330034.02": 0.1914162459762569, "9330006.02": 0.4462749164636968, "9330011.0": -0.36819891544851896, "9330006.01": 0.08760392771068709, "9330012.02": -0.08210966708174555, "9330018.02": -0.3444620368960299, "9330012.01": -0.5805083477690514, "9330010.02": -0.06299785887558643, "9330007.01": 0.2574817292760572, "9330033.01": -0.23128632009957686, "9330010.01": 0.6592005112497947, "9330035.02": 0.6016270368309019, "9330052.01": -0.07515920440934655, "9330032.02": -0.79101424549807, "9330032.01": -0.36236840830218775, "9330051.02": 0.01800645541408272, "9330037.02": -0.7709038674494596, "9330019.0": 0.3359152444319935, "9330007.02": -0.07484336420943936, "9330030.0": -0.12887490244364824, "9330020.0": -0.4571651880203037, "9330009.0": 0.7438099383849432, "9330031.02": -0.4356041967482018, "9330008.02": 1.2929089425231342, "9330031.01": -0.4192181972461049, "9330029.0": -0.44570114574370856, "9330022.0": 2.878458039832129, "9330052.02": 0.4358450444116378, "9330051.01": 0.0658125054335267, "9330037.01": -0.7079574151409198, "9330050.02": -0.2831155215353141, "9330054.02": 0.5669698922582406, "9330038.0": -0.8637948076755086, "9330050.04": -0.19966199145281696, "9330053.02": -0.622231615497982, "9330054.01": 0.12447674791825317, "9330028.0": -0.06354438326049802, "9330021.0": 1.2983124215612163, "9330039.01": -0.7420961148979173, "9330027.02": 0.29936432292878534, "9330023.0": 0.4392013520322959, "9330008.01": -0.2574817292760505, "9330039.02": 0.505550311707934, "9330049.05": -0.6891211230853865, "9330040.02": -0.70752254854638, "9330056.02": -0.32134072048386997, "9330053.01": -0.022363673979104062, "9330050.03": -0.5981579443049917, "9330055.01": -0.694554471934546, "9330057.02": 0.7879496148680561, "9330055.02": 0.06535642338500483, "9330024.0": 0.7173623762418198, "9330049.04": -0.6846666157322856, "9330027.01": 0.5692363001693252, "9330049.06": -1.5023846770477356, "9330040.01": -1.4398243671513127, "9330041.01": -0.4910353143221207, "9330049.03": 1.101432675390577, "9330026.0": 1.2346892812892525, "9330049.02": 4.128299488294548, "9330041.02": 0.2864618839602425, "9330059.08": 1.8851203218506403, "9330048.02": -0.2959877747126977, "9330059.07": 1.203929679173595, "9330059.15": -1.1569804959113406, "9330025.0": 0.891777197175412, "9330059.09": -1.460572974772975, "9330046.0": -0.6669657572584407, "9330059.1": -0.6779681008724693, "9330042.0": -0.6863111563161427, "9330048.01": -0.656711847869554, "9330056.01": -0.8342572761017863, "9330057.01": 0.577381815847797, "9330059.16": -0.8276290453351068, "9330058.0": 1.9608696065350588, "9330059.13": -1.4702251967962374, "9330059.18": 1.2720541576530418, "9330059.17": -0.12622738752867824, "9330059.11": -1.4383189428801737, "9330060.02": -0.2693173343231485, "9330047.02": -1.2392197420782014, "9330047.01": 1.3214522478156645, "9330045.02": -1.2473921750597265, "9330064.0": -0.6200327494094666, "9330060.01": -0.46287791950240786, "9330065.0": -0.6825601783659961, "9330043.02": 0.3607505867371516, "9330066.01": -0.8777737188045288, "9330066.02": -0.06638267686204058, "9330045.01": -0.07446333930321096, "9330061.0": -0.8600921907840811, "9330063.0": -0.884267201542122, "9330069.02": -3.1302401642567217, "9330043.01": 0.11618621918990188, "9330067.01": 0.32437097043267477, "9330067.02": 0.22369134531135879, "9330062.0": 2.649192817675545, "9330044.0": 2.3635691515425186, "9330068.0": 0.6739793241125746, "9330069.04": -2.5789199763736144, "9330250.02": 2.228617185963057}