{"9330220.0": 1.0160356301681306, "9330221.01": 0.9964761511383065, "9330002.04": 0.543774519514558, "9330001.02": 0.831555072759383, "9330001.01": 0.4993648045611407, "9330002.01": 1.5988829077326971, "9330015.01": 2.098881890934403, "9330015.02": 1.0632745298502826, "9330016.01": 0.876903029086181, "9330016.06": 1.1732011995016587, "9330016.05": 1.3899397304085404, "9330017.04": 1.1121801924787833, "9330014.02": 0.528881675309491, "9330016.04": 0.8693602426438977, "9330017.03": 0.8189950474741081, "9330017.02": 0.5589426393371646, "9330002.03": 0.6012000230219103, "9330003.02": -0.09786964966417297, "9330003.01": 0.24515094929251266, "9330014.01": 1.0892080140389893, "9330004.02": 0.7770140035618035, "9330013.04": 0.24177843790136244, "9330004.01": 1.3128717363149656, "9330005.0": 1.101398125114296, "9330013.03": 0.41937039956293864, "9330013.01": 0.7147284739561182, "9330018.01": 0.6512933234445462, "9330036.02": 1.4732657725795482, "9330035.01": 1.375484601423561, "9330036.01": 0.9929797864041725, "9330034.01": 0.577882968541935, "9330033.02": 1.0736244293393788, "9330034.02": 0.16722594242794642, "9330006.02": 1.3885252011409437, "9330011.0": 1.1000257341185, "9330006.01": 0.7959541913703061, "9330012.02": 1.3067690413072168, "9330018.02": 0.6927253991185633, "9330012.01": 0.8872911399244371, "9330010.02": 1.2152879602365592, "9330007.01": -1.2494829415726783, "9330033.01": 0.7169707473705277, "9330010.01": 0.6389043843747637, "9330035.02": 0.19053001720179016, "9330052.01": 1.4446151677294319, "9330032.02": 0.04404576948319165, "9330032.01": 0.3758063995987441, "9330051.02": 0.775005349916124, "9330037.02": -0.3133391076592767, "9330019.0": 1.3353433042231964, "9330007.02": 1.2263713345024405, "9330030.0": 1.1253220594879283, "9330020.0": 0.6150492885438359, "9330009.0": 0.11765719772633441, "9330031.02": 0.4010538887652144, "9330008.02": 0.9164148986323386, "9330031.01": 0.5286427303810226, "9330029.0": 0.11775049144088377, "9330022.0": 0.208262535260849, "9330052.02": 1.0872873584488036, "9330051.01": -0.1830677585921457, "9330037.01": -0.6275631574305702, "9330050.02": -0.8228329246872664, "9330054.02": 0.5919125568607874, "9330038.0": -0.6257054774702114, "9330050.04": -0.726233713658991, "9330053.02": 1.7604616965179094, "9330054.01": -0.4586026006861746, "9330028.0": -0.610078473927595, "9330021.0": -0.46397755934705076, "9330039.01": -0.3615805375351904, "9330027.02": -0.46108111105527905, "9330023.0": 0.4638035245114234, "9330008.01": -0.08861594497279585, "9330039.02": -1.0352230901132824, "9330049.05": -0.41461325388960363, "9330040.02": -0.9644215756393023, "9330056.02": -0.9519187859996723, "9330053.01": 0.14333853329045998, "9330050.03": -1.0002914644944378, "9330055.01": -0.2633848898934839, "9330057.02": -1.5775957288214124, "9330055.02": -0.055126324890021436, "9330024.0": 1.3663135103327746, "9330049.04": -1.3352503781529197, "9330027.01": -0.3111655450144342, "9330049.06": -1.2047401063571963, "9330040.01": -1.6579809830531997, "9330041.01": -1.4048379354844016, "9330049.03": -1.513186671498131, "9330026.0": 0.38243936352355934, "9330049.02": -1.3895991492499666, "9330041.02": -1.0450582030643127, "9330059.08": -0.8394296481635956, "9330048.02": -0.9468802907325367, "9330059.07": -0.5514781875540016, "9330059.15": -0.5097912409815812, "9330025.0": 0.4653099709413741, "9330059.09": -0.6822325663401556, "9330046.0": -0.7555640542708892, "9330059.1": -0.7795767267526945, "9330042.0": -0.06371095585276293, "9330048.01": -0.9206783638885203, "9330056.01": -1.3145768696258593, "9330057.01": -2.239090067998473, "9330059.16": -1.1480743515643117, "9330058.0": -2.3263921689016853, "9330059.13": -1.4230024031696824, "9330059.18": -1.6680092419247798, "9330059.17": -2.157012678495873, "9330059.11": -1.0090144792089515, "9330060.02": -1.005380833433858, "9330047.02": -1.235835167327464, "9330047.01": -1.0208808826787839, "9330045.02": -0.8082343087540967, "9330064.0": -1.097991099865024, "9330060.01": -1.3087882967205005, "9330065.0": -0.9570897941859726, "9330043.02": 0.8164274883368885, "9330066.01": -0.3407362233928272, "9330066.02": -0.5936070143231471, "9330045.01": -1.3337264336250019, "9330061.0": -1.4639923916798565, "9330063.0": -1.2766107053348288, "9330069.02": 0.44712757280539955, "9330043.01": 1.0410836982864833, "9330067.01": -0.8680228316996147, "9330067.02": -0.5444676237537562, "9330062.0": -1.0467532489531177, "9330044.0": 0.34196566221336494, "9330068.0": -0.9719374379129961, "9330069.04": 1.111916164666038, "9330250.02": 1.4481560505272641}