{"n": 133.0, "rho": 0.7725098663156271, "beta_const": 83.68705500410834, "beta_dist_std": -32.71426652414486, "beta_count_std": -3.2163855782811175, "se_const": 29.72810508307367, "se_dist_std": 19.87660293012779, "se_count_std": 19.433956877717648, "p_const": NaN, "p_dist_std": NaN, "p_count_std": NaN, "moran_I_resid": NaN, "moran_p_resid": NaN}