{"9330220.0": -0.7559115931614542, "9330221.01": -0.7799602197571622, "9330002.04": -0.9394093183402001, "9330001.02": -1.07066796391258, "9330001.01": -1.3724187880528789, "9330002.01": -1.2217750311856266, "9330015.01": -0.3474493294250978, "9330015.02": -0.914784186447758, "9330016.01": -0.6577702328032761, "9330016.06": -0.6004973038061147, "9330016.05": -0.5166785338062186, "9330017.04": -0.6746399326810049, "9330014.02": -0.8996042246945667, "9330016.04": -0.45814351662840647, "9330017.03": -0.5468154986777937, "9330017.02": -0.4701399904203619, "9330002.03": -1.0749725097733756, "9330003.02": -1.1611720209308578, "9330003.01": -0.9786818901502229, "9330014.01": -0.7026440838718158, "9330004.02": -0.6151518023044369, "9330013.04": -0.9527535791022465, "9330004.01": 0.5386585521238618, "9330005.0": -0.428242578777591, "9330013.03": -0.8333193730084059, "9330013.01": -0.7068839310091304, "9330018.01": -0.6139389996607282, "9330036.02": -0.4456223060911649, "9330035.01": -0.3464765775410975, "9330036.01": -0.5058478746579709, "9330034.01": -0.5974371818897599, "9330033.02": -0.6214901701151623, "9330034.02": -0.43817848488083927, "9330006.02": 0.41214032750803475, "9330011.0": -0.856686194030417, "9330006.01": 0.19381298669009964, "9330012.02": -0.6648047926164966, "9330018.02": -0.7344576504411539, "9330012.01": -0.8424994709704247, "9330010.02": -0.7216939065109172, "9330007.01": -2.1156362755513136, "9330033.01": -0.8032094666143565, "9330010.01": -0.8473040206510908, "9330035.02": -0.3308504612113663, "9330052.01": -0.884846464231806, "9330032.02": -0.46822372740801727, "9330032.01": -0.4098895332476012, "9330051.02": -0.7994781465832278, "9330037.02": 0.044668998582665, "9330019.0": -0.9152963471336745, "9330007.02": -0.8238187311018546, "9330030.0": -0.6815546859566783, "9330020.0": -0.7929596324174611, "9330009.0": -1.2337734453598455, "9330031.02": 0.03308348227422579, "9330008.02": -1.2454436015548485, "9330031.01": 0.4125228637340398, "9330029.0": -0.058766018426701774, "9330022.0": -1.0741337285354948, "9330052.02": -0.95102722687715, "9330051.01": -0.17252663271504334, "9330037.01": 0.4621859080743239, "9330050.02": 0.04444811518532023, "9330054.02": -0.6559688341135476, "9330038.0": 0.03836461998556392, "9330050.04": 1.0901419056225965, "9330053.02": -0.6681257210235297, "9330054.01": 0.03463793575191108, "9330028.0": 0.020572975065521873, "9330021.0": -0.21679859239827876, "9330039.01": 0.22191456316434607, "9330027.02": -1.2305324981213202, "9330023.0": -0.9558638792084362, "9330008.01": -2.234906046681137, "9330039.02": 0.05710488469337993, "9330049.05": 1.320095660855623, "9330040.02": 0.12677748361244048, "9330056.02": 0.635987146723388, "9330053.01": -0.4343127082967898, "9330050.03": 0.8698247525352085, "9330055.01": -0.2815107906506304, "9330057.02": 1.292431494785486, "9330055.02": 0.32639263462793155, "9330024.0": -0.8705894733188049, "9330049.04": 0.3634587675813332, "9330027.01": -0.7253084744849504, "9330049.06": 0.622822709671893, "9330040.01": 0.1261937467061949, "9330041.01": 0.08937226638349169, "9330049.03": 0.5151984937049242, "9330026.0": -0.7239492273377541, "9330049.02": 0.012390562193095552, "9330041.02": 0.06045329470675894, "9330059.08": 1.875256488379532, "9330048.02": 0.7356573970208726, "9330059.07": 2.4874876736374776, "9330059.15": 1.5434223545157475, "9330025.0": -0.6809396571238691, "9330059.09": 1.7454396164600785, "9330046.0": 0.6885225132170227, "9330059.1": 2.533225246597862, "9330042.0": -0.13619193563861445, "9330048.01": 0.6541835943759097, "9330056.01": 0.38736886462869435, "9330057.01": 0.9864101078399625, "9330059.16": 1.1150722611813695, "9330058.0": 1.00404924947552, "9330059.13": 1.303946374446559, "9330059.18": 1.2538825447990012, "9330059.17": 1.2471454612940465, "9330059.11": 1.3592664976651643, "9330060.02": 1.8795939984220371, "9330047.02": 1.0188800649075873, "9330047.01": 0.831325708046609, "9330045.02": 0.17783671500134612, "9330064.0": 2.4737477105945267, "9330060.01": 2.4947588250029837, "9330065.0": 1.6717433520263671, "9330043.02": -0.0960911206871719, "9330066.01": 2.0143706326484603, "9330066.02": 1.2908496228159319, "9330045.01": 0.502001130550463, "9330061.0": 1.248743152259534, "9330063.0": 1.9350267537591734, "9330069.02": -1.4570414012913844, "9330043.01": -0.6204463757389406, "9330067.01": 1.4907382904330784, "9330067.02": 1.5030336722224487, "9330062.0": 1.9375307815729326, "9330044.0": -0.5686079944790446, "9330068.0": 0.9569389023533167, "9330069.04": -0.2885998645957414, "9330250.02": 0.21103109220686248}