{"9330220.0": -1.103146068318557, "9330221.01": -0.025104887132166503, "9330002.04": 0.040626669338388044, "9330001.02": -0.742209494360117, "9330001.01": 0.057351750176342454, "9330002.01": -0.48078644022731526, "9330015.01": 1.3354954189512227, "9330015.02": 1.3608912925260424, "9330016.01": 0.11337478329609578, "9330016.06": -2.0212223642647773, "9330016.05": 0.12202718494179769, "9330017.04": -0.7966019366717226, "9330014.02": 0.5344674034527823, "9330016.04": 0.4967623786158797, "9330017.03": -0.1980842025492018, "9330017.02": 0.19694706955570285, "9330002.03": 0.6416268032241854, "9330003.02": -0.2128944935116153, "9330003.01": -0.6238008312090266, "9330014.01": -1.3109902286304984, "9330004.02": 0.3422569410526449, "9330013.04": -0.1371193457852905, "9330004.01": -0.3309882352155623, "9330005.0": -2.1868541577302865, "9330013.03": 0.3364214398716563, "9330013.01": 0.7051926162810664, "9330018.01": 1.0449987590682233, "9330036.02": 0.8585113188099905, "9330035.01": 0.05034985234098421, "9330036.01": 0.8787938109199802, "9330034.01": 0.5042824723567536, "9330033.02": -1.1121488642453055, "9330034.02": 1.3904250276181007, "9330006.02": 0.007416563609619609, "9330011.0": 0.40590291380943416, "9330006.01": 0.05145255931606518, "9330012.02": -0.9581042970232095, "9330018.02": 1.5274318016481456, "9330012.01": 0.7031785822989454, "9330010.02": 0.550050106771085, "9330007.01": 1.1998280950278182, "9330033.01": 0.032747349566707704, "9330010.01": -0.16626828044936412, "9330035.02": 0.7021943276025322, "9330052.01": 0.16586850129312763, "9330032.02": 0.09190537922749932, "9330032.01": -0.01586415154846193, "9330051.02": -0.3678874199534985, "9330037.02": -0.5695755287552438, "9330019.0": -0.22360866357628092, "9330007.02": 0.11878580481054903, "9330030.0": 0.7920656834257536, "9330020.0": -1.2725801934602994, "9330009.0": 1.1698547825494032, "9330031.02": 0.06690261973404668, "9330008.02": 1.4599684664337396, "9330031.01": 1.81343137505772, "9330029.0": 1.4526504140410386, "9330022.0": -2.9159104106336073, "9330052.02": 0.5208219165909297, "9330051.01": -0.3092289146490311, "9330037.01": 0.36729290125059777, "9330050.02": -0.08298705960084392, "9330054.02": 0.4113724634824558, "9330038.0": -0.5929042114948256, "9330050.04": -0.736332029595964, "9330053.02": -1.2473823379624611, "9330054.01": 0.8547017287382453, "9330028.0": 0.98643115822258, "9330021.0": 2.9944777118744965, "9330039.01": -0.3510554811092364, "9330027.02": -0.3968608468713368, "9330023.0": 0.8573973135598619, "9330008.01": -1.1998280950278175, "9330039.02": -1.0314692148899036, "9330049.05": -0.39142195549522785, "9330040.02": -1.6197160166353806, "9330056.02": -0.011231717350804835, "9330053.01": 2.0160396464919312, "9330050.03": -0.6152096883830851, "9330055.01": -0.45684108390441736, "9330057.02": 0.5785415633101475, "9330055.02": -1.1899480674541287, "9330024.0": 2.7576282243112598, "9330049.04": -0.41648377104523443, "9330027.01": -0.12235729582195953, "9330049.06": -0.16427109269593887, "9330040.01": -0.3286192996523833, "9330041.01": -0.7523892623348526, "9330049.03": -0.1371493829969863, "9330026.0": 1.3588632191236365, "9330049.02": -0.2888521998386824, "9330041.02": -0.3489423692457448, "9330059.08": -0.01936918995281815, "9330048.02": -0.5152084393681777, "9330059.07": -0.2548769130171447, "9330059.15": -0.31016469826174925, "9330025.0": 3.2738577653724152, "9330059.09": -0.26796573421138875, "9330046.0": -0.6456426377853154, "9330059.1": -0.38858913287262303, "9330042.0": 1.6802779119380296, "9330048.01": -0.07805800156647734, "9330056.01": -0.691978964565026, "9330057.01": -0.10148503629938702, "9330059.16": -0.24708622125935842, "9330058.0": -0.20561323675757975, "9330059.13": -0.19598222801069737, "9330059.18": -0.3306982332885968, "9330059.17": -0.33551571300311833, "9330059.11": -0.34917601712833113, "9330060.02": -0.5231633395368799, "9330047.02": -0.5217174874165151, "9330047.01": -0.6562043885517304, "9330045.02": -0.4003605602365832, "9330064.0": -0.336648569505081, "9330060.01": -0.5222860972137015, "9330065.0": -0.5048444579909034, "9330043.02": 0.9579986313968086, "9330066.01": -0.4515493344623, "9330066.02": -0.377189878765095, "9330045.01": 0.3738438456211904, "9330061.0": -0.6508348957382568, "9330063.0": -0.6543512438969767, "9330069.02": -3.346720988527143, "9330043.01": -0.08593317077437551, "9330067.01": -0.6908447418399446, "9330067.02": -0.39134498311667004, "9330062.0": -0.6581909422265265, "9330044.0": 1.0449092282737527, "9330068.0": -0.618242775832069, "9330069.04": -0.7002551750413732, "9330250.02": 3.23443176914816}