{"n": 133.0, "rho": 0.1587497076995542, "beta_const": 4284.885643833091, "beta_dist_std": -88.02595794638428, "beta_count_std": -198.42429255209885, "se_const": 704.2327534059194, "se_dist_std": 134.92892947920313, "se_count_std": 134.72206403828156, "p_const": NaN, "p_dist_std": NaN, "p_count_std": NaN, "moran_I_resid": NaN, "moran_p_resid": NaN}