{"n": 133.0, "rho": 0.801967669206121, "beta_const": 11.817806453791277, "beta_dist_std": -2.9661557375425716, "beta_count_std": -1.1946207500574046, "se_const": 4.517293374872785, "se_dist_std": 3.04820958743748, "se_count_std": 3.0263361091712753, "p_const": NaN, "p_dist_std": NaN, "p_count_std": NaN, "moran_I_resid": NaN, "moran_p_resid": NaN}