{"n": 133.0, "rho": 0.5690859685996382, "beta_const": 41310.17378099916, "beta_dist_std": -1909.3945342678976, "beta_count_std": -325.02403966435213, "se_const": 9239.550707577968, "se_dist_std": 1927.1928825073703, "se_count_std": 1912.149077594906, "p_const": NaN, "p_dist_std": NaN, "p_count_std": NaN, "moran_I_resid": NaN, "moran_p_resid": NaN}