{"9330220.0": -1.7327879374039503, "9330221.01": -1.8785620644597998, "9330002.04": -0.5823273234116468, "9330001.02": 1.117008925059529, "9330001.01": 0.7291884969783988, "9330002.01": 0.8361010803265547, "9330015.01": -0.5588262982291295, "9330015.02": 0.24422541917177593, "9330016.01": 0.033244076571289305, "9330016.06": 1.6009562428807547, "9330016.05": -0.03214673641675699, "9330017.04": -1.4478741542450404, "9330014.02": 1.1776345095130583, "9330016.04": 0.5171211494198206, "9330017.03": -0.6704481874494419, "9330017.02": -0.5288136821767575, "9330002.03": -0.8680768471564255, "9330003.02": -0.49255443126069987, "9330003.01": -0.7868540010791057, "9330014.01": -1.1203051450707155, "9330004.02": -0.6588840440953658, "9330013.04": -1.0168078298992942, "9330004.01": 1.2293640853663919, "9330005.0": 3.149910263514815, "9330013.03": 0.31961830124418583, "9330013.01": 1.0604597767018147, "9330018.01": 0.6350597979397836, "9330036.02": 0.014431652354280823, "9330035.01": -0.7868643955634531, "9330036.01": -0.008971696246257753, "9330034.01": 0.5964388917144816, "9330033.02": -1.392674896525679, "9330034.02": 0.4190425769151006, "9330006.02": -0.08442535453634986, "9330011.0": 0.36267843861802734, "9330006.01": -1.0441570122423436, "9330012.02": -1.003284608193171, "9330018.02": 0.32493361217177674, "9330012.01": -0.5994083200106635, "9330010.02": -0.6253467390216044, "9330007.01": 0.9013494534634664, "9330033.01": -0.645868872884362, "9330010.01": 0.6336053271762485, "9330035.02": 0.923765232991511, "9330052.01": 0.5133085572614854, "9330032.02": -0.11421721154610025, "9330032.01": -0.660799619161363, "9330051.02": -0.5040681206311316, "9330037.02": -1.30127152398337, "9330019.0": 0.15080051424891716, "9330007.02": -0.6743083548586036, "9330030.0": 0.28231547097800275, "9330020.0": -0.894629255140892, "9330009.0": 1.3532447899520035, "9330031.02": -0.4201871704537129, "9330008.02": -0.8170693875000096, "9330031.01": -0.6201383121540059, "9330029.0": 0.4729872757621014, "9330022.0": -0.017740298800725078, "9330052.02": 0.5537790391275863, "9330051.01": -1.2402758019714224, "9330037.01": -0.42176667776267174, "9330050.02": 1.8136386435685345, "9330054.02": -0.362184440252313, "9330038.0": 1.0105266637693489, "9330050.04": -0.39875226973939115, "9330053.02": -1.1595036877911666, "9330054.01": -0.9393184679991161, "9330028.0": -1.6088083027284197, "9330021.0": -1.5528909290672142, "9330039.01": 0.8453445876525176, "9330027.02": -0.7266838758038489, "9330023.0": -1.0682224520555996, "9330008.01": -0.901349453463464, "9330039.02": 0.6632613953423608, "9330049.05": -2.364163343876324, "9330040.02": 0.32341290655769145, "9330056.02": -0.6537953787056523, "9330053.01": 0.4087678902593957, "9330050.03": 2.165304863786095, "9330055.01": 0.44400066875945987, "9330057.02": 1.0529709028675762, "9330055.02": 1.034249642935394, "9330024.0": -0.6815051513635357, "9330049.04": -1.1543004881852474, "9330027.01": -1.2606100737618309, "9330049.06": 0.8981804881261347, "9330040.01": 1.3770279245094235, "9330041.01": 1.0710616789130987, "9330049.03": -1.5421387490943201, "9330026.0": -0.33576529667689115, "9330049.02": 0.6675243521808722, "9330041.02": 0.758443879163063, "9330059.08": 0.3737464773012795, "9330048.02": -1.4676043394287708, "9330059.07": -1.4822554868877, "9330059.15": -0.668013034987238, "9330025.0": 0.3944248954340827, "9330059.09": 2.211826453278108, "9330046.0": 0.6373692945373948, "9330059.1": 0.9492123273550263, "9330042.0": -0.005721087212157561, "9330048.01": 1.249800092436633, "9330056.01": 0.6472372822007268, "9330057.01": 0.444460026140762, "9330059.16": -0.2144792048593106, "9330058.0": 0.22519472331457016, "9330059.13": -0.05150550552691961, "9330059.18": -0.3067107853174327, "9330059.17": 2.1024839687321806, "9330059.11": 0.6025611374303483, "9330060.02": 1.5723479453101994, "9330047.02": -0.5206998215771105, "9330047.01": -0.3131311825434998, "9330045.02": -0.03428380047070247, "9330064.0": 1.2518550396509902, "9330060.01": -0.6509757979696188, "9330065.0": 2.3482917590386783, "9330043.02": -1.1811893312985249, "9330066.01": -0.758777389044549, "9330066.02": -0.15022391988775352, "9330045.01": -0.91997937727599, "9330061.0": 1.2588177023072329, "9330063.0": 0.4363080754355495, "9330069.02": 0.9221500820863737, "9330043.01": -0.5917299767081939, "9330067.01": 0.694129107043382, "9330067.02": -0.0991482031453834, "9330062.0": -0.36186474506289246, "9330044.0": -0.059670198497740114, "9330068.0": 1.8751581120240695, "9330069.04": -0.6201014747246836, "9330250.02": -1.4628646123391882}