{"n": 133.0, "rho": 0.5972908117487922, "beta_const": 2.1075565140038623, "beta_dist_std": -0.257197373231809, "beta_count_std": -0.3952064563495424, "se_const": 0.5036540601922408, "se_dist_std": 0.17479725700613252, "se_count_std": 0.1726193876291652, "p_const": NaN, "p_dist_std": NaN, "p_count_std": NaN, "moran_I_resid": NaN, "moran_p_resid": NaN}