{"9330220.0": -1.2552581776428309, "9330221.01": -1.1002062829742594, "9330002.04": -1.2089832114892083, "9330001.02": -1.0302352855911643, "9330001.01": -0.8836460984866873, "9330002.01": -1.027986488805704, "9330015.01": -1.203692478419089, "9330015.02": -1.0924792981261235, "9330016.01": -1.140016168017101, "9330016.06": -1.3677349767096254, "9330016.05": -1.2416677287445577, "9330017.04": -1.1435663317667346, "9330014.02": -1.2875718310888513, "9330016.04": -1.2158569184623382, "9330017.03": -1.220738407933937, "9330017.02": -1.312200452217907, "9330002.03": -1.3080179192902246, "9330003.02": -1.2889605948923617, "9330003.01": -1.2117553735372968, "9330014.01": -1.0590782657304152, "9330004.02": -0.9494503645801206, "9330013.04": -1.2090864638996723, "9330004.01": -0.8433871142046045, "9330005.0": 0.39797927288129453, "9330013.03": -1.2199009649777408, "9330013.01": -1.0965331447294668, "9330018.01": -1.1997389023767921, "9330036.02": -1.232804115564763, "9330035.01": -1.2683504958692335, "9330036.01": -1.1432586292102398, "9330034.01": -1.1487339270544827, "9330033.02": -1.0375328295967072, "9330034.02": -1.1259283159823972, "9330006.02": -0.24897259373418248, "9330011.0": -0.3378831545724725, "9330006.01": 0.6608882152384455, "9330012.02": -0.7193777189811335, "9330018.02": -0.8387023244250238, "9330012.01": 0.2262169269549806, "9330010.02": 0.7579086897386398, "9330007.01": 0.4110121858334504, "9330033.01": -0.6025482046165087, "9330010.01": 1.02743874029527, "9330035.02": -0.8854849117482796, "9330052.01": -0.9945435777226594, "9330032.02": -0.8391638098166898, "9330032.01": -0.7636911295841069, "9330051.02": -0.8638034972157458, "9330037.02": -0.8217446292687299, "9330019.0": -0.10540842029806989, "9330007.02": 1.2798530674327595, "9330030.0": -0.2730494067097538, "9330020.0": 1.3354655934353428, "9330009.0": 1.7071195893982347, "9330031.02": -0.3499464939090283, "9330008.02": 1.5862837904205707, "9330031.01": -0.1725046584136886, "9330029.0": 0.3753445881203693, "9330022.0": 2.2570066969063864, "9330052.02": -0.7560464158121717, "9330051.01": -0.710918988127902, "9330037.01": -0.6627496136557691, "9330050.02": -0.6208395168107201, "9330054.02": -0.8545879085645639, "9330038.0": -0.3699630673353231, "9330050.04": -0.5938648299348667, "9330053.02": -0.9930379884635783, "9330054.01": -0.5647660631922313, "9330028.0": 0.6353141023534693, "9330021.0": 1.0569507348294478, "9330039.01": -0.17187073124027175, "9330027.02": 1.7817923886392677, "9330023.0": 1.5918732826474762, "9330008.01": 1.7664259818635044, "9330039.02": 0.1886380445036197, "9330049.05": -0.2442763263175869, "9330040.02": 0.9257976142714162, "9330056.02": -0.38801880327303845, "9330053.01": -0.7387870284937543, "9330050.03": -0.2817429309791448, "9330055.01": -0.5343564203120951, "9330057.02": -0.027779054588037, "9330055.02": -0.6304871535982224, "9330024.0": 1.7747066474730484, "9330049.04": -0.17377145347133072, "9330027.01": 1.5654449555757353, "9330049.06": -0.036445573979518746, "9330040.01": -0.20880040122013277, "9330041.01": 0.8193553674321569, "9330049.03": -0.16012580492120376, "9330026.0": 1.2250545007821405, "9330049.02": 0.08435496731258788, "9330041.02": 0.7667262377831677, "9330059.08": 0.7836726205458536, "9330048.02": 0.10789740472998419, "9330059.07": 0.4940683323392719, "9330059.15": 0.592007908460974, "9330025.0": 1.4947161819962707, "9330059.09": 0.4975908875063595, "9330046.0": 0.49640806059012677, "9330059.1": 0.33594777029538986, "9330042.0": 0.920691638377425, "9330048.01": -0.015480863554939023, "9330056.01": -0.34668149724819664, "9330057.01": 0.39712861177164827, "9330059.16": 0.1309750947645632, "9330058.0": 0.23527038685602644, "9330059.13": 0.5006992545156352, "9330059.18": 0.40078464039674483, "9330059.17": 0.5064700447682507, "9330059.11": 0.6713527002420153, "9330060.02": 0.5587389409886415, "9330047.02": 0.48492360055470946, "9330047.01": 0.2087516551768681, "9330045.02": 1.1129502621319272, "9330064.0": 0.2369468075897131, "9330060.01": -0.14930759982296396, "9330065.0": 0.7029297369344817, "9330043.02": 1.4192843303053144, "9330066.01": 1.0796654813100974, "9330066.02": 1.5487108128385876, "9330045.01": 0.9954273801053176, "9330061.0": -0.009057373417119022, "9330063.0": 0.05855862647659295, "9330069.02": 1.7561390875349543, "9330043.01": 2.424552078128184, "9330067.01": 0.6250424360392987, "9330067.02": 0.9226155049287762, "9330062.0": 0.08166221082832718, "9330044.0": 1.550270376727573, "9330068.0": 0.5969046848722691, "9330069.04": 2.337399674060707, "9330250.02": 2.662838089511901}