{"n": 133.0, "rho": 0.7652972885281485, "beta_const": 78.15905300084978, "beta_dist_std": -35.45704162150481, "beta_count_std": 4.874949861460875, "se_const": 29.23139127309209, "se_dist_std": 21.288330401748638, "se_count_std": 20.778189821231713, "p_const": NaN, "p_dist_std": NaN, "p_count_std": NaN, "moran_I_resid": NaN, "moran_p_resid": NaN}