{"n": 133.0, "rho": 0.3996673386679736, "beta_const": 440.58545692416476, "beta_dist_std": 1.5348991329830506, "beta_count_std": -27.01381996679546, "se_const": 87.29526782554994, "se_dist_std": 23.201363014011488, "se_count_std": 23.196563047924773, "p_const": NaN, "p_dist_std": NaN, "p_count_std": NaN, "moran_I_resid": NaN, "moran_p_resid": NaN}