{"n": 133.0, "rho": 0.3670383053443906, "beta_const": 49.1976964095591, "beta_dist_std": 0.5167567774114766, "beta_count_std": -4.419852159169057, "se_const": 9.742266557204362, "se_dist_std": 3.292864315785596, "se_count_std": 3.2909800774547096, "p_const": NaN, "p_dist_std": NaN, "p_count_std": NaN, "moran_I_resid": NaN, "moran_p_resid": NaN}