{"n": 133.0, "rho": 0.5903315899306821, "beta_const": 242.47583263629429, "beta_dist_std": -36.60184681997941, "beta_count_std": -30.857915673481237, "se_const": 57.846253052887384, "se_dist_std": 21.27632152260656, "se_count_std": 20.842260527676164, "p_const": NaN, "p_dist_std": NaN, "p_count_std": NaN, "moran_I_resid": NaN, "moran_p_resid": NaN}