{"9330220.0": 0.23732298850207645, "9330221.01": 0.2732878276802142, "9330002.04": 0.25053071442165176, "9330001.02": 0.42780636602485744, "9330001.01": -0.055332750229099045, "9330002.01": 1.2239509660393135, "9330015.01": 1.4901250987843333, "9330015.02": 0.4230770884836483, "9330016.01": 0.3563236156877658, "9330016.06": 0.7340932313805716, "9330016.05": 0.8086395963171589, "9330017.04": 0.3237798081163304, "9330014.02": -0.17903160129357995, "9330016.04": 0.3803858950808746, "9330017.03": 0.04141303521033564, "9330017.02": -0.08200975323121665, "9330002.03": 0.16758150596764343, "9330003.02": -0.6568225981106907, "9330003.01": -0.20561892604052479, "9330014.01": 0.5622279190906347, "9330004.02": 0.6304183323993553, "9330013.04": -0.38991685355662165, "9330004.01": 1.5178955188317897, "9330005.0": 0.408324947462354, "9330013.03": 0.13663001479168477, "9330013.01": 0.07980905334030695, "9330018.01": -0.14281420193480807, "9330036.02": 1.0886807329918295, "9330035.01": 0.6788441150306275, "9330036.01": 0.5842319605476267, "9330034.01": -0.1916979681249066, "9330033.02": 0.4874396597233748, "9330034.02": -0.6123360450262153, "9330006.02": 1.3632157319155973, "9330011.0": 1.0898099734167839, "9330006.01": 0.5150881992152457, "9330012.02": 1.0564132382062934, "9330018.02": 0.4015404403888964, "9330012.01": 0.6407339850696072, "9330010.02": 0.8585605728955683, "9330007.01": -5.809436101766067, "9330033.01": 0.33683568511502066, "9330010.01": 0.2967780541544301, "9330035.02": 0.1396965380894705, "9330052.01": 1.2283318586078036, "9330032.02": -0.34264447233438594, "9330032.01": 0.29299480852505794, "9330051.02": 0.48066854182296137, "9330037.02": -0.5362960064838532, "9330019.0": 1.5116656515445075, "9330007.02": 0.8518856958520239, "9330030.0": 1.1349196040358525, "9330020.0": 0.5468129991079108, "9330009.0": -0.3269582362389584, "9330031.02": 0.7517471584998725, "9330008.02": 0.7641120563383571, "9330031.01": 1.177367394848719, "9330029.0": 0.48085242997362476, "9330022.0": -0.23344182861600588, "9330052.02": 1.1394700255542451, "9330051.01": -0.2575674030087402, "9330037.01": -0.4478558299914483, "9330050.02": -0.8504833640798695, "9330054.02": 0.4961825054705656, "9330038.0": -0.49144553050381773, "9330050.04": -0.22173514566426872, "9330053.02": 1.3722814119770979, "9330054.01": -0.33028387865193126, "9330028.0": -0.19087204540884434, "9330021.0": -0.6111196823838939, "9330039.01": -0.01303402626228903, "9330027.02": -1.1225429200681019, "9330023.0": 0.010633720029765153, "9330008.01": -5.219010800491922, "9330039.02": -0.7293902806687395, "9330049.05": 0.3031457610510555, "9330040.02": -0.6655200445757562, "9330056.02": -0.6216125988641914, "9330053.01": 0.10241702850346464, "9330050.03": -0.6706102526969289, "9330055.01": -0.34450652545294674, "9330057.02": -1.2316802758710865, "9330055.02": -0.028257293692915946, "9330024.0": 0.6733445851222082, "9330049.04": -1.0194851470880317, "9330027.01": -0.902613145162365, "9330049.06": -0.9359201605324364, "9330040.01": -1.3727279441037723, "9330041.01": -1.2692329478678424, "9330049.03": -1.2452540211418164, "9330026.0": -0.2540066391479986, "9330049.02": -1.2190299078085596, "9330041.02": -1.1086664230563095, "9330059.08": 0.5380641862139854, "9330048.02": -0.43604196862746214, "9330059.07": 1.0126873393477818, "9330059.15": 0.6050037643675663, "9330025.0": -0.09277588412703403, "9330059.09": 0.5240692020007337, "9330046.0": -0.3142358104118237, "9330059.1": 0.8609645677995671, "9330042.0": -0.44236599845429925, "9330048.01": -0.2905556414056633, "9330056.01": -1.182667170690721, "9330057.01": -1.8532907840396204, "9330059.16": -0.5511307540430878, "9330058.0": -2.088223443364605, "9330059.13": -0.5029217918810939, "9330059.18": -0.9034192409204811, "9330059.17": -1.2924680127985495, "9330059.11": -0.1130857491268866, "9330060.02": 0.5658284997223032, "9330047.02": -0.3204249849268224, "9330047.01": -0.38961023424670493, "9330045.02": -0.6917227535448777, "9330064.0": 0.7148667065307012, "9330060.01": 0.3721185531238889, "9330065.0": 0.2891428163158725, "9330043.02": 0.5682498023582511, "9330066.01": 0.8892285272930153, "9330066.02": 0.37060319779151774, "9330045.01": -0.872767964974407, "9330061.0": -0.19856375880196672, "9330063.0": 0.26843889171486646, "9330069.02": 0.4576135360699414, "9330043.01": 0.6868056387771408, "9330067.01": 0.30171245880559266, "9330067.02": 0.4861463192405411, "9330062.0": 0.5875853961255321, "9330044.0": 0.1609790244416068, "9330068.0": 0.07379057864926526, "9330069.04": 0.9724400166203648, "9330250.02": 1.038428853071414}