{"9330220.0": -0.936594517831232, "9330221.01": -0.993538816333062, "9330002.04": -0.5667082301508577, "9330001.02": -1.2509608639976537, "9330001.01": -1.1944934588946134, "9330002.01": -1.1028068193135308, "9330015.01": -0.9830784544994632, "9330015.02": -0.5260740861868058, "9330016.01": 1.014819548092588, "9330016.06": 3.064131629113791, "9330016.05": 0.28741194612649956, "9330017.04": 0.4610909892699193, "9330014.02": 2.775063399420705, "9330016.04": 0.9681043536112206, "9330017.03": 3.047287117523758, "9330017.02": 1.9337274631985988, "9330002.03": -0.9268246808581292, "9330003.02": -0.22320371162273622, "9330003.01": 1.016506570638822, "9330014.01": 0.6615430106073967, "9330004.02": 1.058454357201691, "9330013.04": 1.603069449729286, "9330004.01": 0.7144766311035315, "9330005.0": 0.7066511855350974, "9330013.03": 1.7316403098165365, "9330013.01": 2.5005819490468615, "9330018.01": 1.5663966626580186, "9330036.02": -0.3689346216570847, "9330035.01": 0.1640819472523057, "9330036.01": -0.6165434544929662, "9330034.01": 3.0954822645506055, "9330033.02": 3.201358861613543, "9330034.02": 0.8568763531161804, "9330006.02": 0.820102313789535, "9330011.0": -0.010278510819519726, "9330006.01": -0.1927995927665333, "9330012.02": 1.8484925327326314, "9330018.02": 2.68707555274196, "9330012.01": 0.17151277107731144, "9330010.02": 0.3955986549474196, "9330007.01": 2.2776408569002684, "9330033.01": -0.08012537499012656, "9330010.01": -0.17114840621822716, "9330035.02": -0.5048577748612955, "9330052.01": -1.3058645905839503, "9330032.02": 0.45024766987822024, "9330032.01": 0.15012762369603855, "9330051.02": -0.8343231837256958, "9330037.02": 0.44497945806871414, "9330019.0": -0.19308116670166459, "9330007.02": 0.08749456404842199, "9330030.0": -0.24730332263207574, "9330020.0": -0.9980765134814185, "9330009.0": -0.75438325390303, "9330031.02": 0.10904209342635054, "9330008.02": -0.8757303400090992, "9330031.01": -0.17085738686739518, "9330029.0": -0.4989528587222483, "9330022.0": -0.7452681769757773, "9330052.02": -1.3012636407933424, "9330051.01": -0.28106049446357867, "9330037.01": 0.7922890206826199, "9330050.02": -0.09507406169813043, "9330054.02": -0.44148024141903175, "9330038.0": 0.0978840635292492, "9330050.04": 0.22873695854635495, "9330053.02": -1.102433275587833, "9330054.01": 0.016949782932169064, "9330028.0": -0.37268847925022935, "9330021.0": -0.722573881264341, "9330039.01": 0.04012659610500421, "9330027.02": -0.5490789452708776, "9330023.0": -0.6114336362652281, "9330008.01": 1.8975023847864538, "9330039.02": -0.5956456346797538, "9330049.05": 0.024403724913371658, "9330040.02": -0.16160935930429876, "9330056.02": 0.2640115551049351, "9330053.01": -0.0960441440062398, "9330050.03": 0.03978646500432516, "9330055.01": -0.22787470948853805, "9330057.02": 0.29477754682973, "9330055.02": 0.5452599874804713, "9330024.0": -0.5767485948889188, "9330049.04": -0.24116870046900146, "9330027.01": -0.011400695150726288, "9330049.06": -0.1638699980630291, "9330040.01": 0.05279498188243864, "9330041.01": -0.014589680907849784, "9330049.03": 0.12886681074123232, "9330026.0": -0.21657328202773482, "9330049.02": -0.08905916446078944, "9330041.02": 0.2978740104821003, "9330059.08": -0.6552846451515889, "9330048.02": -0.3668108968873838, "9330059.07": -0.48767826014151916, "9330059.15": -0.6794777536227861, "9330025.0": -0.5161232671301501, "9330059.09": -0.3454262616579623, "9330046.0": 0.10453569488135439, "9330059.1": -0.4946262656316225, "9330042.0": -0.2016104715852634, "9330048.01": -0.24262637725139544, "9330056.01": 0.7199449055719417, "9330057.01": 0.13183406291923752, "9330059.16": -0.21994123953271066, "9330058.0": 0.1614812884691916, "9330059.13": -0.381480978910704, "9330059.18": -0.29506968101931763, "9330059.17": -0.19734904161503253, "9330059.11": -0.5735990158874118, "9330060.02": -0.658393726447165, "9330047.02": 0.01555673229983685, "9330047.01": -0.11592057692792306, "9330045.02": 0.017307865046980044, "9330064.0": -0.9268855227310725, "9330060.01": -0.48986922861475085, "9330065.0": -0.684744222122221, "9330043.02": -0.46408277907802936, "9330066.01": -0.844645994669936, "9330066.02": -0.7018715577218176, "9330045.01": -0.2805639285973536, "9330061.0": -0.8046245683944095, "9330063.0": -0.9908050790548982, "9330069.02": -1.194916694875782, "9330043.01": -1.0154144028496195, "9330067.01": -0.8795965889989127, "9330067.02": -1.1791191000772032, "9330062.0": -1.3764388209753193, "9330044.0": -0.8590295522916624, "9330068.0": -1.0819518398384813, "9330069.04": -1.3114100623616798, "9330250.02": -1.0811233375340699}