{"n": 133.0, "rho": 0.42097662295703664, "beta_const": 609.4713291311168, "beta_dist_std": -16.132550952607843, "beta_count_std": -28.552896222221232, "se_const": 123.86073939510551, "se_dist_std": 36.782133352381166, "se_count_std": 36.74667916651469, "p_const": NaN, "p_dist_std": NaN, "p_count_std": NaN, "moran_I_resid": NaN, "moran_p_resid": NaN}