{"9330220.0": -0.25671181274838134, "9330221.01": -0.2747837709327536, "9330002.04": 0.48601026562475175, "9330001.02": 0.4284279484422601, "9330001.01": 0.015137333944758085, "9330002.01": 1.1580894046680141, "9330015.01": 1.0202448713230505, "9330015.02": 1.3110404505522606, "9330016.01": 1.54766875859412, "9330016.06": 1.307725541511443, "9330016.05": 1.9041198619721265, "9330017.04": 2.6663899844403587, "9330014.02": 1.7858206192706814, "9330016.04": 1.5799730703931159, "9330017.03": 2.316834614764104, "9330017.02": 1.652854942084624, "9330002.03": 0.8189764587756743, "9330003.02": 0.5384922083945679, "9330003.01": 0.678189110705305, "9330014.01": 1.8403957029170266, "9330004.02": 0.7231539456248225, "9330013.04": 1.5600715047006275, "9330004.01": 0.4689401457924613, "9330005.0": 0.5918014603333004, "9330013.03": 0.7494389110446251, "9330013.01": 1.283497719285841, "9330018.01": 2.029621245186912, "9330036.02": 2.2551884324017784, "9330035.01": 2.2011938816540715, "9330036.01": 1.5523126597419579, "9330034.01": 1.6407467367266857, "9330033.02": 1.4661179696537754, "9330034.02": 1.1459910460821365, "9330006.02": 0.5646488979088222, "9330011.0": 0.7657831454005134, "9330006.01": 0.21695188715990807, "9330012.02": 0.7823801081358517, "9330018.02": 0.7451960296954128, "9330012.01": 0.23714465582653868, "9330010.02": 0.49834643887355684, "9330007.01": -0.7798996090152216, "9330033.01": 0.045391186681603905, "9330010.01": 0.25049039426917774, "9330035.02": 0.9360322454755499, "9330052.01": 1.7146929861375468, "9330032.02": 0.6927418834208563, "9330032.01": 0.36366523416149465, "9330051.02": 1.345967918526928, "9330037.02": 0.11117297884686478, "9330019.0": 0.2910927018207922, "9330007.02": 0.4135912990038217, "9330030.0": -0.16833301165293205, "9330020.0": 0.01823358716682088, "9330009.0": -0.09248193482182598, "9330031.02": -0.6148784188706323, "9330008.02": -0.06315919452649345, "9330031.01": -0.7159481515134191, "9330029.0": -0.6985563329716573, "9330022.0": -0.0274614436550457, "9330052.02": 1.2211587133957706, "9330051.01": 0.12716016126386798, "9330037.01": -0.6681097566636544, "9330050.02": -0.2981077848210513, "9330054.02": 0.9197687487212152, "9330038.0": -0.9051156967277082, "9330050.04": -0.9027178890229661, "9330053.02": 1.6329651652592634, "9330054.01": -0.19465590434771046, "9330028.0": -0.7993921587468605, "9330021.0": -0.3933545887637675, "9330039.01": -0.9695365936821574, "9330027.02": -0.358503631887317, "9330023.0": -0.09691220968044383, "9330008.01": -0.5930435849771334, "9330039.02": -1.1271551048317188, "9330049.05": -1.152056635245265, "9330040.02": -0.8613775672514234, "9330056.02": -0.3294915250507941, "9330053.01": 0.3822050954569381, "9330050.03": -0.8259045620192039, "9330055.01": 0.07416761627866386, "9330057.02": -0.7329886970579352, "9330055.02": 0.11616718357415108, "9330024.0": -0.006933317135464124, "9330049.04": -1.2840746392082198, "9330027.01": -0.5432188403805858, "9330049.06": -0.6235090872366458, "9330040.01": -1.3091231547960291, "9330041.01": -1.1012491252774792, "9330049.03": -1.2891728046783428, "9330026.0": -0.28138372035908915, "9330049.02": -1.3240367339727968, "9330041.02": -0.9214588194445165, "9330059.08": -0.8636517131971111, "9330048.02": -1.2678680015362305, "9330059.07": -0.8655797059376058, "9330059.15": -0.7575956126064652, "9330025.0": -0.26261694325645357, "9330059.09": -0.9110182373326311, "9330046.0": -1.2817963616776886, "9330059.1": -0.9422482935954506, "9330042.0": -0.596859223346642, "9330048.01": -1.2646881780890986, "9330056.01": -0.24703930596234552, "9330057.01": -0.41725550229362246, "9330059.16": -0.34732059388988074, "9330058.0": -0.08881894523486862, "9330059.13": -0.8876794375762636, "9330059.18": -0.2461563681235254, "9330059.17": -0.3107964739124399, "9330059.11": -0.8469304185190643, "9330060.02": -0.9368938474925825, "9330047.02": -1.3763527240342344, "9330047.01": -1.3690671838983106, "9330045.02": -1.0638483031467496, "9330064.0": -1.0432028549078973, "9330060.01": -1.1826486366873514, "9330065.0": -0.9800410781954734, "9330043.02": -0.4156574317805727, "9330066.01": -0.7596953043919933, "9330066.02": -0.815613194389133, "9330045.01": -1.233951622598238, "9330061.0": -1.2363718372534584, "9330063.0": -1.1728265547487062, "9330069.02": -0.5752516429720673, "9330043.01": -0.12034616483568951, "9330067.01": -1.0774337500972242, "9330067.02": -0.8920311354323357, "9330062.0": -1.1957898923613788, "9330044.0": -0.6716868057903153, "9330068.0": -1.1211046395829294, "9330069.04": -0.13005321171774545, "9330250.02": 0.1690018773072128}