{"9330220.0": 1.4138107531796997, "9330221.01": 1.070442418072131, "9330002.04": 0.16278174463938846, "9330001.02": 1.7483586190698648, "9330001.01": 0.8103074119823601, "9330002.01": 2.007196396941749, "9330015.01": 1.2670676677695454, "9330015.02": 1.0419044717778632, "9330016.01": 0.024243166293833607, "9330016.06": -0.08081499009142398, "9330016.05": -0.4592634814046023, "9330017.04": 1.2359310552374378, "9330014.02": 0.746065809447092, "9330016.04": -0.6010588880021303, "9330017.03": 0.05511134971577352, "9330017.02": -0.6282605490101867, "9330002.03": 0.9346800021036195, "9330003.02": 0.682940997750497, "9330003.01": 0.15974287538095283, "9330014.01": 1.2532321155621418, "9330004.02": -0.9604046974590478, "9330013.04": 0.7154397953119864, "9330004.01": 0.18378395372253867, "9330005.0": 0.20137617278405506, "9330013.03": -0.2994590720519484, "9330013.01": 0.3643534290664082, "9330018.01": -0.15376906079970906, "9330036.02": 0.22115027077475358, "9330035.01": -0.10503015705067857, "9330036.01": 0.09854488988445902, "9330034.01": -0.6308702696548123, "9330033.02": -0.5308040589569993, "9330034.02": -1.0722243859603788, "9330006.02": -0.05778033399776997, "9330011.0": 0.18550079725968757, "9330006.01": 0.8577276899349404, "9330012.02": -0.0780376576430894, "9330018.02": 0.09922418318661662, "9330012.01": 0.5690273525876441, "9330010.02": 1.016964993376554, "9330007.01": 3.7336770048977277, "9330033.01": -0.3121364602738218, "9330010.01": 0.7209220266958989, "9330035.02": -0.23428371197718048, "9330052.01": 1.0611679290208749, "9330032.02": -1.3829383860632058, "9330032.01": -1.0001598781920928, "9330051.02": 0.7225379926573745, "9330037.02": -1.067877568819587, "9330019.0": 0.3433448100519719, "9330007.02": 1.8363322665383761, "9330030.0": -0.2962158611350441, "9330020.0": 0.8970233507646852, "9330009.0": 1.966016143391854, "9330031.02": -1.1221253599314331, "9330008.02": 1.9109826041019682, "9330031.01": -0.7935275154823006, "9330029.0": -0.3091135778628954, "9330022.0": 1.9703176053919558, "9330052.02": 0.7564415260702287, "9330051.01": -0.22753534733503358, "9330037.01": -1.6848256826199086, "9330050.02": -0.9000647897571723, "9330054.02": 0.2798410386575785, "9330038.0": -1.5065584822000109, "9330050.04": -1.9797062981683198, "9330053.02": 0.7206792329082076, "9330054.01": -0.4407627181843173, "9330028.0": -0.14551703676693822, "9330021.0": 0.7268740509662515, "9330039.01": -1.172585327325727, "9330027.02": 2.4169775347177707, "9330023.0": 2.296866977671952, "9330008.01": 2.112013166964861, "9330039.02": -1.0495413908216196, "9330049.05": -0.588821610946225, "9330040.02": -0.521937809075829, "9330056.02": -0.7611273667708572, "9330053.01": 0.09295928641081745, "9330050.03": -1.6957584969242774, "9330055.01": -0.18091681414614807, "9330057.02": -0.9115118115170279, "9330055.02": -1.0021899467537865, "9330024.0": 0.8976768133182687, "9330049.04": 0.17129988142544159, "9330027.01": 0.6597594705755134, "9330049.06": 0.03821667591067047, "9330040.01": -0.5773279231098402, "9330041.01": -0.5324932908121086, "9330049.03": -0.1101502784531568, "9330026.0": 0.5699694033564305, "9330049.02": -1.0198660181400658, "9330041.02": -0.6413751689885661, "9330059.08": -1.7941572745811856, "9330048.02": 0.3111905738004906, "9330059.07": -0.4826969220274983, "9330059.15": -1.6053827052271072, "9330025.0": -0.12442623253121317, "9330059.09": -0.11375663810954953, "9330046.0": -1.057506050740566, "9330059.1": -1.4056719103871147, "9330042.0": -0.2108788565168353, "9330048.01": 0.06969247287616435, "9330056.01": -0.06129412551146142, "9330057.01": 0.24199674027155857, "9330059.16": -0.861698130899918, "9330058.0": -0.12870296823039926, "9330059.13": -1.6312982815590873, "9330059.18": -0.7303094850302917, "9330059.17": 0.47047352040577095, "9330059.11": -0.9709558623597373, "9330060.02": -0.9502171663157215, "9330047.02": -0.5301547638508114, "9330047.01": -1.6861694254664306, "9330045.02": -0.11229419706057696, "9330064.0": -1.2280938132891028, "9330060.01": -1.0229933512258007, "9330065.0": -1.0008248890196778, "9330043.02": -0.5232367229614817, "9330066.01": -0.6794369026586915, "9330066.02": -1.2996691557760753, "9330045.01": -0.10582982376740904, "9330061.0": 0.4207643987067763, "9330063.0": 0.5086334952137365, "9330069.02": 1.2971215200972293, "9330043.01": -0.41062906997366866, "9330067.01": 0.38530487102620614, "9330067.02": -0.02506644981980391, "9330062.0": 0.4746926889865705, "9330044.0": -0.8160857601160999, "9330068.0": 1.4435176868915458, "9330069.04": 0.06954614073867506, "9330250.02": -0.32557481864440635}