{"9330220.0": 0.060931278250085076, "9330221.01": 0.04705733885584342, "9330002.04": -0.8616673224527405, "9330001.02": -0.8866609564805077, "9330001.01": -0.5026076679946033, "9330002.01": -0.6505540504628723, "9330015.01": -0.0939806814231531, "9330015.02": -0.5886216962387317, "9330016.01": -0.18637786234221032, "9330016.06": -0.47756982345184334, "9330016.05": 0.27287267364185763, "9330017.04": -0.8036722719971663, "9330014.02": -0.9240815415662016, "9330016.04": -0.1166988060368934, "9330017.03": -0.6753720688616175, "9330017.02": -0.4300896442799997, "9330002.03": -0.8754483527328781, "9330003.02": -0.9324181671043945, "9330003.01": -0.9569804989999483, "9330014.01": -0.8402479346105837, "9330004.02": -0.6026582281316548, "9330013.04": -1.0258803963130356, "9330004.01": -0.7180424619691563, "9330005.0": -0.09338295075448427, "9330013.03": -1.0434446296111919, "9330013.01": -0.9395127519560531, "9330018.01": -0.7419190060649091, "9330036.02": -0.7186984494207952, "9330035.01": -0.513361574310694, "9330036.01": -0.7645218867823267, "9330034.01": -0.5415365455636076, "9330033.02": -0.659178951579728, "9330034.02": -0.40904906150072773, "9330006.02": -0.2806831500116831, "9330011.0": -0.76527698249559, "9330006.01": -0.41805487645968736, "9330012.02": -0.9628696019927262, "9330018.02": -0.8224408051366716, "9330012.01": -0.6156047021536792, "9330010.02": -0.6194567709401213, "9330007.01": -1.6269189324538844, "9330033.01": -0.6908168273897156, "9330010.01": -0.6308791621714427, "9330035.02": -0.8508510620603811, "9330052.01": -1.1241140164142345, "9330032.02": -0.55433071527615, "9330032.01": -0.46003759615984396, "9330051.02": -1.0659081936443398, "9330037.02": -0.4264603271321588, "9330019.0": -0.7308719517869803, "9330007.02": -0.6137663448371782, "9330030.0": -0.5987527566599102, "9330020.0": -0.5299873674328351, "9330009.0": -0.6421942114667427, "9330031.02": -0.3055524574594349, "9330008.02": -0.8915515475461848, "9330031.01": 0.31498090806039375, "9330029.0": -0.14921622250598082, "9330022.0": -0.7253762908330661, "9330052.02": -1.10328361567378, "9330051.01": -0.724791398078713, "9330037.01": 0.2235964183702194, "9330050.02": -0.2813729363685131, "9330054.02": -0.9441859718755423, "9330038.0": -0.04873606746216222, "9330050.04": 0.370513418438082, "9330053.02": -0.9926803296567462, "9330054.01": -0.5972190012705523, "9330028.0": 0.20988583769147373, "9330021.0": 0.04267089062803833, "9330039.01": 0.5050851002547129, "9330027.02": -0.7949495514321873, "9330023.0": -0.6894266190856735, "9330008.01": -0.5848234990357231, "9330039.02": 0.022990254251547864, "9330049.05": 1.834150566248576, "9330040.02": 0.1093599592124378, "9330056.02": -0.0654307973550895, "9330053.01": -0.6743532184092687, "9330050.03": 0.7591462656200413, "9330055.01": -0.6799945549818273, "9330057.02": 1.1344872858701676, "9330055.02": -0.4318441045672328, "9330024.0": -0.4861528811357928, "9330049.04": 0.5984897343045243, "9330027.01": -0.28196370956141237, "9330049.06": 1.2109773396629377, "9330040.01": 0.7147881415796762, "9330041.01": 0.3620314139961777, "9330049.03": 0.8458307610620298, "9330026.0": -0.30575612867720714, "9330049.02": 1.2630609362033014, "9330041.02": -0.039763932676948596, "9330059.08": 3.6535952525392332, "9330048.02": 0.9379561665358522, "9330059.07": 2.8411615029448525, "9330059.15": 3.4881296586632065, "9330025.0": -0.5077957817235217, "9330059.09": 2.140852131548763, "9330046.0": 0.3525050574630646, "9330059.1": 2.3884325365718837, "9330042.0": -0.07027480687296773, "9330048.01": 0.8000598781590855, "9330056.01": -0.3334839429535279, "9330057.01": 0.7621226988558674, "9330059.16": 1.94874349552737, "9330058.0": 0.13975928115802896, "9330059.13": 2.580802493105559, "9330059.18": 1.5536436513643725, "9330059.17": 1.1562607267432599, "9330059.11": 1.8230279102841747, "9330060.02": 2.2294226313488426, "9330047.02": 0.416678867048325, "9330047.01": 0.043377708473911106, "9330045.02": 0.08376673994215687, "9330064.0": 1.5147495722288649, "9330060.01": 0.12637332146734465, "9330065.0": 1.5659354129278362, "9330043.02": -0.21308902707811456, "9330066.01": 1.9770614622163356, "9330066.02": 2.4299151556212397, "9330045.01": -0.0060965815545954444, "9330061.0": -0.12042906016917002, "9330063.0": -0.12730826080494226, "9330069.02": -1.0796492764598689, "9330043.01": -0.31507984166954633, "9330067.01": 0.39050391614198326, "9330067.02": 0.8178944558515162, "9330062.0": -0.2369446922154567, "9330044.0": -0.3244895998036787, "9330068.0": 0.18677505434271838, "9330069.04": -0.030761097906677262, "9330250.02": 0.5159261386539886}