{"n": 133.0, "rho": 0.624510129984049, "beta_const": 3.134785808779424, "beta_dist_std": 1.6716794520188327, "beta_count_std": 0.4802848640030074, "se_const": 1.116401125805137, "se_dist_std": 0.8983626686010175, "se_count_std": 0.8737385527398632, "p_const": NaN, "p_dist_std": NaN, "p_count_std": NaN, "moran_I_resid": NaN, "moran_p_resid": NaN}