{"9330220.0": -1.454249531341833, "9330221.01": -1.2067988014228908, "9330002.04": -0.6813612678385409, "9330001.02": -0.5268059552637828, "9330001.01": 0.8802998650602226, "9330002.01": 0.4501036240350409, "9330015.01": 0.3542005180923372, "9330015.02": 1.0381285431077154, "9330016.01": 0.2567934084223595, "9330016.06": -2.345758362983162, "9330016.05": -0.18257443343635846, "9330017.04": -1.1247050214002223, "9330014.02": 0.713277427687952, "9330016.04": 0.559685158508645, "9330017.03": -0.37282543734127416, "9330017.02": 0.5905610599437573, "9330002.03": -0.27009018703428656, "9330003.02": -0.10936394558784793, "9330003.01": -0.45962430868555054, "9330014.01": -1.1518054336851178, "9330004.02": 0.2816443976411372, "9330013.04": -0.5274898305601808, "9330004.01": -1.0270036334607944, "9330005.0": 3.0667697558031692, "9330013.03": 0.011715583440228987, "9330013.01": 0.9379147484207804, "9330018.01": 1.2635122593392296, "9330036.02": 0.5522383292382298, "9330035.01": -0.2894398379556647, "9330036.01": 0.7744773883219075, "9330034.01": 0.3182557078841421, "9330033.02": -0.9919795344582304, "9330034.02": 1.3557320968663455, "9330006.02": 0.03281197213017467, "9330011.0": 0.9687137409729737, "9330006.01": -0.09277282066366706, "9330012.02": -0.5331104606395107, "9330018.02": 1.4121781765479382, "9330012.01": -0.07588122643157594, "9330010.02": -0.41700892134073264, "9330007.01": 0.7646631904603224, "9330033.01": 0.025982673233434166, "9330010.01": -0.10324523985245812, "9330035.02": 0.9638675354537664, "9330052.01": 0.8336654503085436, "9330032.02": -0.12342433210289028, "9330032.01": -0.7256693500979546, "9330051.02": -0.15910646688538707, "9330037.02": -0.1768830213331321, "9330019.0": 0.18097831673907167, "9330007.02": -0.8723266908442089, "9330030.0": 0.9183020189900459, "9330020.0": -1.4598373446522033, "9330009.0": 1.8729999248189926, "9330031.02": -0.4664031589717576, "9330008.02": -0.32249466831344714, "9330031.01": 0.9532638151261272, "9330029.0": 0.5343489203927079, "9330022.0": -0.7852137395517336, "9330052.02": 0.6873459985155711, "9330051.01": -0.6372997685238128, "9330037.01": 0.648811682673572, "9330050.02": 1.9402872708331889, "9330054.02": -0.10049268975741836, "9330038.0": 0.8612547651061784, "9330050.04": -1.1530100083335175, "9330053.02": -1.0264726824621884, "9330054.01": -0.14098336615981408, "9330028.0": -0.7131020893978982, "9330021.0": -0.21196896405513518, "9330039.01": 1.7100886730320466, "9330027.02": -0.9066649121172219, "9330023.0": -0.21421798164399197, "9330008.01": -0.7646631904603185, "9330039.02": -0.4661694724131374, "9330049.05": -1.7073351007640976, "9330040.02": 0.6401162198011681, "9330056.02": 0.3174129849058838, "9330053.01": 1.3522428083709608, "9330050.03": 0.4835641745883995, "9330055.01": 0.5417877094436645, "9330057.02": 0.9519132796769031, "9330055.02": -0.17689412438051286, "9330024.0": 0.8404618425687705, "9330049.04": -1.2768732256472166, "9330027.01": -0.5735429496439642, "9330049.06": -1.275452748044718, "9330040.01": 1.2809603317081073, "9330041.01": 0.6341501672670902, "9330049.03": -1.5790885788730196, "9330026.0": 0.5271469846886151, "9330049.02": 0.2690824234906934, "9330041.02": 0.39941395885672093, "9330059.08": -0.8454422913807503, "9330048.02": -1.8601898186066834, "9330059.07": -2.060439779806696, "9330059.15": -1.1136947411133733, "9330025.0": 1.6769462044028198, "9330059.09": -0.7936603815797931, "9330046.0": 0.6367090721530726, "9330059.1": -1.286444951225887, "9330042.0": 1.3809557398163443, "9330048.01": 0.9799114649927526, "9330056.01": 0.4399507950129228, "9330057.01": -0.13773626402991618, "9330059.16": -1.5519901677991172, "9330058.0": 0.13035022110855368, "9330059.13": -1.3704197956558135, "9330059.18": -0.5366120746029417, "9330059.17": 0.3492436347043271, "9330059.11": -1.2366417921490334, "9330060.02": 2.0513189543849957, "9330047.02": 0.24678360227739535, "9330047.01": -0.4174427144984209, "9330045.02": 0.8372373444176036, "9330064.0": 1.0134016320596395, "9330060.01": -0.5651490306279858, "9330065.0": 2.416943568398945, "9330043.02": -0.23393835890334402, "9330066.01": -1.9435108453803542, "9330066.02": -1.3754963387039898, "9330045.01": 0.28571123180762553, "9330061.0": 1.9468507366162047, "9330063.0": -0.35235344386536965, "9330069.02": -1.0917018680327828, "9330043.01": -0.15481066374940503, "9330067.01": 0.49314116919532, "9330067.02": -1.2227704855298547, "9330062.0": -0.751046152935493, "9330044.0": 0.48108226231448675, "9330068.0": 1.6293035836496799, "9330069.04": -1.2183285062185287, "9330250.02": 0.1303371833823941}