{"9330220.0": -2.0852727860448326, "9330221.01": -1.4750353313908877, "9330002.04": -0.8096956900916902, "9330001.02": 0.6973976245950252, "9330001.01": 1.5208848481013, "9330002.01": 0.5338834438678827, "9330015.01": 0.10503571871860516, "9330015.02": 0.7562231264740028, "9330016.01": 0.6428625143905813, "9330016.06": 0.25999173905464645, "9330016.05": 0.57962035858338, "9330017.04": -1.6078617807359077, "9330014.02": 0.5978248425439527, "9330016.04": 3.241651742491485, "9330017.03": 0.11704514965371926, "9330017.02": 0.9138841069291098, "9330002.03": -0.2808879357963549, "9330003.02": 2.669320927997176, "9330003.01": -0.19511298438451607, "9330014.01": -1.0018766545131854, "9330004.02": 1.7216972768556384, "9330013.04": 0.10032948332385079, "9330004.01": -0.5862650552826585, "9330005.0": 3.878237929244967, "9330013.03": 0.9753853675771703, "9330013.01": 1.5893489952029534, "9330018.01": 1.578112187575908, "9330036.02": -0.35282251682564514, "9330035.01": -0.8075867103279474, "9330036.01": 0.18476706778753832, "9330034.01": 0.981348873420155, "9330033.02": -1.7240694464154513, "9330034.02": 1.1240329724842375, "9330006.02": -1.3855994122958524, "9330011.0": 2.494190198259685, "9330006.01": -0.5956425775536773, "9330012.02": -0.6815737953625574, "9330018.02": 2.734875679478721, "9330012.01": 0.0476542116344985, "9330010.02": 0.026860788762208716, "9330007.01": 0.29672562402137537, "9330033.01": 0.3345295413267998, "9330010.01": -0.930013661639819, "9330035.02": 1.0388361977885872, "9330052.01": 0.8344991229561911, "9330032.02": -0.6715967201520401, "9330032.01": 0.32848534949125113, "9330051.02": 0.08231161906848838, "9330037.02": 0.025528221526419988, "9330019.0": -0.4264910943339211, "9330007.02": -0.9097882121622638, "9330030.0": 0.4698503332228586, "9330020.0": -1.4041868746749726, "9330009.0": 1.0099884487608577, "9330031.02": -0.9874236384667097, "9330008.02": -1.019072284817405, "9330031.01": -0.21753372772526564, "9330029.0": 0.6164011613850563, "9330022.0": -0.9843132533907228, "9330052.02": 0.20474985946686747, "9330051.01": -1.0655921856346795, "9330037.01": 0.4922413957775825, "9330050.02": 0.9352924068375162, "9330054.02": -0.7979536522431455, "9330038.0": 1.7023930864390922, "9330050.04": -0.7236822446656039, "9330053.02": -0.6704105056549814, "9330054.01": -0.4880218695477482, "9330028.0": -1.4611512721463094, "9330021.0": -0.8478261658468522, "9330039.01": 0.773141506326841, "9330027.02": -0.9144364781842086, "9330023.0": -0.4618633493076542, "9330008.01": -0.2967256240213737, "9330039.02": 0.1652804469383727, "9330049.05": -1.631559739068079, "9330040.02": -0.2641035797462733, "9330056.02": -0.226235671352845, "9330053.01": 0.4840699107434595, "9330050.03": 0.6402574489159407, "9330055.01": 0.20475335598788674, "9330057.02": -0.26817676192823575, "9330055.02": 0.1306602690244932, "9330024.0": -0.4010961934626448, "9330049.04": -0.7202069140180496, "9330027.01": -0.5583974930674473, "9330049.06": 0.5495477169957328, "9330040.01": 0.11717000290629956, "9330041.01": 0.13572151954088935, "9330049.03": -1.0226837325583673, "9330026.0": -0.6231702230793886, "9330049.02": 0.08070798673603195, "9330041.02": 0.1625746937977855, "9330059.08": -0.4828125209363284, "9330048.02": -1.1782172361415155, "9330059.07": -1.0443344685441724, "9330059.15": -0.36371886867727715, "9330025.0": 0.3901782597886694, "9330059.09": 1.403169340165503, "9330046.0": 0.030843113248318198, "9330059.1": 0.10127366368044131, "9330042.0": 0.46164593711710766, "9330048.01": 0.16960785557398825, "9330056.01": -0.1940424412896059, "9330057.01": -0.5631542836459282, "9330059.16": -0.19811071831102048, "9330058.0": -0.3552310485486361, "9330059.13": -0.34346118989366164, "9330059.18": -1.4280062470773478, "9330059.17": 1.120739049136684, "9330059.11": 1.202581005108968, "9330060.02": -0.004290582092981582, "9330047.02": -0.1847974825959452, "9330047.01": -0.8318565969711756, "9330045.02": 0.4654735194230578, "9330064.0": 0.6003911942415577, "9330060.01": -1.290536114106083, "9330065.0": 1.5514700352356652, "9330043.02": -0.9274854253485054, "9330066.01": -1.414266655238583, "9330066.02": -0.17967913009647613, "9330045.01": -0.3133286735772107, "9330061.0": 0.3986595127649473, "9330063.0": 0.26492944808597635, "9330069.02": 0.147227738017336, "9330043.01": -0.7515946226978703, "9330067.01": -0.31699540061873743, "9330067.02": -0.509321448960232, "9330062.0": -1.0836707797807454, "9330044.0": -0.3141691105864054, "9330068.0": 0.3138097173920466, "9330069.04": -1.0329603723667433, "9330250.02": -0.6211265719499846}