{"9330220.0": 0.19008761067725025, "9330221.01": 0.13512712158321025, "9330002.04": 0.18097844910187583, "9330001.02": 0.7081477943759785, "9330001.01": -0.23897095443313837, "9330002.01": 1.473128872094086, "9330015.01": 1.5790476787247019, "9330015.02": 0.6728362864406866, "9330016.01": 0.5910654011066938, "9330016.06": 0.8417566546183695, "9330016.05": 0.7395421955006323, "9330017.04": 1.182620998136879, "9330014.02": 0.2925135806525273, "9330016.04": 0.5536396914149841, "9330017.03": 0.5553622299541665, "9330017.02": 0.25882138728465964, "9330002.03": 0.31886505415873884, "9330003.02": -0.35033099883744245, "9330003.01": 0.1052641932018749, "9330014.01": 1.1088422125781872, "9330004.02": 0.8321485927877759, "9330013.04": 0.2517864726665843, "9330004.01": 1.46669665495423, "9330005.0": 1.290198826508955, "9330013.03": 0.15531904793567305, "9330013.01": 0.4422154118682801, "9330018.01": 0.36371422712660784, "9330036.02": 1.694252474155692, "9330035.01": 1.2209666150602396, "9330036.01": 1.0778675105041295, "9330034.01": -0.08005234860886222, "9330033.02": 0.3475102212123189, "9330034.02": -0.4889133778877046, "9330006.02": 1.7463505325556696, "9330011.0": 1.4682276195832225, "9330006.01": 1.163830011497226, "9330012.02": 1.3270800265740894, "9330018.02": 0.3265982379461548, "9330012.01": 1.0973858565843175, "9330010.02": 1.7502225281833637, "9330007.01": -0.6861941108979104, "9330033.01": -0.0009286052154142301, "9330010.01": 1.0441961698399613, "9330035.02": 0.2283007519852049, "9330052.01": 1.627409757816046, "9330032.02": -0.6564958157762822, "9330032.01": -0.3037152610190916, "9330051.02": 0.7089249257455302, "9330037.02": -0.8674120957570485, "9330019.0": 1.3379933184287494, "9330007.02": 1.896768823204917, "9330030.0": 0.4816901987296154, "9330020.0": 1.076177931886227, "9330009.0": 0.5664252621460314, "9330031.02": -0.3998995696536271, "9330008.02": 1.6286138856343217, "9330031.01": 0.012360365354510414, "9330029.0": -0.09120235278633264, "9330022.0": 0.7160180612499503, "9330052.02": 1.1349864746665912, "9330051.01": -0.4916749356044387, "9330037.01": -1.4099162769161713, "9330050.02": -1.3087621399959855, "9330054.02": 0.4563927329933746, "9330038.0": -1.4907106544630273, "9330050.04": -1.4684678828037279, "9330053.02": 1.6810750190451011, "9330054.01": -0.7639342705559204, "9330028.0": -0.576410251743515, "9330021.0": -0.11379353407813612, "9330039.01": -1.0720296980441308, "9330027.02": -0.05351790903259516, "9330023.0": 1.1926192418802917, "9330008.01": -0.170573482273707, "9330039.02": -1.470788587462599, "9330049.05": -0.9285073361639153, "9330040.02": -0.9926438424743875, "9330056.02": -1.0738131427721944, "9330053.01": -0.16057307413059374, "9330050.03": -1.5878846715371233, "9330055.01": -0.558250213141302, "9330057.02": -1.6302002866468905, "9330055.02": -0.40152079158854226, "9330024.0": 1.4788432165881404, "9330049.04": -1.5073376055320196, "9330027.01": -0.31930517603655534, "9330049.06": -1.0689488912761402, "9330040.01": -1.9803228938317445, "9330041.01": -1.5948493775041348, "9330049.03": -1.6636055072771705, "9330026.0": 0.5493013311591748, "9330049.02": -2.103972850231037, "9330041.02": -1.1152454262862623, "9330059.08": -0.6029238281581605, "9330048.02": -0.8679220319996043, "9330059.07": 0.3950854542600136, "9330059.15": -0.4366256473522362, "9330025.0": 0.6716134174585116, "9330059.09": 0.028462549797510985, "9330046.0": -0.9644732005118993, "9330059.1": -0.2831944655717908, "9330042.0": 0.001197197852284122, "9330048.01": -0.7682803621977694, "9330056.01": -1.2097428091069176, "9330057.01": -1.5753386249994796, "9330059.16": -1.1167603324170625, "9330058.0": -1.7211107862551889, "9330059.13": -1.4957788039541873, "9330059.18": -1.1814952929611817, "9330059.17": -1.2326490717680323, "9330059.11": -0.8149684766875729, "9330060.02": -0.2937898141607132, "9330047.02": -1.1129387932903916, "9330047.01": -1.2208474898514414, "9330045.02": -0.6186758820260421, "9330064.0": -0.41008692176511374, "9330060.01": -0.7007505990668751, "9330065.0": -0.5336075022575911, "9330043.02": 0.9469746874007658, "9330066.01": 0.2128751993498953, "9330066.02": -0.3424713041019119, "9330045.01": -1.1012078452037242, "9330061.0": -0.9462574578545166, "9330063.0": -0.3925562996136979, "9330069.02": 1.1356774131221172, "9330043.01": 1.499274943258655, "9330067.01": -0.2636254938023038, "9330067.02": 0.050751951246431226, "9330062.0": -0.17296560414859638, "9330044.0": 0.2966354254792148, "9330068.0": -0.21393141169753752, "9330069.04": 1.5239485824463657, "9330250.02": 1.74603978372279}