{"9330220.0": -2.4783384051104576, "9330221.01": -2.1929392528440514, "9330002.04": -0.2450255398836111, "9330001.02": 1.624922220884893, "9330001.01": 1.311289997691147, "9330002.01": 1.08921449995961, "9330015.01": 0.37971293607600076, "9330015.02": 1.0949250064073635, "9330016.01": 0.09912047316964319, "9330016.06": 0.6531034047191079, "9330016.05": -0.2600267243172533, "9330017.04": -1.6774052645505486, "9330014.02": 0.782708713597445, "9330016.04": 1.7465605238838466, "9330017.03": 0.14182720500836804, "9330017.02": 1.0988513825115989, "9330002.03": -0.6137692379484644, "9330003.02": -0.19437100914439676, "9330003.01": -0.7782681482354934, "9330014.01": -1.460092309640491, "9330004.02": 0.5195532228876184, "9330013.04": -0.726158927266144, "9330004.01": 0.4631274315954808, "9330005.0": 1.4352463139436704, "9330013.03": 0.17949392926281235, "9330013.01": 1.1323372061086898, "9330018.01": 1.740713758393412, "9330036.02": 0.5471930712189844, "9330035.01": -0.48419315901551974, "9330036.01": 0.8194763477199413, "9330034.01": 0.8636158392814309, "9330033.02": -1.457813618378253, "9330034.02": 1.8274912580442326, "9330006.02": 0.18397968334073916, "9330011.0": 1.3144056659283279, "9330006.01": 0.026800287958229474, "9330012.02": -0.9609868923130067, "9330018.02": 1.3950819191168187, "9330012.01": -0.21828042963487118, "9330010.02": -0.28197629626833615, "9330007.01": 1.3367654246942053, "9330033.01": 0.09386797483613088, "9330010.01": 0.3933351492216941, "9330035.02": 1.3379754850025918, "9330052.01": 0.8433067381979219, "9330032.02": -0.25060409028580366, "9330032.01": -0.22896338478855247, "9330051.02": -0.27530345172020626, "9330037.02": -0.8577107012411849, "9330019.0": 0.031194995845011952, "9330007.02": -0.6987532859386392, "9330030.0": 1.4425376962765732, "9330020.0": -1.4952793380542126, "9330009.0": 1.7234764820155528, "9330031.02": -0.6272580966435499, "9330008.02": -0.3299639463473812, "9330031.01": 0.6713687975589175, "9330029.0": 1.2099606950204076, "9330022.0": -1.1719808768435929, "9330052.02": 0.7926708239202716, "9330051.01": -0.9883150795344655, "9330037.01": 0.006285304268115824, "9330050.02": 0.9831473660472437, "9330054.02": -0.17237785721519386, "9330038.0": 0.8539176958128606, "9330050.04": -1.279527266893951, "9330053.02": -1.3323159333528116, "9330054.01": -0.6164413485411759, "9330028.0": -1.1299465761967356, "9330021.0": -0.5458304830525507, "9330039.01": 0.7262455201077737, "9330027.02": -0.8086396294869362, "9330023.0": -0.6440716802541749, "9330008.01": -1.3367654246942027, "9330039.02": 0.3364349546219285, "9330049.05": -2.639775278834916, "9330040.02": -0.34619830196970086, "9330056.02": -0.3639933727546431, "9330053.01": 1.4638332403319225, "9330050.03": 1.0157312927142557, "9330055.01": 0.49412760999937416, "9330057.02": 0.14456261061846218, "9330055.02": -0.4865509554811119, "9330024.0": 0.7740753978957762, "9330049.04": -0.9606801737336765, "9330027.01": -0.42957311207604965, "9330049.06": 2.0693447089842953, "9330040.01": -0.6482051207450208, "9330041.01": -0.2324379638468697, "9330049.03": -0.9548924166713815, "9330026.0": 0.2485171724094898, "9330049.02": 1.1755561926665068, "9330041.02": 1.8762314550391515, "9330059.08": 1.318518830637676, "9330048.02": -1.5650395132396273, "9330059.07": 0.07413361645205152, "9330059.15": -0.6915769208465489, "9330025.0": 1.7681168363016648, "9330059.09": 0.9087308185054668, "9330046.0": 0.21337696948402998, "9330059.1": 0.42764351719741084, "9330042.0": 1.1215788032270726, "9330048.01": 0.4591908036162619, "9330056.01": -0.3809007059547276, "9330057.01": -0.9501198252852834, "9330059.16": 0.2391146839732986, "9330058.0": -0.9241434195489782, "9330059.13": -0.4713425911334653, "9330059.18": -1.782367714877114, "9330059.17": -0.3034485749699468, "9330059.11": 1.0924748036759933, "9330060.02": 0.22018594967261643, "9330047.02": -0.8185952433267696, "9330047.01": -0.8180684958105133, "9330045.02": 0.4707935585333522, "9330064.0": -0.3100206234805556, "9330060.01": -1.3329488076726892, "9330065.0": 0.7522335136184188, "9330043.02": -0.47287894845463857, "9330066.01": -1.6796265360807374, "9330066.02": 0.9146321489762781, "9330045.01": -0.10806479146141365, "9330061.0": 0.08604924145054138, "9330063.0": -0.8755304283931464, "9330069.02": -0.11167368776675321, "9330043.01": -0.8068910529699321, "9330067.01": -0.9463448329329907, "9330067.02": -0.4115468608769743, "9330062.0": -1.0941278149256985, "9330044.0": -0.07361777278251788, "9330068.0": 0.038736985435033, "9330069.04": -1.7774405185435929, "9330250.02": -0.03241812048881142}