{"9330220.0": 0.6972787113058686, "9330221.01": 0.6573200933427866, "9330002.04": 0.10063770391623109, "9330001.02": -0.33574531318952366, "9330001.01": -0.7440268580777186, "9330002.01": -0.41538360363385013, "9330015.01": 0.3713098553367508, "9330015.02": -0.2893182264660173, "9330016.01": -0.3578137800345602, "9330016.06": -0.8445117775975526, "9330016.05": -0.4406089928558771, "9330017.04": 0.21926177976858308, "9330014.02": -0.6328734723823318, "9330016.04": 0.01666362834204534, "9330017.03": -0.04601189232811295, "9330017.02": -0.20236871403867454, "9330002.03": 0.2507731869285275, "9330003.02": 0.08963740065372491, "9330003.01": -0.26922960520634215, "9330014.01": -0.4692620476119966, "9330004.02": 0.2186868748624395, "9330013.04": 0.36732603705139794, "9330004.01": -0.6742786299683713, "9330005.0": -1.587629425198467, "9330013.03": -0.15828130046381525, "9330013.01": -0.1833738772612134, "9330018.01": -0.13762517606454877, "9330036.02": 0.2995999698720551, "9330035.01": 0.11995374671657495, "9330036.01": -0.08933579818341214, "9330034.01": -0.18808662695449624, "9330033.02": -0.040891922110452054, "9330034.02": 0.27395820135105753, "9330006.02": -0.33448429860113493, "9330011.0": -0.25087566256461424, "9330006.01": -0.13045139574051423, "9330012.02": -0.3491496810575458, "9330018.02": 0.025406539302955368, "9330012.01": 0.7736850998677236, "9330010.02": 0.09807975172693012, "9330007.01": 0.3317749721556362, "9330033.01": 0.31415016573390186, "9330010.01": -1.0536938041593658, "9330035.02": -0.2973515754146652, "9330052.01": -0.827146736928006, "9330032.02": -0.0392698411776881, "9330032.01": 0.10566338066984314, "9330051.02": -0.6503604306956544, "9330037.02": -0.07407178741627451, "9330019.0": -0.19514196635333037, "9330007.02": 1.2808145324602784, "9330030.0": 0.22057075450974514, "9330020.0": 0.0842056073751302, "9330009.0": -1.0206886956623495, "9330031.02": 0.32036417002047707, "9330008.02": 2.6435775727584354, "9330031.01": 1.1289638353496152, "9330029.0": 0.27284016203616934, "9330022.0": -2.644087142454176, "9330052.02": -0.2818261361626587, "9330051.01": 1.2728357057812074, "9330037.01": 0.5971276321476836, "9330050.02": -0.8253648990720721, "9330054.02": 0.4477144325112465, "9330038.0": -0.3699415967019214, "9330050.04": -1.0168075743973295, "9330053.02": -0.05561290420962594, "9330054.01": 0.5558973898065661, "9330028.0": 2.5031582005961543, "9330021.0": 6.2376608021243705, "9330039.01": -0.1634581752581801, "9330027.02": -0.1874043361315998, "9330023.0": 3.3222620839635475, "9330008.01": -0.33177497215563473, "9330039.02": -0.41170656130974176, "9330049.05": 0.08072828901903131, "9330040.02": -1.625225112530189, "9330056.02": -0.1655576927621327, "9330053.01": 0.13185924742400698, "9330050.03": -0.33543759962145625, "9330055.01": -0.4376584930482843, "9330057.02": -0.3360142010376832, "9330055.02": -0.8811780817887495, "9330024.0": 1.1355756990609487, "9330049.04": 0.6140072724415994, "9330027.01": -0.422380992839366, "9330049.06": 0.557799339414134, "9330040.01": -1.1481542218040266, "9330041.01": -1.3266685382451961, "9330049.03": 0.7303766145209355, "9330026.0": 0.6357582586167949, "9330049.02": -0.09348911181706804, "9330041.02": 0.6799664236979587, "9330059.08": 0.6525071867958873, "9330048.02": 0.30907893302575995, "9330059.07": 1.2671422112551218, "9330059.15": -0.10794056288176784, "9330025.0": 0.6477356197077633, "9330059.09": -0.5110118476270324, "9330046.0": -0.5902383971492142, "9330059.1": -0.2747001130929713, "9330042.0": 0.630495256837322, "9330048.01": -0.20489479573744535, "9330056.01": -0.5201814445801471, "9330057.01": -0.8510324042982937, "9330059.16": 0.4734166476467766, "9330058.0": -1.323183599947415, "9330059.13": 0.08457906156019221, "9330059.18": -1.3806878546012846, "9330059.17": -0.4597129699193197, "9330059.11": -0.0488039303707703, "9330060.02": -0.9890998265853579, "9330047.02": -0.5397561373576267, "9330047.01": 0.008537515160439232, "9330045.02": -0.08111675857286485, "9330064.0": -0.8925346361002374, "9330060.01": -0.5908756389458298, "9330065.0": -0.8011466397195901, "9330043.02": 1.0269407989151633, "9330066.01": 0.028070922181419933, "9330066.02": 0.40462910671773383, "9330045.01": 1.114692488381782, "9330061.0": -0.7553973966074106, "9330063.0": -0.4111890099333365, "9330069.02": -2.2129040012797776, "9330043.01": 0.2916268936887168, "9330067.01": -1.3021498101511535, "9330067.02": 0.4613614588582615, "9330062.0": -0.43573857989517584, "9330044.0": 1.6316043060722694, "9330068.0": -0.693970012390525, "9330069.04": -0.13498211868008694, "9330250.02": 2.684690213824525}