{"9330220.0": -0.6881596292461711, "9330221.01": -0.8310166189838124, "9330002.04": -1.071895130740004, "9330001.02": -1.1701311891304693, "9330001.01": -1.7893730453680412, "9330002.01": -1.041193604674595, "9330015.01": 0.2953498519199819, "9330015.02": -0.7615185633219594, "9330016.01": 0.022868070498292682, "9330016.06": 0.3719786788637185, "9330016.05": 0.6685884091884577, "9330017.04": 0.27088186642633094, "9330014.02": -0.3302382864574078, "9330016.04": 0.5464378213902262, "9330017.03": 0.5120699033854781, "9330017.02": 0.7591538327056134, "9330002.03": -0.9901481576911745, "9330003.02": -0.8803282745458484, "9330003.01": -0.4926010374221327, "9330014.01": -0.10457062989377022, "9330004.02": -0.16099640582033173, "9330013.04": -0.5849718865547353, "9330004.01": 0.8862288922817189, "9330005.0": 0.3771779884055472, "9330013.03": -0.37797896057771196, "9330013.01": -0.06556580635730956, "9330018.01": 0.4450113845286969, "9330036.02": 1.359844687897271, "9330035.01": 1.681032623052263, "9330036.01": 0.693781394780327, "9330034.01": 0.31934615912291203, "9330033.02": 0.3353720464472131, "9330034.02": 0.3776064433181873, "9330006.02": 0.606858632853211, "9330011.0": -0.612070919444394, "9330006.01": 0.2200438009077458, "9330012.02": 0.17942676674868754, "9330018.02": -0.18243665702404321, "9330012.01": -0.7021654821580385, "9330010.02": -0.24412200571313375, "9330007.01": -5.050829575564441, "9330033.01": -0.46166025946362, "9330010.01": -0.5540889157850929, "9330035.02": 0.192005416858302, "9330052.01": -0.15641246540493373, "9330032.02": 0.24157276835117092, "9330032.01": 0.01870337580704419, "9330051.02": -0.21442426098926023, "9330037.02": 0.4830329905785448, "9330019.0": -0.5926671732157112, "9330007.02": -0.567774305973485, "9330030.0": -0.4216594891284383, "9330020.0": -0.520758193666861, "9330009.0": -1.3690644676651966, "9330031.02": 0.05967006604152364, "9330008.02": -1.2891549576708925, "9330031.01": 0.4776967102954781, "9330029.0": -0.3554146170954308, "9330022.0": -0.8331656945400115, "9330052.02": -0.6999646231314858, "9330051.01": -0.17555697353437372, "9330037.01": 0.267492069248711, "9330050.02": -0.025091401967038404, "9330054.02": -0.32420866777910934, "9330038.0": -0.3484528983148739, "9330050.04": 1.0588928549863603, "9330053.02": 0.46920966326219754, "9330054.01": -0.2924128670208006, "9330028.0": -0.22481402251387053, "9330021.0": -0.2715980598783441, "9330039.01": -0.052223414703227715, "9330027.02": -1.1550120057132665, "9330023.0": -0.5678860828553217, "9330008.01": -5.144240863720114, "9330039.02": -0.6328801514925236, "9330049.05": 1.0226949261612832, "9330040.02": -0.10473190662533412, "9330056.02": 0.33113195881657653, "9330053.01": -0.4999450102212515, "9330050.03": 0.5654096988242263, "9330055.01": -0.39466473012058745, "9330057.02": 1.2301786039619003, "9330055.02": 0.48868073223377767, "9330024.0": -0.4691637614962866, "9330049.04": -0.31891956224835194, "9330027.01": -0.005267469726306727, "9330049.06": 0.325588282911419, "9330040.01": -0.6785201110853403, "9330041.01": -0.2771548909100265, "9330049.03": -0.1627130401581245, "9330026.0": 0.27828661313938186, "9330049.02": -0.7999310107215966, "9330041.02": 0.10155094476381465, "9330059.08": 1.979904472312432, "9330048.02": 0.3870374368852663, "9330059.07": 2.2956908303064303, "9330059.15": 1.867776718893123, "9330025.0": -0.31639411710469595, "9330059.09": 1.1925579242103699, "9330046.0": 0.653397390782886, "9330059.1": 2.044750444210403, "9330042.0": 0.5713704121191191, "9330048.01": 0.14295884846033924, "9330056.01": 0.3626689118157275, "9330057.01": 1.3365586399045524, "9330059.16": 1.119072330670189, "9330058.0": 0.9732421202209063, "9330059.13": 1.2977659133915662, "9330059.18": 1.585703723412439, "9330059.17": 1.5716387464718096, "9330059.11": 0.9656792109989643, "9330060.02": 1.026332782062109, "9330047.02": 0.29094712319196403, "9330047.01": 0.2060651552261537, "9330045.02": 0.4103628843252912, "9330064.0": 1.4086543056410399, "9330060.01": 0.5478276508410808, "9330065.0": 0.6733901606149203, "9330043.02": 0.2847035154592755, "9330066.01": 1.1497397180487112, "9330066.02": 0.7829849192577851, "9330045.01": 0.26313266380597117, "9330061.0": -0.8178849136517442, "9330063.0": -0.1507320293641472, "9330069.02": -1.6420162948466774, "9330043.01": -0.6211828589492264, "9330067.01": -0.2360963435310393, "9330067.02": 0.057634866377517954, "9330062.0": -0.3273559040770344, "9330044.0": -0.9347668808327723, "9330068.0": -0.9126624371530931, "9330069.04": -0.7891644311396581, "9330250.02": -0.14824034700592234}