{"9330220.0": 0.7965793049909229, "9330221.01": 0.957586546651887, "9330002.04": 1.2097815204865785, "9330001.02": 1.151603941830616, "9330001.01": 0.9906752242171897, "9330002.01": 0.9631157990861632, "9330015.01": 0.7992482161274868, "9330015.02": 0.8619211933049761, "9330016.01": 0.6277870322058382, "9330016.06": 0.8135945765213818, "9330016.05": 0.4945050349596486, "9330017.04": 0.8260829803990952, "9330014.02": 0.9343857876470818, "9330016.04": 0.47534159743988463, "9330017.03": 0.7962023644732438, "9330017.02": 0.6319708815136592, "9330002.03": 1.177757307688917, "9330003.02": 1.1532209448715167, "9330003.01": 1.2592552954669676, "9330014.01": 0.9595943774960197, "9330004.02": 1.156444144280009, "9330013.04": 1.0829018448293932, "9330004.01": 0.5382209336627478, "9330005.0": 0.5898797238082607, "9330013.03": 1.2555979228915355, "9330013.01": 1.0829432398606742, "9330018.01": 0.8950740650651242, "9330036.02": 0.9392113932216344, "9330035.01": 0.8027029725738811, "9330036.01": 0.7103003338062782, "9330034.01": 0.7697578980476348, "9330033.02": 0.8347573517617528, "9330034.02": 0.41974436154027195, "9330006.02": 0.4425209018094442, "9330011.0": 1.0237559744209954, "9330006.01": 0.4975519205313534, "9330012.02": 1.0511462140661307, "9330018.02": 1.0138583296598254, "9330012.01": 0.846415276533194, "9330010.02": 0.7548200423901135, "9330007.01": 0.8335167089448539, "9330033.01": 0.8791942636875014, "9330010.01": 0.7941331353149775, "9330035.02": 0.42872008862003985, "9330052.01": 0.7815669013337518, "9330032.02": 0.5333303117301416, "9330032.01": 0.6349526291023285, "9330051.02": 0.6426487422738636, "9330037.02": 0.10381508748475962, "9330019.0": 0.9864180307084973, "9330007.02": 0.8391318556435617, "9330030.0": 0.7376821052984225, "9330020.0": 0.7164957972617707, "9330009.0": 0.7951376958545663, "9330031.02": 0.30719988897355444, "9330008.02": 1.0226590802333362, "9330031.01": -0.09146713932084158, "9330029.0": 0.004531448980636933, "9330022.0": 0.834660199747835, "9330052.02": 0.7606612117909861, "9330051.01": 0.08597493038094191, "9330037.01": -0.4635682549784559, "9330050.02": -0.21784200623915065, "9330054.02": 0.4554135143134009, "9330038.0": -0.4442587084966884, "9330050.04": -0.572621408033332, "9330053.02": 0.5206240125882654, "9330054.01": -0.03876154302183154, "9330028.0": -0.34903348842550863, "9330021.0": -0.13328332634811604, "9330039.01": -0.6053333180801617, "9330027.02": 0.8187655302085979, "9330023.0": 0.7715999773634316, "9330008.01": 1.3458090910436749, "9330039.02": -0.7477129984296433, "9330049.05": -1.180930264552763, "9330040.02": -0.3079737670032453, "9330056.02": -0.5421488949815673, "9330053.01": 0.2340258982142241, "9330050.03": -0.8524567525207514, "9330055.01": -0.06788525396626133, "9330057.02": -1.177741180357967, "9330055.02": -0.1460282629080379, "9330024.0": 1.2379181433875743, "9330049.04": -1.3015924774091094, "9330027.01": 0.7075921880691387, "9330049.06": -1.1298706496720634, "9330040.01": -1.383575967150812, "9330041.01": -0.7734000121681346, "9330049.03": -1.320286290417225, "9330026.0": 0.8839559017854607, "9330049.02": -1.4571517397138136, "9330041.02": -0.1532996795592911, "9330059.08": -1.6000200151299455, "9330048.02": -1.3020221986462517, "9330059.07": -1.5095668963238775, "9330059.15": -1.3685900311249806, "9330025.0": 0.98016288678512, "9330059.09": -1.5295277040326143, "9330046.0": -0.7392317725542844, "9330059.1": -1.6696481321731138, "9330042.0": 0.4084985086981936, "9330048.01": -1.204419346525579, "9330056.01": -0.4780533129926404, "9330057.01": -1.1532193513720583, "9330059.16": -1.2261566329213818, "9330058.0": -0.8851652973610549, "9330059.13": -1.6134273606326728, "9330059.18": -1.0057758768319107, "9330059.17": -1.2708999756091448, "9330059.11": -1.4844798392913459, "9330060.02": -1.7762721447640633, "9330047.02": -1.3563267681911393, "9330047.01": -0.797738495102803, "9330045.02": -0.30617791933423927, "9330064.0": -1.869754181178312, "9330060.01": -1.8733971095253654, "9330065.0": -1.6383437956248112, "9330043.02": 0.630498723328274, "9330066.01": -1.4980098050144717, "9330066.02": -1.4742983756769286, "9330045.01": -0.7202584695516348, "9330061.0": -1.9669699704941028, "9330063.0": -1.9309728761998428, "9330069.02": 0.8518365727116586, "9330043.01": 0.7135940072415349, "9330067.01": -1.6712445913492344, "9330067.02": -1.4682774915992092, "9330062.0": -1.8224462256115597, "9330044.0": 0.45176276520272707, "9330068.0": -1.7255360285387085, "9330069.04": 0.5550335959054286, "9330250.02": 0.5171151726818594}