{"n": 133.0, "rho": 0.633760023180321, "beta_const": 36731.93805491155, "beta_dist_std": -65.67666743935217, "beta_count_std": 22.570349625235167, "se_const": 8634.710396492732, "se_dist_std": 1037.9320598522552, "se_count_std": 1037.8945641618452, "p_const": NaN, "p_dist_std": NaN, "p_count_std": NaN, "moran_I_resid": NaN, "moran_p_resid": NaN}