{"n": 133.0, "rho": 0.18240977315645793, "beta_const": 4053.114914358006, "beta_dist_std": -133.9778793533382, "beta_count_std": -204.7895772545166, "se_const": 676.919660155724, "se_dist_std": 133.44646741028322, "se_count_std": 132.84991171373912, "p_const": NaN, "p_dist_std": NaN, "p_count_std": NaN, "moran_I_resid": NaN, "moran_p_resid": NaN}