{"9330220.0": -0.7705230622162186, "9330221.01": -0.7760805727003369, "9330002.04": -0.9850472692772424, "9330001.02": -1.1869303957991768, "9330001.01": -1.124216738153711, "9330002.01": -1.0701675080705462, "9330015.01": -0.4689845707811119, "9330015.02": -0.8356706085037792, "9330016.01": -0.439273959302682, "9330016.06": -0.5800062054834378, "9330016.05": -0.08010904611826287, "9330017.04": -0.718855157987397, "9330014.02": -0.9265755422192258, "9330016.04": -0.2863200504919402, "9330017.03": -0.5765491743293356, "9330017.02": -0.4782215639441754, "9330002.03": -1.0521676799996835, "9330003.02": -1.0937671026215663, "9330003.01": -1.0090012269278135, "9330014.01": -0.7760307912846479, "9330004.02": -0.6744447954016494, "9330013.04": -0.9623250799016954, "9330004.01": 0.16324976673819555, "9330005.0": -0.3756275261057133, "9330013.03": -0.9493094406700862, "9330013.01": -0.7968323185794332, "9330018.01": -0.5939821670849024, "9330036.02": -0.5256864138969861, "9330035.01": -0.38201442517352896, "9330036.01": -0.6408361368409644, "9330034.01": -0.5798134883158755, "9330033.02": -0.5637333682880602, "9330034.02": -0.42061302831204944, "9330006.02": 0.11968362890708324, "9330011.0": -0.9170735743199312, "9330006.01": -0.04928054117078868, "9330012.02": -0.8559392741850178, "9330018.02": -0.7537397314209209, "9330012.01": -0.8689784857454148, "9330010.02": -0.7705537379255106, "9330007.01": -1.9775666102521776, "9330033.01": -0.7518809692212621, "9330010.01": -0.9063395878101417, "9330035.02": -0.5704605023645805, "9330052.01": -1.0433052835046392, "9330032.02": -0.47205848210949264, "9330032.01": -0.36211112039489657, "9330051.02": -0.9725262901054226, "9330037.02": -0.08686929933683947, "9330019.0": -0.9065200580928486, "9330007.02": -0.843033212721827, "9330030.0": -0.6779631043216346, "9330020.0": -0.770750869538606, "9330009.0": -1.1598626648640658, "9330031.02": -0.009245601393607746, "9330008.02": -1.2421037176519831, "9330031.01": 0.5114002177106154, "9330029.0": -0.058235105779562056, "9330022.0": -1.0372496476221427, "9330052.02": -1.0790844222413853, "9330051.01": -0.36585166771070965, "9330037.01": 0.5883570559528609, "9330050.02": 0.019751364308951334, "9330054.02": -0.7973849584288644, "9330038.0": 0.15768749265631538, "9330050.04": 1.136196847221456, "9330053.02": -0.8044822519097125, "9330054.01": -0.1460336932447632, "9330028.0": 0.1599707503925199, "9330021.0": -0.10426805265936444, "9330039.01": 0.4967793022191215, "9330027.02": -1.2392895515289226, "9330023.0": -0.988224441716496, "9330008.01": -1.7892190951506648, "9330039.02": 0.11238082162637303, "9330049.05": 1.7222146626431512, "9330040.02": 0.18784660312966212, "9330056.02": 0.5391876187606138, "9330053.01": -0.4848463395259689, "9330050.03": 0.918232381539763, "9330055.01": -0.3425223078842629, "9330057.02": 1.3788320670004888, "9330055.02": 0.1548887637758009, "9330024.0": -0.9179238532035714, "9330049.04": 0.5556182014493245, "9330027.01": -0.6162178665965701, "9330049.06": 0.9068125415931908, "9330040.01": 0.504983226063131, "9330041.01": 0.3342434681701732, "9330049.03": 0.7538270147703049, "9330026.0": -0.6740738269202822, "9330049.02": 0.5780152595770981, "9330041.02": 0.04951915099630748, "9330059.08": 2.327543343060853, "9330048.02": 0.9875508924474069, "9330059.07": 2.6304825609235314, "9330059.15": 1.9831005295926551, "9330025.0": -0.7639500047381459, "9330059.09": 1.885403017840288, "9330046.0": 0.7016721974352703, "9330059.1": 2.505518230974734, "9330042.0": -0.19238945807243515, "9330048.01": 0.8460229001663931, "9330056.01": 0.22196201036823765, "9330057.01": 0.953581139506984, "9330059.16": 1.3879126830407158, "9330058.0": 0.731526226708396, "9330059.13": 1.5710506647128997, "9330059.18": 1.2898784059117112, "9330059.17": 1.1599105845419777, "9330059.11": 1.4631569263469222, "9330060.02": 2.0440544589541596, "9330047.02": 1.1065311703114116, "9330047.01": 0.607818309994238, "9330045.02": 0.1912845717886668, "9330064.0": 2.305449966707633, "9330060.01": 1.9581641949792337, "9330065.0": 1.5479770468687049, "9330043.02": -0.27408955550712805, "9330066.01": 1.9116338624014186, "9330066.02": 1.3456827928040718, "9330045.01": 0.39775576081777175, "9330061.0": 0.9740499547186837, "9330063.0": 1.5350242966720402, "9330069.02": -1.4890621005237625, "9330043.01": -0.7027092993032609, "9330067.01": 1.2034519993692605, "9330067.02": 1.3373694086158707, "9330062.0": 1.4421818350433628, "9330044.0": -0.6345566167574063, "9330068.0": 0.7305026414146282, "9330069.04": -0.33787083303173143, "9330250.02": 0.17253129104931728}