{"9330220.0": -0.9951968204831111, "9330221.01": -0.6739858339743376, "9330002.04": -0.8833898448144009, "9330001.02": -1.0249549690528212, "9330001.01": -1.113162902453739, "9330002.01": -0.913524685298033, "9330015.01": -0.6089090865737441, "9330015.02": -0.6965022363511805, "9330016.01": -0.27719254467485965, "9330016.06": -0.45758688595341657, "9330016.05": -0.08603716608637024, "9330017.04": -0.19086390841730386, "9330014.02": -0.6357729473733525, "9330016.04": -0.21549482952871227, "9330017.03": -0.24222693397973613, "9330017.02": -0.2809345466626455, "9330002.03": -0.9493779379291559, "9330003.02": -0.8533685580993193, "9330003.01": -0.8032854803736545, "9330014.01": -0.5399398149964959, "9330004.02": -0.8764017704303995, "9330013.04": -0.7304558672302527, "9330004.01": -0.24060078126242704, "9330005.0": 0.017666185567594424, "9330013.03": -1.0083639075494046, "9330013.01": -0.657016930134104, "9330018.01": -0.5246454719420505, "9330036.02": -0.2341115585395318, "9330035.01": -0.2212353775735209, "9330036.01": -0.48024765116973156, "9330034.01": -0.31018338313766025, "9330033.02": -0.546253395814699, "9330034.02": -0.07317517125937194, "9330006.02": -0.11417286967683783, "9330011.0": -0.8048997343813648, "9330006.01": 0.04870577800055931, "9330012.02": -0.8660523028163041, "9330018.02": -0.6519122625488535, "9330012.01": -0.5472823000012529, "9330010.02": -0.3715175420522447, "9330007.01": -0.544981254369474, "9330033.01": -0.8513618696917908, "9330010.01": -0.41709140486568574, "9330035.02": 0.07787841553143127, "9330052.01": -0.9986279366943042, "9330032.02": 0.0683660219922049, "9330032.01": -0.3245659708610391, "9330051.02": -0.5825986235563142, "9330037.02": 0.6570013842207427, "9330019.0": -0.8202913285476747, "9330007.02": -0.5591514318086617, "9330030.0": -0.9321728006991825, "9330020.0": -0.46899497994348655, "9330009.0": -0.5444484999430559, "9330031.02": -0.29103141231041535, "9330008.02": -0.8555741468600081, "9330031.01": -0.4525979774050131, "9330029.0": -0.6709638885560477, "9330022.0": -0.32357762087143777, "9330052.02": -0.8603838842299296, "9330051.01": 0.13677808626472882, "9330037.01": 0.6323914968112945, "9330050.02": 0.772586602639637, "9330054.02": -0.6674270231181322, "9330038.0": -0.11394536390339109, "9330050.04": 1.209252262221859, "9330053.02": -1.1325051803307224, "9330054.01": 0.6102329367571591, "9330028.0": -0.5872187000379856, "9330021.0": -0.3550264930866413, "9330039.01": -0.2684473610616956, "9330027.02": -0.4530809256392249, "9330023.0": -0.6612001276809185, "9330039.02": -0.6350168944139192, "9330049.05": 0.12773906587106318, "9330040.02": -0.39102361757692833, "9330056.02": 1.3008475700420514, "9330053.01": -0.4508412866758795, "9330050.03": 0.9002021262547405, "9330055.01": 0.20745927156130728, "9330057.02": 2.6514061853157056, "9330055.02": 0.7047051795776189, "9330024.0": -0.6775243114422709, "9330049.04": -0.5008738213457571, "9330027.01": -0.3299714065912685, "9330049.06": 0.5533269334152894, "9330040.01": -0.47617298373094896, "9330041.01": -0.275598931605643, "9330049.03": -0.175355350735192, "9330026.0": -0.5694222691557439, "9330049.02": -0.26260762061783854, "9330041.02": -0.07389559689640385, "9330059.08": 0.9885601460198995, "9330048.02": -0.3891458403680225, "9330059.07": 0.8415213750284187, "9330059.15": 1.2386962368159986, "9330025.0": -0.5830730286435635, "9330059.09": 0.9729728939302329, "9330046.0": -0.3461053274038216, "9330059.1": 0.8796182408311286, "9330042.0": -0.396302283906947, "9330048.01": -0.42356467616290505, "9330056.01": 1.7997415409342885, "9330057.01": 4.016791895224576, "9330059.16": 2.0501201561308187, "9330058.0": 4.1286823441601275, "9330059.13": 1.673422947781288, "9330059.18": 3.230749612555362, "9330059.17": 3.971529054753931, "9330059.11": 2.036814409276332, "9330060.02": 0.9736583842617084, "9330047.02": 0.25450572111123315, "9330047.01": -0.2251448840399065, "9330045.02": -0.34090251914089464, "9330064.0": 0.9346727474915786, "9330060.01": 0.7972880270265623, "9330065.0": 1.2010749698644196, "9330043.02": -0.5026397277438939, "9330066.01": 0.8964644148913103, "9330066.02": 0.829289511851874, "9330045.01": -0.10195403123094585, "9330061.0": 0.19122976330065544, "9330063.0": 0.4530697130285808, "9330069.02": -1.2993948637416408, "9330043.01": -0.5596872999053486, "9330067.01": 0.4365429743741351, "9330067.02": 0.8858489483167338, "9330062.0": 0.5443915534623115, "9330044.0": -0.7761649994629798, "9330068.0": 0.38736789237149466, "9330069.04": -0.30930536257573965, "9330250.02": 0.2180203749430435}