{"n": 133.0, "rho": 0.6922240129322644, "beta_const": 265.1946063112298, "beta_dist_std": 40.96309556927562, "beta_count_std": -36.257651784088516, "se_const": 77.25773192973978, "se_dist_std": 41.12590290357083, "se_count_std": 40.71766535951323, "p_const": NaN, "p_dist_std": NaN, "p_count_std": NaN, "moran_I_resid": NaN, "moran_p_resid": NaN}