{"9330220.0": -2.0755182817182845, "9330221.01": -2.0121049102925967, "9330002.04": -0.7217892640466854, "9330001.02": 2.086021821747541, "9330001.01": 0.024912954280819726, "9330002.01": 0.485567330661872, "9330015.01": 0.719779625398024, "9330015.02": 1.7334150445383307, "9330016.01": 0.04862855108319759, "9330016.06": 1.1001765762392286, "9330016.05": -0.28047470509884714, "9330017.04": -1.79854249827508, "9330014.02": 1.2962561473298102, "9330016.04": 1.9083135046652073, "9330017.03": 0.3879065840979791, "9330017.02": 1.6860030132613415, "9330002.03": 0.03554385424764527, "9330003.02": 0.7670838526337203, "9330003.01": -0.4135449673852592, "9330014.01": -1.3162846776090773, "9330004.02": 1.0033024169199545, "9330013.04": -0.23219281670989675, "9330004.01": 1.3691089144375264, "9330005.0": 0.07515792870128825, "9330013.03": 0.5745833291141161, "9330013.01": 1.6813897579253507, "9330018.01": 1.9410319388294655, "9330036.02": 0.4791439856813404, "9330035.01": -0.9374544350819581, "9330036.01": 1.1539543962994367, "9330034.01": 1.342347431627455, "9330033.02": -1.3735093183365938, "9330034.02": 1.5611983985387445, "9330006.02": 0.38590631103099543, "9330011.0": 1.5443053691077029, "9330006.01": 0.26865661681931896, "9330012.02": -1.4781595061026036, "9330018.02": 1.4653473762277467, "9330012.01": -0.09479127581551973, "9330010.02": 0.19092660213419219, "9330007.01": 1.8061370092858633, "9330033.01": -0.1601859993415006, "9330010.01": 0.9489215510430393, "9330035.02": 1.1964871705972684, "9330052.01": 0.7726121381792679, "9330032.02": -0.3375155697925111, "9330032.01": -0.45336691109480615, "9330051.02": -0.14721418311741657, "9330037.02": -0.6085053562165574, "9330019.0": -0.6609729369184287, "9330007.02": -0.4320111103775864, "9330030.0": 0.6646372583959453, "9330020.0": -0.7121165931220833, "9330009.0": 1.5115801796341177, "9330031.02": -0.4329663610834159, "9330008.02": -0.8892534785750424, "9330031.01": -0.4808003159450074, "9330029.0": 0.763425360027233, "9330022.0": -1.0786159581799502, "9330052.02": 0.8232982580475623, "9330051.01": -1.0198236343096498, "9330037.01": -0.0814717809892479, "9330050.02": 0.08192176682094833, "9330054.02": -0.24793125317762785, "9330038.0": 0.5938969083811452, "9330050.04": -0.807346634381087, "9330053.02": -1.8460354781636361, "9330054.01": -0.6450555069338957, "9330028.0": -0.16645187344730172, "9330021.0": -0.21171413265242, "9330039.01": -0.3670775935361533, "9330027.02": -0.0019377608893905015, "9330023.0": -0.4724008037285521, "9330008.01": -1.8061370092858609, "9330039.02": 0.47586883819837744, "9330049.05": -1.6747653382651335, "9330040.02": -0.7135266699612877, "9330056.02": -0.803728776270421, "9330053.01": 1.038576359956272, "9330050.03": 0.14769013686122126, "9330055.01": 0.07270480924980056, "9330057.02": 0.5288967455964579, "9330055.02": -0.8801474854504864, "9330024.0": -0.1707493383383649, "9330049.04": -0.21312703150290072, "9330027.01": 0.4521216828902866, "9330049.06": 1.962754647201588, "9330040.01": -0.1568682322654493, "9330041.01": -0.6077379745524585, "9330049.03": -0.4857961287169393, "9330026.0": 0.3210732719138255, "9330049.02": -0.41865448546780876, "9330041.02": 0.7258753814486404, "9330059.08": 0.002172621892357472, "9330048.02": -0.6021621618119888, "9330059.07": -0.0577150761126796, "9330059.15": -0.3518804476718109, "9330025.0": 0.8751861986620177, "9330059.09": 1.2433608424035898, "9330046.0": -0.3361234677149998, "9330059.1": 0.5669475442639593, "9330042.0": 0.12030098341073973, "9330048.01": -0.20197675639064536, "9330056.01": -0.6604655314857737, "9330057.01": 0.0502951168574064, "9330059.16": 0.557077835876225, "9330058.0": -0.38263433465737773, "9330059.13": 0.3039065696767271, "9330059.18": -1.192079749922885, "9330059.17": -0.7605738987234179, "9330059.11": 2.2253491444464912, "9330060.02": -0.6918571760956377, "9330047.02": -0.6404147178360227, "9330047.01": -0.6959912176479164, "9330045.02": -0.19737903793037107, "9330064.0": -0.9691983250216323, "9330060.01": -0.9392064769118527, "9330065.0": 0.3275248799454468, "9330043.02": -0.4868611713416873, "9330066.01": -1.1291745237732582, "9330066.02": 1.0404583014328952, "9330045.01": -0.4122691121881074, "9330061.0": -0.03726408216300025, "9330063.0": -0.6311094862514338, "9330069.02": 2.9847602412691754, "9330043.01": -1.3244817615699942, "9330067.01": -1.1249397014472446, "9330067.02": 0.28992160275588735, "9330062.0": -1.2382591021347142, "9330044.0": -0.5553231353949611, "9330068.0": -0.5840680322015662, "9330069.04": -1.2571759693345426, "9330250.02": -2.404750183942827}