{"9330220.0": 3.6035024441512484, "9330221.01": -0.9378141675179321, "9330002.04": 0.5342880345784495, "9330001.02": -1.2255030850789177, "9330001.01": -1.3446074491132538, "9330002.01": -0.6455642123623188, "9330015.01": 0.7255819943315335, "9330015.02": 1.1341878591913146, "9330016.01": 1.6415679496296585, "9330016.06": -1.2117646031267888, "9330016.05": 0.217361591838725, "9330017.04": -0.22536466083363868, "9330014.02": 2.093910333503699, "9330016.04": 0.14943697514876725, "9330017.03": 0.6035996960674777, "9330017.02": 0.3424829385511347, "9330002.03": -0.3916110419908847, "9330003.02": -0.46089984744276713, "9330003.01": -0.060707846796589734, "9330014.01": 1.5095126485391346, "9330004.02": 0.25889571433186387, "9330013.04": 1.4716089728497055, "9330004.01": -0.8869952056313214, "9330005.0": 1.3011607009556647, "9330013.03": -0.1452253015830559, "9330013.01": -0.2523161622486106, "9330018.01": 0.569228693729984, "9330036.02": 1.0097316797221616, "9330035.01": -0.4738676235138777, "9330036.01": 0.09256721441165063, "9330034.01": 0.09040023464641889, "9330033.02": 1.723137447338199, "9330034.02": 0.6465417162447132, "9330006.02": 0.06704893093009884, "9330011.0": -0.4118083942677512, "9330006.01": 0.1747136376659249, "9330012.02": -0.5163923878609668, "9330018.02": 0.29645481673126, "9330012.01": 0.4211099048691355, "9330010.02": 0.012697568039215198, "9330007.01": 0.5190948209502247, "9330033.01": -0.06955983453909202, "9330010.01": 1.9319811890893492, "9330035.02": 1.1523350892003532, "9330052.01": 0.39306948491085564, "9330032.02": -0.9052175141512203, "9330032.01": -1.3740705028996363, "9330051.02": 0.5689694008317462, "9330037.02": 0.2695115922902591, "9330019.0": -1.1976185175736775, "9330007.02": -1.0120106493993382, "9330030.0": -0.8756043617174951, "9330020.0": 0.05978679364517429, "9330009.0": 0.16124961197480514, "9330031.02": 0.47246041888913964, "9330008.02": -0.5849984363089685, "9330031.01": -1.3966146117310583, "9330029.0": -0.5527380489309873, "9330022.0": 1.241969565643718, "9330052.02": -0.22137388163388125, "9330051.01": -1.5648203349847245, "9330037.01": -0.381594095134446, "9330050.02": 0.8324333738727839, "9330054.02": 0.42832626451166733, "9330038.0": -0.7026178784610075, "9330050.04": 0.12410023076286895, "9330053.02": 0.3083472180080832, "9330054.01": 0.35462935666967127, "9330028.0": 1.6980682748551539, "9330021.0": -1.4386287875509935, "9330039.01": -0.5145623153578212, "9330027.02": 0.3914214782543192, "9330023.0": -0.09513999020860321, "9330008.01": -0.5190948209502219, "9330039.02": -0.6825264643088707, "9330049.05": 1.2787140171887268, "9330040.02": -0.9796157274823669, "9330056.02": -0.8021335937814754, "9330053.01": 0.3159911356071769, "9330050.03": -0.23389174719302455, "9330055.01": -0.006811749425170157, "9330057.02": 1.5514439533190647, "9330055.02": -1.0720788590809636, "9330024.0": -0.3702271361395571, "9330049.04": -1.6580614185488776, "9330027.01": -0.5225597783157638, "9330049.06": -1.9918008035228476, "9330040.01": -0.5517074410596587, "9330041.01": -0.7726766319785313, "9330049.03": -0.2972881534375707, "9330026.0": 0.4082550131713584, "9330049.02": -0.36248651170100027, "9330041.02": -0.3609537353945472, "9330059.08": -0.32111607072035664, "9330048.02": -1.730761138744428, "9330059.07": -2.5596300180606093, "9330059.15": -1.2180103675723413, "9330025.0": -0.38747864056303866, "9330059.09": 0.7796022602705537, "9330046.0": -0.8158803894804729, "9330059.1": -0.030505112729463265, "9330042.0": 1.1947288306571373, "9330048.01": 0.026253800721943624, "9330056.01": 0.5048451919446075, "9330057.01": 2.428586138001826, "9330059.16": -1.5862180239562214, "9330058.0": 0.3149030043916228, "9330059.13": -0.030550430622575373, "9330059.18": 1.6063124500835781, "9330059.17": 1.5577761922015545, "9330059.11": -0.5928833948248516, "9330060.02": 1.4124299720183584, "9330047.02": -1.242477829211429, "9330047.01": -0.03661429103172168, "9330045.02": 0.19187634396513534, "9330064.0": 0.18166329443634907, "9330060.01": 0.09323963063362316, "9330065.0": -0.1579251824676886, "9330043.02": -0.4804229373429887, "9330066.01": -0.6658295455931411, "9330066.02": -0.6743270820172728, "9330045.01": -1.935659834853267, "9330061.0": -0.17227479347488478, "9330063.0": -0.05965524588842988, "9330069.02": 1.5493508611677862, "9330043.01": 1.1892951815717618, "9330067.01": 1.3117729740737332, "9330067.02": 0.240747145533086, "9330062.0": -0.6946540188201762, "9330044.0": -0.584619295352238, "9330068.0": 0.5879252946200232, "9330069.04": 1.025432463664707, "9330250.02": -2.1106090460013562}