{"9330220.0": 5.685925547146423, "9330221.01": 5.967037373398189, "9330002.04": 0.42535900305751245, "9330001.02": 2.064139898674747, "9330001.01": 2.486795473383272, "9330002.01": 2.355985481740668, "9330015.01": 4.08673320608821, "9330015.02": 1.4256132510995618, "9330016.01": -0.15789241920411512, "9330016.06": 0.15271036258917556, "9330016.05": -0.02286101249379382, "9330017.04": -0.05411444392400651, "9330014.02": -0.3644232211589691, "9330016.04": -0.4416110110693055, "9330017.03": -0.409286468313978, "9330017.02": -0.5517966937390627, "9330002.03": 0.4575475121370303, "9330003.02": -0.2373433308641438, "9330003.01": -0.22505815149139288, "9330014.01": 0.18352839213596664, "9330004.02": 0.15687048283416838, "9330013.04": -0.3716330911710736, "9330004.01": 0.5944022945227745, "9330005.0": -0.14043436642195967, "9330013.03": -0.17029641458527273, "9330013.01": -0.4225900907188967, "9330018.01": -0.6839985155800848, "9330036.02": -0.16021064840355492, "9330035.01": -0.5718256858906229, "9330036.01": -0.225671630307316, "9330034.01": -0.4880978863561127, "9330033.02": -0.546590768675587, "9330034.02": -0.9069982436156312, "9330006.02": 0.500656572554356, "9330011.0": 0.8277443329616277, "9330006.01": 0.17824409019771742, "9330012.02": 0.1241204499759456, "9330018.02": -0.13649930196562102, "9330012.01": 0.674065632575878, "9330010.02": 0.3736095627394295, "9330007.01": -0.6799314601888147, "9330033.01": -0.17360907986112176, "9330010.01": 0.12236993561161687, "9330035.02": -0.09462532625153909, "9330052.01": 0.5367297767252045, "9330032.02": -0.6210084573904711, "9330032.01": -0.04987718185172022, "9330051.02": 0.15175085073977695, "9330037.02": -0.6514916189579387, "9330019.0": 1.021388274700464, "9330007.02": 0.3698595547481187, "9330030.0": 0.3196957557469768, "9330020.0": 0.19934925555722738, "9330009.0": 0.204479679151975, "9330031.02": 0.07869283943454937, "9330008.02": 0.5911413338797196, "9330031.01": 0.26190130279967777, "9330029.0": 0.2727059431236826, "9330022.0": -0.2690178692013477, "9330052.02": 0.7745755481247318, "9330051.01": -0.3328426057971186, "9330037.01": -0.5030313209959631, "9330050.02": -0.5943922316098191, "9330054.02": 0.3115785446857889, "9330038.0": -0.41673380911692426, "9330050.04": -0.6142903937321456, "9330053.02": 0.6113494060394546, "9330054.01": -0.22666123150367526, "9330028.0": -0.1218922811236886, "9330021.0": -0.2823538611348603, "9330039.01": -0.05710231062787507, "9330027.02": -0.5370638869408522, "9330023.0": -0.24650210897768843, "9330008.01": -0.7274203773391743, "9330039.02": -0.21697035139652268, "9330049.05": -0.16989026804042892, "9330040.02": -0.623009905604229, "9330056.02": -0.4859525931780042, "9330053.01": 0.09327889807928909, "9330050.03": -0.7230363977024654, "9330055.01": -0.4162094588178616, "9330057.02": -1.0366110950659784, "9330055.02": -0.4407615029646408, "9330024.0": -0.13467540583238494, "9330049.04": -0.30918694377439887, "9330027.01": -1.1378070429508795, "9330049.06": -0.5067189974102212, "9330040.01": -0.3747792007829399, "9330041.01": -0.7030301748612797, "9330049.03": -0.5714722535214991, "9330026.0": -0.7607685311050073, "9330049.02": -0.29654113789197045, "9330041.02": -1.0283709415794515, "9330059.08": -0.42557412417688634, "9330048.02": -0.23666089914923003, "9330059.07": -0.1837478286762696, "9330059.15": -0.29523187457987254, "9330025.0": -0.6464251590258739, "9330059.09": -0.14789458345199655, "9330046.0": -0.6989203502207262, "9330059.1": -0.25834677136372947, "9330042.0": -0.9522470475192744, "9330048.01": -0.190905413585015, "9330056.01": -0.683145544420633, "9330057.01": -1.1196326998756139, "9330059.16": -0.5306567649540983, "9330058.0": -1.0681461497008664, "9330059.13": -0.7427504897973686, "9330059.18": -0.7069683607624296, "9330059.17": -0.7215090334778215, "9330059.11": -0.2995242589791581, "9330060.02": 0.027230580677946266, "9330047.02": -0.24826616747376828, "9330047.01": -0.45240725312434676, "9330045.02": -0.966145963704082, "9330064.0": -0.055759618595045565, "9330060.01": -0.0697229840739838, "9330065.0": -0.030402645805117725, "9330043.02": -0.3859724759613376, "9330066.01": -0.02496564730155891, "9330066.02": -0.1352170477018978, "9330045.01": -0.9194570619840778, "9330061.0": 0.14456076615974106, "9330063.0": 0.14976188512036637, "9330069.02": 0.5455306110570332, "9330043.01": 0.16521007895882958, "9330067.01": 0.21360583775166145, "9330067.02": 0.20958429549601001, "9330062.0": 0.49250906942465805, "9330044.0": 0.03952456055013975, "9330068.0": 0.36133337764092754, "9330069.04": 0.49201937315220184, "9330250.02": 0.13867097552510266}