{"9330220.0": -2.138019068586919, "9330221.01": -1.839548403005202, "9330002.04": -0.327946710870609, "9330001.02": 2.1889148059175008, "9330001.01": 1.405101716192537, "9330002.01": 1.5809060866386986, "9330015.01": 0.26875794895784066, "9330015.02": 0.5144282250471417, "9330016.01": 0.14549558857635456, "9330016.06": -0.31172581673125854, "9330016.05": -0.4944293960143374, "9330017.04": -1.1643887571453055, "9330014.02": 0.5348748433617153, "9330016.04": 1.2879852415461752, "9330017.03": -0.20132289467813608, "9330017.02": 1.0802393184370207, "9330002.03": -0.637515075291003, "9330003.02": 0.21837680074378077, "9330003.01": -0.31247656035389026, "9330014.01": -1.3833997722211124, "9330004.02": 0.32944085211566526, "9330013.04": -0.5311796275053925, "9330004.01": 0.24636836098011816, "9330005.0": -0.36396098832115603, "9330013.03": 0.49990352772183416, "9330013.01": 1.275970028169872, "9330018.01": 1.3479234497558552, "9330036.02": 0.41880090387315994, "9330035.01": -1.0210300830732235, "9330036.01": 0.466233938434421, "9330034.01": 0.5616475707729454, "9330033.02": -1.2082275606493602, "9330034.02": 2.289548415116314, "9330006.02": 0.2761209640677155, "9330011.0": 1.0920645766349628, "9330006.01": 0.43756533796881375, "9330012.02": -0.662673564194681, "9330018.02": 1.6324214092182676, "9330012.01": -0.532848523451409, "9330010.02": -0.04939723592583913, "9330007.01": 1.7963297236546707, "9330033.01": 0.5016405739171514, "9330010.01": 0.44812647908377085, "9330035.02": 1.3086469411151653, "9330052.01": 0.6991845872340307, "9330032.02": 0.34017813384468637, "9330032.01": -0.1887999118690309, "9330051.02": -0.5675495664466258, "9330037.02": -0.9054253653227298, "9330019.0": -0.26475122823969577, "9330007.02": -0.388052591976449, "9330030.0": 1.4069096450864427, "9330020.0": -0.9580344657901206, "9330009.0": 1.4747273783721453, "9330031.02": -0.05746670694357688, "9330008.02": -0.10698488623493493, "9330031.01": 0.9952593193154627, "9330029.0": 1.712484515064417, "9330022.0": -1.5372336921401557, "9330052.02": 0.6509979511097068, "9330051.01": -0.5029388510019253, "9330037.01": 0.9850409896739815, "9330050.02": 0.2735736441083434, "9330054.02": -0.07981454774976418, "9330038.0": 0.2820241581587403, "9330050.04": -1.1251865581394824, "9330053.02": -1.193001861479729, "9330054.01": -0.04721585823070327, "9330028.0": -0.3554210839811922, "9330021.0": 0.4023874214665602, "9330039.01": -0.12510924758309613, "9330027.02": -0.041611896654256735, "9330023.0": 0.19009795840950278, "9330008.01": -1.7963297236546667, "9330039.02": 0.4475800246276939, "9330049.05": -1.99092770060506, "9330040.02": -1.2569795570127607, "9330056.02": 0.11677228739550571, "9330053.01": 1.5137405070213348, "9330050.03": -0.2518359590760037, "9330055.01": 0.10646323733691158, "9330057.02": 0.8152418451445972, "9330055.02": -0.8202610669305208, "9330024.0": 0.8907090376141279, "9330049.04": -0.2627169703714506, "9330027.01": 0.17635913577417694, "9330049.06": 1.1665528633783386, "9330040.01": -0.7941543323190126, "9330041.01": -0.8458112254788314, "9330049.03": -0.6480223474412898, "9330026.0": 0.2574650733182836, "9330049.02": 0.8202801096744512, "9330041.02": 1.6945134908974475, "9330059.08": 1.5554604739667168, "9330048.02": -1.2281156977920809, "9330059.07": 0.02809409410826105, "9330059.15": -0.8832897499066764, "9330025.0": 2.600608289096023, "9330059.09": -0.4431643583016644, "9330046.0": -0.1031737749337614, "9330059.1": -0.4345562070383448, "9330042.0": 1.4362281387627942, "9330048.01": -0.1135112800765518, "9330056.01": -0.01274825145644424, "9330057.01": 0.14813037215576438, "9330059.16": 0.30555728057777626, "9330058.0": -0.854001483443292, "9330059.13": -0.19868515833177045, "9330059.18": -1.4613923975422571, "9330059.17": -0.464734723107239, "9330059.11": -0.09899362720180774, "9330060.02": -0.8423387189602033, "9330047.02": -0.9784839102198131, "9330047.01": -1.405589339874423, "9330045.02": 0.7003505140897608, "9330064.0": -0.7763933691578703, "9330060.01": -1.2382351736746688, "9330065.0": -0.29335299230955353, "9330043.02": -0.2479860633774672, "9330066.01": -1.169073953942865, "9330066.02": 0.32394886274149615, "9330045.01": 0.258831578085924, "9330061.0": -0.7597181820561919, "9330063.0": -0.5143324258044311, "9330069.02": 3.278531772907197, "9330043.01": -1.0737023107839445, "9330067.01": -1.0598120367146338, "9330067.02": -0.10418983258097704, "9330062.0": -1.235586258598084, "9330044.0": -0.46393738740660756, "9330068.0": -0.9727600738365018, "9330069.04": -2.1622701905335155, "9330250.02": -0.32226214888252663}