{"n": 133.0, "rho": 0.603822726117092, "beta_const": 479.8715335922577, "beta_dist_std": 41.854008032200674, "beta_count_std": -78.37746354629073, "se_const": 121.97401567356532, "se_dist_std": 55.91202544217107, "se_count_std": 55.55447807247984, "p_const": NaN, "p_dist_std": NaN, "p_count_std": NaN, "moran_I_resid": NaN, "moran_p_resid": NaN}