{"n": 133.0, "rho": 0.781697574003147, "beta_const": 14.761669417838924, "beta_dist_std": 0.5872071637309915, "beta_count_std": -0.6081920398820104, "se_const": 4.136467978715347, "se_dist_std": 0.5047892555592128, "se_count_std": 0.4979415887374536, "p_const": NaN, "p_dist_std": NaN, "p_count_std": NaN, "moran_I_resid": NaN, "moran_p_resid": NaN}