{"9330220.0": -2.3816876465531855, "9330221.01": -1.9513166338932928, "9330002.04": -0.3900186493039088, "9330001.02": 2.6025329282194845, "9330001.01": 0.617925347353001, "9330002.01": 1.0790475117069862, "9330015.01": 0.16736560615392865, "9330015.02": 0.9350760332309577, "9330016.01": -0.29249418475509764, "9330016.06": 0.8400462950774215, "9330016.05": -0.4548264634648451, "9330017.04": -1.461611793948178, "9330014.02": 0.2763755489934053, "9330016.04": 1.0972543432810375, "9330017.03": -0.1100695488415543, "9330017.02": 0.9753610042134822, "9330002.03": -0.5210896534682654, "9330003.02": -0.36384040968020914, "9330003.01": -0.7160133110392125, "9330014.01": -1.416760536500546, "9330004.02": 0.15759267677737285, "9330013.04": -0.7732995749488859, "9330004.01": 0.8033445389056514, "9330005.0": 0.45349358184780414, "9330013.03": 0.06070756805644427, "9330013.01": 0.7839816599152832, "9330018.01": 1.2800187339333984, "9330036.02": 0.5496105009796527, "9330035.01": -0.7396615707032291, "9330036.01": 0.5410274427057149, "9330034.01": 0.7115509361280742, "9330033.02": -1.4541511442650052, "9330034.02": 1.3339227579996296, "9330006.02": 0.09919904429098592, "9330011.0": 0.7821480551141043, "9330006.01": -0.060352529112979274, "9330012.02": -0.9112885926515228, "9330018.02": 1.2190423654467577, "9330012.01": -0.5381773383195968, "9330010.02": -0.09609932782771287, "9330007.01": 1.4883568102292437, "9330033.01": -0.040739444035156606, "9330010.01": 0.13002660258628757, "9330035.02": 0.8458095751590945, "9330052.01": 0.09164871983110139, "9330032.02": 0.10780675795791027, "9330032.01": -0.15443757488534055, "9330051.02": -0.4021515040079722, "9330037.02": -0.9946019289586392, "9330019.0": 0.17274557237571353, "9330007.02": -0.4536283338874262, "9330030.0": 1.4991628376742303, "9330020.0": -0.9989503926178069, "9330009.0": 1.2125994738104051, "9330031.02": -0.3994373423580479, "9330008.02": -0.3993252848563547, "9330031.01": 0.6058554143539657, "9330029.0": 1.3784479917749848, "9330022.0": -1.3086013983201774, "9330052.02": 0.6085596658479286, "9330051.01": -0.9086707673994586, "9330037.01": -0.04120770399848184, "9330050.02": 0.5219451153641875, "9330054.02": -0.10834414377055157, "9330038.0": 1.1181157268042456, "9330050.04": -1.305585218716226, "9330053.02": -1.063638502054766, "9330054.01": -0.5195673061752685, "9330028.0": -1.0995213038152645, "9330021.0": -0.63305133748571, "9330039.01": 0.8135248261265303, "9330027.02": -0.668878587142728, "9330023.0": -0.31849379419947743, "9330008.01": -1.4883568102292402, "9330039.02": 0.6432232783063321, "9330049.05": -2.610168999022647, "9330040.02": -0.4332269952557328, "9330056.02": -0.23563652322689804, "9330053.01": 1.0078939202433563, "9330050.03": 1.45697620991301, "9330055.01": 0.13112746820746912, "9330057.02": -0.41982102911533337, "9330055.02": -0.4795222503601315, "9330024.0": 0.7719518027487273, "9330049.04": -0.49682562893385845, "9330027.01": -0.492648637095652, "9330049.06": 3.2517514411452026, "9330040.01": -0.7412441728556756, "9330041.01": -0.1690786880453375, "9330049.03": -0.5562070166732257, "9330026.0": 0.043761593261774916, "9330049.02": 1.1311711362161923, "9330041.02": 2.303271995627026, "9330059.08": 1.609365906904109, "9330048.02": -1.351947344790087, "9330059.07": 0.9385800596107277, "9330059.15": -0.38809622815322375, "9330025.0": 1.668926881877924, "9330059.09": 1.0919710406196466, "9330046.0": 0.050932487112286554, "9330059.1": 0.4834424234768381, "9330042.0": 1.070730724083313, "9330048.01": 0.6006419694565468, "9330056.01": -0.7525359867370981, "9330057.01": -1.300072272532852, "9330059.16": 0.8022131775450945, "9330058.0": -1.5499027758893364, "9330059.13": -0.07599999066366214, "9330059.18": -1.963784840153003, "9330059.17": -0.7462241353629213, "9330059.11": 1.783393714498835, "9330060.02": -0.0039264778811081025, "9330047.02": -0.5180652959668877, "9330047.01": -0.8169565508793485, "9330045.02": 0.6823568407137205, "9330064.0": -0.5244259800835693, "9330060.01": -1.187013545438242, "9330065.0": 0.723034748869784, "9330043.02": -0.420907378149243, "9330066.01": -1.3540606890467077, "9330066.02": 1.0700152396843317, "9330045.01": 0.35166538262650127, "9330061.0": 0.17214804734699327, "9330063.0": -0.46907438540209134, "9330069.02": 0.7612904713220597, "9330043.01": -0.8419341820577224, "9330067.01": -1.2098211230993758, "9330067.02": 0.267709354168653, "9330062.0": -1.054760838666635, "9330044.0": -0.06655579203737612, "9330068.0": -0.2188695414973441, "9330069.04": -1.8742020815843767, "9330250.02": 0.432688079035166}