{"9330220.0": 0.6175489779354076, "9330221.01": 0.6348316150380762, "9330002.04": -0.4761954071262502, "9330001.02": 0.17864585857061566, "9330001.01": -0.7039927667146851, "9330002.01": -0.2946963322787645, "9330015.01": 0.8289312353323958, "9330015.02": -0.3793965132293327, "9330016.01": -0.6169956090701398, "9330016.06": -0.22352283525054234, "9330016.05": -0.6540331462868202, "9330017.04": -0.31081333473876654, "9330014.02": -0.5227077781695745, "9330016.04": -0.5159194262416769, "9330017.03": -0.4257919976708663, "9330017.02": -0.45802435459943364, "9330002.03": -0.4831336920260137, "9330003.02": -0.9640345686725512, "9330003.01": -0.6547891654770144, "9330014.01": -0.060214828897523026, "9330004.02": -0.46676864445197436, "9330013.04": -0.6208343252094387, "9330004.01": 1.5152631832684866, "9330005.0": -0.7462747075318488, "9330013.03": -0.40630212173168984, "9330013.01": -0.5219784231590583, "9330018.01": -0.45438040953540904, "9330036.02": 0.1306623654216645, "9330035.01": -0.1081047070244192, "9330036.01": -0.1808247142115929, "9330034.01": -0.754949921800339, "9330033.02": -0.5031810733441385, "9330034.02": -0.6651869738919682, "9330006.02": 1.094096821501707, "9330011.0": -0.2164693999577772, "9330006.01": 0.6988480552638129, "9330012.02": -0.21896765945263288, "9330018.02": -0.45217316345706743, "9330012.01": -0.17173822274433573, "9330010.02": -0.2672384796064541, "9330007.01": -0.9070670441852133, "9330033.01": -0.6901702475317366, "9330010.01": -0.45640899002184515, "9330035.02": 0.06551671849434018, "9330052.01": -0.1447287723663681, "9330032.02": -0.6151739697848341, "9330032.01": -0.35975345861625835, "9330051.02": -0.3438830348395904, "9330037.02": 0.15892456247444514, "9330019.0": -0.23467919245084423, "9330007.02": -0.05316280523155803, "9330030.0": -0.5561834911651905, "9330020.0": -0.47392237460721454, "9330009.0": -0.602065919984798, "9330031.02": 0.0882808518660058, "9330008.02": -0.549706098235257, "9330031.01": 0.4154891687922268, "9330029.0": 0.1999507945473452, "9330022.0": -0.6469465578305936, "9330052.02": -0.3107381875796846, "9330051.01": 0.01113365796456198, "9330037.01": 0.6286254155711235, "9330050.02": 0.11642575930378042, "9330054.02": -0.1829663574838124, "9330038.0": 0.1773277197271163, "9330050.04": 1.1099766397244082, "9330053.02": -0.14008711495545137, "9330054.01": 0.36260609406550093, "9330028.0": 0.35873779822376434, "9330021.0": 0.216490736379209, "9330039.01": -0.021447235777482466, "9330027.02": -0.7656330384445363, "9330023.0": -0.3419881212888305, "9330008.01": -2.806922301806775, "9330039.02": -0.051635690702686574, "9330049.05": 0.7932420127721429, "9330040.02": 0.09015705226347806, "9330056.02": 0.6196370357387071, "9330053.01": 0.4292454872181296, "9330050.03": 0.179800730394213, "9330055.01": 0.1243614781787604, "9330057.02": -0.15802791284889128, "9330055.02": 0.49605265343576416, "9330024.0": -1.0339038782985364, "9330049.04": 0.5554677110509347, "9330027.01": -1.3181820912056612, "9330049.06": 0.25590777222794825, "9330040.01": 0.15978410339061855, "9330041.01": 0.03205921429308959, "9330049.03": 0.5646151500281358, "9330026.0": -1.0278131917747342, "9330049.02": -0.7467218587609762, "9330041.02": 0.06321453781523646, "9330059.08": -1.4948413655782207, "9330048.02": 1.2718278474046782, "9330059.07": 0.9810114311983831, "9330059.15": -1.7127457319449646, "9330025.0": -1.2621192402054537, "9330059.09": 0.5801542710758739, "9330046.0": 0.6163508609302467, "9330059.1": 0.9172834040778112, "9330042.0": -0.4784665288675406, "9330048.01": 1.15702256818301, "9330056.01": 0.3148434576117933, "9330057.01": -1.2306225784110516, "9330059.16": -0.8667141936155417, "9330058.0": -0.6849755386399383, "9330059.13": -1.7529615256874547, "9330059.18": -1.199894171736843, "9330059.17": -1.1919482469734592, "9330059.11": -0.5467279313225851, "9330060.02": 0.41810414923011463, "9330047.02": 2.489520054426305, "9330047.01": 0.9138059909748383, "9330045.02": -0.1121139085516797, "9330064.0": 2.1102296181094813, "9330060.01": 3.832010312247279, "9330065.0": 0.5562100293721467, "9330043.02": -0.640843525705926, "9330066.01": 0.7205134701557858, "9330066.02": -1.156998779350678, "9330045.01": 0.8637584427692717, "9330061.0": 2.7009453347754513, "9330063.0": 3.47886174962065, "9330069.02": -0.45589433828886844, "9330043.01": -0.764741041664372, "9330067.01": 2.0692323522680187, "9330067.02": 1.8010277188343977, "9330062.0": 3.7309375188277887, "9330044.0": -0.8168457942875519, "9330068.0": 1.9947387704978998, "9330069.04": -0.47940526763812125, "9330250.02": -0.6018349710546825}