{"9330220.0": -0.5459183145328653, "9330221.01": -0.5460158150577308, "9330002.04": -0.33060239552827997, "9330001.02": -0.5669966486902018, "9330001.01": -0.4231194512153655, "9330002.01": -0.13606022007674826, "9330015.01": -0.1272439212785404, "9330015.02": -0.10972703281687783, "9330016.01": 0.4927757419029093, "9330016.06": -0.08052025365967051, "9330016.05": 0.8754424122172311, "9330017.04": -0.0015189800568736853, "9330014.02": -0.05281279884492382, "9330016.04": 0.748293230546736, "9330017.03": -0.001208263149748167, "9330017.02": -0.1990859155254481, "9330002.03": -0.3115343381845633, "9330003.02": -0.3300142440937863, "9330003.01": -0.14084112382661002, "9330014.01": -0.032534859813548034, "9330004.02": -0.2257664121303174, "9330013.04": -0.14178739294114903, "9330004.01": 0.1314371721017217, "9330005.0": -0.3403391313713525, "9330013.03": -0.14200644113101193, "9330013.01": -0.02539407437545293, "9330018.01": -0.1551043783058853, "9330036.02": 0.31685834196440676, "9330035.01": 0.029770762264890442, "9330036.01": 0.015619163079187561, "9330034.01": -0.18156143096387223, "9330033.02": -0.019858734815276273, "9330034.02": -0.3859676883251053, "9330006.02": -0.32450335968419175, "9330011.0": -0.20984668217367203, "9330006.01": -0.3076974964586264, "9330012.02": -0.14909224519232997, "9330018.02": -0.2172840392507729, "9330012.01": -0.4985097015938632, "9330010.02": -0.18168614972097144, "9330007.01": -1.2429948578003567, "9330033.01": -0.5665290931327162, "9330010.01": -0.5666300450188481, "9330035.02": -0.26854688331743326, "9330052.01": -0.026202056959080924, "9330032.02": -0.44679599014959076, "9330032.01": -0.45908961858312786, "9330051.02": -0.18226692379134393, "9330037.02": -0.6391442618752189, "9330019.0": -0.3460049333642578, "9330007.02": -0.36150014175950906, "9330030.0": -0.5757750782328294, "9330020.0": -0.5110002537917382, "9330009.0": -0.664205839493645, "9330031.02": -0.41690116961571494, "9330008.02": -0.5261524056777215, "9330031.01": -0.40236385842842937, "9330029.0": -0.7002077045954533, "9330022.0": 0.06001204884160517, "9330052.02": -0.1524368087584436, "9330051.01": -0.5281312441632324, "9330037.01": -0.6019137411828547, "9330050.02": -0.6320805867100098, "9330054.02": -0.20582155852132925, "9330038.0": -0.7048149004282637, "9330050.04": -0.4302161780317416, "9330053.02": 0.2548605957772649, "9330054.01": -0.6866376535459623, "9330028.0": -0.8470855755886473, "9330021.0": -0.04437407664816091, "9330039.01": -0.5662682981160085, "9330027.02": -0.8002152296033554, "9330023.0": -0.18640437438704704, "9330008.01": -1.214362605505395, "9330039.02": -0.5136761058850638, "9330049.05": -0.4280303786490135, "9330040.02": -0.7371771061794116, "9330056.02": -0.6823336078941507, "9330053.01": -0.5378441655236096, "9330050.03": -0.2534998003507059, "9330055.01": -0.6689993304395524, "9330057.02": -0.25727369434519315, "9330055.02": -0.4771101008229821, "9330024.0": -0.5050125755008467, "9330049.04": -0.40160586939604465, "9330027.01": 0.40669709338502286, "9330049.06": 0.07107992580314737, "9330040.01": -0.44262187726390945, "9330041.01": -0.09328151411041574, "9330049.03": -0.5725787576684062, "9330026.0": 0.3350386994981177, "9330049.02": -0.4631852403578508, "9330041.02": -0.6408294913086582, "9330059.08": 4.60327506788811, "9330048.02": 0.11190043300448627, "9330059.07": 2.3574081697574854, "9330059.15": 3.8993937972425567, "9330025.0": -0.4692831260991424, "9330059.09": 3.0364921431669605, "9330046.0": -0.16380651855822964, "9330059.1": 2.177300624392826, "9330042.0": -0.06968033220336405, "9330048.01": -0.08688016795574409, "9330056.01": -0.7780654130009571, "9330057.01": 0.3013715414595292, "9330059.16": 0.34317283122467224, "9330058.0": -0.4544523957977415, "9330059.13": 2.7719246114303537, "9330059.18": 1.1684326398615015, "9330059.17": 1.241675027474963, "9330059.11": 1.565827481011081, "9330060.02": 3.02800376120319, "9330047.02": -0.7510063314270045, "9330047.01": -0.627661616634219, "9330045.02": -0.13423646172544, "9330064.0": 1.4166700338513531, "9330060.01": -0.5564116380336966, "9330065.0": 2.153500733218952, "9330043.02": -0.504687911606171, "9330066.01": 2.978652195393147, "9330066.02": 3.5894458274755547, "9330045.01": -0.6991749946554741, "9330061.0": -0.8544522372794486, "9330063.0": -0.6931023911609645, "9330069.02": -0.37723440208695974, "9330043.01": -0.3409160500724416, "9330067.01": 0.12850273164692752, "9330067.02": 0.5792624526618804, "9330062.0": -0.885582630159032, "9330044.0": -0.22338937296294026, "9330068.0": 0.31618649308394275, "9330069.04": -0.5465600769793406, "9330250.02": -0.669406218174459}