{"n": 133.0, "rho": 0.7572284753005851, "beta_const": 3.593234100481828, "beta_dist_std": -0.8472494987688868, "beta_count_std": 0.4112698427088456, "se_const": 1.2002381277950318, "se_dist_std": 0.7473939288317419, "se_count_std": 0.738489384263896, "p_const": NaN, "p_dist_std": NaN, "p_count_std": NaN, "moran_I_resid": NaN, "moran_p_resid": NaN}