{"n": 133.0, "rho": 0.6985258541807312, "beta_const": 345.5485038187077, "beta_dist_std": -61.64288832536023, "beta_count_std": -73.85243948924662, "se_const": 95.97141584555247, "se_dist_std": 42.661198263238894, "se_count_std": 42.086224469974105, "p_const": NaN, "p_dist_std": NaN, "p_count_std": NaN, "moran_I_resid": NaN, "moran_p_resid": NaN}