{"9330220.0": -1.285549473399844, "9330221.01": -0.7604363596182242, "9330002.04": -0.709693670778928, "9330001.02": -0.718497483667378, "9330001.01": 0.49745089403544485, "9330002.01": 0.15977650285522507, "9330015.01": 1.2764001740314144, "9330015.02": 2.0588089754956633, "9330016.01": 1.051405269514016, "9330016.06": -2.5235885071490007, "9330016.05": 0.06108910258210281, "9330017.04": -1.8243687385971563, "9330014.02": 0.3062350632308311, "9330016.04": 3.2814173546039846, "9330017.03": -0.3772489482178674, "9330017.02": 1.4532992647503338, "9330002.03": -0.6134012183829676, "9330003.02": 2.865795092188055, "9330003.01": -1.281707734866813, "9330014.01": -1.2625894868496674, "9330004.02": 1.3830638566281812, "9330013.04": 0.3208391082074249, "9330004.01": 0.3051120927430357, "9330005.0": -1.1994828166581855, "9330013.03": 0.8970938065230508, "9330013.01": 1.4490705148916092, "9330018.01": 3.0853412083516276, "9330036.02": 0.29609459469228366, "9330035.01": -0.5111136140124838, "9330036.01": 0.3548568132882873, "9330034.01": 0.3627732394802902, "9330033.02": -1.3705921914734012, "9330034.02": 1.9623961273908832, "9330006.02": 0.0977224426892478, "9330011.0": 2.3471216750778527, "9330006.01": 0.6251650676821314, "9330012.02": -0.7573171862709481, "9330018.02": 1.3850848606373654, "9330012.01": 0.45346990791481784, "9330010.02": -0.011651957300791665, "9330007.01": 0.8831140086718987, "9330033.01": 0.1916855023178287, "9330010.01": 0.15334134023661417, "9330035.02": 1.4187485409392724, "9330052.01": 1.2101609037700791, "9330032.02": 0.6068006191613231, "9330032.01": -0.723983973575461, "9330051.02": -0.5501951948301186, "9330037.02": -0.41431950828602504, "9330019.0": -0.6472129175812349, "9330007.02": -1.069220616953171, "9330030.0": 1.421362010479574, "9330020.0": -1.191956466348534, "9330009.0": 0.8588807404252653, "9330031.02": -0.25743128040864666, "9330008.02": -1.0004434632411636, "9330031.01": 0.43511816575826284, "9330029.0": 1.1705817766070954, "9330022.0": -1.191309565390288, "9330052.02": 1.7485777625982513, "9330051.01": -0.4730427629259464, "9330037.01": 0.9230112854412685, "9330050.02": 0.6983636558442475, "9330054.02": -0.46287880847251633, "9330038.0": 0.1905471647573878, "9330050.04": -0.924778158533336, "9330053.02": -2.53759248007722, "9330054.01": -0.07977060834799315, "9330028.0": -0.18888150622237249, "9330021.0": -0.36524895589189704, "9330039.01": -0.0864390625454355, "9330027.02": -0.153524455869753, "9330023.0": -0.0022304739618662023, "9330008.01": -0.8831140086718983, "9330039.02": -0.45116028599564334, "9330049.05": -0.6598242749222203, "9330040.02": -0.7845937236375407, "9330056.02": -0.5571496621194713, "9330053.01": 1.7599107331183284, "9330050.03": -1.124787818447177, "9330055.01": 0.8837150497730942, "9330057.02": 0.5762554904796368, "9330055.02": -1.4135772307268313, "9330024.0": 0.40324347094960156, "9330049.04": -0.44225499883269415, "9330027.01": -0.27733440940572757, "9330049.06": -0.4566217106083134, "9330040.01": -0.5972078995189267, "9330041.01": -0.8771510339844253, "9330049.03": -0.09184439230453754, "9330026.0": -0.20996981790730473, "9330049.02": -0.4005330111438132, "9330041.02": 0.7781555685195614, "9330059.08": -0.46115636692098394, "9330048.02": -0.8036569793282259, "9330059.07": -0.3808504047668982, "9330059.15": -0.21089730329037448, "9330025.0": 1.1714249449494998, "9330059.09": 0.26361635046875376, "9330046.0": -0.17748818808547623, "9330059.1": 0.30263490856716607, "9330042.0": 1.4282065906117907, "9330048.01": -0.2893520054587198, "9330056.01": -0.3368109762217545, "9330057.01": 0.24903227519743584, "9330059.16": 0.7469631275574383, "9330058.0": -1.210786267428035, "9330059.13": -0.346052015451885, "9330059.18": -0.8668419712515668, "9330059.17": -0.37220514540176153, "9330059.11": 0.7402834986050064, "9330060.02": -0.08383615271553108, "9330047.02": -0.7469533424024856, "9330047.01": -1.1689394816124123, "9330045.02": 0.6574163518964496, "9330064.0": -0.7658170579550222, "9330060.01": -0.824909304504316, "9330065.0": -0.24057590870208018, "9330043.02": -0.29548167285311544, "9330066.01": -0.32981722377635225, "9330066.02": 0.42459349316001854, "9330045.01": 0.025828612844067612, "9330061.0": -0.597649684866082, "9330063.0": -0.0357530596566653, "9330069.02": -0.2974367009206912, "9330043.01": -0.15372753917583376, "9330067.01": -0.7267390946967474, "9330067.02": -0.19494304455435185, "9330062.0": -0.9537813027333936, "9330044.0": -0.7294541387011224, "9330068.0": -0.5086533603917919, "9330069.04": -0.7265959867402095, "9330250.02": 0.933528652305669}