{"n": 133.0, "rho": 0.2673037802795797, "beta_const": 2974.3142371476606, "beta_dist_std": -121.35594333293874, "beta_count_std": -147.77534848598364, "se_const": 527.2883995954522, "se_dist_std": 109.45462124164494, "se_count_std": 108.7626150922555, "p_const": NaN, "p_dist_std": NaN, "p_count_std": NaN, "moran_I_resid": NaN, "moran_p_resid": NaN}