{"9330220.0": -2.105732488422488, "9330221.01": -1.9176650887570135, "9330002.04": -0.523634513853994, "9330001.02": 1.7642655083858216, "9330001.01": 0.4958972195753731, "9330002.01": 0.9923990381754261, "9330015.01": -0.6161219435016185, "9330015.02": 0.3061581475476864, "9330016.01": -0.49004364143054724, "9330016.06": 1.4763317007039896, "9330016.05": -0.5395065205915758, "9330017.04": -1.483646194167219, "9330014.02": 0.0023312317388565085, "9330016.04": 0.4255850788004823, "9330017.03": -0.43610249422993597, "9330017.02": 0.08550600351111105, "9330002.03": -0.7625877776744897, "9330003.02": -0.7148049327080702, "9330003.01": -0.9522559744119007, "9330014.01": -1.3605056909184463, "9330004.02": -0.4380383614940444, "9330013.04": -0.9975135097265353, "9330004.01": 0.8803746603346534, "9330005.0": 2.201575497568644, "9330013.03": -0.4560160102373074, "9330013.01": 0.24599258361316897, "9330018.01": 0.2865254782554531, "9330036.02": -0.2838510679289822, "9330035.01": -0.8994266238101595, "9330036.01": -0.14263935036177275, "9330034.01": 0.1510847530433714, "9330033.02": -1.479093735674566, "9330034.02": 0.4483647541084115, "9330006.02": -0.19435765189996704, "9330011.0": 0.4845427156976885, "9330006.01": -0.670056593782169, "9330012.02": -0.8399785030616708, "9330018.02": 0.3862836230357713, "9330012.01": -0.6071752289322129, "9330010.02": -0.43083240108843124, "9330007.01": 1.110441351876606, "9330033.01": -0.3285661304710801, "9330010.01": 0.1612396683763158, "9330035.02": 0.5156014292362425, "9330052.01": 0.34629283281017154, "9330032.02": -0.16387883295557132, "9330032.01": -0.5689186119562518, "9330051.02": -0.4203491820634317, "9330037.02": -0.8367530607741114, "9330019.0": 0.21291888591136277, "9330007.02": -0.6625023230545354, "9330030.0": 0.7585928242735623, "9330020.0": -0.8974599375490386, "9330009.0": 1.549411108249803, "9330031.02": -0.7296915724258728, "9330008.02": -0.6256538155768052, "9330031.01": 0.01492014137461399, "9330029.0": 1.0306944609403563, "9330022.0": -0.4657150382356489, "9330052.02": 0.2078223859627235, "9330051.01": -1.1334788860442997, "9330037.01": -0.5542257016394617, "9330050.02": 1.3844733690395277, "9330054.02": -0.5560786073595702, "9330038.0": 1.479553127689586, "9330050.04": -1.0256026254782837, "9330053.02": -1.0187883860430862, "9330054.01": -0.8486157285675958, "9330028.0": -1.4056892045730927, "9330021.0": -1.2327000984901042, "9330039.01": 1.2647322865761452, "9330027.02": -0.7553899297366006, "9330023.0": -0.8505914671986106, "9330008.01": -1.110441351876603, "9330039.02": 0.8856029195348264, "9330049.05": -2.6064883229250473, "9330040.02": 0.5579166615433054, "9330056.02": -0.18030499878036269, "9330053.01": 0.5983362522705582, "9330050.03": 2.0689407352509264, "9330055.01": 0.512074956518714, "9330057.02": -0.33325795219263465, "9330055.02": 0.027157846035993503, "9330024.0": -0.09284075253509781, "9330049.04": -0.7218988498977809, "9330027.01": -0.958444111664552, "9330049.06": 3.0552938536506584, "9330040.01": 0.5438140384136169, "9330041.01": 0.5355530881398756, "9330049.03": -1.0237899754531634, "9330026.0": -0.5596307440166466, "9330049.02": 0.9416790064940767, "9330041.02": 1.8444746336697886, "9330059.08": 0.6431722595435673, "9330048.02": -1.3225455893456315, "9330059.07": -0.044886047571491915, "9330059.15": -0.21297166967619366, "9330025.0": 0.6469856501809504, "9330059.09": 2.7642400366298907, "9330046.0": 0.49319549436303184, "9330059.1": 1.4961385023306324, "9330042.0": 0.3239475488280392, "9330048.01": 1.0655335551403584, "9330056.01": -0.006170366958002584, "9330057.01": -0.877393646681509, "9330059.16": 0.3666904295404944, "9330058.0": -0.402787345231146, "9330059.13": 0.08870712636215536, "9330059.18": -1.1187169174638398, "9330059.17": 0.6869083089138474, "9330059.11": 2.73840354273093, "9330060.02": 1.0886535106496993, "9330047.02": 0.040279963716038314, "9330047.01": -0.26817685960598187, "9330045.02": 0.3811551960819487, "9330064.0": 0.39832518721854643, "9330060.01": -0.7603966761443199, "9330065.0": 1.836813291453988, "9330043.02": -0.9195699573983143, "9330066.01": -1.3317026172349737, "9330066.02": 0.9434157231457015, "9330045.01": -0.09271419769130815, "9330061.0": 1.420603051022546, "9330063.0": 0.13261768364882748, "9330069.02": 1.4968378472404236, "9330043.01": -0.6323338869167292, "9330067.01": -0.001492731258649485, "9330067.02": 0.17554828153999102, "9330062.0": -0.3488765040231769, "9330044.0": -0.14494734493996686, "9330068.0": 1.2401436360113298, "9330069.04": -1.1500565582212587, "9330250.02": -1.0640002696656539}