{"9330220.0": 0.7999637943035671, "9330221.01": 0.7477965881977783, "9330002.04": 0.5668586961336025, "9330001.02": 0.8753422532033688, "9330001.01": 0.3444102766532594, "9330002.01": 0.9303326793271713, "9330015.01": 1.4707618405366063, "9330015.02": 0.6402296668600745, "9330016.01": 0.33945063511106616, "9330016.06": 0.5656280616405002, "9330016.05": 0.4606357586086631, "9330017.04": 0.4930778124666221, "9330014.02": 0.20194012063695904, "9330016.04": 0.29832252847646124, "9330017.03": 0.47488054647567435, "9330017.02": 0.2543659394605722, "9330002.03": 0.42348166994804054, "9330003.02": 0.04244438382458246, "9330003.01": 0.32485120741417156, "9330014.01": 0.7702011377608883, "9330004.02": 0.7341207350122279, "9330013.04": 0.2552487072815214, "9330004.01": 1.0023567245168103, "9330005.0": 0.7527751869100261, "9330013.03": 0.6319289068605919, "9330013.01": 0.6197437904792411, "9330018.01": 0.48306767149164487, "9330036.02": 1.210932645726948, "9330035.01": 1.089661781297101, "9330036.01": 0.7382172244735601, "9330034.01": 0.35045429081619867, "9330033.02": 0.846923242322575, "9330034.02": -0.10078020740532455, "9330006.02": 0.8719690670862068, "9330011.0": 0.9398435304832296, "9330006.01": 0.6315637846630217, "9330012.02": 1.1874011521154078, "9330018.02": 0.8441044163156645, "9330012.01": 0.7401052422943714, "9330010.02": 1.1053730870557512, "9330007.01": -0.6843639773939622, "9330033.01": 0.7749952671421614, "9330010.01": 0.6906271822782872, "9330035.02": 0.24473154824364632, "9330052.01": 1.0828645253996865, "9330032.02": 0.17617973907003356, "9330032.01": 0.5415512205855161, "9330051.02": 0.7295659742956768, "9330037.02": -0.05660009207172317, "9330019.0": 1.3232076811139082, "9330007.02": 1.2374313727835038, "9330030.0": 1.1082342650718564, "9330020.0": 0.8081220697516833, "9330009.0": 0.4438453417018688, "9330031.02": 0.4902526800758673, "9330008.02": 1.3248774490531219, "9330031.01": 0.51793981017238, "9330029.0": 0.12633726353809302, "9330022.0": 0.911801892402235, "9330052.02": 0.9150925385232228, "9330051.01": -0.13209136333422117, "9330037.01": -0.7025846474843275, "9330050.02": -0.5809048039255102, "9330054.02": 0.519155651514631, "9330038.0": -0.583351450727537, "9330050.04": -0.7834153164456411, "9330053.02": 1.3450186243498272, "9330054.01": -0.33167498863987044, "9330028.0": -0.3972502834120573, "9330021.0": -0.27577130301594716, "9330039.01": -0.3856169906402037, "9330027.02": 0.30226248963185837, "9330023.0": 1.2160586271417968, "9330008.01": 1.0221689969269865, "9330039.02": -0.8977500241719402, "9330049.05": -0.9088981337910296, "9330040.02": -0.5458970322563972, "9330056.02": -0.7208930271530267, "9330053.01": 0.09013828443940576, "9330050.03": -1.0245198202484174, "9330055.01": -0.07602727911259981, "9330057.02": -1.4352710172195084, "9330055.02": 0.020245275933985868, "9330024.0": 2.163364148134094, "9330049.04": -1.3582507574082086, "9330027.01": 0.5339732999366936, "9330049.06": -1.2230076309821358, "9330040.01": -1.6525559285288245, "9330041.01": -1.1479059213470153, "9330049.03": -1.497478725630469, "9330026.0": 1.2511738657316662, "9330049.02": -1.6508436313168082, "9330041.02": -0.49258898570536513, "9330059.08": -1.3662373288074867, "9330048.02": -1.090288935192673, "9330059.07": -0.9497951473276769, "9330059.15": -1.053358001551614, "9330025.0": 1.4263004906875842, "9330059.09": -1.070511212325294, "9330046.0": -0.5336225162184783, "9330059.1": -1.2341755028537595, "9330042.0": 0.6367189129727379, "9330048.01": -1.0063348055887138, "9330056.01": -0.8799237032008315, "9330057.01": -1.6973969083496534, "9330059.16": -1.216342591812143, "9330058.0": -1.5111076616469925, "9330059.13": -1.6659227992474384, "9330059.18": -1.3929000061345986, "9330059.17": -1.7249186357533592, "9330059.11": -1.3573305364000432, "9330060.02": -1.3980049674814499, "9330047.02": -1.229686066704341, "9330047.01": -0.823504406320286, "9330045.02": -0.25828305778028293, "9330064.0": -1.45841238771922, "9330060.01": -1.4840606940796723, "9330065.0": -1.3721705004940965, "9330043.02": 1.5861591311591052, "9330066.01": -1.1119686871655394, "9330066.02": -1.2907886649523377, "9330045.01": -0.8419140724093137, "9330061.0": -1.5666520514514566, "9330063.0": -1.4980948119047317, "9330069.02": 1.1779053547487557, "9330043.01": 1.6940867772337211, "9330067.01": -1.3124649375833342, "9330067.02": -1.2087595236661846, "9330062.0": -1.2796561808490992, "9330044.0": 0.7671546317951465, "9330068.0": -1.2468502673474495, "9330069.04": 1.5747848050116449, "9330250.02": 1.942636936893435}