{"n": 133.0, "rho": 0.23942657928341946, "beta_const": 62.06667184527724, "beta_dist_std": -21.573100067794176, "beta_count_std": -6.614721531414824, "se_const": 20.353075210921226, "se_dist_std": 17.85756699909709, "se_count_std": 17.6964607757645, "p_const": NaN, "p_dist_std": NaN, "p_count_std": NaN, "moran_I_resid": NaN, "moran_p_resid": NaN}