{"9330220.0": -2.128953006110008, "9330221.01": -1.9047767367337913, "9330002.04": -0.503589976979729, "9330001.02": 1.8906777504796248, "9330001.01": 0.3822936329698018, "9330002.01": 0.9799575939767594, "9330015.01": -0.6215275058502717, "9330015.02": 0.3055513851804093, "9330016.01": -0.49513978478686316, "9330016.06": 1.4800990341681022, "9330016.05": -0.5352795682830989, "9330017.04": -1.4849912184121827, "9330014.02": 0.006589272072977564, "9330016.04": 0.43529143238461465, "9330017.03": -0.45195185231366336, "9330017.02": 0.1416636816188769, "9330002.03": -0.7633439010899756, "9330003.02": -0.7101411258313847, "9330003.01": -0.9690889818969544, "9330014.01": -1.3669735398281782, "9330004.02": -0.4206421280385728, "9330013.04": -1.0119331485664587, "9330004.01": 0.8676580548277025, "9330005.0": 2.2202191379293144, "9330013.03": -0.43944344108058436, "9330013.01": 0.2482814019176436, "9330018.01": 0.32013733969237224, "9330036.02": -0.29415472168329854, "9330035.01": -0.9601893897575663, "9330036.01": -0.1344088712467498, "9330034.01": 0.11462130185017134, "9330033.02": -1.5094539809444367, "9330034.02": 0.45733589602199487, "9330006.02": -0.23800915922444463, "9330011.0": 0.49069352291517726, "9330006.01": -0.6372606899296048, "9330012.02": -0.8076619221118441, "9330018.02": 0.3876925831067748, "9330012.01": -0.6504021315624636, "9330010.02": -0.4188140991901813, "9330007.01": 1.1117232407006818, "9330033.01": -0.33078069052416825, "9330010.01": 0.1532272845057914, "9330035.02": 0.5368483031693276, "9330052.01": 0.34791933318243307, "9330032.02": -0.1407949839223303, "9330032.01": -0.47662090963613446, "9330051.02": -0.41031120002043703, "9330037.02": -0.9716558081217904, "9330019.0": 0.20955701510237196, "9330007.02": -0.6741533744297744, "9330030.0": 0.7668623046843615, "9330020.0": -0.8745220020383658, "9330009.0": 1.5653614470253672, "9330031.02": -0.7253456331361858, "9330008.02": -0.6546333960859433, "9330031.01": 0.006732568293249378, "9330029.0": 0.9714408761052866, "9330022.0": -0.48175496877225016, "9330052.02": 0.2158706056319743, "9330051.01": -1.1463227052732758, "9330037.01": -0.4706921201312598, "9330050.02": 1.3852372562447437, "9330054.02": -0.5632700216779561, "9330038.0": 1.393508656319943, "9330050.04": -0.9532814976320683, "9330053.02": -0.9913031234791465, "9330054.01": -0.8426432052347437, "9330028.0": -1.3766792292846857, "9330021.0": -1.242407007204989, "9330039.01": 1.281001296422642, "9330027.02": -0.7405137345900514, "9330023.0": -0.8291789547330627, "9330008.01": -1.111723240700679, "9330039.02": 0.8887968510063627, "9330049.05": -2.565833766917896, "9330040.02": 0.6162380956519616, "9330056.02": -0.1673984716942064, "9330053.01": 0.5674673541176073, "9330050.03": 2.0206093818944004, "9330055.01": 0.5066504996460489, "9330057.02": -0.32453614790604834, "9330055.02": 0.01709143821977388, "9330024.0": -0.09160420880567445, "9330049.04": -0.7394250049277422, "9330027.01": -0.9630672394056479, "9330049.06": 3.025904221091684, "9330040.01": 0.5699175870101844, "9330041.01": 0.46796784931874275, "9330049.03": -1.0070600446541322, "9330026.0": -0.6035326728365699, "9330049.02": 0.9433411486722703, "9330041.02": 1.8789312385487356, "9330059.08": 0.6393072376191336, "9330048.02": -1.359516904645543, "9330059.07": -0.018881725696985752, "9330059.15": -0.2103832707185484, "9330025.0": 0.6914922416052586, "9330059.09": 2.7344802865170386, "9330046.0": 0.4766034225625862, "9330059.1": 1.4970674888280826, "9330042.0": 0.3300089565395439, "9330048.01": 1.0926714879050803, "9330056.01": 0.025088884277534917, "9330057.01": -0.8813819111072895, "9330059.16": 0.34862453699778095, "9330058.0": -0.39994201872497975, "9330059.13": 0.10266807971092655, "9330059.18": -1.1676474544905395, "9330059.17": 0.7311000582968304, "9330059.11": 2.753539294865489, "9330060.02": 1.1195119421448394, "9330047.02": 0.09237738082645854, "9330047.01": -0.31953343169153353, "9330045.02": 0.3837745852247315, "9330064.0": 0.33002310748698394, "9330060.01": -0.7895522893990912, "9330065.0": 1.8907419639797858, "9330043.02": -0.9705112132475568, "9330066.01": -1.2806185856544767, "9330066.02": 0.8538022272358652, "9330045.01": -0.11871780213482241, "9330061.0": 1.376051821628693, "9330063.0": 0.20957742757502917, "9330069.02": 1.4931049603086228, "9330043.01": -0.5930991381018881, "9330067.01": -0.02678832900983802, "9330067.02": 0.22622879217895972, "9330062.0": -0.35862959073943473, "9330044.0": -0.1137783870116272, "9330068.0": 1.1806649543754866, "9330069.04": -1.2048989146992517, "9330250.02": -1.0124228000660727}