{"n": 133.0, "rho": 0.44463704622880584, "beta_const": 1274.6049099809454, "beta_dist_std": 40.220577048998955, "beta_count_std": -96.20403913170533, "se_const": 262.2150990816691, "se_dist_std": 73.67932146860089, "se_count_std": 73.42734302143438, "p_const": NaN, "p_dist_std": NaN, "p_count_std": NaN, "moran_I_resid": NaN, "moran_p_resid": NaN}