{"9330220.0": -0.5733519858629108, "9330221.01": -0.650418710506926, "9330002.04": -0.444579280119415, "9330001.02": -0.32247126860601594, "9330001.01": -0.21508740228802464, "9330002.01": -0.3736396649408894, "9330015.01": -0.7471545201305738, "9330015.02": -0.6013210212750463, "9330016.01": -0.9117393357590389, "9330016.06": -0.8750857273835293, "9330016.05": -1.08223808401037, "9330017.04": -0.9564752418591468, "9330014.02": -0.8147768831406305, "9330016.04": -0.9424811156226283, "9330017.03": -0.9574962985308909, "9330017.02": -0.9005193750750236, "9330002.03": -0.6332138581484806, "9330003.02": -0.49829674533433216, "9330003.01": -0.48427697436350514, "9330014.01": -0.5520027095314659, "9330004.02": -0.6731484504151525, "9330013.04": -0.7677999686706419, "9330004.01": -0.677260113201929, "9330005.0": -0.044729903658933916, "9330013.03": -0.5792206754171874, "9330013.01": -0.6022809630390227, "9330018.01": -0.8492878714115666, "9330036.02": -0.7369364562654276, "9330035.01": -0.7508598317633688, "9330036.01": -0.6172289703279971, "9330034.01": -0.6931769399775117, "9330033.02": -0.4380294107919496, "9330034.02": -0.6656290067979402, "9330006.02": -0.7279974303322695, "9330011.0": -0.2964449673286929, "9330006.01": 0.4539762360647455, "9330012.02": -0.17997456809573584, "9330018.02": -0.057952256710446196, "9330012.01": 0.2406358397554688, "9330010.02": 0.59304713877414, "9330007.01": 0.9243525062212986, "9330033.01": 0.2344645686009671, "9330010.01": 1.5211369324484156, "9330035.02": -0.31943601805165156, "9330052.01": -0.304334362724453, "9330032.02": -0.25507087424647357, "9330032.01": 0.013271986429055563, "9330051.02": -0.08576092477948503, "9330037.02": -0.2989559332705227, "9330019.0": 0.5060723293755114, "9330007.02": 0.9818154488351251, "9330030.0": 0.6997386875407632, "9330020.0": 1.6330489215786803, "9330009.0": 2.449857339681521, "9330031.02": 0.847767042642874, "9330008.02": 2.249610649905874, "9330031.01": 0.7895673652735733, "9330029.0": 1.0026181408099053, "9330022.0": 3.585092274926235, "9330052.02": -0.19812829691125722, "9330051.01": -0.09594842081107197, "9330037.01": -0.35332729813718855, "9330050.02": -0.2043012757543538, "9330054.02": -0.2954044946375688, "9330038.0": 0.3452912953556666, "9330050.04": -0.09927864934164521, "9330053.02": -0.5079448889448366, "9330054.01": -0.19008152697391204, "9330028.0": 1.5186818712624939, "9330021.0": 0.27311055562198094, "9330039.01": 0.2646304889549448, "9330027.02": 2.6235057532392587, "9330023.0": 1.2366328921349492, "9330008.01": 1.3250543049600845, "9330039.02": 0.4630465265447314, "9330049.05": 0.06880570044365414, "9330040.02": 1.2701169985520067, "9330056.02": -0.20840302200097796, "9330053.01": -0.3738438648302721, "9330050.03": -0.1317396289138168, "9330055.01": -0.3067936985494818, "9330057.02": -0.9403285104729635, "9330055.02": -0.8194734046058958, "9330024.0": 2.1428663348032773, "9330049.04": 0.10862566119716499, "9330027.01": 2.642341803183836, "9330049.06": -0.3477776218338922, "9330040.01": -0.27858615875843257, "9330041.01": 1.0083612524585397, "9330049.03": -0.40855838426270735, "9330026.0": 1.66142736758764, "9330049.02": 0.10717432885513, "9330041.02": 1.299941591870038, "9330059.08": -0.1928805483552196, "9330048.02": 0.0823824309885782, "9330059.07": -0.39140810586189906, "9330059.15": -0.8202788891222557, "9330025.0": 1.7874187745962098, "9330059.09": -0.5111057461061755, "9330046.0": 1.462806681185342, "9330059.1": -0.6820216573266242, "9330042.0": 0.7770907244984298, "9330048.01": 0.1705667827823476, "9330056.01": -0.7787639164302089, "9330057.01": -1.3286057147687027, "9330059.16": -0.8634893617376569, "9330058.0": -1.3874520786041171, "9330059.13": -0.8450843411680276, "9330059.18": -1.2258266314752198, "9330059.17": -1.6056585656695328, "9330059.11": -1.107522510175313, "9330060.02": -0.37254306552388233, "9330047.02": 1.6300339092239702, "9330047.01": 1.0995234846123534, "9330045.02": 1.4877682876700922, "9330064.0": -1.0665825704132832, "9330060.01": -1.4559264058426054, "9330065.0": -1.1653587050298848, "9330043.02": 1.2192077635922478, "9330066.01": -0.9155498915505934, "9330066.02": -0.7263491079795618, "9330045.01": 1.7414342667970948, "9330061.0": -1.1519325504715583, "9330063.0": -0.9754958666822429, "9330069.02": 1.430141333653103, "9330043.01": 0.8543805019584602, "9330067.01": -0.8922261916214035, "9330067.02": -0.9840202116668775, "9330062.0": -1.2272730613869027, "9330044.0": 0.9866875184469909, "9330068.0": -0.9704148247626675, "9330069.04": 1.1041226907471329, "9330250.02": 0.6425784785980192}