{"9330220.0": -0.3792648701986905, "9330221.01": -0.5987466417432045, "9330002.04": 0.10908411949352534, "9330001.02": 0.36883765757220033, "9330001.01": 0.004790175777889462, "9330002.01": 0.47178655448860585, "9330015.01": 0.08715664627246558, "9330015.02": 0.08385100084868807, "9330016.01": -0.019506970416909575, "9330016.06": -0.154570031078453, "9330016.05": -0.10158213969542515, "9330017.04": 0.13833356584810783, "9330014.02": 0.13802715826662912, "9330016.04": 0.17398785694251906, "9330017.03": -0.0935511221587492, "9330017.02": -0.17533994632452798, "9330002.03": 0.18490093724761159, "9330003.02": -0.19769110865546746, "9330003.01": -0.15896492895102352, "9330014.01": 0.4441407136269601, "9330004.02": -0.04248310796127864, "9330013.04": -0.05996221010804013, "9330004.01": 0.1333986490134819, "9330005.0": 1.3572781627830006, "9330013.03": -0.055957798658909985, "9330013.01": 0.11188656946371171, "9330018.01": -0.01601785480428014, "9330036.02": 0.7859020124424325, "9330035.01": 0.5612602696532087, "9330036.01": 0.6864098601046443, "9330034.01": -0.04288810449623634, "9330033.02": 0.19452370648375805, "9330034.02": -0.22175524207494923, "9330006.02": 0.6682829572060781, "9330011.0": 0.7594008692180402, "9330006.01": 1.2757106661922468, "9330012.02": 0.6071872857338604, "9330018.02": 0.4750127669139053, "9330012.01": 0.8744452022975413, "9330010.02": 1.6348837688621805, "9330007.01": 1.7375772492671768, "9330033.01": 0.5027269749749018, "9330010.01": 1.4348202872873834, "9330035.02": 0.215761013982289, "9330052.01": 1.3472763451079588, "9330032.02": -0.34335497450227165, "9330032.01": 0.017416816913599455, "9330051.02": 0.831433543270516, "9330037.02": -0.37806366609640624, "9330019.0": 1.092670949991022, "9330007.02": 2.182896054771286, "9330030.0": 0.7192597737011776, "9330020.0": 1.5978963951368472, "9330009.0": 1.5391638377533319, "9330031.02": 0.07640282636755504, "9330008.02": 2.370224173827114, "9330031.01": 0.10211851289743264, "9330029.0": 0.3324396254808263, "9330022.0": 1.9021599072799107, "9330052.02": 1.2603978685294364, "9330051.01": 0.04462381158393226, "9330037.01": -0.7785981098035762, "9330050.02": -0.5773604039048779, "9330054.02": 0.7108914256995409, "9330038.0": -0.5831896630145761, "9330050.04": -1.0620371927535235, "9330053.02": 1.4892532274560217, "9330054.01": -0.08204325806745416, "9330028.0": 0.06400808694404118, "9330021.0": 0.24147866982374938, "9330039.01": -0.4881306350864104, "9330027.02": 1.5404632622770946, "9330023.0": 2.1275984120501863, "9330008.01": 1.1553819711511568, "9330039.02": -0.4891768445981233, "9330049.05": -1.2512422389033127, "9330040.02": 0.05282795649499873, "9330056.02": -0.6085637321325947, "9330053.01": 0.5183320698194794, "9330050.03": -1.1201861379636076, "9330055.01": 0.2569465524659168, "9330057.02": -1.3760535741910658, "9330055.02": 0.03976909337978364, "9330024.0": 2.225580340376996, "9330049.04": -1.282664307872508, "9330027.01": 1.190996944146861, "9330049.06": -1.2249256054198252, "9330040.01": -1.372629885778566, "9330041.01": -0.5747695433782855, "9330049.03": -1.430159870216519, "9330026.0": 1.6246569455451518, "9330049.02": -1.321975163279194, "9330041.02": 0.061583910618302116, "9330059.08": -1.3632831001633035, "9330048.02": -1.2011558863525527, "9330059.07": -1.3184983620045205, "9330059.15": -1.3541163097849886, "9330025.0": 1.5631387424737337, "9330059.09": -1.2781530415980784, "9330046.0": -0.7325935445225492, "9330059.1": -1.268823694615802, "9330042.0": 0.9110265710211156, "9330048.01": -1.1317004752399753, "9330056.01": -0.6490040534971637, "9330057.01": -1.3535696567951894, "9330059.16": -1.286417078896443, "9330058.0": -1.3017317195782487, "9330059.13": -1.4167005317629786, "9330059.18": -1.2827683280345608, "9330059.17": -1.356211009328176, "9330059.11": -1.2831103017546712, "9330060.02": -1.1809099989275202, "9330047.02": -1.106898606962107, "9330047.01": -0.9583470739607091, "9330045.02": -0.03772667111690986, "9330064.0": -1.1527596670530615, "9330060.01": -1.1279292190231813, "9330065.0": -1.146088160425752, "9330043.02": 1.0017584493765366, "9330066.01": -1.1522276525855777, "9330066.02": -1.185354712682593, "9330045.01": -0.45238744829771854, "9330061.0": -1.0498137018301505, "9330063.0": -1.0395600137884515, "9330069.02": 2.191974494681263, "9330043.01": 1.448269191954977, "9330067.01": -1.0402862484263935, "9330067.02": -1.0565023881221274, "9330062.0": -0.939241555866446, "9330044.0": 0.6001765695943397, "9330068.0": -0.9886707586689076, "9330069.04": 0.7551798047573938, "9330250.02": 0.4469100629700137}