{"9330220.0": -1.098831678401699, "9330221.01": -0.983688941694608, "9330002.04": -0.3078101851820834, "9330001.02": 0.08174382028156374, "9330001.01": -0.0657271029135538, "9330002.01": -0.725418886044798, "9330015.01": 1.267196870852821, "9330015.02": 2.025745921932883, "9330016.01": 0.9063573831100169, "9330016.06": 0.23415428610157898, "9330016.05": -1.1146100488301314, "9330017.04": -2.9332787496880544, "9330014.02": 3.799860657066651, "9330016.04": 0.27854765375689694, "9330017.03": 0.32751913214757533, "9330017.02": 2.219360363275525, "9330002.03": 0.3016971223073724, "9330003.02": 0.04294257489924213, "9330003.01": -0.26026608978898824, "9330014.01": -0.4060429246801176, "9330004.02": 0.6958515749139724, "9330013.04": -0.40159822698383346, "9330004.01": 1.188688020187695, "9330005.0": -1.4845495123430583, "9330013.03": 0.28370322396491493, "9330013.01": 1.6215680014402705, "9330018.01": 3.223956980896389, "9330036.02": -0.22182524401335027, "9330035.01": -1.3354655455530975, "9330036.01": 1.8095955476073484, "9330034.01": 2.067493620813115, "9330033.02": -1.073557800467974, "9330034.02": 2.038418120971805, "9330006.02": 0.23202490590443087, "9330011.0": 0.40244425232989095, "9330006.01": 0.3982298393880383, "9330012.02": -1.7756176726219135, "9330018.02": 0.3456713020075737, "9330012.01": 0.05004555331238725, "9330010.02": 0.6792481703739309, "9330007.01": 1.1933899665628485, "9330033.01": -0.07346723484870281, "9330010.01": 0.8098582145943487, "9330035.02": 1.490348197686707, "9330052.01": 1.890708456474706, "9330032.02": -0.48948083015243377, "9330032.01": -0.500187643308179, "9330051.02": 0.15763067160864416, "9330037.02": -1.0065968843109843, "9330019.0": -0.4920668862802627, "9330007.02": -0.2287056698902419, "9330030.0": 0.014593104501646213, "9330020.0": -0.30680189616080356, "9330009.0": 1.0709340445017421, "9330031.02": 0.29021483217439425, "9330008.02": -0.7326929409983715, "9330031.01": -0.34353132759071725, "9330029.0": 0.08325305224527017, "9330022.0": -1.1534377657898627, "9330052.02": 1.3710374522134379, "9330051.01": -0.8337403391196749, "9330037.01": -0.11890474695344165, "9330050.02": -0.5853691181999545, "9330054.02": 0.4445221236246017, "9330038.0": -0.3336766728178005, "9330050.04": -0.5940905692080531, "9330053.02": -1.994313763653238, "9330054.01": -0.01172238447332286, "9330028.0": 0.1841350524048919, "9330021.0": 0.0963065512322833, "9330039.01": -0.6271279139482738, "9330027.02": 0.2750967879152093, "9330023.0": -0.3133415016124291, "9330008.01": -1.1933899665628471, "9330039.02": -0.04745826196946819, "9330049.05": -0.5907206772038822, "9330040.02": -0.7078555271273991, "9330056.02": -1.2209453211259915, "9330053.01": 1.2833197233340525, "9330050.03": -0.4882512626809078, "9330055.01": -0.027874142592401088, "9330057.02": 3.043614282280322, "9330055.02": -1.0576823390223504, "9330024.0": 0.1962741285016866, "9330049.04": -0.3269637265506687, "9330027.01": 1.0165661290198702, "9330049.06": -0.47999347329226116, "9330040.01": -0.24533738480931805, "9330041.01": -0.4880170892853518, "9330049.03": -0.2896027931502617, "9330026.0": 0.009770552613792966, "9330049.02": -0.09279978452384748, "9330041.02": -0.19300214343002933, "9330059.08": 0.1667596367982661, "9330048.02": -0.3758563392208705, "9330059.07": -0.09265912468265064, "9330059.15": -0.561292659402151, "9330025.0": 0.6655926978165202, "9330059.09": 0.02543397723425227, "9330046.0": -0.2316872295962651, "9330059.1": 0.017514490401069772, "9330042.0": -0.41110356654304453, "9330048.01": -0.4112264544479295, "9330056.01": -0.7681647831050333, "9330057.01": 1.8210040805491947, "9330059.16": -0.6045595231560209, "9330058.0": -0.6247614962766304, "9330059.13": 0.10165626161144353, "9330059.18": -0.5556365571688379, "9330059.17": -1.2079741143228448, "9330059.11": -0.018862976157947933, "9330060.02": -0.4197498578196237, "9330047.02": -0.360165284163117, "9330047.01": -0.3719860639959467, "9330045.02": -0.4963697246489474, "9330064.0": -0.32696142212288465, "9330060.01": -0.34575093358472625, "9330065.0": -0.1932279272327731, "9330043.02": -0.1158678129412348, "9330066.01": -0.430376454142943, "9330066.02": 0.7881309719312679, "9330045.01": -0.46017545969538604, "9330061.0": -0.18095105341256199, "9330063.0": -0.41190079740454183, "9330069.02": 2.0199207602811278, "9330043.01": -0.9030237464778533, "9330067.01": -0.4498089995671914, "9330067.02": 0.0600580538386422, "9330062.0": -0.48637165295158113, "9330044.0": -0.12231542624334059, "9330068.0": -0.3642882317436386, "9330069.04": -0.8607788976179227, "9330250.02": -1.568415992098692}