{"9330220.0": -0.17640540970230828, "9330221.01": -0.23117120493198412, "9330002.04": -0.6452117136799349, "9330001.02": -0.9260418078640144, "9330001.01": -1.1336287343659222, "9330002.01": -0.553267083157672, "9330015.01": 0.7472564801009686, "9330015.02": -0.49212121852256147, "9330016.01": -0.059510138358940284, "9330016.06": 0.21789012921778186, "9330016.05": 0.6870147749272476, "9330017.04": -0.3080347998468279, "9330014.02": -0.6373519666258971, "9330016.04": 0.3985435782506538, "9330017.03": 0.004038186078198461, "9330017.02": 0.2935190443593484, "9330002.03": -0.8775264813581861, "9330003.02": -1.0670161767154875, "9330003.01": -0.6222338233360946, "9330014.01": -0.14098885506356246, "9330004.02": -0.15807368037966057, "9330013.04": -0.9413116211979601, "9330004.01": 0.7561778141143276, "9330005.0": 0.014059954316316096, "9330013.03": -0.3955008119154912, "9330013.01": -0.24299929701326592, "9330018.01": 0.08888375834434978, "9330036.02": 0.7813166859501584, "9330035.01": 1.0912126029049087, "9330036.01": 0.27836310541555753, "9330034.01": 0.07533253791973198, "9330033.02": 0.5922902667745613, "9330034.02": 0.09042946307792514, "9330006.02": 0.5358066759354116, "9330011.0": -0.5586925026402282, "9330006.01": -0.11459284429664861, "9330012.02": 0.3057188615339318, "9330018.02": 0.07090678287283171, "9330012.01": -0.7335131878215354, "9330010.02": -0.4554694404594285, "9330007.01": -5.1139869796836095, "9330033.01": 0.08520709790872438, "9330010.01": -0.7179944115578712, "9330035.02": -0.06144684834863412, "9330052.01": -0.0615220705840778, "9330032.02": 0.2165654708166008, "9330032.01": 0.44772064516023585, "9330051.02": -0.23806505448671902, "9330037.02": 0.2733185837242644, "9330019.0": 0.013566149968661468, "9330007.02": -0.6788358490115141, "9330030.0": 0.5113503652911932, "9330020.0": -0.4624612018762584, "9330009.0": -1.5824989116262338, "9330031.02": 1.0932891514465513, "9330008.02": -1.177968508935594, "9330031.01": 1.5208838530422482, "9330029.0": 0.30176620758078876, "9330022.0": -1.1817517702961344, "9330052.02": -0.4348332117629306, "9330051.01": -0.12221900775366355, "9330037.01": 0.6472737595056614, "9330050.02": -0.10377493640968312, "9330054.02": -0.1739255264820261, "9330038.0": 0.2213182525273739, "9330050.04": 1.4877416096124825, "9330053.02": 0.7321700205283865, "9330054.01": -0.21765182381964177, "9330028.0": -0.019585645787965126, "9330021.0": -0.6736575991303797, "9330039.01": 0.7191973510893979, "9330027.02": -1.643224281425841, "9330023.0": -0.9244311962174863, "9330008.01": -5.052502224951601, "9330039.02": -0.1392041100339092, "9330049.05": 1.9848659813356186, "9330040.02": -0.050883432387566305, "9330056.02": 0.16423065719332752, "9330053.01": -0.2580326237307839, "9330050.03": 0.8215481837463151, "9330055.01": -0.311459600341398, "9330057.02": 0.41295721085419124, "9330055.02": 0.42205122652131394, "9330024.0": -0.48906332818395026, "9330049.04": -0.17258394779451822, "9330027.01": -0.29335183831669776, "9330049.06": 0.1358890646783289, "9330040.01": -0.41533057201889095, "9330041.01": -0.2248375153370537, "9330049.03": -0.15077175983388327, "9330026.0": -0.041605802519463386, "9330049.02": -0.10279062904730292, "9330041.02": -0.015806259822259645, "9330059.08": 2.2816716501407215, "9330048.02": 0.564141263986276, "9330059.07": 2.4049830593556334, "9330059.15": 2.1577080952510608, "9330025.0": -0.4948010787582825, "9330059.09": 1.3711579478975073, "9330046.0": 1.002815213269077, "9330059.1": 2.274158626433858, "9330042.0": 0.3598345304003635, "9330048.01": 0.38520561241408524, "9330056.01": -0.630285687918798, "9330057.01": -0.8996065634102444, "9330059.16": 0.8056805046356782, "9330058.0": -1.2526026505806849, "9330059.13": 1.0553258214828762, "9330059.18": 0.13310888560943163, "9330059.17": -0.6856287995773214, "9330059.11": 0.6533044076349598, "9330060.02": 1.2975295557155613, "9330047.02": 0.5972323761343721, "9330047.01": 0.707638696727556, "9330045.02": 0.3477489131409739, "9330064.0": 1.5645878804486253, "9330060.01": 0.9137251998345958, "9330065.0": 0.6965254786564979, "9330043.02": 0.22936135630621082, "9330066.01": 1.398889411734775, "9330066.02": 0.9008874243453351, "9330045.01": 0.20722214521133817, "9330061.0": -0.4449587445288783, "9330063.0": 0.11048077034314743, "9330069.02": -1.4265988193088788, "9330043.01": -0.8185000017820537, "9330067.01": -0.004994400068464966, "9330067.02": 0.2358810356682277, "9330062.0": 0.07859403149276904, "9330044.0": -0.6199402356059748, "9330068.0": -0.74098841850427, "9330069.04": -0.8179088138022742, "9330250.02": -0.36153594628235225}