{"n": 133.0, "rho": 0.3744445427192484, "beta_const": 1651.0291891148006, "beta_dist_std": -54.761436859007006, "beta_count_std": -96.98840341524341, "se_const": 319.50098400680594, "se_dist_std": 79.81501541637884, "se_count_std": 79.6325991134013, "p_const": NaN, "p_dist_std": NaN, "p_count_std": NaN, "moran_I_resid": NaN, "moran_p_resid": NaN}