{"9330220.0": -1.6474446847876874, "9330221.01": -0.9699839577072653, "9330002.04": -0.36064764844938113, "9330001.02": 2.0892997052484845, "9330001.01": -1.1335276238784289, "9330002.01": 0.12125693003691139, "9330015.01": 2.1722592848921107, "9330015.02": -0.02987547312733035, "9330016.01": -0.02257134506596035, "9330016.06": -0.09581441787277599, "9330016.05": -0.20904400684101493, "9330017.04": -1.0494756559306726, "9330014.02": -0.04125318775566013, "9330016.04": -0.31369866846485367, "9330017.03": 0.28690568520801085, "9330017.02": 1.6392582579936836, "9330002.03": 0.8402904858665616, "9330003.02": 0.6967629757020897, "9330003.01": -0.3072495784647946, "9330014.01": -0.4754629334540308, "9330004.02": -0.5897830868366601, "9330013.04": 3.0348260636835143, "9330004.01": 2.9181050765034366, "9330005.0": -1.037194334154111, "9330013.03": 0.027146056147656857, "9330013.01": 0.9753987398622556, "9330018.01": 0.7795341506378737, "9330036.02": -0.17102181748247058, "9330035.01": -0.2764463289551065, "9330036.01": 2.1287138395048486, "9330034.01": 1.1466496165037698, "9330033.02": -1.4160914398852693, "9330034.02": 0.6067753374362215, "9330006.02": 0.42167868690155075, "9330011.0": 0.6605632881186535, "9330006.01": -0.0946131016047641, "9330012.02": -1.1669325111728008, "9330018.02": -0.10245495550627809, "9330012.01": 1.589264330928559, "9330010.02": 3.940389376668676, "9330007.01": 1.0381932316111795, "9330033.01": -0.20497347252678053, "9330010.01": 0.06483074900177482, "9330035.02": 0.5647911832863205, "9330052.01": 1.6355654780958415, "9330032.02": -0.4190587649533793, "9330032.01": 0.07475910802725769, "9330051.02": 0.4099307079388259, "9330037.02": -0.8154559440982908, "9330019.0": -1.1755723248050582, "9330007.02": -0.4755208280451595, "9330030.0": -0.588333638265049, "9330020.0": 0.1543242481016972, "9330009.0": 0.1876103504641006, "9330031.02": -0.5723768391984225, "9330008.02": -0.10326112553095836, "9330031.01": -0.13583984826439718, "9330029.0": 0.8574250866754642, "9330022.0": -1.4248783535353473, "9330052.02": -2.214792850801588, "9330051.01": -0.4603702552383967, "9330037.01": -0.8113196622865053, "9330050.02": -0.7579790701105226, "9330054.02": -0.03385189376347757, "9330038.0": 0.6387614974373919, "9330050.04": -0.019645013723314408, "9330053.02": -0.9899578951461897, "9330054.01": -0.3132641028501662, "9330028.0": -0.3943772979807858, "9330021.0": 1.2765467209576578, "9330039.01": -0.4567635845738378, "9330027.02": 0.06167079488141946, "9330023.0": 2.2381469179101052, "9330008.01": -1.0381932316111786, "9330039.02": 0.037442549210654465, "9330049.05": -1.0244032185905345, "9330040.02": -1.0399892964353137, "9330056.02": -0.7007038492259332, "9330053.01": 2.0961617520709326, "9330050.03": 0.1087178709410925, "9330055.01": -1.1415957473419989, "9330057.02": 0.28712333130897866, "9330055.02": -1.055729564076687, "9330024.0": -0.20772262082063073, "9330049.04": -0.6952086487624688, "9330027.01": -0.33307139453263934, "9330049.06": 2.2435339006610326, "9330040.01": -0.5559666413486712, "9330041.01": -0.7236756550557002, "9330049.03": 0.43241196818466227, "9330026.0": 0.029109012549513775, "9330049.02": -0.2151484706056268, "9330041.02": 0.28574564706879835, "9330059.08": 0.9481250892515222, "9330048.02": -0.6933765220091366, "9330059.07": -0.21032299357234693, "9330059.15": -0.5263215145606279, "9330025.0": -0.4304565449164367, "9330059.09": 0.19455797419259108, "9330046.0": -0.6777201680049245, "9330059.1": -0.6011655557257272, "9330042.0": 0.3227906942967141, "9330048.01": -0.09706685732573213, "9330056.01": -0.5660274493102008, "9330057.01": -0.041004244010297786, "9330059.16": 0.7630371295670173, "9330058.0": 0.18310883997648528, "9330059.13": 0.7171595346849297, "9330059.18": -1.0367964004036156, "9330059.17": -0.2858430319371208, "9330059.11": 1.2190661528600824, "9330060.02": -1.159977017460634, "9330047.02": -0.011179687714764821, "9330047.01": -0.671744896333855, "9330045.02": -0.5362044351459906, "9330064.0": -0.6067339827450721, "9330060.01": 0.2747199421226084, "9330065.0": -0.43238618648293947, "9330043.02": -1.105824138000857, "9330066.01": -0.5497196733652958, "9330066.02": 1.3032538906260964, "9330045.01": 0.5165797972157861, "9330061.0": -0.15579187300382213, "9330063.0": -1.331598064124854, "9330069.02": -0.18307944729928693, "9330043.01": 1.016452886572748, "9330067.01": -0.12171610754192247, "9330067.02": 0.4335544758196768, "9330062.0": -1.447974317973835, "9330044.0": -0.5135846035154946, "9330068.0": 0.1772933067952316, "9330069.04": -1.628211779931977, "9330250.02": -0.6361643542919644}