{"9330220.0": 0.5149713707489182, "9330221.01": 0.5490494722080461, "9330002.04": 0.6429158936198179, "9330001.02": 1.373119679962205, "9330001.01": 0.5883116316838519, "9330002.01": 2.33700909909316, "9330015.01": 1.6797759496799534, "9330015.02": 0.8352122928969248, "9330016.01": 0.4304949985028501, "9330016.06": 0.5716811107253874, "9330016.05": 0.312820321216893, "9330017.04": 0.6967454651808898, "9330014.02": 0.19629805006370254, "9330016.04": -0.0031586860186382133, "9330017.03": -0.15798172651347364, "9330017.02": -0.630510423079475, "9330002.03": 0.9233250085742319, "9330003.02": -0.25990367885537974, "9330003.01": 0.027811724150746103, "9330014.01": 0.9660980314910912, "9330004.02": 0.7655761783086159, "9330013.04": -0.0733875500681038, "9330004.01": 1.4641781350195606, "9330005.0": 0.4566343167921939, "9330013.03": 0.23764218918699026, "9330013.01": 0.1892554176604529, "9330018.01": -0.5178649157919093, "9330036.02": 0.9219753871070301, "9330035.01": 0.11807240959273828, "9330036.01": 0.5896942427048668, "9330034.01": -0.5781617709482957, "9330033.02": -0.014819092191084649, "9330034.02": -1.1971411004162713, "9330006.02": 1.3302653493471908, "9330011.0": 1.757812366170687, "9330006.01": 0.625731181220693, "9330012.02": 1.1676497461598057, "9330018.02": 0.420841892360535, "9330012.01": 1.4865900256967532, "9330010.02": 1.4130705654973947, "9330007.01": -1.109094547393304, "9330033.01": 0.2955093749517411, "9330010.01": 0.8878056282761689, "9330035.02": 0.19201703328648348, "9330052.01": 1.8532395656448672, "9330032.02": -0.9787483659380182, "9330032.01": -0.19879497811377225, "9330051.02": 0.8867997369493982, "9330037.02": -1.1412276512250494, "9330019.0": 2.0687059604179914, "9330007.02": 1.572995209975346, "9330030.0": 1.1385596172873307, "9330020.0": 1.1304972042477852, "9330009.0": 0.6674640057304866, "9330031.02": 0.03454912882370595, "9330008.02": 1.7941865207669252, "9330031.01": 0.7196541316054428, "9330029.0": 0.685458568532572, "9330022.0": 0.5042610065048605, "9330052.02": 1.9285489371542284, "9330051.01": -0.296607024241137, "9330037.01": -1.2919390548932415, "9330050.02": -1.274660643892034, "9330054.02": 0.7410908296251071, "9330038.0": -1.0918830617642974, "9330050.04": -1.5631029314580365, "9330053.02": 1.3229974568985625, "9330054.01": -0.4970946617315391, "9330028.0": 0.18685398086935287, "9330021.0": -0.19186628059204008, "9330039.01": -0.5317661393359542, "9330027.02": -0.3848085129761184, "9330023.0": 0.5440069299142337, "9330008.01": -1.501737227204057, "9330039.02": -0.9612615091910321, "9330049.05": -0.5903008568631664, "9330040.02": -0.6956717886270765, "9330056.02": -1.1007352851832082, "9330053.01": 0.21899509875030113, "9330050.03": -1.7213114140675747, "9330055.01": -0.41249682362600176, "9330057.02": -2.182167862135063, "9330055.02": -0.7098964620364683, "9330024.0": 0.6210138379364061, "9330049.04": -0.7685311487014154, "9330027.01": -1.1673636221359942, "9330049.06": -1.0708826472387967, "9330040.01": -1.2701317404367656, "9330041.01": -1.5324806464844831, "9330049.03": -1.0133027113648128, "9330026.0": -0.5465497228537469, "9330049.02": -1.6938440361868023, "9330041.02": -1.5924633119873075, "9330059.08": -1.0588045674667415, "9330048.02": -0.39129194644742293, "9330059.07": -0.022182644102113597, "9330059.15": -0.8688464342065233, "9330025.0": -0.4480081843109252, "9330059.09": 0.12677751833822173, "9330046.0": -0.9134553656849029, "9330059.1": -0.3439791170391156, "9330042.0": -1.0443134848098001, "9330048.01": -0.04558157112055439, "9330056.01": -1.2834865954567658, "9330057.01": -1.8832703409615714, "9330059.16": -1.408258617430002, "9330058.0": -2.1011946891429756, "9330059.13": -1.6666721159442925, "9330059.18": -1.5193565330753065, "9330059.17": -1.2988013270020398, "9330059.11": -0.6392084831339745, "9330060.02": -0.0710936254216735, "9330047.02": -0.4512911132142698, "9330047.01": -0.8760945770304792, "9330045.02": -1.0618336919146263, "9330064.0": 0.01252535369207069, "9330060.01": 0.17593656941697502, "9330065.0": -0.09844403015394672, "9330043.02": 0.04829676521672784, "9330066.01": 0.29932490726308725, "9330066.02": -0.20634704555058486, "9330045.01": -1.055884692510482, "9330061.0": 0.3836831375867666, "9330063.0": 0.7757124273370644, "9330069.02": 1.4572802895773922, "9330043.01": 0.7827685040402181, "9330067.01": 0.7939315564083289, "9330067.02": 0.7501500451468097, "9330062.0": 1.2356766451156695, "9330044.0": 0.18653696013398163, "9330068.0": 1.0611894871862326, "9330069.04": 1.1016985686511096, "9330250.02": 0.4960244050078961}