{"9330220.0": -0.4707795180224608, "9330221.01": 0.6735508618993604, "9330002.04": 0.0022983656872666157, "9330001.02": -1.2014997348106393, "9330001.01": -0.6860484917079328, "9330002.01": 0.36048215295644875, "9330015.01": 0.7677898287730477, "9330015.02": 1.0475264396053807, "9330016.01": -0.5778986956378063, "9330016.06": -1.3647288430086464, "9330016.05": -0.8617749223342036, "9330017.04": -0.6637513923061494, "9330014.02": 0.12379042913691471, "9330016.04": 0.5790604533567213, "9330017.03": 0.10935387031298917, "9330017.02": 0.8252279513459664, "9330002.03": 0.015507743953337438, "9330003.02": -0.30253719849862254, "9330003.01": -0.4243703851356602, "9330014.01": -0.6984307469101968, "9330004.02": -0.3007851569795976, "9330013.04": -0.11399282881318876, "9330004.01": 0.38350448197942166, "9330005.0": -2.64951048439157, "9330013.03": -0.35183797432926855, "9330013.01": 0.6592296201367053, "9330018.01": 0.6528620180923965, "9330036.02": 1.2115603848713379, "9330035.01": -0.49034205481009113, "9330036.01": 0.8803699090444943, "9330034.01": 0.10386306507884543, "9330033.02": -0.929808426829076, "9330034.02": 1.0181840891612435, "9330006.02": 0.8337288935319287, "9330011.0": -0.6144122457849055, "9330006.01": 0.6832321794443558, "9330012.02": -0.9168828138842067, "9330018.02": 0.3999767816305094, "9330012.01": 0.44672685908117576, "9330010.02": 0.5553905178771634, "9330007.01": 1.47930280044131, "9330033.01": -0.2220629524055804, "9330010.01": 0.29829712931820934, "9330035.02": 0.6671083542733753, "9330052.01": -0.5335965115396757, "9330032.02": 0.1334781091417593, "9330032.01": -0.16609611246653672, "9330051.02": 0.18963697257451897, "9330037.02": -0.6846892555734677, "9330019.0": 0.15467002622803713, "9330007.02": 0.37613059864677084, "9330030.0": 1.615191753466203, "9330020.0": -1.0478671671348156, "9330009.0": 1.5610775838686402, "9330031.02": 0.012013740965357187, "9330008.02": 1.049565384242199, "9330031.01": 0.9025405653665546, "9330029.0": 1.1734940549781765, "9330022.0": -2.932186941625978, "9330052.02": 0.293489509910594, "9330051.01": 0.12725876832749983, "9330037.01": -0.006974207022038248, "9330050.02": -0.3254750033018349, "9330054.02": 0.920984649024689, "9330038.0": -0.7454881954118099, "9330050.04": -0.4190482275163642, "9330053.02": -0.73206769802705, "9330054.01": 0.2686571791961495, "9330028.0": 1.279114547359792, "9330021.0": 2.7704257741946, "9330039.01": -0.537756048366941, "9330027.02": -0.844462556227501, "9330023.0": 0.7477265602626, "9330008.01": -1.479302800441311, "9330039.02": -0.9410280577278092, "9330049.05": -0.19706652743829683, "9330040.02": -1.4763009711883155, "9330056.02": -0.2746070952562356, "9330053.01": 1.465303230948233, "9330050.03": -0.19368773422936883, "9330055.01": -0.45707895542890886, "9330057.02": 0.9851480240714448, "9330055.02": -0.6979427581126597, "9330024.0": 2.591020530546978, "9330049.04": -0.2736535469552821, "9330027.01": 0.7848452477605352, "9330049.06": -0.2858543898678001, "9330040.01": -0.1883370814246069, "9330041.01": -0.9236896782006128, "9330049.03": -0.11250298842942655, "9330026.0": 2.245976653741219, "9330049.02": -0.2576512024277225, "9330041.02": -0.6122449566699366, "9330059.08": -0.21847791798557345, "9330048.02": -0.37222695367912234, "9330059.07": -0.23967127378664335, "9330059.15": -0.2271710000903212, "9330025.0": 3.559662391735159, "9330059.09": -0.2779316864677529, "9330046.0": -0.4974196900864816, "9330059.1": -0.2867789248089354, "9330042.0": 0.6248064975300266, "9330048.01": -0.07638311461776119, "9330056.01": -0.5766895630287835, "9330057.01": -0.03619585712965312, "9330059.16": -0.29137176701683176, "9330058.0": -0.19174029139565113, "9330059.13": -0.16782091596453594, "9330059.18": -0.2948319629538032, "9330059.17": -0.2251845474321705, "9330059.11": -0.2732306005066518, "9330060.02": -0.39142660310992583, "9330047.02": -0.39778215802065797, "9330047.01": -0.4961029359970383, "9330045.02": -0.7095599518429601, "9330064.0": -0.3968451616673017, "9330060.01": -0.4203924573414831, "9330065.0": -0.40317190772345307, "9330043.02": 1.1983522147488281, "9330066.01": -0.41862674420807416, "9330066.02": -0.36593451615545347, "9330045.01": -0.2737732993275679, "9330061.0": -0.5157482933922466, "9330063.0": -0.48291798450748014, "9330069.02": -3.568734938408931, "9330043.01": -0.2676603617455669, "9330067.01": -0.46095221842824863, "9330067.02": -0.4668511339465219, "9330062.0": -0.5993293894933015, "9330044.0": 1.813229389206356, "9330068.0": -0.5524545182896891, "9330069.04": -0.6742404937187699, "9330250.02": 3.682017529854624}