{"n": 133.0, "rho": 0.8163997097826402, "beta_const": 125.08995697381158, "beta_dist_std": -11.706716777627733, "beta_count_std": -71.61465022535755, "se_const": 68.70481526827226, "se_dist_std": 58.432824822202875, "se_count_std": 58.439578855252066, "p_const": NaN, "p_dist_std": NaN, "p_count_std": NaN, "moran_I_resid": NaN, "moran_p_resid": NaN}