{"9330220.0": -0.42298941767337606, "9330221.01": -0.5262450742634699, "9330002.04": -1.2863759066404237, "9330001.02": -1.2455204215434623, "9330001.01": -1.4675908458405176, "9330002.01": -1.0726498182476838, "9330015.01": 0.17626427355886654, "9330015.02": -0.8870887609518469, "9330016.01": -0.5240717708843086, "9330016.06": -0.5436100270888607, "9330016.05": 0.009752684047758293, "9330017.04": -0.6135526916517855, "9330014.02": -1.0600251508254606, "9330016.04": -0.1693949487115404, "9330017.03": -0.4490482855810061, "9330017.02": -0.284447604542473, "9330002.03": -1.3621884256059242, "9330003.02": -1.475375916573218, "9330003.01": -1.2538758933954217, "9330014.01": -0.6627350103654167, "9330004.02": -0.8016268333116575, "9330013.04": -1.2619375471238743, "9330004.01": 0.3006780536353436, "9330005.0": 0.034915206045401076, "9330013.03": -1.1035298175421442, "9330013.01": -0.7536632145807132, "9330018.01": -0.4474971501956657, "9330036.02": 0.051682056497120314, "9330035.01": 0.31607121201717553, "9330036.01": -0.2622516405762505, "9330034.01": -0.4538518874565279, "9330033.02": -0.25036126004123177, "9330034.02": -0.3357484725488605, "9330006.02": 0.3542121395268379, "9330011.0": -0.9786352352079017, "9330006.01": 0.0823416382764898, "9330012.02": -0.49471849999552797, "9330018.02": -0.5549656014695764, "9330012.01": -0.8525653593500244, "9330010.02": -0.42793911769724313, "9330007.01": -3.522191267684699, "9330033.01": -0.5810879249288362, "9330010.01": -0.7313531394124714, "9330035.02": -0.41599696667677805, "9330052.01": -0.6740578955679406, "9330032.02": -0.3650643141213588, "9330032.01": -0.21827194554159005, "9330051.02": -0.7064774723350439, "9330037.02": 0.004815325379560708, "9330019.0": -0.6491842781078351, "9330007.02": -0.5078808946070944, "9330030.0": -0.3151835446841861, "9330020.0": -0.4830438058540505, "9330009.0": -1.303067481740393, "9330031.02": 0.3084842116462624, "9330008.02": -1.0773713884748524, "9330031.01": 0.9202198392277177, "9330029.0": 0.05236529499029278, "9330022.0": -0.9218618335232703, "9330052.02": -0.8973853388625168, "9330051.01": -0.34158223277495553, "9330037.01": 0.41494408898689633, "9330050.02": -0.1401602280863068, "9330054.02": -0.5797698290015671, "9330038.0": -0.06294214386146621, "9330050.04": 1.1866235243277017, "9330053.02": 0.051258565696285924, "9330054.01": -0.2597688428317319, "9330028.0": 0.08411455865612848, "9330021.0": -0.16029543102603377, "9330039.01": 0.42688494890866324, "9330027.02": -1.271654478626678, "9330023.0": -0.6122214379686319, "9330008.01": -3.2839084038525264, "9330039.02": -0.1689249120571699, "9330049.05": 1.9706659564017655, "9330040.02": 0.11108225672051397, "9330056.02": 0.40421331181810927, "9330053.01": -0.5074464474632324, "9330050.03": 0.8503560669374699, "9330055.01": -0.36709967985172215, "9330057.02": 1.1139311636806464, "9330055.02": 0.371838341532634, "9330024.0": -0.43844272066783635, "9330049.04": 0.2649885808624184, "9330027.01": -0.19600328052431948, "9330049.06": 0.7361942425137343, "9330040.01": -0.03315419353230501, "9330041.01": 0.10621368822078757, "9330049.03": 0.4257523556136728, "9330026.0": -0.0021899318185141497, "9330049.02": 0.10701924518730879, "9330041.02": 0.1812988205095768, "9330059.08": 2.598041528590112, "9330048.02": 1.0863340442052072, "9330059.07": 3.0347658994568416, "9330059.15": 2.300875967513232, "9330025.0": -0.3779492133209202, "9330059.09": 2.033198081760501, "9330046.0": 1.0140438884978136, "9330059.1": 2.6220659213741686, "9330042.0": 0.45373334295892115, "9330048.01": 0.8296049575413907, "9330056.01": -0.08923750632898862, "9330057.01": 0.34086275178740694, "9330059.16": 1.262641032058068, "9330058.0": 0.03094745747645079, "9330059.13": 1.3290020017338808, "9330059.18": 0.9332889454587727, "9330059.17": 0.4776247351974156, "9330059.11": 1.1708835637727575, "9330060.02": 1.927044465033532, "9330047.02": 0.9533805893229099, "9330047.01": 0.6440409438116059, "9330045.02": 0.575073920111079, "9330064.0": 2.0877603617106066, "9330060.01": 1.4249266469007482, "9330065.0": 1.2060679961424827, "9330043.02": 0.28531033827032837, "9330066.01": 1.889284534765491, "9330066.02": 1.196493333272769, "9330045.01": 0.4862101885674061, "9330061.0": 0.12327958951403481, "9330063.0": 0.8882316903046102, "9330069.02": -1.401290709731228, "9330043.01": -0.4710318019601913, "9330067.01": 0.6511310214039057, "9330067.02": 0.9414013305834792, "9330062.0": 0.8045758546843935, "9330044.0": -0.6136546479618551, "9330068.0": 0.05147281271579317, "9330069.04": -0.3458496838722375, "9330250.02": 0.30735346880554976}