{"9330220.0": -0.8787690424004532, "9330221.01": -0.8808538514748795, "9330002.04": -0.5772436327989796, "9330001.02": -0.865833180331082, "9330001.01": -0.8615112567619065, "9330002.01": -0.869130793979268, "9330015.01": -0.6590894628283379, "9330015.02": -0.614448467123505, "9330016.01": -0.09213648981445628, "9330016.06": -0.5060223139039177, "9330016.05": 0.13578506442139632, "9330017.04": -0.39376478210270793, "9330014.02": -0.48474022099048164, "9330016.04": 0.06015441031708027, "9330017.03": -0.29878830035102033, "9330017.02": -0.14138663094363446, "9330002.03": -0.6766015844529603, "9330003.02": -0.45090528285279413, "9330003.01": -0.42869683384607643, "9330014.01": -0.49171943083821396, "9330004.02": -0.48565643406079195, "9330013.04": -0.4296553602145946, "9330004.01": -0.47134773421476106, "9330005.0": -0.4163630083697397, "9330013.03": -0.40666685962469556, "9330013.01": -0.3896938952816643, "9330018.01": -0.20022211926984063, "9330036.02": -0.2764271006300722, "9330035.01": -0.08816874618278997, "9330036.01": -0.3666487964955208, "9330034.01": 0.08530859995185168, "9330033.02": 0.018437644920828562, "9330034.02": -0.05743241195826579, "9330006.02": -0.6115557330652361, "9330011.0": -0.6727043625731063, "9330006.01": -0.5484043834685804, "9330012.02": -0.4103488279459147, "9330018.02": -0.3797513980792205, "9330012.01": -0.6186032104384371, "9330010.02": -0.5807678129237952, "9330007.01": -1.7046646213119667, "9330033.01": -0.09501043288573222, "9330010.01": -0.5769687609285477, "9330035.02": -0.4148557467753443, "9330052.01": -0.7013387035197653, "9330032.02": 0.1342146479275108, "9330032.01": -0.04241272314546868, "9330051.02": -0.5942787198331634, "9330037.02": -0.20752019206286054, "9330019.0": -0.5816505398587569, "9330007.02": -0.6587878866403064, "9330030.0": -0.25048397619497825, "9330020.0": -0.5430390489220877, "9330009.0": -0.7383219472465854, "9330031.02": 0.17228116521395478, "9330008.02": -0.7882496040218472, "9330031.01": 0.14449377452373596, "9330029.0": -0.4374632105910651, "9330022.0": -0.44574437991753957, "9330052.02": -0.7365381053688207, "9330051.01": -0.6614167340457052, "9330037.01": 0.19389300132608536, "9330050.02": -0.4459190083980033, "9330054.02": -0.5606005298272299, "9330038.0": -0.07160626521632119, "9330050.04": 0.24912463192951373, "9330053.02": -0.3959483375445032, "9330054.01": -0.5977273501772308, "9330028.0": -0.39384473650023266, "9330021.0": -0.28065805894933465, "9330039.01": 0.20406737935501598, "9330027.02": -0.5823990618624911, "9330023.0": -0.4808774859627117, "9330008.01": -0.2897635308675178, "9330039.02": -0.14781121819503334, "9330049.05": 1.33101970083189, "9330040.02": -0.2696133451972262, "9330056.02": -0.3618300689841885, "9330053.01": -0.6167743466703391, "9330050.03": 1.0157082319271553, "9330055.01": -0.6557402356042621, "9330057.02": 1.1763878074671135, "9330055.02": -0.2949682916216034, "9330024.0": -0.01392121336084951, "9330049.04": -0.1318270076214578, "9330027.01": 0.007972884383173125, "9330049.06": 0.5227579640357168, "9330040.01": 0.02467957807823649, "9330041.01": 0.0821799826575027, "9330049.03": 0.032554772230444035, "9330026.0": -0.03246471895219503, "9330049.02": 1.2702300565589297, "9330041.02": -0.1835430645270209, "9330059.08": 4.333151692414574, "9330048.02": -0.14037885091987565, "9330059.07": 0.8039670031002745, "9330059.15": 4.24930626300068, "9330025.0": 0.015121958550984993, "9330059.09": 0.8325774191437039, "9330046.0": -0.20924022416323104, "9330059.1": 1.8987339888602444, "9330042.0": 0.016591475095770837, "9330048.01": -0.2000746902713374, "9330056.01": -0.5672624255813711, "9330057.01": 1.1863535090230373, "9330059.16": 2.5900911590761364, "9330058.0": 0.6917793176580863, "9330059.13": 3.985626120803902, "9330059.18": 2.9157061956044616, "9330059.17": 1.7025910493559615, "9330059.11": 2.2026220399386176, "9330060.02": 1.5127231089233706, "9330047.02": -0.5249668961358545, "9330047.01": -0.49558284973116906, "9330045.02": -0.09136066463685108, "9330064.0": 0.9398919121238773, "9330060.01": -1.060202488227479, "9330065.0": 1.086679455516395, "9330043.02": 0.06309775268592512, "9330066.01": 1.987724269802039, "9330066.02": 2.4274900357685563, "9330045.01": -0.36374283805722446, "9330061.0": -1.219554564441125, "9330063.0": -1.0392947319759982, "9330069.02": -0.5981960574700752, "9330043.01": 0.15278861125622134, "9330067.01": -0.7377968594322586, "9330067.02": 0.18334533056766553, "9330062.0": -1.1597791897359142, "9330044.0": 0.0233964622907354, "9330068.0": -0.8238898196209152, "9330069.04": 0.3031285537920537, "9330250.02": 0.8342301298922371}