{"9330220.0": -0.6452343926611226, "9330221.01": -0.9149476378641742, "9330002.04": -0.3794080011736646, "9330001.02": -0.0008528940538107536, "9330001.01": -0.6255772404061768, "9330002.01": -0.458888934601046, "9330015.01": -0.39317169557766246, "9330015.02": 0.13899387228671378, "9330016.01": -0.6730326950959705, "9330016.06": 1.1661308650291107, "9330016.05": -0.2322500817911466, "9330017.04": -0.5550422420362383, "9330014.02": -0.41948741613694046, "9330016.04": -0.2929692826472542, "9330017.03": -0.04545457505248611, "9330017.02": -0.46699806228717217, "9330002.03": -0.6355693712973425, "9330003.02": -0.2646241744556888, "9330003.01": -0.6722920802749918, "9330014.01": -0.8788577539536165, "9330004.02": -0.8127501752622438, "9330013.04": -0.3879274402082437, "9330004.01": 3.2778501801474493, "9330005.0": 0.046225838710988426, "9330013.03": -0.5038785193406533, "9330013.01": -0.058645546120381954, "9330018.01": 0.18424807641408986, "9330036.02": -0.36616900881822123, "9330035.01": -0.47464623106693044, "9330036.01": -0.0760049905542112, "9330034.01": -0.06705573429372773, "9330033.02": -0.5531377619734508, "9330034.02": 0.031051686966780453, "9330006.02": 0.6473084954103832, "9330011.0": -0.4338788037304821, "9330006.01": -0.35257509667828285, "9330012.02": -0.6493170452964254, "9330018.02": -0.22740292162960513, "9330012.01": -0.49303717085286786, "9330010.02": -0.4632832244472026, "9330007.01": 1.4793654572520822, "9330033.01": -0.4256278598192317, "9330010.01": 0.6360259108483447, "9330035.02": -0.1769828062938613, "9330052.01": -0.3046486887804506, "9330032.02": 0.23584187092668332, "9330032.01": -0.31812566607751297, "9330051.02": -0.4271729120590374, "9330037.02": -0.6776891232842667, "9330019.0": -0.27842446971403423, "9330007.02": -0.22573034990114077, "9330030.0": -0.5927374511244334, "9330020.0": -0.10084171018495858, "9330009.0": 0.9809611159470033, "9330031.02": -0.5916399916818298, "9330008.02": -0.6153720931887097, "9330031.01": -0.16362259020189965, "9330029.0": 0.2531303131336719, "9330022.0": 0.21610248690725578, "9330052.02": -0.5340862782089718, "9330051.01": -0.7179241065756391, "9330037.01": -0.5244350038948158, "9330050.02": 0.23799877167794384, "9330054.02": -0.535273513379679, "9330038.0": 0.14080854032935622, "9330050.04": -0.1594768703925523, "9330053.02": -0.5542622397724499, "9330054.01": -0.4075419384309368, "9330028.0": -0.2965473930964892, "9330021.0": -0.5981815594696349, "9330039.01": -0.0829389850405316, "9330027.02": 0.17674107976432568, "9330023.0": -0.6973911475730394, "9330008.01": -1.4793654572520794, "9330039.02": 0.13244010719670665, "9330049.05": -0.8482311019343634, "9330040.02": -0.033196622320785366, "9330056.02": 0.07795693109128905, "9330053.01": -0.2751021109920352, "9330050.03": 0.11754553728281568, "9330055.01": -0.25418155967599293, "9330057.02": -0.7078472217440164, "9330055.02": -0.38034769781775113, "9330024.0": -0.588649045944321, "9330049.04": -0.2506112525404632, "9330027.01": -0.033753914486026194, "9330049.06": 1.7877756170004688, "9330040.01": 0.6417762114738533, "9330041.01": 0.026367202651165787, "9330049.03": -0.3780810814281128, "9330026.0": -0.1302892457872535, "9330049.02": -0.2211833159879156, "9330041.02": 0.9451276495082592, "9330059.08": 0.5694331296965911, "9330048.02": -0.40593016021758294, "9330059.07": 0.2628776147001512, "9330059.15": 0.08278507001201092, "9330025.0": -0.253186784347561, "9330059.09": 2.9803875484020974, "9330046.0": 0.35306027006506985, "9330059.1": 1.225754255934044, "9330042.0": 0.08027148082136261, "9330048.01": 0.20932784101484359, "9330056.01": -0.11910829318903324, "9330057.01": -0.5494690973383135, "9330059.16": 1.3464955311987434, "9330058.0": 0.1245585855732882, "9330059.13": 0.2779753788818481, "9330059.18": -0.19754158997627877, "9330059.17": 0.2424618344955571, "9330059.11": 4.8304769352805845, "9330060.02": 0.47112538996089326, "9330047.02": 0.1924817759941931, "9330047.01": -0.22578252160876983, "9330045.02": 0.19650237881360832, "9330064.0": 0.1386934212080472, "9330060.01": -0.6647472285153377, "9330065.0": 0.24217873418126606, "9330043.02": -0.7922466500876897, "9330066.01": 0.09230982155669212, "9330066.02": 1.0473757998899356, "9330045.01": -0.14755819498560663, "9330061.0": 1.0421882074840598, "9330063.0": 0.7564055696785401, "9330069.02": 6.634007232020694, "9330043.01": -0.7368734717537117, "9330067.01": -0.15541463109489811, "9330067.02": 0.9642061157298104, "9330062.0": -0.6133447160878293, "9330044.0": -0.41424936072420665, "9330068.0": 0.24548704314057831, "9330069.04": -0.15802633982705103, "9330250.02": -2.691239166240722}