{"9330220.0": -0.559130568147462, "9330221.01": -0.5620520801669331, "9330002.04": 0.3100663209576113, "9330001.02": -0.4583111773754702, "9330001.01": -1.0889727949196155, "9330002.01": 0.21984378953289332, "9330015.01": 1.2417821964597417, "9330015.02": 0.1962257787567483, "9330016.01": 0.687309259079308, "9330016.06": 1.6083768603684039, "9330016.05": 1.6607520961226439, "9330017.04": 0.9728252314473227, "9330014.02": 0.3223235250602356, "9330016.04": 1.1428285490539873, "9330017.03": 1.039316027993934, "9330017.02": 1.2945483891136904, "9330002.03": 0.06676967082792828, "9330003.02": -0.33649018892674226, "9330003.01": 0.3862912961794887, "9330014.01": 0.8640186778830015, "9330004.02": 0.9404750559696813, "9330013.04": 0.07734639777763923, "9330004.01": 1.9728760465684305, "9330005.0": 0.2593323724985836, "9330013.03": 0.5893474335817291, "9330013.01": 0.5855754498528303, "9330018.01": 0.9579933504238093, "9330036.02": 2.3199987659135, "9330035.01": 2.1418752737292794, "9330036.01": 1.5285066305215809, "9330034.01": 0.6921465988410325, "9330033.02": 1.0632869387352173, "9330034.02": 0.5075294469199646, "9330006.02": 1.145679221391963, "9330011.0": 0.45261518583063676, "9330006.01": 0.29179787774152277, "9330012.02": 1.2299842416130113, "9330018.02": 0.36345711039343326, "9330012.01": -0.2730772685839323, "9330010.02": -0.0218440172553145, "9330007.01": -3.213084292065635, "9330033.01": -0.010188305568085167, "9330010.01": -0.60817501597605, "9330035.02": 0.6712396059448441, "9330052.01": 0.883366045215192, "9330032.02": 0.42221845359912175, "9330032.01": 0.4850309606004658, "9330051.02": 0.39595999649911645, "9330037.02": 0.42809190188855745, "9330019.0": 0.4099911463839019, "9330007.02": -0.5149075644490552, "9330030.0": 0.34671264602306817, "9330020.0": -0.5480990827935535, "9330009.0": -1.7611421836175967, "9330031.02": 0.46365781178093957, "9330008.02": -1.0975430463065925, "9330031.01": 0.7640210183180787, "9330029.0": -0.4117526108414985, "9330022.0": -1.627489709928649, "9330052.02": 0.6190281185034261, "9330051.01": 0.18331062524601988, "9330037.01": 0.27416588336188946, "9330050.02": -0.19138720957654015, "9330054.02": 0.48262244331793897, "9330038.0": -0.40783750772501337, "9330050.04": 0.9267602041156295, "9330053.02": 1.370774267228599, "9330054.01": 0.020024651971511778, "9330028.0": -0.8176639077465899, "9330021.0": -1.236712417480278, "9330039.01": -0.2424025310766316, "9330027.02": -2.0651017762825954, "9330023.0": -1.2338741223844738, "9330008.01": -3.778699258038691, "9330039.02": -1.046338257764774, "9330049.05": 0.42640613866296745, "9330040.02": -0.9540241609644937, "9330056.02": 0.06647309374332551, "9330053.01": -0.015967869788285096, "9330050.03": 0.21265411379138627, "9330055.01": 0.07752988740898202, "9330057.02": -0.0623871667861253, "9330055.02": 0.8829102503632136, "9330024.0": -0.9364132156850656, "9330049.04": -1.2239327935863369, "9330027.01": -1.2605987168477228, "9330049.06": -0.5119228005388147, "9330040.01": -1.6582746024423185, "9330041.01": -1.3517230404454557, "9330049.03": -1.451152664818912, "9330026.0": -0.8909034973503893, "9330049.02": -1.4962611096487204, "9330041.02": -0.9653176799110806, "9330059.08": 1.142281198242369, "9330048.02": -0.6178147473597522, "9330059.07": 1.8472554333948248, "9330059.15": 1.0745278499323803, "9330025.0": -1.1022501798555966, "9330059.09": 0.8176353558934891, "9330046.0": -0.21732719845678194, "9330059.1": 1.6779554661445946, "9330042.0": -0.6368696687122019, "9330048.01": -0.7054849758185553, "9330056.01": -0.38572612627607367, "9330057.01": -0.6605074814229265, "9330059.16": 0.0932357156753416, "9330058.0": -0.6683241183384426, "9330059.13": 0.19117396701961598, "9330059.18": -0.025492852426512, "9330059.17": -0.7034097512299508, "9330059.11": 0.4546383821167518, "9330060.02": 0.8631606788325653, "9330047.02": -0.47575984640686203, "9330047.01": -0.35132454793404433, "9330045.02": -0.9568919030365387, "9330064.0": 1.2802744448028067, "9330060.01": 0.9130540302636804, "9330065.0": 0.38294425953994266, "9330043.02": -0.4627001014548884, "9330066.01": 1.0510414508234045, "9330066.02": 0.16401836479245518, "9330045.01": -0.8756723899713964, "9330061.0": -0.4446552090449135, "9330063.0": 0.16562770476858021, "9330069.02": -1.4842768251242813, "9330043.01": -1.0561534042786005, "9330067.01": 0.07305274869830436, "9330067.02": 0.3238510473659119, "9330062.0": 0.14271832764361572, "9330044.0": -1.086144041701734, "9330068.0": -0.7092204147814645, "9330069.04": -1.20162840946814, "9330250.02": -0.8857063501483249}