{"9330220.0": -0.30995099641054324, "9330221.01": -0.330579328034543, "9330002.04": -0.8441275152355796, "9330001.02": -1.2549369125638756, "9330001.01": 0.5295218210923253, "9330002.01": -0.06775153705553724, "9330015.01": 1.825037065305165, "9330015.02": 2.7306062547309358, "9330016.01": 0.07876419790668647, "9330016.06": -1.8527159748112247, "9330016.05": -1.2796681130013645, "9330017.04": -1.4625645352517376, "9330014.02": 0.588226752389426, "9330016.04": 2.4149578364779116, "9330017.03": -0.1994852237396916, "9330017.02": 1.6847325223847796, "9330002.03": 0.67599029408201, "9330003.02": 0.8496541943197305, "9330003.01": 0.13501525800753023, "9330014.01": -2.1425472910143752, "9330004.02": 2.493162007351827, "9330013.04": -0.7317837241179947, "9330004.01": -1.0945061317550158, "9330005.0": -1.7019716579517594, "9330013.03": 1.3898877914503938, "9330013.01": 1.713176164483724, "9330018.01": 2.341202303045098, "9330036.02": 1.7907678378291179, "9330035.01": -0.8664092766567051, "9330036.01": 0.8988697706964265, "9330034.01": 1.1336245397075, "9330033.02": -1.408942735628124, "9330034.02": 2.7261620808294356, "9330006.02": 0.7025509996948517, "9330011.0": 1.5500915017330599, "9330006.01": 1.053635474440818, "9330012.02": -1.729607894678376, "9330018.02": 1.219784439721586, "9330012.01": -0.9484777852461113, "9330010.02": 0.8066941633940478, "9330007.01": 0.7117789140832201, "9330033.01": -0.33068017446880854, "9330010.01": -0.06870737209943405, "9330035.02": 1.0686373210209796, "9330052.01": -0.3041506410931652, "9330032.02": -0.29425996483817096, "9330032.01": -0.14261979277261908, "9330051.02": -0.2935567386661564, "9330037.02": -0.2542228105419624, "9330019.0": 0.9382120312145317, "9330007.02": -1.0080089223080926, "9330030.0": 0.9671980548821544, "9330020.0": -0.9275418078095683, "9330009.0": 0.49574523209088317, "9330031.02": 0.3772141914511308, "9330008.02": 0.12492810003602342, "9330031.01": 0.6186670654211427, "9330029.0": 0.05506992803098925, "9330022.0": -1.2054523286294774, "9330052.02": 0.9657627099199466, "9330051.01": -0.16365877185526453, "9330037.01": 0.3225566230708122, "9330050.02": -0.9853261798607897, "9330054.02": 0.013268687151200552, "9330038.0": -0.2619293058287133, "9330050.04": -0.6083537781948265, "9330053.02": -0.6024618810615042, "9330054.01": 0.1486358314714654, "9330028.0": 0.09203215954050373, "9330021.0": 0.47779618921378686, "9330039.01": -0.7115236411802259, "9330027.02": 0.2582286059353725, "9330023.0": -0.9331424326963422, "9330008.01": -0.7117789140832199, "9330039.02": -0.38795732008343703, "9330049.05": -0.2539829808298362, "9330040.02": -1.0288439389237587, "9330056.02": 0.6308602353920257, "9330053.01": 0.8875936512048997, "9330050.03": -0.45717515127232955, "9330055.01": 0.11666475550357028, "9330057.02": 0.5295165998277483, "9330055.02": -1.1328614835205197, "9330024.0": 1.0620438518517517, "9330049.04": -0.7089847066412099, "9330027.01": 0.2636002079538386, "9330049.06": 0.3780124369130629, "9330040.01": -0.46874968076165857, "9330041.01": -0.7939716177066433, "9330049.03": 0.157477921666854, "9330026.0": 0.5380177355237432, "9330049.02": -0.10167196457199686, "9330041.02": 0.14707494717193587, "9330059.08": 0.25105490073602116, "9330048.02": -0.7080392985642396, "9330059.07": -1.431819276447895, "9330059.15": 0.30273485692443447, "9330025.0": 1.9904748523342832, "9330059.09": 1.036493309262454, "9330046.0": -0.28971625952951574, "9330059.1": -1.1154903182337967, "9330042.0": 0.3083978384270185, "9330048.01": -0.1573023872018625, "9330056.01": -0.6162509260735773, "9330057.01": -0.4959616406542956, "9330059.16": -0.256667389143259, "9330058.0": -0.485221798098217, "9330059.13": -0.2803409961546807, "9330059.18": -0.6795700436851664, "9330059.17": -0.5420007855912548, "9330059.11": 0.48412722777981665, "9330060.02": 0.470867052695134, "9330047.02": -0.08113908681566444, "9330047.01": -0.808857827523736, "9330045.02": -0.5654767032243685, "9330064.0": -0.823797387313241, "9330060.01": -0.7176573557387318, "9330065.0": -0.666269814511663, "9330043.02": -0.5746112005366077, "9330066.01": -0.919524372156085, "9330066.02": 0.29236889676351535, "9330045.01": -0.47044840972566465, "9330061.0": -0.5353240375649359, "9330063.0": -0.607796112162014, "9330069.02": -2.307007401409272, "9330043.01": -0.0013695686028525383, "9330067.01": -0.6720945223660498, "9330067.02": -0.204934643529836, "9330062.0": -0.7164192949249708, "9330044.0": 1.5913925020472144, "9330068.0": -0.08075960768923328, "9330069.04": -1.1897399571280645, "9330250.02": 1.9625886621651927}