{"9330220.0": -1.3527680874980241, "9330221.01": -1.3392201804404258, "9330002.04": -0.7877595205364382, "9330001.02": 0.6949660674690413, "9330001.01": 0.5386311494290987, "9330002.01": 0.9472363841957818, "9330015.01": -0.7949153023077712, "9330015.02": 0.17735079347383265, "9330016.01": -0.3096853165498237, "9330016.06": 0.8598906254494455, "9330016.05": 0.09634190364039508, "9330017.04": -0.9607962350645233, "9330014.02": -0.022221982263529165, "9330016.04": -0.23112489452584162, "9330017.03": -0.48362114772391407, "9330017.02": -0.36763242910532323, "9330002.03": -0.6079196104026384, "9330003.02": -0.24894946652553637, "9330003.01": -0.5109403685219303, "9330014.01": -0.9848160214274084, "9330004.02": -0.3496130328292352, "9330013.04": -0.7086090660911988, "9330004.01": 0.22610102014878689, "9330005.0": 4.11367809998265, "9330013.03": -0.2187480929751181, "9330013.01": 0.08410683949652498, "9330018.01": 0.10337877696247792, "9330036.02": -0.47695511844061145, "9330035.01": -0.5328093315786654, "9330036.01": -0.38731228117303595, "9330034.01": -0.1765307862501701, "9330033.02": -1.0384936723294276, "9330034.02": 0.08395537682130283, "9330006.02": -0.6020152265148202, "9330011.0": 0.3754381454336055, "9330006.01": -1.163511668273503, "9330012.02": -0.417151323274212, "9330018.02": 0.13943668103702092, "9330012.01": -0.6274554325936883, "9330010.02": -0.10653017520698499, "9330007.01": 0.5832432872270638, "9330033.01": -0.48244620290675566, "9330010.01": -0.05168554853641424, "9330035.02": 0.19859427924681428, "9330052.01": 0.5425273822393126, "9330032.02": 0.10088150570692643, "9330032.01": -0.648310360274975, "9330051.02": -0.2537311300005059, "9330037.02": -0.49050905903211794, "9330019.0": 0.058251151115498785, "9330007.02": -0.6379793153817268, "9330030.0": 0.1812664491265569, "9330020.0": -0.7667928930933758, "9330009.0": 1.3519563156410712, "9330031.02": -0.8262283926003672, "9330008.02": -0.8620892180705383, "9330031.01": -0.22018858452204312, "9330029.0": 0.20449845425691862, "9330022.0": 0.2989579539827548, "9330052.02": 0.00674740820954288, "9330051.01": -1.187949647904503, "9330037.01": -0.7098007536948876, "9330050.02": 1.849623518331524, "9330054.02": -0.7007014999295341, "9330038.0": 1.526723017990516, "9330050.04": -0.7770311132957196, "9330053.02": -0.5267094217418415, "9330054.01": -0.9624106945135499, "9330028.0": -1.3524477009770859, "9330021.0": -1.5291325537486005, "9330039.01": 1.598421943068294, "9330027.02": -0.583957849235517, "9330023.0": -0.9376739934970616, "9330008.01": -0.5832432872270604, "9330039.02": 0.5451418149281058, "9330049.05": -2.028825446982534, "9330040.02": 1.3495678329977667, "9330056.02": -0.027709786174720585, "9330053.01": -0.21271324717369888, "9330050.03": 1.631379254650122, "9330055.01": 0.6563104367929532, "9330057.02": -0.09507076948036797, "9330055.02": 0.2820083335766257, "9330024.0": -0.651426854302609, "9330049.04": -0.7178560450398258, "9330027.01": -0.9402110847653197, "9330049.06": 2.033182993918875, "9330040.01": 1.572754602186671, "9330041.01": 1.0283941495494564, "9330049.03": -1.6629341619687283, "9330026.0": -0.6862820593292647, "9330049.02": 0.3952291890491353, "9330041.02": 0.6069291633061988, "9330059.08": -0.46320403145831124, "9330048.02": -1.3334556756022582, "9330059.07": -1.4766811079376598, "9330059.15": -0.10116105920799555, "9330025.0": -0.2727550781362149, "9330059.09": 2.5946331770759583, "9330046.0": 0.8420850520585965, "9330059.1": 0.9330710929747517, "9330042.0": -0.014537265703398397, "9330048.01": 1.0046958483096695, "9330056.01": 0.6137808100630979, "9330057.01": -0.23308142311797964, "9330059.16": -0.1861756826866081, "9330058.0": 0.12310520620928267, "9330059.13": -0.2607419584944517, "9330059.18": -0.5111106620872842, "9330059.17": 1.068608556142413, "9330059.11": 2.382388208583682, "9330060.02": 1.69925790343544, "9330047.02": 0.6161805125553302, "9330047.01": -0.24122443246781805, "9330045.02": 0.46120854696551206, "9330064.0": 1.1814767498984957, "9330060.01": -0.6928154200519601, "9330065.0": 2.325741071459836, "9330043.02": -1.1354994172092132, "9330066.01": -1.4250471014836563, "9330066.02": 0.36745464478334827, "9330045.01": -0.28651501029275017, "9330061.0": 2.2775086170738383, "9330063.0": 0.3706781469476533, "9330069.02": 2.0746762226335282, "9330043.01": -0.45805926907510974, "9330067.01": 0.5175003975243304, "9330067.02": 0.12853159070677422, "9330062.0": -0.5221641819286474, "9330044.0": -0.29624159251906773, "9330068.0": 1.844957063141824, "9330069.04": -0.7405171004621275, "9330250.02": -1.8974998034344708}