{"9330220.0": 0.7925902754969391, "9330221.01": 0.8047582748955008, "9330002.04": 1.4647209604068194, "9330001.02": 1.2022260359035917, "9330001.01": 1.247236803159633, "9330002.01": 1.214732479391804, "9330015.01": 0.6984248519559005, "9330015.02": 1.0565001152090412, "9330016.01": 0.8636611014765043, "9330016.06": 0.9668766353117583, "9330016.05": 0.7484699913349666, "9330017.04": 1.0099914461849608, "9330014.02": 1.2638799838873191, "9330016.04": 0.7312110874741284, "9330017.03": 0.9712141868394444, "9330017.02": 0.8499881440007627, "9330002.03": 1.39194393493836, "9330003.02": 1.505473785917262, "9330003.01": 1.6551941954415363, "9330014.01": 1.1878763357881559, "9330004.02": 1.4202900594765704, "9330013.04": 1.4174785376091825, "9330004.01": 0.6796327470314247, "9330005.0": 0.4278587087202311, "9330013.03": 1.4828668451153326, "9330013.01": 1.2019085533437392, "9330018.01": 1.0660945277203844, "9330036.02": 1.0853220455441859, "9330035.01": 0.9957951521417989, "9330036.01": 0.8931651005602347, "9330034.01": 0.8927487556592916, "9330033.02": 0.8547474289738674, "9330034.02": 0.5258810045987672, "9330006.02": 0.43378268626963185, "9330011.0": 1.1645979052168758, "9330006.01": 0.29580915238624444, "9330012.02": 1.2463492847771032, "9330018.02": 0.9239125934766974, "9330012.01": 0.7431106648099931, "9330010.02": 0.7226326389952504, "9330007.01": 1.02826953413154, "9330033.01": 0.7633630000852516, "9330010.01": 0.7854745375110022, "9330035.02": 0.4686285584242611, "9330052.01": 1.0617530331203626, "9330032.02": 0.4068196627106986, "9330032.01": 0.5259434655930915, "9330051.02": 0.8177170311047958, "9330037.02": -0.008754024880008293, "9330019.0": 0.8570315377511989, "9330007.02": 0.6956074389820994, "9330030.0": 0.5957895854016805, "9330020.0": 0.5682952739273137, "9330009.0": 0.6726244697572634, "9330031.02": 0.053904731270816277, "9330008.02": 0.9272567222328388, "9330031.01": -0.28268393172927175, "9330029.0": -0.17644776822105768, "9330022.0": 0.7357381291848993, "9330052.02": 0.766415454304454, "9330051.01": 0.05242730126150108, "9330037.01": -0.5242243057541318, "9330050.02": -0.34304186963187056, "9330054.02": 0.5015805689950057, "9330038.0": -0.4706271106754311, "9330050.04": -0.7531571233022291, "9330053.02": 0.8280271139115144, "9330054.01": -0.23431990519764165, "9330028.0": -0.4359254977977623, "9330021.0": -0.2576949734752519, "9330039.01": -0.6009775085343523, "9330027.02": 0.6056867569014881, "9330023.0": 0.5564633454286589, "9330008.01": 1.0437259804863828, "9330039.02": -0.7657739359532691, "9330049.05": -1.1635074867925443, "9330040.02": -0.44297816745236895, "9330056.02": -0.6419665028060894, "9330053.01": 0.1710359805437907, "9330050.03": -0.9675877842671095, "9330055.01": -0.09487407600177289, "9330057.02": -1.4481434750466717, "9330055.02": -0.4676437896373458, "9330024.0": 0.8143562356762252, "9330049.04": -1.2524590133197246, "9330027.01": 0.4868519580148546, "9330049.06": -1.1332145467617079, "9330040.01": -1.2985147394711651, "9330041.01": -0.8141933658606414, "9330049.03": -1.3147699571515024, "9330026.0": 0.5787434684582, "9330049.02": -1.2195057121000181, "9330041.02": -0.33973273097787543, "9330059.08": -1.360339023919687, "9330048.02": -1.2530166795974274, "9330059.07": -1.379394408359934, "9330059.15": -1.1344721771406554, "9330025.0": 0.619261880265311, "9330059.09": -1.3355018503117093, "9330046.0": -0.8544767833194156, "9330059.1": -1.449223892259797, "9330042.0": 0.12805645063892315, "9330048.01": -1.1866910879491066, "9330056.01": -0.8474320749231706, "9330057.01": -1.574468494963434, "9330059.16": -1.2680360420950867, "9330058.0": -1.5351420975810453, "9330059.13": -1.4538407513108607, "9330059.18": -1.3848944133144787, "9330059.17": -1.737463031114368, "9330059.11": -1.3589054397792344, "9330060.02": -1.529819879356669, "9330047.02": -1.3012036161203382, "9330047.01": -0.914678982490082, "9330045.02": -0.45881851948163266, "9330064.0": -1.6011262196463418, "9330060.01": -1.633848784510868, "9330065.0": -1.4085990142457292, "9330043.02": 0.08891604710251785, "9330066.01": -1.294599823817842, "9330066.02": -1.1814200838577484, "9330045.01": -0.847559465982616, "9330061.0": -1.6076988854663998, "9330063.0": -1.627612144911737, "9330069.02": 0.8318201433517004, "9330043.01": 0.34004255538744654, "9330067.01": -1.3995778258605684, "9330067.02": -1.3016765128261945, "9330062.0": -1.567727803460426, "9330044.0": 0.2359200454415377, "9330068.0": -1.4183161205367865, "9330069.04": 0.035554471371742495, "9330250.02": -0.08975625286131651}