{"9330220.0": -0.2431678911334295, "9330221.01": -0.24677019043001808, "9330002.04": -0.46012164340137135, "9330001.02": -0.25040394138428995, "9330001.01": -0.2502169891012531, "9330002.01": 0.9208409826111337, "9330015.01": -0.4510396997187046, "9330015.02": -0.3618065660613136, "9330016.01": -0.7928564220492121, "9330016.06": 3.9350631460913745, "9330016.05": -0.4493829371764723, "9330017.04": -0.344949281563221, "9330014.02": -0.269624427286703, "9330016.04": -0.5170982600037636, "9330017.03": 0.25051951482144996, "9330017.02": -0.30090516499199194, "9330002.03": -0.35705621052915937, "9330003.02": -0.19903013144517484, "9330003.01": -0.2025383932285874, "9330014.01": -0.3710829495346639, "9330004.02": -0.5520795732420116, "9330013.04": -0.2006270362722381, "9330004.01": 1.6995308762299148, "9330005.0": -0.6482940498242187, "9330013.03": -0.2011538611341324, "9330013.01": -0.22775340651071868, "9330018.01": -0.31437991642865576, "9330036.02": -0.34472076750250646, "9330035.01": -0.2753466182617777, "9330036.01": -0.32562685554629633, "9330034.01": -0.07063096099443782, "9330033.02": -0.34819149397303106, "9330034.02": -0.28425219626194537, "9330006.02": -0.07134355956092239, "9330011.0": -0.5995765691888081, "9330006.01": -0.6487750186677457, "9330012.02": -0.26800052659752166, "9330018.02": -0.23320921757857788, "9330012.01": -0.461891354034085, "9330010.02": 0.12419028650622585, "9330007.01": 0.8188773599943363, "9330033.01": -0.3271115994530308, "9330010.01": 0.387263660570741, "9330035.02": -0.08455207531741395, "9330052.01": -0.17707289121672729, "9330032.02": 0.1625871059052963, "9330032.01": 0.18812612415355803, "9330051.02": -0.13660641042281874, "9330037.02": -0.376313664691217, "9330019.0": -0.13249114642574736, "9330007.02": 0.07284923488641774, "9330030.0": -0.4324616462262435, "9330020.0": -0.2690400227459775, "9330009.0": 0.35675772570417047, "9330031.02": -0.4512885064787645, "9330008.02": -0.5353254451698733, "9330031.01": -0.5580176611325305, "9330029.0": 0.18774590234506594, "9330022.0": 0.9881863196988485, "9330052.02": -0.31921223005193183, "9330051.01": -0.3097121305403632, "9330037.01": -0.6474294832601316, "9330050.02": -0.06981489397671344, "9330054.02": -0.1748867711805228, "9330038.0": 0.356717207623527, "9330050.04": -0.2805519852976229, "9330053.02": -0.01987445797795263, "9330054.01": -0.343490349390766, "9330028.0": -0.8494188178360133, "9330021.0": -0.8331285113144231, "9330039.01": -0.3878304360285122, "9330027.02": -0.10071321243798383, "9330023.0": -0.5373522385697302, "9330008.01": -0.8188773599943351, "9330039.02": 0.6978453947144487, "9330049.05": -1.2916602019776755, "9330040.02": 0.2513627789671738, "9330056.02": -0.502351370910533, "9330053.01": -0.2545869356042909, "9330050.03": 0.2595435503080579, "9330055.01": -0.28916510422065184, "9330057.02": -1.0764377717543228, "9330055.02": -0.32321399600382533, "9330024.0": -0.7198484259601888, "9330049.04": -0.498138492400935, "9330027.01": -0.06240718552500714, "9330049.06": 5.281502258975482, "9330040.01": 0.11884468979263073, "9330041.01": 0.3935282123113083, "9330049.03": -0.7355711006206869, "9330026.0": -0.4214427115730522, "9330049.02": 0.6812791926100227, "9330041.02": 0.6067867622850559, "9330059.08": 0.17475893958731253, "9330048.02": 0.683536386209537, "9330059.07": -0.25807125698136835, "9330059.15": -0.5617558315215629, "9330025.0": -0.6840505513704281, "9330059.09": 3.5321960673054407, "9330046.0": -0.4587923170749141, "9330059.1": 1.8002710924738348, "9330042.0": -0.2502562505916278, "9330048.01": -0.6005374419033045, "9330056.01": -0.050658781393238296, "9330057.01": -0.8233924658549014, "9330059.16": 1.500130835468121, "9330058.0": -0.00538607007337891, "9330059.13": 0.26601174986779696, "9330059.18": -0.9840808774353331, "9330059.17": 1.2895010699180502, "9330059.11": 3.816065832956074, "9330060.02": 0.21305546901083386, "9330047.02": -0.3994874799692568, "9330047.01": 0.44702213408124875, "9330045.02": -0.378286726403965, "9330064.0": -0.7147420635744218, "9330060.01": -0.7640346232766702, "9330065.0": 1.5503564121076654, "9330043.02": -0.8017886975396726, "9330066.01": -1.5008040484202894, "9330066.02": 0.9824943690600906, "9330045.01": -0.3821623150433344, "9330061.0": 1.919549852261208, "9330063.0": -0.3216034401872596, "9330069.02": 3.2677655923129727, "9330043.01": -0.5141197717115833, "9330067.01": -0.5577269044825985, "9330067.02": 0.5097237664123283, "9330062.0": -0.18044865957186484, "9330044.0": -0.49362634997612886, "9330068.0": 1.2707293750042068, "9330069.04": -0.9956021739851688, "9330250.02": -1.790400808493213}