{"n": 133.0, "rho": 0.5513719989518041, "beta_const": 119.36456199100846, "beta_dist_std": -17.515288729818884, "beta_count_std": -14.029442441420288, "se_const": 27.10138096479873, "se_dist_std": 9.104960828065131, "se_count_std": 8.874620412147632, "p_const": NaN, "p_dist_std": NaN, "p_count_std": NaN, "moran_I_resid": NaN, "moran_p_resid": NaN}