{"9330220.0": -0.47443265674849616, "9330221.01": -0.5211288420867168, "9330002.04": -1.0154811080704917, "9330001.02": -0.9772636561258482, "9330001.01": -0.9393770534661438, "9330002.01": -1.485868786361397, "9330015.01": -0.903293541480501, "9330015.02": -0.8855988073517196, "9330016.01": -0.7265971851133359, "9330016.06": -0.7160483597277546, "9330016.05": -0.5952549119470838, "9330017.04": -0.48483087237361966, "9330014.02": -0.5576938584508194, "9330016.04": -0.5668122707507742, "9330017.03": 0.0488412226356308, "9330017.02": 0.24829839849083335, "9330002.03": -0.9810383706700848, "9330003.02": -0.3417531746840025, "9330003.01": -0.4036342680742623, "9330014.01": -0.7987661169352857, "9330004.02": -0.6705426646196281, "9330013.04": -0.4126631557552238, "9330004.01": 0.4817836520816406, "9330005.0": 2.301709736832955, "9330013.03": -0.46044337104870897, "9330013.01": -0.1903655554321057, "9330018.01": 0.15404993972394992, "9330036.02": -0.5612582163448898, "9330035.01": 0.3059291661746989, "9330036.01": -0.4348352452366885, "9330034.01": 0.37769393820217195, "9330033.02": -0.10194468938010344, "9330034.02": 0.9336989247584897, "9330006.02": 0.40440746197920413, "9330011.0": -0.48108693485578513, "9330006.01": 0.37600981518921744, "9330012.02": -0.5571210364251877, "9330018.02": -0.24730914418873015, "9330012.01": -0.700311624288409, "9330010.02": 0.46353383425894357, "9330007.01": -0.6732205040121425, "9330033.01": -0.07576780922063041, "9330010.01": -0.6221546233161652, "9330035.02": 0.6702725831035714, "9330052.01": -0.9396624839212385, "9330032.02": 2.3285052513817925, "9330032.01": 0.8808040370884922, "9330051.02": 0.02747325064054514, "9330037.02": 1.910184787945103, "9330019.0": -1.0402115224689628, "9330007.02": -0.03595098978326718, "9330030.0": -0.42209055780811844, "9330020.0": -0.5361987121381028, "9330009.0": -0.777270003503024, "9330031.02": 0.6191706017840072, "9330008.02": -1.364575036595894, "9330031.01": 0.058574245443220145, "9330029.0": -0.38353848920353917, "9330022.0": -0.752848662150272, "9330052.02": -1.4049246758016025, "9330051.01": 1.0507563793826522, "9330037.01": 1.0641990796416574, "9330050.02": 1.8835779934973838, "9330054.02": -0.03779126066110987, "9330038.0": 0.7543108979409235, "9330050.04": 2.4681947576825993, "9330053.02": -0.49352927741033303, "9330054.01": 0.6155200842788385, "9330028.0": -0.14291090498236858, "9330021.0": 0.20148817588984527, "9330039.01": -0.010334072659799019, "9330027.02": -0.2599734032787559, "9330023.0": -0.590471729386655, "9330008.01": -1.9566721644747145, "9330039.02": -0.09663963013215086, "9330049.05": 0.40136041723821747, "9330040.02": 0.08579166362661118, "9330056.02": 1.2993659680039906, "9330053.01": -0.40733470699657154, "9330050.03": 1.5295060612176488, "9330055.01": 0.03315484232270157, "9330057.02": 0.938831115155711, "9330055.02": 0.03116225692666485, "9330024.0": -0.7465757868881883, "9330049.04": 0.03954332388051712, "9330027.01": 0.8970425185897837, "9330049.06": 0.2771002925006766, "9330040.01": 0.026530178883675298, "9330041.01": 0.9867649489499863, "9330049.03": 0.08356472925639329, "9330026.0": 0.49708050406227705, "9330049.02": 0.7081184240654324, "9330041.02": 1.7472787480562193, "9330059.08": -0.40861432313743645, "9330048.02": 1.2813146134907076, "9330059.07": -0.49979638621953676, "9330059.15": -0.44229635505515197, "9330025.0": -0.2137578468181097, "9330059.09": -0.6004710529149664, "9330046.0": 3.1940019890938283, "9330059.1": -0.6301192468166327, "9330042.0": 1.9416791252877557, "9330048.01": 0.6409412916601688, "9330056.01": 0.9911780676841888, "9330057.01": 0.4745188529538323, "9330059.16": 0.3333426859468005, "9330058.0": 0.6526410141991081, "9330059.13": -0.295252180665619, "9330059.18": 0.12192440798364958, "9330059.17": -0.2089847221801228, "9330059.11": -0.606513545233096, "9330060.02": -0.8414735455793995, "9330047.02": 1.8651256255619988, "9330047.01": 3.302089426193513, "9330045.02": 1.9682952875151107, "9330064.0": -0.8840559924502841, "9330060.01": -0.9329415554248264, "9330065.0": -0.8948045015564655, "9330043.02": 0.9836279716371696, "9330066.01": -0.8669620267009258, "9330066.02": -0.8305822915437658, "9330045.01": 2.7043672181201193, "9330061.0": -1.1277542039160229, "9330063.0": -1.1818245928049012, "9330069.02": -1.20779798299336, "9330043.01": -0.9092130735439333, "9330067.01": -1.1660810780326427, "9330067.02": -1.1183554698483344, "9330062.0": -1.388179749546333, "9330044.0": 1.0962295901191572, "9330068.0": -1.246021965814979, "9330069.04": -0.8333439612428704, "9330250.02": -0.4638612413848713}