{"n": 133.0, "rho": 0.47669792389781696, "beta_const": 4.774096660803057, "beta_dist_std": 0.033439811304011434, "beta_count_std": -0.04145320060705517, "se_const": 0.9815873351820917, "se_dist_std": 0.1623939788283466, "se_count_std": 0.1623265105051913, "p_const": NaN, "p_dist_std": NaN, "p_count_std": NaN, "moran_I_resid": NaN, "moran_p_resid": NaN}