{"4620324.01": -0.024512683267435303, "4620323.0": -0.143482619574605, "4620327.0": -0.0975024447279819, "4620324.02": -0.09596219428774375, "4620322.02": -0.28375824573285335, "4620329.0": 0.016982835167645642, "4620322.04": -0.2587720217924884, "4620325.01": 0.008479765052329875, "4620322.03": -0.22115680307396368, "4620321.0": -0.19254632975788788, "4620320.0": -0.06907574683597935, "4620430.0": 0.16519677879593128, "4620392.0": 0.09559406301175956, "4620396.0": 0.050246169457274614, "4620391.0": 0.0679743047570116, "4620395.03": 1.1280507951547691, "4620397.0": 1.14257833992327, "4620395.02": 1.129397640912918, "4620393.0": 0.6987649000756485, "4620390.0": 0.21331644573422587, "4620328.0": 0.22634584943804956, "4620325.02": -0.17811471154599354, "4620326.02": 0.08272437775433913, "4620325.03": 0.09132936398507642, "4620326.03": 0.07581480079458919, "4620325.06": -0.20030859617687652, "4620330.0": 0.7242347080429449, "4620325.05": -0.08301348522705475, "4620091.0": -0.17015853028104372, "4620500.0": 4.690037393653549, "4620491.0": 4.6316014592636074, "4620470.03": 1.5671609174082741, "4620515.01": 1.624218648416067, "4620470.04": 0.2576491076721051, "4620515.02": 1.166860386008494, "4620515.03": 0.2083439810433966, "4620515.04": 1.1302162031427438, "4620470.05": 0.3143068169544422, "4620514.02": 0.250134072878541, "4620540.0": 1.1640553408772472, "4620550.02": 13.458683223855072, "4620522.02": 0.3875892023311014, "4620514.01": 0.22284991179088073, "4620521.05": 0.10555374791709544, "4620550.04": 4.925606063258039, "4620550.03": 4.61646147076515, "4620513.02": 0.1907620906315195, "4620521.04": 0.6716308200669504, "4620523.0": 0.16650828857710373, "4620512.02": 0.31514729471513486, "4620513.01": 0.45268414341436153, "4620512.04": 0.3324147550803311, "4620530.0": 0.13877806312214258, "4620512.03": 0.6283515708346394, "4620394.0": 1.3240204871251344, "4620433.0": 4.605542154651989, "4620395.01": 1.7585580020249325, "4620382.02": 1.6007239885961242, "4620381.0": 1.2814184248158929, "4620383.01": 3.512974645437036, "4620520.03": 4.6091662231902895, "4620520.02": 0.49306320936494463, "4620326.01": -0.14967922873821307, "4620340.0": 0.3243969499778524, "4620090.0": -0.1221001906307722, "4620098.0": -0.012947124031060736, "4620097.02": 0.11981398367770431, "4620092.0": -0.0008412429618055338, "4620100.02": -0.11917738252513176, "4620101.01": -0.05537292397105531, "4620093.0": -0.03514549457971748, "4620099.0": -0.22721466350510838, "4620316.0": -0.023902783524743895, "4620315.0": -0.11601533948683601, "4620314.0": -0.10386781743818706, "4620313.0": -0.15955872964844245, "4620089.0": -0.23055001602808042, "4620310.0": -0.16800365366399556, "4620312.0": -0.08905226044387768, "4620311.0": -0.16308233697791213, "4620317.06": 0.07291112702009483, "4620094.02": 0.0008546973884424747, "4620094.01": -0.248595574049288, "4620088.0": -0.18302857246794613, "4620100.01": -0.2171154046632304, "4620097.01": -0.24425037487918458, "4620101.02": -0.07115976408930412, "4620087.0": -0.10351018236356069, "4620103.0": -0.36851538824271596, "4620102.0": -0.20672035307497486, "4620096.0": -0.3897488881640568, "4620380.0": 0.18047496909024704, "4620383.02": 2.1769113849965764, "4620415.08": 1.1196499174223733, "4620415.09": 2.3222275258425653, "4620511.02": 1.1990729095102446, "4620511.01": 0.49066421399450394, "4620120.02": 0.3841826320301828, "4620413.02": 2.920740463335845, "4620120.01": 0.9712523537809709, "4620309.0": -0.15332636694989923, "4620308.0": -0.18891457066785522, "4620086.0": -0.1796038579811347, "4620307.0": -0.15491028554555503, "4620306.0": -0.11256477676359976, "4620304.0": -0.16046069402611154, "4620305.0": -0.17144886970114825, "4620104.0": -0.4632860885264185, "4620084.0": -0.03896267349048194, "4620105.0": -0.27282562588540327, "4620370.0": -0.18003129656547368, "4620106.0": -0.5257343243006857, "4620095.0": -0.33597125424733054, "4620107.0": -0.5363730081842595, "4620385.0": 0.11619070721589153, "4620083.0": -0.28609079281571964, "4620082.0": -0.11764034297131823, "4620317.05": 0.13710683682255723, "4620317.08": 0.15984432461314194, "4620303.0": -0.09579772541202197, "4620302.0": -0.08832166871059653, "4620085.0": -0.24365866467577738, "4620300.0": 0.13526175526745343, "4620317.03": 0.04497760914178129, "4620301.0": 0.13401097183990923, "4620317.07": -0.10968288684302525, "4620079.0": -0.39201789915729673, "4620074.0": 0.0664314920001417, "4620075.0": -0.17805478797180133, "4620110.0": -0.32379785774998276, "4620108.0": -0.5016200702521426, "4620111.0": -0.2125518534641312, "4620109.0": -0.45126807211825326, "4620352.0": -0.23178162251245987, "4620114.0": -0.41118563623658094, "4620113.0": -0.4775900846809486, "4620353.0": -0.3806970818650473, "4620081.0": -0.36225438620787626, "4620354.0": -0.4447492030212409, "4620415.1": 1.5749519360008055, "4620402.0": 2.408228511588133, "4620415.03": 2.622634487581238, "4620413.01": 1.5088554208493137, "4620288.0": 0.7806522669994838, "4620112.01": -0.16225857478988026, "4620415.04": 1.168304673414584, "4620112.02": -0.38291535340773186, "4620115.01": -0.4139691683330498, "4620350.0": -0.4525354530411612, "4620080.0": -0.3770882035506682, "4620351.0": -0.5002623267990087, "4620356.0": -0.27459941995440984, "4620116.0": -0.5482289965868318, "4620117.0": -0.49871240449111975, "4620115.02": -0.38772997700988376, "4620118.0": -0.4782661576172688, "4620076.0": -0.21085158198521547, "4620078.0": -0.4094867826953398, "4620072.0": -0.18601003305274263, "4620067.0": -0.4285879271247161, "4620077.0": -0.4342171718163337, "4620073.0": -0.14761953021859206, "4620068.0": -0.4627778013189605, "4620412.0": 1.5277295561138313, "4620415.07": 2.4615288144458822, "4620119.0": -0.09730036979575102, "4620416.02": 0.4537800970913788, "4620418.0": 0.8362459234955594, "4620416.01": -0.21651339969553982, "4620417.02": 1.3182540722169136, "4620287.02": -0.26813634796834235, "4620355.0": 0.4405080175853072, "4620066.02": -0.49968674023871346, "4620065.02": -0.2528269699841634, "4620127.01": -0.46966242129046676, "4620123.0": -0.5577942741519725, "4620065.01": -0.33885457490178333, "4620127.02": -0.18776070218446056, "4620122.0": -0.6051403865577039, "4620126.0": -0.5125887150988399, "4620064.0": -0.31402556625487926, "4620066.01": -0.5567786777093879, "4620069.02": -0.39639996812603756, "4620071.0": -0.12642957021639123, "4620063.0": -0.5079872689326169, "4620070.02": -0.3700859123945264, "4620069.01": -0.4508040935273464, "4620419.0": -0.46883402163273097, "4620401.0": -0.1417862529422609, "4620417.01": 0.5693061764560057, "4620121.0": -0.4377662092706492, "4620410.02": -0.3488745421306608, "4620129.01": -0.2402193944514762, "4620124.0": -0.5925109670739876, "4620361.0": -0.47517309737339314, "4620128.0": -0.582454666192316, "4620125.0": -0.6192970167335724, "4620129.02": -0.2748075800713808, "4620360.0": -0.4218165267826983, "4620130.0": -0.1807078415469016, "4620362.0": -0.6403533056196831, "4620366.0": -0.6732778887341307, "4620420.0": -0.49919130594667094, "4620287.01": -0.3796912928685806, "4620410.03": -0.41473964013582065, "4620410.01": -0.6500504226445544, "4620286.0": -0.5268819664297708, "4620285.0": -0.5595800694418723, "4620070.01": -0.2838217391688946, "4620062.0": -0.552323770807586, "4620055.02": -0.10191271484822709, "4620056.0": -0.43923113384241297, "4620421.04": -0.7111032754655837, "4620421.03": -0.5545801048771334, "4620400.0": -0.6176390135395615, "4620404.0": -0.5141422061020242, "4620421.05": -0.4997198261413997, "4620421.06": -0.7665793969002885, "4620283.01": -0.5295664463180254, "4620283.02": -0.3024834806612478, "4620131.0": -0.3420159704403612, "4620367.0": -0.6183270616778234, "4620132.0": -0.6239122378033193, "4620137.0": -0.4411556994307367, "4620363.0": -0.5925262757549482, "4620164.0": -0.37338093603547423, "4620365.0": -0.6463541208820369, "4620138.0": -0.4872411592865481, "4620133.0": -0.6607378535315047, "4620165.0": -0.7031712819854553, "4620061.0": -0.5655267586055408,