{"4620324.01": 0.8190270071773491, "4620323.0": 0.38842098058207025, "4620327.0": 0.731051971420642, "4620324.02": 0.38619815696121934, "4620322.02": 0.5251943909195422, "4620329.0": 0.6528227925046324, "4620322.04": -0.17532083687970365, "4620325.01": 0.20247556332311906, "4620322.03": 0.15691855527785187, "4620321.0": 0.24313227118431094, "4620320.0": 0.4525915240885481, "4620430.0": 0.4085265216338062, "4620392.0": 1.2449412673323061, "4620396.0": 0.670144702280444, "4620391.0": 1.146608129309985, "4620395.03": 1.1808665736339536, "4620397.0": 0.7367632592888771, "4620395.02": 1.3237666860675108, "4620393.0": 1.6028781097234135, "4620390.0": 1.1191505610559747, "4620328.0": 0.7379677208133814, "4620325.02": -9.144331034708714e-05, "4620326.02": 0.4815105475233229, "4620325.03": -0.0604178282875661, "4620326.03": 0.5692058819874954, "4620325.06": -0.020167959458845607, "4620330.0": 1.2772670070555399, "4620325.05": -0.07739662584758063, "4620500.0": 0.8587627371994704, "4620491.0": 0.542204009187917, "4620470.03": 0.008484153165561276, "4620515.01": 0.9090021914355046, "4620470.04": 0.27405325671048464, "4620515.02": 0.5426178468612902, "4620515.03": 0.3903849339182037, "4620515.04": 0.4761734051409631, "4620470.05": 0.6113957896826246, "4620514.02": 0.3350047886855983, "4620540.0": 0.5837723555356181, "4620550.02": 1.5255731833375838, "4620522.02": 0.40136028397656925, "4620514.01": 0.3874702963648518, "4620521.05": 0.1545505718316034, "4620550.04": 2.151703988228659, "4620550.03": 1.3633925852499116, "4620513.02": 0.5728988768354409, "4620521.04": 0.1180458060692427, "4620523.0": 0.3293893463027736, "4620512.02": 0.9574202087451974, "4620513.01": 0.7442121634935468, "4620512.04": 1.1047441058191796, "4620530.0": -0.10719233979871087, "4620512.03": 1.267389847386074, "4620394.0": 1.3395755483096128, "4620433.0": 0.7571242513666221, "4620395.01": 0.8374043649175315, "4620382.02": 1.8002405364508773, "4620381.0": 2.2801711965837965, "4620383.01": 1.3779631182570076, "4620520.03": 0.6514071769927148, "4620520.02": 0.018859250439952614, "4620326.01": 0.1635283211165729, "4620340.0": 0.9539386848175155, "4620090.0": 0.7476372016091087, "4620098.0": 1.4057217701448776, "4620097.02": 0.7200170345012816, "4620092.0": 0.5781188677554574, "4620100.02": 0.9327545567181009, "4620101.01": 1.2171993333859037, "4620093.0": 0.40858855615061485, "4620099.0": 0.5474176349286157, "4620316.0": 0.8206405641079915, "4620314.0": 1.1556717115448418, "4620313.0": 1.2859258628313677, "4620089.0": 0.934947319396512, "4620310.0": 1.326669829904757, "4620312.0": 1.635306398238642, "4620311.0": 1.5246699998569029, "4620317.06": 2.1853396661927675, "4620094.01": -0.06952535718923819, "4620088.0": 0.7206807082892152, "4620100.01": 0.6183498984138384, "4620097.01": 0.041456233579724173, "4620101.02": 0.8163883172120019, "4620087.0": 0.6038977435880437, "4620103.0": 0.02792546367005091, "4620102.0": 0.3131050424546026, "4620096.0": -0.3530985551447317, "4620380.0": 0.7329674320717652, "4620383.02": 0.6137785879068324, "4620415.08": 0.001538436838739016, "4620415.09": 0.3543359628527387, "4620511.02": 0.4265823320381171, "4620511.01": 0.3136819533268829, "4620120.02": -0.05193396630112346, "4620413.02": -0.2558509446510838, "4620120.01": 0.05486604159997892, "4620309.0": 1.2820889513950955, "4620308.0": 1.4176875120241643, "4620086.0": 0.9274174260448608, "4620307.0": 1.5539788383765571, "4620306.0": 1.712727002676639, "4620304.0": 1.0937548082208333, "4620305.0": 1.4673533174876943, "4620104.0": -0.18578247278709983, "4620084.0": 0.023931078886144486, "4620105.0": 0.041583776218582044, "4620370.0": 0.33202735064368283, "4620106.0": -0.38249502913063327, "4620095.0": -0.09403568568738764, "4620107.0": -0.43742221595278075, "4620385.0": 0.02873929516859138, "4620083.0": 0.4647400840084035, "4620082.0": 0.30416057042002004, "4620317.05": 2.119257471390172, "4620317.08": 1.9557847399714103, "4620303.0": 1.0190944259736976, "4620302.0": 1.2765766399424403, "4620085.0": 0.8265830670457784, "4620300.0": 1.1621497851780611, "4620317.03": 1.6503441353572148, "4620301.0": 0.8658452197626535, "4620317.07": 1.2549029812463344, "4620079.0": 0.09503332201316285, "4620074.0": 0.5811148411601854, "4620075.0": 0.4688517682324165, "4620110.0": -0.1593175741448111, "4620108.0": -0.46145461978747626, "4620111.0": 0.030396271233255005, "4620109.0": -0.3408233985987067, "4620352.0": 0.10768342433766273, "4620114.0": -0.4840280675264675, "4620113.0": -0.4128652292650095, "4620353.0": -0.15490723455409047, "4620081.0": 0.018739642902529177, "4620354.0": -0.34211708469426455, "4620415.1": -0.8509551955204526, "4620402.0": 0.1381303271628235, "4620415.03": -0.7456588870523164, "4620413.01": -0.6839858460787325, "4620288.0": -0.6139099435239153, "4620112.01": -0.48901987647520173, "4620415.04": -1.0953437236759171, "4620112.02": -0.4929327001341393, "4620115.01": -0.7131583500478396, "4620350.0": 0.0035174697726271034, "4620080.0": 0.059002437787230834, "4620351.0": -0.3285230553553772, "4620356.0": -0.83432688895126, "4620116.0": -0.8510162812409974, "4620117.0": -0.9107416488769412, "4620115.02": -1.134880767231208, "4620118.0": -0.9143340429929994, "4620076.0": 0.338615364807477, "4620078.0": -0.05370512829519766, "4620072.0": 0.9630770699389317, "4620067.0": -0.13007855939555601, "4620077.0": -0.09686484238021628, "4620073.0": 0.008484153627350664, "4620068.0": -0.395175098732145, "4620412.0": -0.7309262298723936, "4620415.07": -1.5695135208913222, "4620119.0": -0.8718918328171789, "4620416.02": -1.3289809690111847, "4620418.0": -1.1283505441927617, "4620416.01": -1.2766280296239634, "4620417.02": -1.6989535727497074, "4620287.02": -1.2482041677811182, "4620355.0": -0.11859757581600791, "4620066.02": -0.3028072683273143, "4620065.02": -0.26010024429323547, "4620127.01": -1.4047448500123616, "4620123.0": -1.5575063649942102, "4620065.01": -0.6664788880860875, "4620122.0": -1.4419657490022795, "4620126.0": -1.5673454228171015, "4620064.0": -0.8498592885615438, "4620066.01": -0.7364442045806963, "4620069.02": -0.4130102276542302, "4620063.0": -0.9277025372792649, "4620070.02": -0.1386219382618748, "4620069.01": -0.7554619552799676, "4620419.0": -1.7363830681066799, "4620401.0": -0.9200059385817667, "4620417.01": -2.2716080042052256, "4620121.0": -1.4931514860557944, "4620410.02": -1.5752716433801386, "4620129.01": -0.9675262845699094, "4620124.0": -1.6881343409438034, "4620361.0": -1.7632746405234183, "4620128.0": -1.2510245204539714, "4620125.0": -1.743910433673912, "4620129.02": -1.0956785441432733, "4620360.0": -1.6213549359133645, "4620130.0": -0.998135751230834, "4620362.0": -1.6699690326674346, "4620366.0": -1.6930973178736008, "4620420.0": -1.9176241880352394, "4620287.01": -1.7871440367358709, "4620410.03": -1.5801659065715001, "4620410.01": -1.8993501673732498, "4620286.0": -1.6760618327697774, "4620285.0": -1.5877105220504406, "4620070.01": 0.09179498841616224, "4620062.0": -0.8277671373620523, "4620055.02": 0.15822543336278222, "4620056.0": -0.38757986133813976, "4620421.04": -1.972330827544529, "4620421.03": -2.1988238108007683, "4620400.0": -1.596619261478736, "4620404.0": -2.127678252951236, "4620421.05": -1.8098936773511505, "4620421.06": -1.998022649805927, "4620283.01": -1.5413828391617235, "4620283.02": -1.0904304912269562, "4620131.0": -1.1638359541155692, "4620367.0": -1.8741595782243408, "4620132.0": -1.1902931628401816, "4620137.0": -1.2391254302915145, "4620363.0": -1.6628866396964426, "4620164.0": -1.3438922132344024, "4620365.0": -1.5524681669846427, "4620138.0": -1.2461378016487181, "4620133.0": -0.9511865469156074, "4620165.0": -1.6377331563641024, "4620061.0": -0.620184204979393, "4620057.0": -0.16213482053929476, "4620055.01": 0.1506984913071627, "4620058.0": -0.03558641300399294, "4620060.0": -0.3630197824117763, "4620059.0": -0.45643095245862775, "4620268.02": -1.5481756074020752, "4620284.0": -0.8567311874188754, "4620221.0": -1.7651878515240227,