{"4620324.01": -0.2847980730572447, "4620323.0": -0.428001868064609, "4620327.0": -0.05028200744838676, "4620324.02": -0.17467631317913315, "4620322.02": -0.7736864633095671, "4620329.0": -0.012296799099044497, "4620322.04": -0.882683179432667, "4620325.01": 0.1337392065156996, "4620322.03": -0.7874190555398677, "4620321.0": -0.6958515269126541, "4620320.0": -0.5000851211652048, "4620430.0": -0.5189336815758595, "4620392.0": 0.8227477573866011, "4620396.0": 1.5240793019634764, "4620391.0": 1.1971529693364589, "4620395.03": 0.653372258492155, "4620397.0": 0.47087863538775815, "4620395.02": 1.3875421681233693, "4620393.0": 0.5408284532397356, "4620390.0": 1.2658859612956002, "4620328.0": 0.7365426284499982, "4620325.02": 0.34980420437418486, "4620326.02": 0.8546630773529253, "4620325.03": 1.1428425390275068, "4620326.03": 0.18447938337965494, "4620325.06": 0.2329680695530767, "4620330.0": 0.03664379756173066, "4620325.05": 0.9393571170085625, "4620500.0": 1.440304731748542, "4620491.0": 1.340964124012361, "4620470.03": 0.8452093214409182, "4620515.01": 0.37756313171594585, "4620470.04": 0.9049474694258203, "4620515.02": 0.44668507343280184, "4620515.03": 0.4120449574185709, "4620515.04": 0.8949150293678442, "4620470.05": 0.4478357957774373, "4620514.02": -0.14014899919609386, "4620540.0": 0.8624640506562323, "4620550.02": -1.5914670991035926, "4620522.02": -0.16944567358674997, "4620514.01": -0.182475820612294, "4620521.05": -0.24195942455117786, "4620550.04": 0.23917488012295118, "4620550.03": 0.419547824303743, "4620513.02": 0.06690397945242356, "4620521.04": 0.9280325064197412, "4620523.0": -0.18029571490451093, "4620512.02": 0.7702426363887479, "4620513.01": 0.46138303990952745, "4620512.04": 0.7612955689772142, "4620530.0": 2.1210779166495612, "4620512.03": 0.7136553346120236, "4620394.0": 1.5462863858466533, "4620433.0": 3.4106193904065814, "4620395.01": 1.403184877861706, "4620382.02": 0.1473205852362695, "4620381.0": 0.6963255145155829, "4620383.01": 2.7158531266942676, "4620520.03": 3.931948135282286, "4620520.02": 3.1858359259181905, "4620326.01": 1.7614512199955004, "4620340.0": 0.5711572993229909, "4620090.0": 1.53184840532082, "4620098.0": -0.03721436721664759, "4620097.02": -0.044489202471248886, "4620092.0": 0.4623852042602166, "4620100.02": -0.2895263943478456, "4620101.01": -0.3424839925287763, "4620093.0": 1.0001323287866624, "4620099.0": -0.16673371387413813, "4620316.0": 0.7665937750438215, "4620314.0": 0.02198887617980841, "4620313.0": -0.1856657478207032, "4620089.0": 0.34489744349103196, "4620310.0": -0.09295312541263792, "4620312.0": 0.03321204088472934, "4620311.0": 0.2368307027644554, "4620317.06": 3.6117229278656184, "4620094.01": -0.16211289326060072, "4620088.0": 0.6539898579874868, "4620100.01": -0.3510060015151918, "4620097.01": -0.06845607513991013, "4620101.02": -0.46416758792482765, "4620087.0": -0.10049137412642063, "4620103.0": -0.21528762751213237, "4620102.0": -0.12683119961366052, "4620096.0": -0.2544551627401445, "4620380.0": 0.7485529207021232, "4620383.02": 0.572079439776448, "4620415.08": 1.381469754154024, "4620415.09": 3.54384043319569, "4620511.02": 2.943173767319336, "4620511.01": 1.9003338625773152, "4620120.02": -0.5064601482687549, "4620413.02": 1.0687908598978009, "4620120.01": 0.635291948684989, "4620309.0": 0.06141050146856287, "4620308.0": 0.12913793159983838, "4620086.0": -0.16697026441020374, "4620307.0": 0.35135577857066624, "4620306.0": 0.19561638192930972, "4620304.0": 0.021506456613032313, "4620305.0": 0.21996310322172172, "4620104.0": -0.3675535943579735, "4620084.0": -0.024851321185286154, "4620105.0": -0.2266487320775173, "4620370.0": 0.128612964995784, "4620106.0": -0.4977366322647372, "4620095.0": 0.6553726008574406, "4620107.0": -0.4526718978840423, "4620385.0": -0.7286743841474785, "4620083.0": 0.31421054531825837, "4620082.0": 0.7083642832251353, "4620317.05": 3.3614706821061278, "4620317.08": 3.5407879598785557, "4620303.0": -0.08310127311147565, "4620302.0": -0.0039731577292542114, "4620085.0": 0.6413033546307305, "4620300.0": 1.0827853902218407, "4620317.03": 2.8588171992296623, "4620301.0": 1.1067247888911234, "4620317.07": 3.2156627833961218, "4620079.0": 0.7213850391842678, "4620074.0": 1.3988518667183183, "4620075.0": 0.9388095453472587, "4620110.0": -0.6658457829774491, "4620108.0": 0.4243470605037081, "4620111.0": -0.5655681435338021, "4620109.0": -0.5716321154968359, "4620352.0": 0.9456436794719087, "4620114.0": -0.4136405266099084, "4620113.0": -0.7098302702349303, "4620353.0": 0.42747974102626685, "4620081.0": 0.6945307570025818, "4620354.0": 2.5503623108263547, "4620415.1": 6.999650639520122, "4620402.0": 0.7950588977147701, "4620415.03": 1.239131971849817, "4620413.01": 0.3523156413325279, "4620288.0": 2.4091638803953823, "4620112.01": -0.7167790599707681, "4620415.04": -0.10016130491127195, "4620112.02": -0.7754518453947451, "4620115.01": -0.8670743289871071, "4620350.0": 0.2647031968783715, "4620080.0": 1.670963501172043, "4620351.0": 0.10712969839446368, "4620356.0": -0.397072398790681, "4620116.0": -0.9629792063963294, "4620117.0": -0.8760758056382622, "4620115.02": -0.9441428896388308, "4620118.0": -0.9587426165812173, "4620076.0": 1.0771655156787787, "4620078.0": 1.18770550164065, "4620072.0": 0.3539626605811174, "4620067.0": 0.9253315220391035, "4620077.0": 1.2348389908526094, "4620073.0": 2.1857731481382654, "4620068.0": 0.9219123795283346, "4620412.0": 0.48886768785162255, "4620415.07": 1.7010066688268226, "4620119.0": -0.7606512983972931, "4620416.02": 3.4173845270335144, "4620418.0": -0.07544883899440541, "4620416.01": -1.0715230662741906, "4620417.02": 0.009355710421920646, "4620287.02": 0.8887912523986682, "4620355.0": 0.06981129511331469, "4620066.02": 0.5492862660648082, "4620065.02": 0.31385831925886604, "4620127.01": -1.0262090354342577, "4620123.0": -1.0597056526804276, "4620065.01": -0.3167164221539472, "4620122.0": -0.9758873192333084, "4620126.0": -0.9721404469122171, "4620064.0": -0.30043307867796704, "4620066.01": -0.15035601372099033, "4620069.02": 0.8045837062144054, "4620063.0": -0.1323412073242159, "4620070.02": -0.17895570389484225, "4620069.01": -0.35946457592361, "4620419.0": -0.7365388684894263, "4620401.0": -0.789174653041366, "4620417.01": 1.5859202187881607, "4620121.0": -0.9168782474543224, "4620410.02": -0.6780910458907419, "4620129.01": -0.3651278931041639, "4620124.0": -1.0781741484078429, "4620361.0": -0.9058509553285375, "4620128.0": -0.6979017213131705, "4620125.0": -0.7857531810598091, "4620129.02": -0.2855707963681139, "4620360.0": -0.5871620808927872, "4620130.0": -0.41227069783356085, "4620362.0": -0.6231612938430775, "4620366.0": -0.8605368243642418, "4620420.0": -1.295071694288578, "4620287.01": -0.18727737621909937, "4620410.03": -0.9640480659541593, "4620410.01": -0.8028928797340968, "4620286.0": -1.0413522380019322, "4620285.0": -1.2248557200396948, "4620070.01": -0.09835142445331688, "4620062.0": -0.46418734242165316, "4620055.02": 0.28684813739514753, "4620056.0": -0.7973190648928578, "4620421.04": -1.1047571222660901, "4620421.03": -1.3855544871936394, "4620400.0": -0.6970148078999472, "4620404.0": -1.031401120442291, "4620421.05": -1.023810302334042, "4620421.06": -0.8892639002029153, "4620283.01": -0.8970467837951213, "4620283.02": -1.009303819433578, "4620131.0": -0.5269400103087599, "4620367.0": -0.8482251780100192, "4620132.0": -0.7787107431388446, "4620137.0": -0.38257658757288543, "4620363.0": -0.7329899373450652, "4620164.0": -0.20187998200509868, "4620365.0": -0.4932410067705882, "4620138.0": -0.541949545865189, "4620133.0": -0.6881776452596409, "4620165.0": -0.6081006866799118, "4620061.0": -0.6886287448690723, "4620057.0": -0.7560011744380475, "4620055.01": -0.4551936937026026, "4620058.0": -0.7512731612928195, "4620060.0": -0.8344672899982384, "4620059.0": -0.7359064315971283, "4620268.02": -1.2198001929905131, "4620284.0": -0.8541393606389261, "4620221.0": -0.6514991397501776,