{"4620324.01": 0.26149844480250195, "4620323.0": 0.21828359448003934, "4620327.0": 0.013843805809713505, "4620324.02": 1.255081926555329, "4620322.02": 0.6123893309212018, "4620329.0": -0.4542678582859927, "4620322.04": 0.820407683298062, "4620325.01": 0.924775140337486, "4620322.03": -0.2196790578723755, "4620321.0": 1.2740859860848832, "4620320.0": -1.0280755089863305, "4620430.0": 0.7275837956834003, "4620392.0": 0.6217565082591183, "4620396.0": 0.8002995734162802, "4620391.0": -0.5593672014566151, "4620395.03": 0.881824048548067, "4620397.0": 1.0811919426746177, "4620395.02": 0.9793378643290027, "4620393.0": -0.09620378726335574, "4620390.0": 0.3183533144254058, "4620328.0": 0.6668713567552594, "4620325.02": 0.43318013159584595, "4620326.02": 1.0459780019915492, "4620325.03": 1.7765902111290583, "4620326.03": 1.3170928488017621, "4620325.06": 1.503096081801332, "4620330.0": -0.07534346744033571, "4620325.05": 0.6480305607052748, "4620500.0": 1.245589923327145, "4620491.0": 1.2133013751593105, "4620470.03": 0.35039068158196107, "4620515.01": -0.4859558975019513, "4620470.04": 0.2781958958790906, "4620515.02": 0.36524709904685815, "4620515.03": 0.2409429002303394, "4620515.04": 0.2141877647045519, "4620470.05": 1.0075943369740872, "4620514.02": 0.6502541974489288, "4620540.0": 0.9895044912985378, "4620550.02": -0.9353527341357325, "4620522.02": 1.0938387704064412, "4620514.01": 0.6187330386738784, "4620521.05": 0.5552978153186, "4620550.04": 0.8484814221155508, "4620550.03": 0.055778891882943014, "4620513.02": 0.7380143803629414, "4620521.04": 1.8138027814535218, "4620523.0": 0.662184055771262, "4620512.02": 1.215914012591005, "4620513.01": 1.55400123104516, "4620512.04": 0.9317525935931492, "4620530.0": 0.9913758588718143, "4620512.03": 1.877799956520607, "4620394.0": 0.2945073649970746, "4620433.0": -0.4893046430105918, "4620395.01": 0.6409541476369292, "4620382.02": 0.5743138852806728, "4620381.0": 1.0384305490850563, "4620383.01": 1.3912311314903685, "4620520.03": 0.23124772072776184, "4620520.02": 1.714939287666408, "4620326.01": 1.5550025047689962, "4620340.0": 1.260988644997135, "4620090.0": 1.6781515321987908, "4620098.0": 0.9827025326480425, "4620097.02": 1.5025777086330039, "4620092.0": 1.052197991929773, "4620100.02": 0.9925059988011256, "4620101.01": 0.7241648838214841, "4620093.0": 1.2418544877568223, "4620099.0": 0.3389653423183084, "4620316.0": 0.8801639603777631, "4620314.0": 0.2888546309183139, "4620313.0": -0.19923942669975164, "4620089.0": 0.007084157104128927, "4620310.0": -0.31420649027137737, "4620312.0": -0.3368240037438682, "4620311.0": -0.8258764538932813, "4620317.06": 0.06648637759993813, "4620094.01": -0.44082357143392165, "4620088.0": 0.5120662434823954, "4620100.01": 0.5568092999357213, "4620097.01": 0.10798842751288683, "4620101.02": 0.7446087344214974, "4620087.0": -0.48998241739748094, "4620103.0": 0.14256819807790255, "4620102.0": 0.29863388393049217, "4620096.0": -0.5823666381361868, "4620380.0": 2.0311221068983722, "4620383.02": 0.8071960808977124, "4620415.08": 0.7951052116405777, "4620415.09": -0.025574714635418567, "4620511.02": 0.2740775924176498, "4620511.01": 0.5079238756000819, "4620120.02": 2.0765188419962777, "4620413.02": 0.5749864078185545, "4620120.01": 1.220995761449185, "4620309.0": -0.10948851930114091, "4620308.0": -0.6472718633135808, "4620086.0": -0.6569112998536809, "4620307.0": -0.42196969030442877, "4620306.0": -0.34252686477343147, "4620304.0": -1.0036592490551004, "4620305.0": -0.8283933981121369, "4620104.0": -0.54049204501453, "4620084.0": -1.0738510610616132, "4620105.0": -0.21370060209748876, "4620370.0": 0.8343079670256424, "4620106.0": -1.2431750818562648, "4620095.0": -0.6664008932277176, "4620107.0": -1.1722091509045363, "4620385.0": 2.3626174486062275, "4620083.0": -0.5401259836672192, "4620082.0": -0.2457245825091575, "4620317.05": 0.7998863610108684, "4620317.08": 1.1280993397364705, "4620303.0": -0.8360166177767101, "4620302.0": -0.6983839890265116, "4620085.0": -0.47894796521161764, "4620300.0": -0.11161094458149964, "4620317.03": 0.7883207127391663, "4620301.0": -0.9979443512591759, "4620317.07": 0.17390115705803583, "4620079.0": -1.0273912509557241, "4620074.0": -0.6934198659139397, "4620075.0": -1.1970422497604265, "4620110.0": -0.025123564039057134, "4620108.0": -1.1591777857839713, "4620111.0": 0.2526964462840992, "4620109.0": -0.21212407729358804, "4620352.0": -0.44493515500475256, "4620114.0": -0.22880947901573415, "4620113.0": 0.09879408371367149, "4620353.0": -0.7014745755173347, "4620081.0": -0.9896296133126493, "4620354.0": -0.37014332529281135, "4620415.1": -0.24647611105141035, "4620402.0": 0.4541021672153927, "4620415.03": 0.45835272995267795, "4620413.01": 0.6435164455796311, "4620288.0": 0.2677180593336727, "4620112.01": 1.3995273691707797, "4620415.04": 0.3952835180424449, "4620112.02": 1.150944934714693, "4620115.01": 0.5406279875625541, "4620350.0": -0.4453985201548477, "4620080.0": -0.38412290775479474, "4620351.0": -0.30175773330083355, "4620356.0": -0.2827071266832002, "4620116.0": 0.5107153407765688, "4620117.0": 1.1472556203518556, "4620115.02": 0.24419343644901864, "4620118.0": 1.071478449094041, "4620076.0": -0.9853653782548168, "4620078.0": -0.7748047498888672, "4620072.0": -0.8614592410602586, "4620067.0": -0.2892896711890783, "4620077.0": -0.6209885959810921, "4620073.0": -0.415474857745001, "4620068.0": 0.2703098125667599, "4620412.0": 0.5337298748294701, "4620415.07": -0.2909769821195855, "4620119.0": 0.25909667178003426, "4620416.02": 0.04569838161069396, "4620418.0": 0.5329769260287067, "4620416.01": -0.06738939056440935, "4620417.02": 0.5343987751555492, "4620287.02": -0.16047569452409433, "4620355.0": -0.2500604223709564, "4620066.02": 0.40909141978386, "4620065.02": 0.9144554093199962, "4620127.01": 0.6299350875474222, "4620123.0": 0.6644806128766956, "4620065.01": 0.37448925592109156, "4620122.0": 0.46764888312874714, "4620126.0": 0.5132581134072511, "4620064.0": 1.0250633733768872, "4620066.01": -0.004298739189676738, "4620069.02": -0.14304365007736697, "4620063.0": 0.13156969439675092, "4620070.02": -1.1205860912961623, "4620069.01": -0.17165682425528334, "4620419.0": 0.5406536144766012, "4620401.0": -0.39179289296470093, "4620417.01": 0.07806462491502701, "4620121.0": 1.2813110010796784, "4620410.02": 0.47324048984896616, "4620129.01": 0.5615949111072188, "4620124.0": 0.5552859679383827, "4620361.0": -0.3867845876574838, "4620128.0": -0.5840182586547413, "4620125.0": -0.7317712543462658, "4620129.02": 0.060505267020034025, "4620360.0": -0.9067338347034939, "4620130.0": 0.5229358761102031, "4620362.0": -0.35229628640635435, "4620366.0": 0.04108472930514436, "4620420.0": 1.2316581110182845, "4620287.01": 0.7358775372095407, "4620410.03": 0.08579843906591617, "4620410.01": 0.596737348776596, "4620286.0": 0.590391967976137, "4620285.0": 0.4951277187735565, "4620070.01": -0.4294063811323338, "4620062.0": 0.04000674680927029, "4620055.02": -0.6631323046532047, "4620056.0": -0.8616764362861928, "4620421.04": 0.6672552510305693, "4620421.03": 0.4932640245300813, "4620400.0": 0.7736320344306586, "4620404.0": -0.012779316942468501, "4620421.05": 0.1685395514810253, "4620421.06": -0.37021563106099964, "4620283.01": 0.8942110527748731, "4620283.02": 1.0576451475036943, "4620131.0": -0.47376811303828004, "4620367.0": 0.7532086724539558, "4620132.0": -1.106279444892147, "4620137.0": -0.2982796421878894, "4620363.0": -1.4245529610544017, "4620164.0": -0.7795768546423332, "4620365.0": 0.1055132995763842, "4620138.0": -1.1443739031457272, "4620133.0": -1.4360776479097377, "4620165.0": -1.3131987694509972, "4620061.0": -0.5276055949907593, "4620057.0": -1.1343044192561884, "4620055.01": -1.2417829921305035, "4620058.0": -1.2912079414985531, "4620060.0": -1.9415526242610563, "4620059.0": -1.2474916367529219, "4620268.02": -0.2454045431948809, "4620284.0": 1.0670171789182115, "4620221.0": 0.507386998853017, "4620268.03": 0.49093027079630286,