{"4620324.01": 0.16355137532596287, "4620323.0": 0.15404607674311774, "4620327.0": 0.5125197998496439, "4620324.02": 0.546015114477106, "4620322.02": -0.2176474551872245, "4620329.0": 0.15985915734546977, "4620322.04": 0.028833988358996164, "4620325.01": 0.22915639974728177, "4620322.03": -0.1844472230415482, "4620321.0": -0.06587183466356512, "4620320.0": -0.12869635272624086, "4620430.0": 0.19056627577302124, "4620392.0": -0.41534267474666065, "4620396.0": -0.4274573373061958, "4620391.0": -0.9846096112776963, "4620395.03": 0.2906971066132619, "4620397.0": -0.02301549092346574, "4620395.02": -0.014946986011037137, "4620393.0": -0.5604901025937499, "4620390.0": -0.38328202302178516, "4620328.0": 0.06296640541120396, "4620325.02": 0.1328340900649397, "4620326.02": 0.47012181868052216, "4620325.03": -0.3459957715940732, "4620326.03": 0.03419646996389533, "4620325.06": -0.023254943193333513, "4620330.0": -0.0012966990520501347, "4620325.05": -0.26407155966514295, "4620500.0": 0.3168202658823434, "4620491.0": 0.37709351877499436, "4620470.03": 0.3110233629908273, "4620515.01": 0.17200027631400547, "4620470.04": 0.43025953737457534, "4620515.02": 0.28177977362699763, "4620515.03": 0.25676890351973103, "4620515.04": 0.2793247364273427, "4620470.05": 0.2614896292543848, "4620514.02": 0.32914661568508596, "4620540.0": 0.37645736495743487, "4620550.02": 0.9267776570256537, "4620522.02": 0.7060803804271581, "4620514.01": 0.4594486491249136, "4620521.05": 0.4888782032689861, "4620550.04": 0.36490089833399525, "4620550.03": 0.24605458729025315, "4620513.02": 0.6808031840760658, "4620521.04": 1.0194721306198142, "4620523.0": 0.9831877240894042, "4620512.02": 0.32050421492895803, "4620513.01": 0.640405300556769, "4620512.04": 0.3091466558008692, "4620530.0": 0.8151090794148654, "4620512.03": 0.6334715332426867, "4620394.0": -0.19989662097655075, "4620433.0": 0.4409754872056329, "4620395.01": 0.27659140814003175, "4620382.02": 1.045638182364314, "4620381.0": 0.4923120125682641, "4620383.01": 0.9093061254593832, "4620520.03": 0.8630667084565657, "4620520.02": 1.5335195941815456, "4620326.01": -0.39306585590085336, "4620340.0": -0.38235889405065004, "4620090.0": -0.8441745574667924, "4620098.0": -0.22033584632752176, "4620097.02": -0.19622858362225631, "4620092.0": -0.6039981456521614, "4620100.02": -0.33481719125752113, "4620101.01": -0.12635838848848868, "4620093.0": -0.5466695645570994, "4620099.0": -0.4695974534009181, "4620316.0": -0.7295370957397915, "4620314.0": -0.5481198577179068, "4620313.0": -0.5713381547431, "4620089.0": -0.49224859186167885, "4620310.0": -0.6102828359086807, "4620312.0": -0.7259257664850503, "4620311.0": -0.7375610340220143, "4620317.06": -0.45993275020894714, "4620094.01": -0.20590881489326768, "4620088.0": -0.6276114808717683, "4620100.01": -0.30778185102420597, "4620097.01": -0.06729331187859171, "4620101.02": 0.07651617701534477, "4620087.0": -0.44583027573488104, "4620103.0": -0.24559397055166476, "4620102.0": 0.19380926636402548, "4620096.0": -0.14988168673432792, "4620380.0": 0.12629909925692756, "4620383.02": 0.8064310706337248, "4620415.08": 0.7127900599732699, "4620415.09": 0.8801499707737348, "4620511.02": 0.7790582359276007, "4620511.01": 1.5301278199633075, "4620120.02": 0.4659565361736552, "4620413.02": 0.5422300963783935, "4620120.01": 0.739006383676539, "4620309.0": -0.7586048309597339, "4620308.0": -0.879924786476817, "4620086.0": -0.4544339958223869, "4620307.0": -1.1267246720266297, "4620306.0": -1.3033398816947532, "4620304.0": -0.8416653683922755, "4620305.0": -1.171983617974074, "4620104.0": -0.4672527733103473, "4620084.0": -0.13726913727649334, "4620105.0": 0.21217296051965462, "4620370.0": -0.23229562113865457, "4620106.0": -0.3167270886132638, "4620095.0": -0.0197578363764447, "4620107.0": -0.3378680172548984, "4620385.0": 1.0174887766225273, "4620083.0": 0.21043839893443367, "4620082.0": -0.25445506853975625, "4620317.05": -0.5754846322345271, "4620317.08": -0.8926636143812032, "4620303.0": -0.6755737735118357, "4620302.0": -0.9365862143054335, "4620085.0": -0.7218884839872539, "4620300.0": -1.2525628314513773, "4620317.03": -0.5813881655944646, "4620301.0": -0.5777376868408745, "4620317.07": -0.25693219628726144, "4620079.0": -0.40049792434667414, "4620074.0": -0.5162460778543293, "4620075.0": -0.17174507957066834, "4620110.0": -0.0281238424835466, "4620108.0": 0.19506480397768627, "4620111.0": 0.19294740640817318, "4620109.0": -0.0719877149833532, "4620352.0": 0.19721405833166777, "4620114.0": 0.3971507011948092, "4620113.0": 0.08018244433054215, "4620353.0": 0.27846188303588626, "4620081.0": -0.3593363262013116, "4620354.0": 0.8650447371678033, "4620415.1": 0.94767206870166, "4620402.0": 0.14869516793768636, "4620415.03": 0.6502582715080168, "4620413.01": 0.6039162856424468, "4620288.0": 1.308332502232926, "4620112.01": 0.22665894520521265, "4620415.04": 0.7758952237247886, "4620112.02": 0.6385158183067294, "4620115.01": 0.1797965282522056, "4620350.0": -0.6115349639369048, "4620080.0": 0.14320087227274714, "4620351.0": -0.9014971062221259, "4620356.0": 0.13706279072108402, "4620116.0": -0.048384291700668, "4620117.0": 0.08077855043032621, "4620115.02": 0.41125253669399386, "4620118.0": 0.7124221122279486, "4620076.0": -0.1437833001217064, "4620078.0": 0.5484484769202819, "4620072.0": -1.0350835467449164, "4620067.0": -0.19158548383994276, "4620077.0": 0.24157864442026444, "4620073.0": -0.20282231563700462, "4620068.0": -0.573315647444792, "4620412.0": 0.733721807281452, "4620415.07": 1.1733986909607468, "4620119.0": 0.7783206612359194, "4620416.02": 1.0357592779693814, "4620418.0": 1.1596866855143353, "4620416.01": 1.8225084831375875, "4620417.02": 0.9911185827502341, "4620287.02": 1.3043973251509688, "4620355.0": 0.5701583305252627, "4620066.02": 0.0579540907349202, "4620065.02": -0.883934025126168, "4620127.01": 0.059929440861351185, "4620123.0": 0.5653338660839006, "4620065.01": -1.1275679169434807, "4620122.0": 0.8241678329528059, "4620126.0": 1.1278504469879542, "4620064.0": -1.1667800877973915, "4620066.01": -0.30900947097039533, "4620069.02": -0.9392083881765161, "4620063.0": -0.5074100724849177, "4620070.02": -1.4850244268278554, "4620069.01": -0.6525239022512351, "4620419.0": 1.3393301163854168, "4620401.0": 0.4820075383837781, "4620417.01": 1.606551616228964, "4620121.0": 1.4612371008883307, "4620410.02": 1.316301982899385, "4620129.01": -0.9756067491301644, "4620124.0": 1.3190674764330275, "4620361.0": 2.430898651598563, "4620128.0": -0.4258377615117768, "4620125.0": 1.2199395775760231, "4620129.02": -1.176882158398098, "4620360.0": 1.4321287948257275, "4620130.0": -1.0915913510512107, "4620362.0": 2.8781156234933034, "4620366.0": 2.837168191796657, "4620420.0": 1.2834002266297413, "4620287.01": 1.6371882167364937, "4620410.03": 0.6129772694046651, "4620410.01": 1.4697640575156246, "4620286.0": 1.2934418292898948, "4620285.0": 1.1832763753950237, "4620070.01": -1.5059529879487947, "4620062.0": -1.503164013070059, "4620055.02": -1.419741288439566, "4620056.0": -1.7170122238016539, "4620421.04": 1.4956292003278007, "4620421.03": 1.6865640594201865, "4620400.0": 1.4490436775329232, "4620404.0": 0.630734991235907, "4620421.05": 1.225533823535913, "4620421.06": 1.7118708056052196, "4620283.01": 1.125807992317338, "4620283.02": 1.1616113873367606, "4620131.0": -1.3251677088755054, "4620367.0": 2.2242785451715186, "4620132.0": -1.2043441723513717, "4620137.0": -0.6571934658871562, "4620363.0": 3.607115835804858, "4620164.0": 2.560717021369174, "4620365.0": 3.0680287694285573, "4620138.0": -0.3938859231120429, "4620133.0": -1.1393497499167253, "4620165.0": 3.767644354938498, "4620061.0": -1.4082563091519618, "4620057.0": -1.842830404627639, "4620055.01": -1.795694508806162, "4620058.0": -1.3662158384921708, "4620060.0": -1.5862634542942868, "4620059.0": -0.9710508593713976, "4620268.02": 0.39661296923143036, "4620284.0": 1.050038207872434, "4620221.0": 2.271870918555515,