{"4620324.01": 0.005486412819693406, "4620323.0": -0.021161428124454464, "4620327.0": 0.009361422897134142, "4620324.02": -0.01659708958508692, "4620322.02": -0.04731733058649881, "4620329.0": 0.006706076901551307, "4620322.04": -0.06916293842321158, "4620325.01": -0.028100243230655637, "4620322.03": -0.05828448660799382, "4620321.0": -0.037878412077891534, "4620320.0": -0.01712535563705117, "4620430.0": -0.03322528114028365, "4620392.0": 0.01798806571608718, "4620396.0": -0.05412785111251698, "4620391.0": 0.027309558432151847, "4620395.03": -0.046433641032486636, "4620397.0": -0.0073536650093001185, "4620395.02": 0.03466267809390533, "4620393.0": 0.009202116652041833, "4620390.0": 0.031227560757763985, "4620328.0": 0.008925258061964737, "4620325.02": -0.04973340989801329, "4620326.02": -0.006420856014011649, "4620325.03": -0.05952947839742958, "4620326.03": -0.011358823819814198, "4620325.06": -0.05195620815637096, "4620330.0": 0.042919711608461746, "4620325.05": -0.07878705678573623, "4620500.0": 0.014432053890985997, "4620491.0": -0.005478233648452433, "4620470.03": -0.04322855671495976, "4620515.01": -0.0610083446040187, "4620470.04": -0.023040762080924163, "4620515.02": -0.009738203972983082, "4620515.03": -0.08901028013909595, "4620515.04": -0.11341925173527324, "4620470.05": -0.01197201366672904, "4620514.02": -0.12987709819568696, "4620540.0": -0.005268090594622004, "4620550.02": 22.589034831292164, "4620522.02": -0.024790401214008766, "4620514.01": -0.08728616743531709, "4620521.05": -0.042404483750540574, "4620550.04": -0.17269377232380156, "4620550.03": -0.22279811349987438, "4620513.02": -0.01644049104013333, "4620521.04": -0.03895097767627556, "4620523.0": -0.02696501487275555, "4620512.02": 0.013215121316777961, "4620513.01": -0.0030957081015630804, "4620512.04": 0.01696690601618631, "4620530.0": -0.048040072869803205, "4620512.03": 0.028982510550432095, "4620394.0": 0.0510761357835945, "4620433.0": -0.04270713256718773, "4620395.01": -0.016956663309462886, "4620382.02": 0.05997403019704666, "4620381.0": 0.09944246864299923, "4620383.01": 0.04212221037319683, "4620520.03": -0.06836255790248973, "4620520.02": -0.03003161674946417, "4620326.01": -0.0717786646542152, "4620340.0": 0.021986291674375335, "4620090.0": -0.038934521417812916, "4620098.0": 0.038678625750702654, "4620097.02": 0.005182817072895071, "4620092.0": -0.014847210943702041, "4620100.02": 0.015217992837218594, "4620101.01": 0.026783978255827075, "4620093.0": -0.0498339892723821, "4620099.0": -0.006643696750214775, "4620316.0": -0.014747733923562224, "4620314.0": 0.03206108428938692, "4620313.0": 0.03104398870391301, "4620089.0": -0.0037688423118868017, "4620310.0": 0.03486549577887663, "4620312.0": 0.06100860913377592, "4620311.0": 0.05906087568600125, "4620317.06": 0.09229319406614941, "4620094.01": -0.042684210232665415, "4620088.0": -0.030045650879018563, "4620100.01": -0.002649019997654149, "4620097.01": -0.03740885022875425, "4620101.02": 0.00444931167140349, "4620087.0": -0.01041549522288481, "4620103.0": -0.043876908944150084, "4620102.0": -0.026494299266225173, "4620096.0": -0.06119185961472387, "4620380.0": 0.0007705175425547278, "4620383.02": -0.011271152257718572, "4620415.08": -0.05772272942752676, "4620415.09": -0.015268992193572261, "4620511.02": -0.0596484679760102, "4620511.01": -0.028911199371720733, "4620120.02": -0.03483268430636345, "4620413.02": -0.07161092199548315, "4620120.01": -0.04559622403098228, "4620309.0": 0.04201584436578433, "4620308.0": 0.05230415443126204, "4620086.0": 0.02345430664471692, "4620307.0": 0.062339849783368255, "4620306.0": 0.07302138964903374, "4620304.0": 0.03966577872402296, "4620305.0": 0.05941774861040042, "4620104.0": -0.06001881778998146, "4620084.0": -0.014293475869202012, "4620105.0": -0.04036269758013747, "4620370.0": -0.039995747961947326, "4620106.0": -0.062105864766671806, "4620095.0": -0.05311142044273099, "4620107.0": -0.06717994877996745, "4620385.0": -0.03829580898231115, "4620083.0": -0.010001951871288448, "4620082.0": -0.026647745919290488, "4620317.05": 0.07088835345052465, "4620317.08": 0.05651221877687587, "4620303.0": 0.029481767472087483, "4620302.0": 0.041233572842973534, "4620085.0": 0.019957943225868833, "4620300.0": 0.041354137240227976, "4620317.03": 0.04305072801995374, "4620301.0": 0.023972194890009124, "4620317.07": 0.025235266954692793, "4620079.0": -0.01670341736748807, "4620074.0": 0.003659443255957141, "4620075.0": -0.0029049097751696197, "4620110.0": -0.055311779078371294, "4620108.0": -0.07300984722096363, "4620111.0": -0.04394110271428538, "4620109.0": -0.06139049764312489, "4620352.0": -0.03542126784898509, "4620114.0": -0.07167932030161554, "4620113.0": -0.06378424348817108, "4620353.0": -0.062260163614173865, "4620081.0": -0.03030048099563823, "4620354.0": -0.07730168771890457, "4620415.1": -0.15588608392916894, "4620402.0": -0.019393842540464022, "4620415.03": -0.09571376120891854, "4620413.01": -0.08735494637740698, "4620288.0": -0.11533455643935749, "4620112.01": -0.06302056363782448, "4620415.04": -0.11321937542913854, "4620112.02": -0.06204707148383188, "4620115.01": -0.0832856411986998, "4620350.0": -0.03635405269994461, "4620080.0": -0.03545154836446597, "4620351.0": -0.059720827193906645, "4620356.0": -0.10491456077079152, "4620116.0": -0.08833677941489589, "4620117.0": -0.0863219785830709, "4620115.02": -0.10612539354612369, "4620118.0": -0.08646081211214185, "4620076.0": -0.012141628256828943, "4620078.0": -0.026337239701718692, "4620072.0": -0.00367761741599664, "4620067.0": -0.04537603858012477, "4620077.0": -0.037310202867632765, "4620073.0": -0.02838436477930577, "4620068.0": -0.053943114011379543, "4620412.0": -0.08753926719888953, "4620415.07": -0.17418996264481218, "4620119.0": -0.08695235208882364, "4620416.02": -0.15567580024553737, "4620418.0": -0.11195283458361747, "4620416.01": -0.12549439001416599, "4620417.02": -0.13682078640866166, "4620287.02": -0.1330713756652309, "4620355.0": -0.06925405013775816, "4620066.02": -0.05821385550124061, "4620065.02": -0.07131375961565702, "4620127.01": -0.11518012860993891, "4620123.0": -0.11872510093902684, "4620065.01": -0.07511383906605358, "4620122.0": -0.11741663886030111, "4620126.0": -0.13432751261414153, "4620064.0": -0.08769310402847649, "4620066.01": -0.0596913215609184, "4620069.02": -0.04726351933083205, "4620063.0": -0.07654126950837509, "4620070.02": -0.06058252959830884, "4620069.01": -0.0674956667401284, "4620419.0": -0.1446108543668657, "4620401.0": -0.09971039456814962, "4620417.01": -0.16586066166414892, "4620121.0": -0.12530531836139155, "4620410.02": -0.13700388548433445, "4620129.01": -0.09481543661258748, "4620124.0": -0.13791742123694084, "4620361.0": -0.14773960527404104, "4620128.0": -0.11046228294635643, "4620125.0": -0.1498537764584161, "4620129.02": -0.09981801063128715, "4620360.0": -0.14547762502079165, "4620130.0": -0.10118345448930569, "4620362.0": -0.14653164130034552, "4620366.0": -0.14789920483912347, "4620420.0": -0.15592308764440985, "4620287.01": -0.1594313971679757, "4620410.03": -0.14876536695829673, "4620410.01": -0.15790982115781843, "4620286.0": -0.156136668119088, "4620285.0": -0.13774268468043555, "4620070.01": -0.05366912025491652, "4620062.0": -0.08139939807043436, "4620055.02": -0.019593451998037983, "4620056.0": -0.06437609495249529, "4620421.04": -0.16049639756304576, "4620421.03": -0.1699506481123213, "4620400.0": -0.16843894485588956, "4620404.0": -0.17578952962740596, "4620421.05": -0.14673711758585586, "4620421.06": -0.14852255805600323, "4620283.01": -0.13365282097520267, "4620283.02": -0.1285991857471465, "4620131.0": -0.09849471232902256, "4620367.0": -0.150976645624953, "4620132.0": -0.09585285494869827, "4620137.0": -0.11063479474205976, "4620363.0": -0.11925513579438524, "4620164.0": -0.11402588853342453, "4620365.0": -0.12841386071334196, "4620138.0": -0.10825086890835095, "4620133.0": -0.09179033693041158, "4620165.0": -0.1127075948000889,