{"4620324.01": -0.6710324316861543, "4620323.0": -0.777679821367441, "4620327.0": -0.7659924989755292, "4620324.02": -0.49029516119541283, "4620322.02": -0.6430499089260676, "4620329.0": -0.958976857625042, "4620322.04": -0.4834226636542085, "4620325.01": -0.3881391887944693, "4620322.03": -0.8061242275478495, "4620321.0": -0.4137143435854518, "4620320.0": -1.035251166414795, "4620430.0": -0.7342680584099982, "4620392.0": -0.7565275407833457, "4620396.0": -0.4206895350798897, "4620391.0": -0.871086770375984, "4620395.03": -0.724149075346858, "4620397.0": -0.06784347351438402, "4620395.02": -0.5228486697796711, "4620393.0": -0.9083208848773757, "4620390.0": -0.8689825283246964, "4620328.0": -0.8555657886004744, "4620325.02": -0.35138604598167283, "4620326.02": -0.6079301748960876, "4620325.03": 0.13743666981757924, "4620326.03": -0.08381185634060234, "4620325.06": 0.214182504318293, "4620330.0": -0.869391428456135, "4620325.05": -0.3476400555530726, "4620500.0": -1.1488104728971011, "4620491.0": -1.0771633231894193, "4620470.03": -0.8603029761419093, "4620515.01": -1.005306527793228, "4620470.04": -0.9329487348507016, "4620515.02": -1.061833824256392, "4620515.03": -0.9045415909025577, "4620515.04": -0.8806900576807022, "4620470.05": -1.0537954623176509, "4620514.02": -0.8822283992914525, "4620540.0": -1.0779195227574947, "4620550.02": -1.6768967836436997, "4620522.02": -0.7038590797864781, "4620514.01": -0.6667776261985835, "4620521.05": -0.6404748214748529, "4620550.04": -1.4132304485602276, "4620550.03": -1.2329300271757355, "4620513.02": -0.8554299942865368, "4620521.04": -0.9567116874338769, "4620523.0": -0.3922243068998562, "4620512.02": -0.804164783092604, "4620513.01": -0.6300226972457451, "4620512.04": -0.8845036506846604, "4620530.0": -0.6462359677899122, "4620512.03": -0.9986306580210131, "4620394.0": -0.7641981374783652, "4620433.0": -0.9493467187949952, "4620395.01": -0.6631153264452102, "4620382.02": -0.3011668601387719, "4620381.0": -0.9443205262378315, "4620383.01": -0.853501217012792, "4620520.03": -0.8590762134882518, "4620520.02": -0.684998570947765, "4620326.01": 0.032874691319825025, "4620340.0": 1.1025763186814563, "4620090.0": -0.01847685099884782, "4620098.0": 0.13542082249992343, "4620097.02": 1.3635578275146123, "4620092.0": -0.314892303032612, "4620100.02": -0.22805801283164084, "4620101.01": -0.49449717632772977, "4620093.0": -0.09399967505041368, "4620099.0": 1.5658324819653442, "4620316.0": -0.5594695372387863, "4620314.0": -0.9084390932542804, "4620313.0": -0.9664197543704856, "4620089.0": -0.8116436671476348, "4620310.0": -0.9624342794387222, "4620312.0": -1.1543844653073574, "4620311.0": -1.1884693341581352, "4620317.06": -0.3757876911498885, "4620094.01": 1.3830345363369803, "4620088.0": -0.7006156182380014, "4620100.01": -0.3885825616826016, "4620097.01": 0.5972940313066873, "4620101.02": -0.48501476755374795, "4620087.0": -0.9387516142405614, "4620103.0": 0.7009993195182112, "4620102.0": -0.5333046538232958, "4620096.0": 1.4669948327770985, "4620380.0": -0.21426197271023556, "4620383.02": -0.27926841056945484, "4620415.08": -0.34428187177742253, "4620415.09": -0.9355979886640204, "4620511.02": -0.9268407470684554, "4620511.01": -0.7903002010293866, "4620120.02": 0.7703093575153467, "4620413.02": -0.8808645583154259, "4620120.01": -0.02812181225980535, "4620309.0": -0.8834994018240266, "4620308.0": -0.7260838414534061, "4620086.0": -0.9382294981108563, "4620307.0": -0.6892830184186495, "4620306.0": -0.7520252831196114, "4620304.0": -1.0269474068833233, "4620305.0": -0.9461201367653501, "4620104.0": 1.042641428248533, "4620084.0": -0.498584712837696, "4620105.0": -0.040203331317048785, "4620370.0": 0.018886569216769785, "4620106.0": 0.046217535900086426, "4620095.0": 0.014353204462213533, "4620107.0": 0.3601079480037839, "4620385.0": 0.5599778277809008, "4620083.0": -0.615297566906134, "4620082.0": 0.058008008137225175, "4620317.05": 0.3493643856510448, "4620317.08": -0.41918856328386117, "4620303.0": -0.8687764814965158, "4620302.0": -0.6578908181335001, "4620085.0": -0.7501135017867891, "4620300.0": -0.6988325927052818, "4620317.03": 0.14572862497535555, "4620301.0": -0.8185693473131038, "4620317.07": 0.2098375437202992, "4620079.0": -0.26711896037566657, "4620074.0": -0.6239501598371501, "4620075.0": -0.6307092848315784, "4620110.0": 0.17801387396978588, "4620108.0": -0.1570898690236644, "4620111.0": 0.31699090749285835, "4620109.0": 0.5823221561605577, "4620352.0": -0.1592548705136234, "4620114.0": -0.312335771155353, "4620113.0": 0.8036026476533059, "4620353.0": -0.14369097848519735, "4620081.0": -0.65365012044598, "4620354.0": -0.514897268054379, "4620415.1": -0.8276783589779202, "4620402.0": 0.09700686436340739, "4620415.03": -0.46889540195304513, "4620413.01": -0.4429665299290825, "4620288.0": -0.5441687569862331, "4620112.01": 1.5117686075787125, "4620415.04": -0.3659794050557388, "4620112.02": 0.3821452179197977, "4620115.01": 0.32084524908940526, "4620350.0": 1.1757997467813277, "4620080.0": 0.0028857887284339146, "4620351.0": 3.4523764320925188, "4620356.0": 0.42298164866559146, "4620116.0": 1.256526236903205, "4620117.0": 1.3606727683348763, "4620115.02": 0.561014977432119, "4620118.0": 2.110568949273292, "4620076.0": -0.44556624874487816, "4620078.0": -0.588921389027168, "4620072.0": -0.5732430001547056, "4620067.0": 1.0711117148906877, "4620077.0": -0.28555500336328243, "4620073.0": -0.3871167776870931, "4620068.0": 2.534122001733735, "4620412.0": -0.2471621834374175, "4620415.07": -0.596499347791281, "4620119.0": 0.6743064637025415, "4620416.02": -0.158260850548154, "4620418.0": -0.5273587898906513, "4620416.01": 0.32690486394284124, "4620417.02": -0.09412744029764739, "4620287.02": 0.4756944103240778, "4620355.0": 0.003000286271609551, "4620066.02": 3.4869593522543347, "4620065.02": 4.78976128446905, "4620127.01": 1.1890649109902638, "4620123.0": 1.465701679090398, "4620065.01": 3.704018774726968, "4620122.0": 0.9783702028486139, "4620126.0": 1.108087435368142, "4620064.0": 5.1728494231289455, "4620066.01": 4.881621278418575, "4620069.02": 1.058089247118465, "4620063.0": 4.4845090838911075, "4620070.02": 0.3363671417067236, "4620069.01": 2.3663862823805855, "4620419.0": -0.15116152836607613, "4620401.0": 0.19361325852500763, "4620417.01": 0.016448710190555143, "4620121.0": 1.2173988113966527, "4620410.02": -0.07726538897403817, "4620129.01": 5.016695640510664, "4620124.0": 1.2708850356653707, "4620361.0": -0.3525693208441814, "4620128.0": 2.6598859174927867, "4620125.0": -0.08672346431392, "4620129.02": 3.151078945604893, "4620360.0": 0.2975447057644521, "4620130.0": 2.852183066135815, "4620362.0": -0.4075510826266625, "4620366.0": -0.4431378303156821, "4620420.0": 0.1123391121198551, "4620287.01": 0.18513978398342087, "4620410.03": -0.17730530468547176, "4620410.01": 0.018218561398424534, "4620286.0": 0.36077931746605585, "4620285.0": 0.6747897678144483, "4620070.01": 1.2532984713732356, "4620062.0": 3.8868564762547653, "4620055.02": 1.4527152068747458, "4620056.0": 1.7596940279089972, "4620421.04": -0.008930777344424018, "4620421.03": 0.14256331251607915, "4620400.0": 0.23663567315073653, "4620404.0": 0.5068875384607674, "4620421.05": 0.011770201910582841, "4620421.06": -0.03581545729717975, "4620283.01": 0.09296146544873804, "4620283.02": 0.2887649254217585, "4620131.0": 4.665364197095428, "4620367.0": 0.27277420980359424, "4620132.0": 2.2687834002351184, "4620137.0": 4.020415568402663, "4620363.0": -0.12088028504724879, "4620164.0": -0.13101745669592105, "4620365.0": 0.5457370411118593, "4620138.0": 0.9419150811384451, "4620133.0": 2.2368038944951447, "4620165.0": -0.02291783360905583, "4620061.0": 4.085086490617449, "4620057.0": 0.717963057639955, "4620055.01": 0.9054045167416263, "4620058.0": 1.2687449312451875, "4620060.0": 0.3768105937027857, "4620059.0": 2.3840250757126373, "4620268.02": -0.29817142439592037, "4620284.0": 0.5092425491807049, "4620221.0": 0.22679923224718854,