{"4620324.01": 0.43813974238577663, "4620323.0": 0.8315111535362958, "4620327.0": 0.6909429103215606, "4620324.02": 1.8598161363818528, "4620322.02": 0.18725336346057897, "4620329.0": 0.2704994160326914, "4620322.04": 0.5708202970497795, "4620325.01": 1.3112371624857, "4620322.03": -0.30555193614444676, "4620321.0": 1.1681248486753426, "4620320.0": -0.7186976085332274, "4620430.0": 0.15724509861047914, "4620392.0": 1.1982064639382497, "4620396.0": 1.1872251465930383, "4620391.0": 0.49827836243893675, "4620395.03": 1.141707282405978, "4620397.0": 1.4524253130130191, "4620395.02": 1.8292610032218626, "4620393.0": 0.6281391964650468, "4620390.0": 1.4913722643959577, "4620328.0": 1.3840647271319462, "4620325.02": 0.6940306889426815, "4620326.02": 1.6713420337889515, "4620325.03": 1.6388405863941136, "4620326.03": 1.340997812169004, "4620325.06": 1.1556735465933805, "4620330.0": 0.7786614303954659, "4620325.05": 0.7262746283437069, "4620500.0": 0.8138260880508156, "4620491.0": 0.7761865389346675, "4620470.03": 0.08168564984116868, "4620515.01": -0.41686668877619637, "4620470.04": -0.23892517860791862, "4620515.02": -0.13824568261163359, "4620515.03": 0.15333236076677584, "4620515.04": 0.34206967275488315, "4620470.05": 0.6647751294656077, "4620514.02": 0.39592984083070243, "4620540.0": 0.7992432786471341, "4620550.02": -0.8790163060023366, "4620522.02": 0.314812586953758, "4620514.01": 0.0530657313241485, "4620521.05": 0.21070306156805954, "4620550.04": -0.06693821030118696, "4620550.03": -0.020036621862095216, "4620513.02": -0.009294362638588445, "4620521.04": 0.8262051106477111, "4620523.0": -0.029190525912852625, "4620512.02": 1.0267905246725888, "4620513.01": 0.8798257972332115, "4620512.04": 0.19548260388064884, "4620530.0": 0.970875944222834, "4620512.03": 1.011279154829379, "4620394.0": 1.7186682369813284, "4620433.0": 0.08432927095086606, "4620395.01": 1.0142275836630512, "4620382.02": 1.2805924835486973, "4620381.0": 1.2124591191175262, "4620383.01": 0.6112540735794445, "4620520.03": 0.7916971887846629, "4620520.02": 2.032689126771243, "4620326.01": 1.1810563225482686, "4620340.0": 1.776972493993022, "4620090.0": 0.9627357927502476, "4620098.0": 0.9163118807533716, "4620097.02": 1.5554331538399546, "4620092.0": 0.7505401124565638, "4620100.02": 1.4497771226766925, "4620101.01": 0.8796633863803978, "4620093.0": 0.9035011627324613, "4620099.0": 0.5716665553529472, "4620316.0": 0.9331290110631306, "4620314.0": 0.4364500654876466, "4620313.0": 0.04024651689052009, "4620089.0": 0.012099780907850036, "4620310.0": -0.05263285764377199, "4620312.0": 0.12767840967463334, "4620311.0": -0.2615963591891257, "4620317.06": -0.15307151580013567, "4620094.01": -0.2976407299464072, "4620088.0": 0.5121881877859669, "4620100.01": 1.0506162912981718, "4620097.01": 0.1776605812854643, "4620101.02": 0.6438909849006973, "4620087.0": -0.3638607963476093, "4620103.0": 0.3368857140580309, "4620102.0": 0.40594856764149667, "4620096.0": -0.3488139894949302, "4620380.0": 1.5325250856071542, "4620383.02": 0.20055644964505578, "4620415.08": 0.5090189765894858, "4620415.09": 0.07789333057984674, "4620511.02": 0.08007411037534667, "4620511.01": 0.7507704113703935, "4620120.02": 1.513774765605873, "4620413.02": -0.006722444405948665, "4620120.01": 0.4296903705641416, "4620309.0": 0.07289050384906903, "4620308.0": -0.38350882286056726, "4620086.0": -0.35874007289287, "4620307.0": -0.10395282677012459, "4620306.0": -0.0006750961894835206, "4620304.0": -0.5546877089433648, "4620305.0": -0.3851671920581025, "4620104.0": -0.21290947088561607, "4620084.0": -0.40177630367353834, "4620105.0": -0.43217616070600867, "4620370.0": 0.47957705369421816, "4620106.0": -0.8024399083242065, "4620095.0": -0.42255762313167916, "4620107.0": -0.8699723643663053, "4620385.0": 1.3939305099859813, "4620083.0": -0.1387442867605095, "4620082.0": -0.040729746011434045, "4620317.05": -0.19353645374135858, "4620317.08": -0.1546237927119003, "4620303.0": -0.5881023184837657, "4620302.0": -0.6272554385018337, "4620085.0": -0.050634892721212285, "4620300.0": 0.11412608707573939, "4620317.03": -0.3216938743689634, "4620301.0": -0.3577610272609678, "4620317.07": -0.24207587723690285, "4620079.0": -0.6990170578742135, "4620074.0": -0.31685326125422, "4620075.0": -0.5785170961750021, "4620110.0": 0.04394892908612523, "4620108.0": -1.1399589470351301, "4620111.0": 0.07404431390954498, "4620109.0": -0.1711507879376019, "4620352.0": -0.22456420782019554, "4620114.0": -0.4819374526485421, "4620113.0": -0.013822682077846388, "4620353.0": -0.9456447450454701, "4620081.0": -0.7294424501319018, "4620354.0": -0.7191610307213873, "4620415.1": -0.1857267605445751, "4620402.0": 0.5374471124588616, "4620415.03": -0.1685985448609895, "4620413.01": 0.4532640646076568, "4620288.0": 0.16363087962069836, "4620112.01": 1.3132002063447612, "4620415.04": 0.12082371504971262, "4620112.02": 0.9241646384236823, "4620115.01": -0.15265687197537153, "4620350.0": -0.840021664564984, "4620080.0": -0.40212065885036746, "4620351.0": -1.0447001568781433, "4620356.0": -0.9866269848487771, "4620116.0": -0.03191386216376425, "4620117.0": 0.4439673919095544, "4620115.02": -0.6178671383267811, "4620118.0": 1.0951647885527687, "4620076.0": -0.5110056937464929, "4620078.0": -0.23760387116002835, "4620072.0": -0.7952428627348281, "4620067.0": -0.46648764330690873, "4620077.0": -0.34413008139364243, "4620073.0": 0.35900216694964754, "4620068.0": -0.4066531326993581, "4620412.0": 0.23584261116591487, "4620415.07": -0.5044570862908048, "4620119.0": 0.28227109561064145, "4620416.02": -0.08948035511387283, "4620418.0": 0.33527394992157983, "4620416.01": -0.2721047889259684, "4620417.02": 0.5845377297902988, "4620287.02": -0.2014557323941192, "4620355.0": -1.1004880968412856, "4620066.02": -0.5603948294988077, "4620065.02": -0.7629831186559214, "4620127.01": 0.03630216594469008, "4620123.0": 0.23839140752623755, "4620065.01": -0.9646063019614309, "4620122.0": 0.43994465696780993, "4620126.0": -0.3737764549652283, "4620064.0": -0.786070140362964, "4620066.01": -0.7020547228751848, "4620069.02": -0.30360016208167595, "4620063.0": -0.7539826087126452, "4620070.02": -1.1124192987777097, "4620069.01": -0.43154192177147893, "4620419.0": 0.3857027186459525, "4620401.0": -0.15727111534679755, "4620417.01": 0.20390915685971564, "4620121.0": 0.710163149817274, "4620410.02": 0.1970922543682762, "4620129.01": -1.0496756119861403, "4620124.0": -0.04067092552716509, "4620361.0": -1.2346995194496524, "4620128.0": -1.4697265872570164, "4620125.0": -0.757182463628123, "4620129.02": -1.2489058530756998, "4620360.0": -1.4617387982295433, "4620130.0": -1.0900384196328465, "4620362.0": -1.067190589423501, "4620366.0": -0.4844061847083646, "4620420.0": 0.8977591900147567, "4620287.01": 0.13731777859314528, "4620410.03": -0.3240323526081461, "4620410.01": 0.03483166157796629, "4620286.0": 0.32255715159595666, "4620285.0": 0.28538933423100216, "4620070.01": -1.014376768744997, "4620062.0": -1.1970916469376383, "4620055.02": -0.7346931760192649, "4620056.0": -1.3291909996502809, "4620421.04": 0.16589868865084448, "4620421.03": 0.1725735940265519, "4620400.0": -0.16938212352020965, "4620404.0": -0.40101974783807187, "4620421.05": 0.04965888287386996, "4620421.06": -0.41949447710058585, "4620283.01": 0.5716437389177412, "4620283.02": 0.5565693756545342, "4620131.0": -1.486216972497963, "4620367.0": -0.12200751514531677, "4620132.0": -1.6120541362047458, "4620137.0": -1.3958699141652502, "4620363.0": -1.4971393257670558, "4620164.0": -1.3955367414522497, "4620365.0": -0.5406356666292162, "4620138.0": -1.327970630156111, "4620133.0": -1.7500421614445356, "4620165.0": -1.5791759506822785, "4620061.0": -1.4436750469751367, "4620057.0": -1.5447895594192345, "4620055.01": -1.5154172694078298, "4620058.0": -1.5836581670221002, "4620060.0": -1.8984233293560129, "4620059.0": -1.6925766838748972, "4620268.02": -0.5090855133597277, "4620284.0": 0.7322579560384922,