{"4620324.01": 0.1278095125328844, "4620323.0": 0.08922264447050321, "4620327.0": 0.13342060569087483, "4620324.02": 0.09583192689085714, "4620322.02": 0.051348467813087516, "4620329.0": 0.1295755828991595, "4620322.04": 0.019715361386110564, "4620325.01": 0.079175170194431, "4620322.03": 0.03546773726520116, "4620321.0": 0.06501613356277657, "4620320.0": 0.09506699485482815, "4620430.0": 0.07175391108373018, "4620392.0": 0.14591201465081197, "4620396.0": 0.10857372575720875, "4620391.0": 0.15940975791774076, "4620395.03": 0.1532584236100159, "4620397.0": 0.10921676298742293, "4620395.02": 0.1700571568602194, "4620393.0": 0.19069304872111792, "4620390.0": 0.165083062364874, "4620328.0": 0.1327889434367793, "4620325.02": 0.056235775453601644, "4620326.02": 0.11056757650946493, "4620325.03": 0.04372807640440816, "4620326.03": 0.10341721034855296, "4620325.06": 0.044631193335508274, "4620330.0": 0.18201380151077554, "4620325.05": 0.04890692046988946, "4620500.0": 0.1407629421277647, "4620491.0": 0.11193243321190033, "4620470.03": 0.05726907266694867, "4620515.01": 0.12376816607926922, "4620470.04": 0.08650135697386845, "4620515.02": 0.10576396622409551, "4620515.03": 0.08322058917036028, "4620515.04": 0.09399802796328187, "4620470.05": 0.10252911962047379, "4620514.02": 0.07016675083566712, "4620540.0": 0.1122367489310255, "4620550.02": -4.465731365104002e-05, "4620522.02": 0.08396782679909356, "4620514.01": 0.07253934616313354, "4620521.05": 0.058462321704976616, "4620550.04": 0.24716446874172096, "4620550.03": 0.1746122028526255, "4620513.02": 0.09605858382240674, "4620521.04": 0.06346309824306949, "4620523.0": 0.08081892445947951, "4620512.02": 0.13900080385199975, "4620513.01": 0.11538242133914907, "4620512.04": 0.14443340818718994, "4620530.0": 0.05030182957836676, "4620512.03": 0.1618322065356038, "4620394.0": 0.19382453751704415, "4620433.0": 0.14607561770239516, "4620395.01": 0.13647836778973566, "4620382.02": 0.22348050457643306, "4620381.0": 0.2638599846160329, "4620383.01": 0.18085903078702553, "4620520.03": 0.13827659703911166, "4620520.02": 0.07637847081908364, "4620326.01": 0.0662430862337487, "4620340.0": 0.1517015966316026, "4620090.0": 0.11380214224947878, "4620098.0": 0.17587271872473786, "4620097.02": 0.12736982055476676, "4620092.0": 0.10675190396477183, "4620100.02": 0.14190100146684653, "4620101.01": 0.15864875797222194, "4620093.0": 0.0879562304626256, "4620099.0": 0.1102448642240244, "4620316.0": 0.1236676169076524, "4620314.0": 0.1662900737196875, "4620313.0": 0.17739626336561878, "4620089.0": 0.13956519927201086, "4620310.0": 0.17753908251021974, "4620312.0": 0.20820686071695377, "4620311.0": 0.2137723135386656, "4620317.06": 0.25350777332542374, "4620094.01": 0.0580573163824307, "4620088.0": 0.12667341923905762, "4620100.01": 0.11602925022806948, "4620097.01": 0.06569610435742543, "4620101.02": 0.12630773482161325, "4620087.0": 0.11736194804740398, "4620103.0": 0.06471603079776943, "4620102.0": 0.08868844188833794, "4620096.0": 0.03125787264686507, "4620380.0": 0.1209807352029815, "4620383.02": 0.11360722290561827, "4620415.08": 0.06458346317485565, "4620415.09": 0.09775500001393053, "4620511.02": 0.09219361971453277, "4620511.01": 0.07800087944993415, "4620120.02": 0.0694263943653266, "4620413.02": 0.03294263299866232, "4620120.01": 0.05384057060570184, "4620309.0": 0.18070497709810981, "4620308.0": 0.19560268501845757, "4620086.0": 0.1538273128477529, "4620307.0": 0.210134568089557, "4620306.0": 0.22560158654305354, "4620304.0": 0.177302033625179, "4620305.0": 0.205903217405219, "4620104.0": 0.04134228048737194, "4620084.0": 0.09916760352970352, "4620105.0": 0.06141883247320097, "4620370.0": 0.06698175752244201, "4620106.0": 0.037122304779152585, "4620095.0": 0.04295851011884935, "4620107.0": 0.02258677048115086, "4620385.0": 0.06441171507864425, "4620083.0": 0.10538199171739479, "4620082.0": 0.08127841732195185, "4620317.05": 0.2225129294473272, "4620317.08": 0.20169602099115763, "4620303.0": 0.16255514946225647, "4620302.0": 0.17957225416757747, "4620085.0": 0.14876446545232117, "4620300.0": 0.17974681089986755, "4620317.03": 0.1822035248778905, "4620301.0": 0.15457721868076094, "4620317.07": 0.1564062024951985, "4620079.0": 0.09567787320194143, "4620074.0": 0.1251639177785701, "4620075.0": 0.11565865069748743, "4620110.0": 0.046960254803755125, "4620108.0": 0.014144993451261025, "4620111.0": 0.05623732020344492, "4620109.0": 0.030970268312408053, "4620352.0": 0.06857411374725063, "4620114.0": 0.01607157736943278, "4620113.0": 0.02750370923229509, "4620353.0": 0.029711016326531087, "4620081.0": 0.07598919385857834, "4620354.0": 0.007930324399961889, "4620415.1": 0.011540404783695493, "4620402.0": 0.0917821545290059, "4620415.03": -0.018730794008728673, "4620413.01": 0.0034359449468553335, "4620288.0": 0.011558941781814791, "4620112.01": 0.028609609688276035, "4620415.04": -0.0356932707423193, "4620112.02": 0.03001954499977428, "4620115.01": -0.0007345987663792149, "4620350.0": 0.06722344065701256, "4620080.0": 0.06853029902442319, "4620351.0": 0.03338794224893731, "4620356.0": -0.032053699679759545, "4620116.0": -0.008048708410678326, "4620117.0": -0.005131237683947645, "4620115.02": -0.03380699075187663, "4620118.0": -0.005332336027181259, "4620076.0": 0.10228350439539308, "4620078.0": 0.08172793952634486, "4620072.0": 0.11453983051554455, "4620067.0": 0.060448870003428225, "4620077.0": 0.0658389235020264, "4620073.0": 0.07876370500890413, "4620068.0": 0.04894202842087298, "4620412.0": -0.006893937686928319, "4620415.07": -0.06192494869457942, "4620119.0": -0.006044044409519218, "4620416.02": -0.05524208000896404, "4620418.0": -0.03595587821567605, "4620416.01": -0.061853890201788775, "4620417.02": -0.07825463971964305, "4620287.02": -0.07282554617955121, "4620355.0": 0.01958335549041252, "4620066.02": 0.042757973502831476, "4620065.02": 0.024986750010384428, "4620127.01": -0.04691868698979064, "4620123.0": -0.05205189071899336, "4620065.01": 0.01828618691747335, "4620122.0": -0.05015718482031464, "4620126.0": -0.07464441890410552, "4620064.0": 7.119892459458266e-05, "4620066.01": 0.033430633517333275, "4620069.02": 0.051426407464270935, "4620063.0": 0.017417194914729213, "4620070.02": 0.03214020567098294, "4620069.01": 0.022129524527541473, "4620419.0": -0.08953482437064869, "4620401.0": -0.02451798864885244, "4620417.01": -0.12030525822605853, "4620121.0": -0.0615800481841173, "4620410.02": -0.07851977496547062, "4620129.01": -0.017429974208887214, "4620124.0": -0.07984264255852973, "4620361.0": -0.0940652947973663, "4620128.0": -0.04008682016020119, "4620125.0": -0.09712670812312942, "4620129.02": -0.024673727519415347, "4620360.0": -0.09079000383421157, "4620130.0": -0.026650866887003372, "4620362.0": -0.09231621667936724, "4620366.0": -0.09429644554664181, "4620420.0": -0.10591521127693253, "4620287.01": -0.10260944661232409, "4620410.03": -0.08716475681565308, "4620410.01": -0.10879195678052232, "4620286.0": -0.09993506333820332, "4620285.0": -0.0795895844478405, "4620070.01": 0.042150886814424415, "4620062.0": 0.0019966593883348647, "4620055.02": 0.09149314587650954, "4620056.0": 0.026646794364689284, "4620421.04": -0.11253741342324838, "4620421.03": -0.1262275482615669, "4620400.0": -0.09888084178607012, "4620404.0": -0.12030666254409787, "4620421.05": -0.09261379167190356, "4620421.06": -0.09519914118233012, "4620283.01": -0.07366743484413607, "4620283.02": -0.056286611766625784, "4620131.0": -0.022757535554734715, "4620367.0": -0.09875262754907829, "4620132.0": -0.018932173215570152, "4620137.0": -0.04033664833939993, "4620363.0": -0.052819350527493154, "4620164.0": -0.045247267659367124, "4620365.0": -0.06608130879561663, "4620138.0": -0.03688469416689611, "4620133.0": -0.013049484948771202, "4620165.0": -0.04333809728488319, "4620061.0": 0.004662335890611725, "4620057.0": 0.03506975353285195, "4620055.01": 0.05853197587972792, "4620058.0": 0.04001042525886104, "4620060.0": 0.015865704344865405,