{"4620324.01": 0.29567415315745915, "4620323.0": 0.43071156985824544, "4620327.0": 0.015574484355099345, "4620324.02": 0.31745598294918703, "4620322.02": 0.2809160723488773, "4620329.0": 0.006963508984413655, "4620322.04": 0.5676814197013059, "4620325.01": 0.007265800460229999, "4620322.03": 0.011150544552520498, "4620321.0": 1.4512736492889908, "4620320.0": 0.36701627207553994, "4620430.0": 1.7936727004095916, "4620392.0": 2.0021254310701457, "4620396.0": 1.5519882895049812, "4620391.0": 1.101761311791157, "4620395.03": 1.5906072785897194, "4620397.0": 1.5395471656157642, "4620395.02": 2.0001283498325, "4620393.0": 1.1245306738025886, "4620390.0": 1.5497239573514856, "4620328.0": 0.907931306634282, "4620325.02": -0.39562069281855017, "4620326.02": 0.28196801955358536, "4620325.03": -0.0033660882654559924, "4620326.03": 0.09136499301006677, "4620325.06": 0.06120935125034668, "4620330.0": 0.4778163413392256, "4620325.05": 0.15892112611285053, "4620500.0": 0.9737160145895267, "4620491.0": 0.814694603562501, "4620470.03": -0.06627528139970992, "4620515.01": 0.10865308257881967, "4620470.04": 0.14341254612821983, "4620515.02": 0.2713643025738512, "4620515.03": -0.06460748977679805, "4620515.04": 0.14018840122001983, "4620470.05": 0.37910548476642886, "4620514.02": 0.10031177307322785, "4620540.0": 0.49544022102448554, "4620550.02": 1.012475032750584, "4620522.02": 0.1895163540291683, "4620514.01": 0.01767485464174463, "4620521.05": -0.1808184856766259, "4620550.04": 2.2059521721472075, "4620550.03": 1.4830969987080869, "4620513.02": 0.14186423401021372, "4620521.04": 0.6287472460162494, "4620523.0": -0.04878404245257375, "4620512.02": 0.34073575138767864, "4620513.01": 0.5183141152608923, "4620512.04": 0.39221266666323124, "4620530.0": -0.3176074894045831, "4620512.03": 0.9775250190419807, "4620394.0": 1.4902274949649805, "4620433.0": -0.29640905885181634, "4620395.01": 0.9136137774861323, "4620382.02": 0.2594114796896966, "4620381.0": 1.101518266345007, "4620383.01": 0.33294900706665764, "4620520.03": 0.09177820597878628, "4620520.02": 0.1999813023191165, "4620326.01": 0.48012602832443985, "4620340.0": 0.7869559523308208, "4620090.0": 1.2610575665418238, "4620098.0": 0.32766323607836007, "4620097.02": 0.8300753208000272, "4620092.0": 0.7512357046321805, "4620100.02": 0.17882409418185793, "4620101.01": -0.011941350903523598, "4620093.0": 0.7777992871855197, "4620099.0": 0.041260519107000126, "4620316.0": 1.3561704800939491, "4620314.0": 1.4895202292838974, "4620313.0": 1.5129870238459473, "4620089.0": 1.1909487748800003, "4620310.0": 1.3858662045433519, "4620312.0": 1.9910720992594624, "4620311.0": 1.3008339655982848, "4620317.06": 0.9424789568399513, "4620094.01": -0.3155287640929029, "4620088.0": 1.3355404575536598, "4620100.01": 0.08873880291240378, "4620097.01": -0.06436788283196193, "4620101.02": 0.2040569402604968, "4620087.0": 0.6353384512994086, "4620103.0": 0.1492205344109084, "4620102.0": 0.19229791461960627, "4620096.0": -0.5530491558209274, "4620380.0": 0.18436479055165975, "4620383.02": 0.02973980958004001, "4620415.08": -0.5329601855140613, "4620415.09": -0.2656913411111856, "4620511.02": -0.32034931238806935, "4620511.01": -0.22324400395575883, "4620120.02": 0.2682256625773248, "4620413.02": -0.954335935073949, "4620120.01": -0.5638715561585715, "4620309.0": 1.4982908761384006, "4620308.0": 1.1308465837064354, "4620086.0": 0.7354535915779673, "4620307.0": 1.429607028282713, "4620306.0": 1.6780989709030334, "4620304.0": 0.7435657054470951, "4620305.0": 0.9686681441449912, "4620104.0": -0.3227291966234382, "4620084.0": 0.2907962116041576, "4620105.0": -0.027881961647350337, "4620370.0": -0.40766704738058673, "4620106.0": -0.6768502197476619, "4620095.0": -0.47522238062752276, "4620107.0": -0.7982745322740767, "4620385.0": 0.6339800107349012, "4620083.0": 0.40259216429405653, "4620082.0": 0.26604478319578906, "4620317.05": 1.1203606757937612, "4620317.08": 1.2574799514854755, "4620303.0": 0.6011800640387283, "4620302.0": 0.7827350130076084, "4620085.0": 0.9312867293820215, "4620300.0": 1.4721723913674931, "4620317.03": 0.750251947695183, "4620301.0": 0.5080473807072199, "4620317.07": 0.6036011998074308, "4620079.0": -0.02012071817669885, "4620074.0": 0.47953351942950523, "4620075.0": 0.09105553731637954, "4620110.0": -0.4157742901990817, "4620108.0": -0.93232417913537, "4620111.0": -0.7360542577190017, "4620109.0": -0.7431753559131691, "4620352.0": -0.18899825592441963, "4620114.0": -0.8564975462533057, "4620113.0": -1.0354481127888107, "4620353.0": -0.5210912357835615, "4620081.0": -0.14519206024079467, "4620354.0": -0.23569986950592828, "4620415.1": -0.5374951661927185, "4620402.0": -0.5769813219213161, "4620415.03": -1.3575691188422807, "4620413.01": -1.2325899448833872, "4620288.0": -0.8988303408007837, "4620112.01": -1.1239715228282519, "4620415.04": -1.352292507938509, "4620112.02": -1.0441027474705287, "4620115.01": -0.9311726345076016, "4620350.0": -0.5154915357979224, "4620080.0": 0.11018087192030991, "4620351.0": -0.9324992821959924, "4620356.0": -1.1422929789679985, "4620116.0": -1.1232609413869767, "4620117.0": -1.0790679374804253, "4620115.02": -1.069114282200794, "4620118.0": -1.5055677513040495, "4620076.0": -0.17748616345721918, "4620078.0": -0.33214444308418917, "4620072.0": 0.2965135836323263, "4620067.0": -0.4409391004254932, "4620077.0": -0.2551651235291586, "4620073.0": 0.4329069155355499, "4620068.0": -0.6299277421074716, "4620412.0": -1.148868291004411, "4620415.07": -1.4256591702196222, "4620119.0": -1.3086337898474902, "4620416.02": -1.1256734259635244, "4620418.0": -1.4436150576629976, "4620416.01": -1.486895935529738, "4620417.02": -1.5354978976561329, "4620287.02": -1.5415985381537194, "4620355.0": -0.8051501664899684, "4620066.02": -0.8758334102133565, "4620065.02": -0.7782537006254414, "4620127.01": -1.209166610727936, "4620123.0": -1.4162188953568702, "4620065.01": -1.1196166823100506, "4620122.0": -1.5781949581079937, "4620126.0": -1.1872872044628835, "4620064.0": -1.0647691285975303, "4620066.01": -1.2221330283098726, "4620069.02": 0.052661876236787926, "4620063.0": -1.1572172545122743, "4620070.02": -0.45100565079477983, "4620069.01": -0.273660182695392, "4620419.0": -1.4375406794559762, "4620401.0": -1.6743757932673444, "4620417.01": -1.6450516933653998, "4620121.0": -1.1510808674530149, "4620410.02": -1.559441089207942, "4620129.01": -1.3072737966071077, "4620124.0": -1.4337906159634428, "4620361.0": -1.2227022098049056, "4620128.0": -1.3855239038979497, "4620125.0": -1.2853731229932681, "4620129.02": -1.1957741513722815, "4620360.0": -1.303473998862624, "4620130.0": -1.0441785239587578, "4620362.0": -1.1113093346866005, "4620366.0": -0.9885099345603633, "4620420.0": -1.599111812861658, "4620287.01": -1.4994821729912489, "4620410.03": -1.6148766742576426, "4620410.01": -1.900834624641167, "4620286.0": -1.6111855398965473, "4620285.0": -1.5178608060465042, "4620070.01": 0.017005001689965486, "4620062.0": -0.9399448034043651, "4620055.02": 0.4856770297851569, "4620056.0": -0.6940968480007219, "4620421.04": -2.067618531244822, "4620421.03": -2.1568884531793024, "4620400.0": -1.3384112329133304, "4620404.0": -2.02110088686868, "4620421.05": -1.9718073814169739, "4620421.06": -2.271599486468338, "4620283.01": -1.493916486150416, "4620283.02": -1.055022668647363, "4620131.0": -1.1578793067139135, "4620367.0": -1.1008805291271873, "4620132.0": -1.250982626532105, "4620137.0": -1.065885907250387, "4620363.0": -1.2800856692250075, "4620164.0": -0.9833348037742642, "4620365.0": -0.9935980608215422, "4620138.0": -1.1598034426627475, "4620133.0": -1.2309942849334081, "4620165.0": -1.1996901376036793, "4620061.0": -1.048581869762649, "4620057.0": -0.7953152671555968, "4620055.01": -0.8764992681421154, "4620058.0": -0.7564355604777319, "4620060.0": -1.2500781511202024, "4620059.0": -1.247267315055039, "4620268.02": -1.996374220759152, "4620284.0": -0.7668739799417026, "4620221.0": -1.178895940037142,