{"4620324.01": -0.3870184143657747, "4620323.0": -0.31066821657146104, "4620327.0": -0.5087400914850487, "4620324.02": -0.5596948256747969, "4620322.02": -0.18080145459124125, "4620329.0": -0.6413350971311049, "4620322.04": -0.16200141031405207, "4620325.01": -0.34857307863491804, "4620322.03": -0.07178157605949242, "4620321.0": -0.5333421030897614, "4620320.0": 0.4337956022860634, "4620430.0": 1.425923761942934, "4620392.0": -0.18091894170643666, "4620396.0": -0.07321753436632362, "4620391.0": -0.8282767667345, "4620395.03": -0.005520026773858842, "4620397.0": -0.09551957828124702, "4620395.02": -0.40071748519483186, "4620393.0": -0.7952766338528016, "4620390.0": -0.6899897528478496, "4620328.0": -0.5938679560223721, "4620325.02": -0.18559304143003755, "4620326.02": -0.6643918462196788, "4620325.03": -0.39967670906291575, "4620326.03": -0.507769428956435, "4620325.06": 0.16718457406168685, "4620330.0": -0.6626913973004784, "4620325.05": -0.3974330244785797, "4620500.0": -0.2946666989924686, "4620491.0": -0.25795232886618574, "4620470.03": 0.6709803685810322, "4620515.01": 1.3281778294060007, "4620470.04": 0.6767203522162094, "4620515.02": 0.6693769983765658, "4620515.03": 0.6207458088113096, "4620515.04": -0.05680472104256631, "4620470.05": 0.4951869136740971, "4620514.02": 0.14540767865061133, "4620540.0": 0.31740556179122453, "4620550.02": -0.09768303296120996, "4620522.02": 1.217022594881184, "4620514.01": 0.9191515629114394, "4620521.05": 0.8413250825364297, "4620550.04": 0.7299197559994952, "4620550.03": 0.26375269486970404, "4620513.02": 1.3734897406562552, "4620521.04": 0.49122825960302646, "4620523.0": 2.015904930630413, "4620512.02": -0.0019720269440070236, "4620513.01": 0.30480649549525374, "4620512.04": 0.11957828119974244, "4620530.0": 0.6074242311797605, "4620512.03": 0.34877316041587986, "4620394.0": -1.0239155581797226, "4620433.0": 0.3774316962600574, "4620395.01": 0.07951655878677359, "4620382.02": -0.8468508463329798, "4620381.0": -0.7075028508165405, "4620383.01": -0.04281624717468878, "4620520.03": 0.6480243385434566, "4620520.02": 0.12245924044184317, "4620326.01": -0.321792742378715, "4620340.0": -0.7532955040147438, "4620090.0": -0.15076987326987823, "4620098.0": -0.4817789792654795, "4620097.02": -0.009502897150746502, "4620092.0": -0.6480751279417308, "4620100.02": -0.38548539654507535, "4620101.01": -0.3432231678185969, "4620093.0": -0.7705112106481573, "4620099.0": 0.25610685569288194, "4620316.0": -0.4361675907544723, "4620314.0": -0.18753471319840212, "4620313.0": -0.15441504061456846, "4620089.0": -0.34899737141215875, "4620310.0": -0.2469738392241473, "4620312.0": -0.23733315192042653, "4620311.0": -0.8287591734413629, "4620317.06": 0.9653165601507359, "4620094.01": 0.44532541193655506, "4620088.0": -0.5740495825118068, "4620100.01": 0.3061311108235681, "4620097.01": 0.2191305280101459, "4620101.02": 0.38828332271856886, "4620087.0": -0.7117137612282767, "4620103.0": 0.8992425180703191, "4620102.0": 0.5143469233513809, "4620096.0": 1.0576539279654709, "4620380.0": -0.2056396532385217, "4620383.02": 0.4273721213791016, "4620415.08": 0.44522420278829955, "4620415.09": 1.9599647231098902, "4620511.02": 2.1074027654217153, "4620511.01": 2.7298660996632287, "4620120.02": 0.2372953434354656, "4620413.02": 1.3321282205053275, "4620120.01": 0.4777023826640455, "4620309.0": -0.7823526843059185, "4620308.0": -0.9832139381695708, "4620086.0": -0.7420385347987799, "4620307.0": -1.1220246668950442, "4620306.0": -1.1474501289329038, "4620304.0": -1.0286546188678254, "4620305.0": -1.3228734971628355, "4620104.0": 1.3472111565592435, "4620084.0": -1.2127303844460176, "4620105.0": 1.3474241281437285, "4620370.0": 0.18856284240257898, "4620106.0": 0.7899342540529419, "4620095.0": 1.204797158633007, "4620107.0": 1.6833153635453397, "4620385.0": 0.5759522832257034, "4620083.0": -0.8855085339399207, "4620082.0": -0.36377301066135886, "4620317.05": 1.4344476116792146, "4620317.08": 1.4323130101686905, "4620303.0": -0.9883923674400804, "4620302.0": -1.1575794326949382, "4620085.0": -1.3093077146322398, "4620300.0": -1.044657757220367, "4620317.03": 0.7052295678756167, "4620301.0": -0.9790920924504964, "4620317.07": 1.6188856171634394, "4620079.0": -0.6875376589964739, "4620074.0": -0.9244491529564741, "4620075.0": -1.1907647118144529, "4620110.0": 0.39439416817635436, "4620108.0": 1.462458038489025, "4620111.0": -0.03807812813291479, "4620109.0": 0.3730182338455648, "4620352.0": 1.7880237564891661, "4620114.0": 1.9837814629868897, "4620113.0": -0.16547475861066818, "4620353.0": 2.381751348581671, "4620081.0": -0.24655321346310505, "4620354.0": 3.4836396192394794, "4620415.1": 2.3332802674171282, "4620402.0": 0.5711734989083294, "4620415.03": 1.2260673481165347, "4620413.01": 0.31331071469564675, "4620288.0": 1.1846303854628502, "4620112.01": -0.6777495970935193, "4620415.04": 0.6891095468177945, "4620112.02": -0.5460634367778469, "4620115.01": 1.569793851654917, "4620350.0": -0.2010176288341827, "4620351.0": -0.38708192646101164, "4620356.0": 3.5689303388844773, "4620116.0": -0.08153066246288448, "4620117.0": -0.7046735025741907, "4620115.02": 2.454045176923934, "4620118.0": -0.7846208331778163, "4620076.0": -0.9159358514325049, "4620078.0": -0.34194184239162123, "4620072.0": -1.3096448540443535, "4620067.0": -0.5275258166273313, "4620077.0": -0.6645156994438377, "4620073.0": -1.0440995610452948, "4620068.0": -0.9732231892847741, "4620412.0": 0.7045668704535313, "4620415.07": 1.2180560379507674, "4620119.0": 0.32685627574420373, "4620416.02": 2.3045668325593804, "4620418.0": 0.28377246284391355, "4620416.01": 2.2921174711015744, "4620417.02": 0.33484518273251285, "4620287.02": 3.0250549956808594, "4620355.0": 7.077950077036229, "4620066.02": -0.2619319725121675, "4620065.02": 0.6977681605150288, "4620127.01": 1.5667358192656031, "4620123.0": 0.829836871251055, "4620065.01": -0.5339862952784155, "4620122.0": -0.3574574818969903, "4620126.0": 1.736956875472656, "4620064.0": -0.5353422994252172, "4620066.01": -1.2591430375151909, "4620069.02": -0.20954473137588606, "4620063.0": -1.3478029060753587, "4620070.02": 1.48782787290986, "4620069.01": 0.2183963683989608, "4620419.0": 0.3423354179092296, "4620401.0": 0.46004776687552845, "4620417.01": 0.8326636265842358, "4620121.0": 0.5373208009622749, "4620410.02": 0.11204567099572468, "4620129.01": -0.2006306095678999, "4620124.0": 1.9747341093106698, "4620361.0": 5.7510886155522964, "4620128.0": 1.3039414074799267, "4620125.0": 3.362850952957995, "4620129.02": 0.1523226790870587, "4620360.0": 5.070201880332032, "4620362.0": 3.01693493346217, "4620366.0": 1.8951777691117906, "4620420.0": 0.013737660072334928, "4620287.01": 0.6883919023679644, "4620410.03": 0.260546146331553, "4620410.01": -0.0900140084328678, "4620286.0": 0.12678529683498013, "4620285.0": -0.13006641035641242, "4620070.01": 0.1746397741623055, "4620062.0": -0.9149751383922029, "4620056.0": -0.4286247458966312, "4620421.04": -0.34676455828445185, "4620421.03": -0.34709032589527067, "4620400.0": 0.5289658326288423, "4620404.0": -0.27892823991473253, "4620421.05": -0.16074344793247286, "4620421.06": -0.526959350521855, "4620283.01": 0.004179966455300596, "4620283.02": 0.25187324061695127, "4620131.0": 1.1810683076362438, "4620367.0": 1.1463682785874196, "4620132.0": 0.10920591014530263, "4620137.0": 0.6950226212819686, "4620363.0": 2.5441376032280703, "4620164.0": 1.5749192699377057, "4620365.0": 1.4627315069479658, "4620138.0": 1.024125260810547, "4620133.0": 0.794900662501183, "4620165.0": 0.67020079438755, "4620057.0": 0.8496315887643282, "4620055.01": 0.14150318285853702, "4620058.0": -1.0543284717283457, "4620060.0": 1.1533662236924356, "4620059.0": -0.5978020176525453, "4620268.02": -0.23949492259995855, "4620284.0": 0.2759751102954341, "4620221.0": 0.5151600762660931, "4620268.03": -0.023330854967905917, "4620268.01": 0.038453735946022034, "4620222.0": 0.2466945453078234, "4620223.02": -0.06123871977832646,