{"4620324.01": -0.36039976578095206, "4620323.0": 0.2546623878942453, "4620327.0": -0.5320852050762651, "4620324.02": -0.001839522196098851, "4620322.02": -0.4024887797792789, "4620329.0": -1.0580824007493612, "4620322.04": 0.13291246767638878, "4620325.01": -0.19023967935188998, "4620322.03": -0.2843991330237742, "4620321.0": 0.5624448623590829, "4620320.0": -0.2810489125299652, "4620430.0": 2.4157019024220605, "4620392.0": 1.233421226694085, "4620396.0": 1.4304541824003334, "4620391.0": -0.03457793203249415, "4620395.03": 1.1505746937275867, "4620397.0": 1.3775032765658384, "4620395.02": 1.3011801112437644, "4620393.0": -0.1429059334237634, "4620390.0": 0.3643352474230183, "4620328.0": 0.09877888369444422, "4620325.02": -0.3522831166554664, "4620326.02": -0.22013496225227036, "4620325.03": 0.7131015942696709, "4620326.03": 0.214875726520057, "4620325.06": 0.7237930182084277, "4620330.0": -0.14703173774165454, "4620325.05": -0.1463367125143047, "4620500.0": 4.091572411635208, "4620491.0": 4.002794173930605, "4620470.03": 2.138189333196476, "4620515.01": 0.6466810664987913, "4620470.04": 1.7448092558942918, "4620515.02": 1.8955299350912795, "4620515.03": 1.150237278722304, "4620515.04": 1.2449477378315497, "4620470.05": 1.7062737144897935, "4620514.02": 1.1188295583331425, "4620540.0": 2.17913216031596, "4620550.02": 2.043974634340211, "4620522.02": 1.9721138554220048, "4620514.01": 1.1167186322653277, "4620521.05": 0.8982185147965246, "4620550.04": 3.4700027780772253, "4620550.03": 1.9150564711656157, "4620513.02": 1.4402568093402475, "4620521.04": 2.9306957974472594, "4620523.0": 1.3098332543477271, "4620512.02": 1.3281540501925468, "4620513.01": 1.7854029446291924, "4620512.04": 1.2420514835016023, "4620530.0": 1.2177447664891736, "4620512.03": 2.4074381158359035, "4620394.0": 0.01646383703946751, "4620433.0": 0.00785770964828485, "4620395.01": 1.0030234152568382, "4620382.02": -0.057009814288511054, "4620381.0": 1.0534583327628246, "4620383.01": 1.6047036544089437, "4620520.03": 1.0165508368484413, "4620520.02": 2.0739871619842014, "4620326.01": 0.5873164181420922, "4620340.0": 0.4800131091581678, "4620090.0": 1.1213610489371362, "4620098.0": 0.8623721082548651, "4620097.02": 1.666750643566455, "4620092.0": 0.37016272046693094, "4620100.02": 0.6620885094001431, "4620101.01": 0.48822205673302105, "4620093.0": 0.4221486407189094, "4620099.0": 0.4757145550102792, "4620316.0": 1.1781067660305875, "4620314.0": 0.4392428585899825, "4620313.0": 0.26909722383471946, "4620089.0": -0.03196537274487752, "4620310.0": 0.035058382602491646, "4620312.0": 0.42329864169138554, "4620311.0": -0.2890514810890346, "4620317.06": 1.8196226875432053, "4620094.01": -0.11062628124880262, "4620088.0": 0.14586478890711618, "4620100.01": 0.5942862226668228, "4620097.01": 0.09872092804397697, "4620101.02": 1.3400443418823633, "4620087.0": -0.7067781405771997, "4620103.0": 0.8471636977988363, "4620102.0": 1.2719150018164553, "4620096.0": -0.5057880127835211, "4620380.0": 2.094562884810856, "4620383.02": 1.9407755222666103, "4620415.08": 0.9730973589763444, "4620415.09": 1.404831237204505, "4620511.02": 1.081189103344082, "4620511.01": 1.0506685270843186, "4620120.02": 3.2127292879021576, "4620413.02": 1.2898471264405007, "4620120.01": 1.1344736830457367, "4620309.0": 0.23314340646778908, "4620308.0": -0.07430022314795755, "4620086.0": -0.40332866934302786, "4620307.0": 0.039002366752153086, "4620306.0": 0.30108233083090574, "4620304.0": -0.47276595631408214, "4620305.0": -0.4275400798324032, "4620104.0": 0.21708603004505428, "4620084.0": -0.47935811059553357, "4620105.0": 1.2061490910815165, "4620370.0": 0.8532614753534111, "4620106.0": -0.5291636561947064, "4620095.0": -0.10438622742114209, "4620107.0": -0.5789445903804722, "4620385.0": 3.724628274799477, "4620083.0": -0.20973571881456166, "4620082.0": 0.22831601492309006, "4620317.05": 2.8403849726086636, "4620317.08": 3.4881930639363192, "4620303.0": -0.4489621008257038, "4620302.0": -0.22297882484894496, "4620085.0": 0.08205507098789609, "4620300.0": 0.6059232022169624, "4620317.03": 2.426222008836902, "4620301.0": -0.4853939720751525, "4620317.07": 2.135848116636746, "4620079.0": -0.31871808340303087, "4620074.0": -0.3122963830449466, "4620075.0": -0.4219857269912233, "4620110.0": 0.7102476040750676, "4620108.0": -0.40781460198425123, "4620111.0": 0.271741473874123, "4620109.0": -0.05466735832307242, "4620352.0": -0.04182983007585183, "4620114.0": -0.10242768212334043, "4620113.0": -0.5154638667958049, "4620353.0": 0.42736171830539266, "4620081.0": -0.47822259779994664, "4620354.0": 1.1908545667064274, "4620415.1": 2.199524320486074, "4620402.0": 0.7173753019356068, "4620415.03": 0.2781950408549732, "4620413.01": 0.1618842423930271, "4620288.0": 0.48572368672424837, "4620112.01": 0.1286603362784027, "4620415.04": 0.19959469385669804, "4620112.02": -0.055083817415662435, "4620115.01": -0.14099573699483706, "4620350.0": -0.33053332055213397, "4620080.0": 0.3728765481517159, "4620351.0": -0.8972455224412667, "4620356.0": -0.16360949907836062, "4620116.0": -0.6480126438306224, "4620117.0": -0.4929114873660966, "4620115.02": -0.39444667105244396, "4620118.0": -0.9637427099917089, "4620076.0": -0.5027220069287994, "4620078.0": -0.5356969081538001, "4620072.0": -0.3397382898504724, "4620067.0": -0.3415069056292452, "4620077.0": 0.4180763893888389, "4620073.0": 0.2672799070003241, "4620068.0": 0.1400422481213378, "4620412.0": 0.2777305444753309, "4620415.07": 0.4404979974533432, "4620119.0": -0.23644639515969296, "4620416.02": 1.18278005007333, "4620418.0": -0.20331091387106157, "4620416.01": -0.6324218069898951, "4620417.02": -0.26368931911673194, "4620287.02": -0.5387662427396305, "4620355.0": 1.0949030920948786, "4620066.02": -0.5532434426340678, "4620065.02": 0.2458239820962317, "4620127.01": -0.7683639754493442, "4620123.0": -0.9657265878438532, "4620065.01": -0.22932670884010037, "4620122.0": -0.910171569364374, "4620126.0": -0.192806742538909, "4620064.0": 0.4001264300928891, "4620066.01": -1.2449077451237838, "4620069.02": 2.71785064562001, "4620063.0": -0.379532394684416, "4620070.02": 1.5488494938230288, "4620069.01": 2.0453651756740356, "4620419.0": -0.22987025497154548, "4620401.0": -1.005243418688053, "4620417.01": 0.05110899559157918, "4620121.0": 0.5813049907754276, "4620410.02": -0.49917237931997605, "4620129.01": -0.23854840669452684, "4620124.0": -0.44260156847371335, "4620361.0": 0.15168448589609188, "4620128.0": -0.9929176371265315, "4620125.0": -0.07856636171811046, "4620129.02": 0.2704413653747304, "4620360.0": -0.33041424880434, "4620130.0": 0.4713342177313276, "4620362.0": 0.34163995737725217, "4620366.0": 0.981534539418641, "4620420.0": -0.10892477132236295, "4620287.01": 0.037484377744076, "4620410.03": -0.5257931008808128, "4620410.01": -0.8824275423013275, "4620286.0": -0.46624037341239843, "4620285.0": -0.7925040375571681, "4620070.01": 2.7727842491468437, "4620062.0": -0.11940162424750198, "4620055.02": 2.4316610766230053, "4620056.0": 0.5128483012580598, "4620421.04": -1.0389795696594382, "4620421.03": -1.2481264893554174, "4620400.0": 0.3741593743169968, "4620404.0": -1.3378733661853248, "4620421.05": -1.0713776069604717, "4620421.06": -1.8820685512163304, "4620283.01": -0.5325698440899018, "4620283.02": 0.1098149614662472, "4620131.0": -0.5603721656963908, "4620367.0": 0.8649810511994984, "4620132.0": -1.1123447356990488, "4620137.0": -0.7419444188425531, "4620363.0": -0.7320421991591897, "4620164.0": -0.08596111724916959, "4620365.0": -0.033347521095687956, "4620138.0": -0.6666526796850678, "4620133.0": -1.4633688524536452, "4620165.0": -0.926967106450003, "4620061.0": -0.9191547535735475, "4620057.0": -0.09402456926671597, "4620055.01": -0.25732217860306905, "4620058.0": -0.37148464707846535, "4620060.0": -1.460964136301834, "4620059.0": -1.6056198833151625, "4620268.02": -1.527920298652222, "4620284.0": 0.2557876613010875, "4620221.0": 0.24931125116430136, "4620268.03": -0.8932368791399444,