{"4620324.01": -0.6686611279521109, "4620323.0": -0.09857728404110183, "4620327.0": -0.6633817456945942, "4620324.02": 0.5900346014192931, "4620322.02": -0.3316769330984851, "4620329.0": -1.027531940667567, "4620322.04": 0.44454480269683994, "4620325.01": 0.3079048843236878, "4620322.03": -0.8777398945470956, "4620321.0": 0.6552818975477571, "4620320.0": -1.5811075824956358, "4620430.0": -0.6098587882765026, "4620392.0": -0.027960287828503294, "4620396.0": 0.40416035195821204, "4620391.0": -0.9169513038730316, "4620395.03": -0.24662243649189539, "4620397.0": 0.579791851757494, "4620395.02": 0.11606458157963095, "4620393.0": -0.6899906478521759, "4620390.0": 0.20475008755931612, "4620328.0": 0.31298200394811215, "4620325.02": -0.2899172957503051, "4620326.02": 0.28360309571914766, "4620325.03": 1.6307308929663118, "4620326.03": 0.8177163548999252, "4620325.06": 1.3476015656765117, "4620330.0": -0.3942503173758245, "4620325.05": 0.08612082990225368, "4620500.0": -0.3541835950972194, "4620491.0": -0.2823257084550057, "4620470.03": -1.1247241648849557, "4620515.01": -1.6950246993185512, "4620470.04": -1.4364648422336015, "4620515.02": -1.3858400463751799, "4620515.03": -1.212523974360264, "4620515.04": -0.7577707118853098, "4620470.05": -0.6576666766616488, "4620514.02": -0.6694760480169549, "4620540.0": -0.6899528325213986, "4620550.02": -3.5941679068780994, "4620522.02": -0.7154329770315693, "4620514.01": -0.7290552034135602, "4620521.05": -0.6403035156689585, "4620550.04": -1.6481118341487597, "4620550.03": -1.7678091094321717, "4620513.02": -0.9671115881972565, "4620521.04": -0.6932232014646303, "4620523.0": -0.7018052302026306, "4620512.02": -0.345168076085168, "4620513.01": -0.33138013629395446, "4620512.04": -0.8314622683347748, "4620530.0": -0.34337935394388447, "4620512.03": -0.5839318772270731, "4620394.0": -0.30727420644880427, "4620433.0": -1.592654883000757, "4620395.01": 0.08732227846241687, "4620382.02": 0.16399895719060406, "4620381.0": -0.24025404080126167, "4620383.01": 0.29142098120888205, "4620520.03": -0.8411608100206202, "4620520.02": 0.22240521312019468, "4620326.01": 1.2278507521772808, "4620340.0": 1.5835434133437765, "4620090.0": 1.3081243448645368, "4620098.0": 0.9982009851022648, "4620097.02": 1.7736467760503816, "4620092.0": 0.8517872705927719, "4620100.02": 0.627787080748484, "4620101.01": 0.4219099432044789, "4620093.0": 0.9333095209478868, "4620099.0": 0.9239926139826131, "4620316.0": -0.03416419327096975, "4620314.0": -0.26176484107272757, "4620313.0": -0.7171202249960568, "4620089.0": -0.674843962350558, "4620310.0": -0.835540506119108, "4620312.0": -0.6763991956199337, "4620311.0": -1.060151420303908, "4620317.06": -0.5118973917914076, "4620094.01": 0.5520849660361727, "4620088.0": -0.06477363725317242, "4620100.01": 0.5165773163456212, "4620097.01": 0.40314719533609644, "4620101.02": 0.42160622655829433, "4620087.0": -0.8795762802702854, "4620103.0": 0.5442950765187523, "4620102.0": -0.1187120407336348, "4620096.0": 0.2556049894549367, "4620380.0": 2.168698785215385, "4620383.02": 0.5041199337925171, "4620415.08": 0.4685304002614889, "4620415.09": -0.9260677763907093, "4620511.02": -1.3427705717452507, "4620511.01": -0.7217517512775121, "4620120.02": 2.7441328097001536, "4620413.02": -0.5169769761936307, "4620120.01": 1.1878690759767159, "4620309.0": -0.35355978743468547, "4620308.0": -0.5740903046644983, "4620086.0": -0.941566611935762, "4620307.0": -0.45773420275438514, "4620306.0": -0.07246320732097317, "4620304.0": -0.9971854729258754, "4620305.0": -0.7168927270184267, "4620104.0": 0.1286430048142798, "4620084.0": -0.7128615605683445, "4620105.0": -0.34521801317979695, "4620370.0": 1.3554678304953793, "4620106.0": -0.5714279341042287, "4620095.0": -0.3415889664320518, "4620107.0": -0.36402001814554213, "4620385.0": 2.078517014740729, "4620083.0": -0.21205830630251402, "4620082.0": 0.3323852516623592, "4620317.05": -0.24199937366854027, "4620317.08": 0.27994193654346294, "4620303.0": -0.9922171450014321, "4620302.0": -0.7090583710509626, "4620085.0": -0.505126382254728, "4620300.0": -0.13348146494460475, "4620317.03": 0.4152163524945231, "4620301.0": -0.9942943012976616, "4620317.07": -0.45096714063196097, "4620079.0": -0.7927811167618382, "4620074.0": -0.8839958245434694, "4620075.0": -1.1643001757341263, "4620110.0": 0.22967806558275228, "4620108.0": -0.9897201253902557, "4620111.0": 0.8325638928828042, "4620109.0": 0.4247496805368721, "4620352.0": -0.16270003329667085, "4620114.0": 0.32648016572301747, "4620113.0": 1.1331073005471421, "4620353.0": -0.7015685664620045, "4620081.0": -0.7475611045272953, "4620354.0": -0.5779298333526427, "4620415.1": -0.594633731551547, "4620402.0": 0.9526707976322689, "4620415.03": -0.11077510304579044, "4620413.01": 0.7371011144042406, "4620288.0": -0.652473579897028, "4620112.01": 2.750312717011294, "4620415.04": 0.13570793166299738, "4620112.02": 2.2143253029235654, "4620115.01": 1.732303192388438, "4620350.0": 0.5139648112871437, "4620080.0": -0.1094204068799872, "4620351.0": 1.5316681162978651, "4620356.0": 0.7053453633454654, "4620116.0": 2.348699513093586, "4620117.0": 3.2150782868569103, "4620115.02": 1.820513146550918, "4620118.0": 2.918904254679476, "4620076.0": -1.1887579386074112, "4620078.0": -1.067016297778888, "4620072.0": -0.8205276975977214, "4620067.0": 0.2678880546668718, "4620077.0": -0.3887093601557189, "4620073.0": -0.4585720183098667, "4620068.0": 1.8396637188248492, "4620412.0": 0.25426181270074844, "4620415.07": -0.5147855785367764, "4620119.0": 1.1907157025768818, "4620416.02": 0.04187294240777804, "4620418.0": 0.6150878801008459, "4620416.01": 0.4455712318403499, "4620417.02": 1.0794140357090645, "4620287.02": 0.20128611185072082, "4620355.0": -0.398916569811246, "4620066.02": 2.221655311627825, "4620065.02": 3.4366863477134637, "4620127.01": 3.1327482671198537, "4620123.0": 2.8971939401790583, "4620065.01": 2.8605872551194507, "4620122.0": 2.3455766502364486, "4620126.0": 2.2902511190155015, "4620064.0": 4.702549962593572, "4620066.01": 2.6973461344830736, "4620069.02": 1.263239102997097, "4620063.0": 3.1203485395370074, "4620070.02": 0.2748721536030914, "4620069.01": 2.0191892633096176, "4620419.0": 0.39319706057159565, "4620401.0": 0.20417709699403613, "4620417.01": 0.8426597147160249, "4620121.0": 2.199895418762844, "4620410.02": 0.5083010380953383, "4620129.01": 3.663774062395449, "4620124.0": 2.100543632865604, "4620361.0": -0.35838982973667743, "4620128.0": 1.257401220611745, "4620125.0": -0.1860471387884077, "4620129.02": 2.3976494335936134, "4620360.0": -0.2933479622740762, "4620130.0": 3.062583195204426, "4620362.0": -0.18936792395139518, "4620366.0": 0.17388959352504105, "4620420.0": 1.7555765442361346, "4620287.01": 0.47201959358953466, "4620410.03": 0.4874659280489801, "4620410.01": 1.1886612596070203, "4620286.0": 0.8756902532733503, "4620285.0": 1.3393459350353139, "4620070.01": 1.04747620596237, "4620062.0": 2.326551618276826, "4620055.02": 0.711812914007033, "4620056.0": 0.7486024888332986, "4620421.04": 1.627212084770328, "4620421.03": 1.4594400819059066, "4620400.0": 1.0637823774647188, "4620404.0": 0.5937369684699534, "4620421.05": 0.7283694020237261, "4620421.06": 0.7502248986345254, "4620283.01": 1.3168794295621646, "4620283.02": 0.8443434391140515, "4620131.0": 1.9336050826344722, "4620367.0": 1.0703981076278943, "4620132.0": 0.8496552166836153, "4620137.0": 1.769361793471242, "4620363.0": -0.9543668355493871, "4620164.0": -0.16467614963111118, "4620365.0": 0.6369200310443613, "4620138.0": -0.053418449266545806, "4620133.0": -0.09301084655154564, "4620165.0": -0.6196755898142462, "4620061.0": 1.6528016431272852, "4620057.0": -0.44213788280747823, "4620055.01": -0.12097461676371282, "4620058.0": -0.550004760819454, "4620060.0": -1.4530572312272407, "4620059.0": -0.23167450607351234, "4620268.02": 0.028225639045224946, "4620284.0": 0.8836363750254742, "4620221.0": 0.8067197662135954, "4620268.03": 1.0812297310734773,