{"4620324.01": -0.07489684456245965, "4620323.0": 0.7589750930862887, "4620327.0": 0.06403472168795855, "4620324.02": 1.3284888705072886, "4620322.02": -0.12376489317764869, "4620329.0": -0.6232244453269544, "4620322.04": 0.6084616590947693, "4620325.01": 0.9449370212668036, "4620322.03": -0.2971937293718483, "4620321.0": 1.1589316406058976, "4620320.0": -0.7202021883231755, "4620430.0": 1.1010618001387582, "4620392.0": 0.9379516658081855, "4620396.0": 1.3329613487369583, "4620391.0": -0.014481009541740069, "4620395.03": 1.067982186268259, "4620397.0": 0.9649255335839944, "4620395.02": 1.2865645921157807, "4620393.0": -0.06139986604324736, "4620390.0": 0.9832649340700698, "4620328.0": 0.9109965716625307, "4620325.02": 0.4876944860744591, "4620326.02": 1.0050999195268784, "4620325.03": 2.1305229403010175, "4620326.03": 1.3707337883683137, "4620325.06": 1.794730616542896, "4620330.0": 0.28664838086381045, "4620325.05": 0.8421018749501813, "4620500.0": 2.737248251097805, "4620491.0": 2.7022169501061795, "4620470.03": 1.3366792957063747, "4620515.01": -0.0027411173289002733, "4620470.04": 0.9978768461818017, "4620515.02": 1.1225692620785095, "4620515.03": 0.6966346972546434, "4620515.04": 0.9299196316208285, "4620470.05": 1.518282764874468, "4620514.02": 0.9670195790474646, "4620540.0": 1.8042138580718763, "4620550.02": -0.12980446686735775, "4620522.02": 1.2149878498765623, "4620514.01": 0.5782798183060299, "4620521.05": 0.7381130499691919, "4620550.04": 1.4132841182173324, "4620550.03": 0.7636446501770547, "4620513.02": 0.7782908513109531, "4620521.04": 2.180925305852802, "4620523.0": 0.48453662707461764, "4620512.02": 1.3743365003881614, "4620513.01": 1.5504144520325553, "4620512.04": 0.7765176500887957, "4620530.0": 1.2118278026376867, "4620512.03": 1.9261293660275847, "4620394.0": 0.7704745580853267, "4620433.0": -0.14628244839063204, "4620395.01": 1.3028126524180357, "4620382.02": 0.7899947475338395, "4620381.0": 0.8654815799382621, "4620383.01": 0.7712347149820781, "4620520.03": 0.7745413498080226, "4620520.02": 2.1966185406522074, "4620326.01": 1.7879622291381483, "4620340.0": 1.5780309535037607, "4620090.0": 2.060434780689778, "4620098.0": 1.100178348124094, "4620097.02": 1.8622358794134979, "4620092.0": 1.1876245791815732, "4620100.02": 1.2193240856058667, "4620101.01": 0.7607619567623812, "4620093.0": 1.3651591755151802, "4620099.0": 0.7373349747621402, "4620316.0": 1.593510018600457, "4620314.0": 0.6709615609811248, "4620313.0": 0.07343058469293283, "4620089.0": 0.11829122784903111, "4620310.0": -0.23780675707147814, "4620312.0": 0.08884891542859633, "4620311.0": -0.6089947141749299, "4620317.06": 0.40812011000760656, "4620094.01": -0.04326516371754374, "4620088.0": 0.632732727011391, "4620100.01": 1.039259981367388, "4620097.01": 0.2900096093456958, "4620101.02": 0.8700929221992865, "4620087.0": -0.6270554517686471, "4620103.0": 0.7622260523720051, "4620102.0": 0.645085688657185, "4620096.0": -0.34949257500825803, "4620380.0": 2.194193444721998, "4620383.02": 1.1320994633058217, "4620415.08": 0.9643639310061701, "4620415.09": 0.6124576214886773, "4620511.02": 0.5754240399317655, "4620511.01": 0.7673586433064354, "4620120.02": 3.046910001570687, "4620413.02": 0.9988554793947416, "4620120.01": 1.0609465359606147, "4620309.0": 0.011394072773849033, "4620308.0": -0.5650155163185976, "4620086.0": -0.582747179092341, "4620307.0": -0.3359762964540881, "4620306.0": -0.02212876149489935, "4620304.0": -0.760651366376334, "4620305.0": -0.6185562767449744, "4620104.0": 0.1393136213631613, "4620084.0": -0.8143048553366796, "4620105.0": 0.18572720244808413, "4620370.0": 0.903698337350091, "4620106.0": -0.6160308929628638, "4620095.0": -0.3730221447776411, "4620107.0": -0.6431290439230785, "4620385.0": 2.74356106580617, "4620083.0": -0.8287730439657681, "4620082.0": -0.3453338179164649, "4620317.05": 0.3484402647721323, "4620317.08": 0.8130675269145667, "4620303.0": -0.852883628370092, "4620302.0": -0.6065126739462231, "4620085.0": -0.2696242236366578, "4620300.0": 0.34051395592427297, "4620317.03": 0.5416695121312848, "4620301.0": -0.6677098502660544, "4620317.07": 0.08095460172863696, "4620079.0": -1.082772347399508, "4620074.0": -0.6241810787899071, "4620075.0": -1.1410654944717442, "4620110.0": 0.4622689116572811, "4620108.0": -1.1440943495542377, "4620111.0": 0.5574229874240427, "4620109.0": 0.15973915682887685, "4620352.0": -0.3780710524379409, "4620114.0": -0.0455245936290151, "4620113.0": 0.5518684175081069, "4620353.0": -0.7500723369473297, "4620081.0": -1.106695800419285, "4620354.0": -0.3967105086348726, "4620415.1": 0.884774744857068, "4620402.0": 1.4061391352183028, "4620415.03": 0.25348143312500987, "4620413.01": 0.9189650845694383, "4620288.0": 0.24624785440495395, "4620112.01": 2.2046327225585167, "4620415.04": 0.662239884601679, "4620112.02": 1.8870708828091167, "4620115.01": 0.46471108014116036, "4620350.0": -0.927433427477338, "4620080.0": -0.8383202155487772, "4620351.0": -0.8501944569692695, "4620356.0": -0.7359442131861407, "4620116.0": 0.5416976915072808, "4620117.0": 1.392971910945649, "4620115.02": 0.09754422356855096, "4620118.0": 1.8000780645397523, "4620076.0": -1.1408028999119448, "4620078.0": -1.0865112814025748, "4620072.0": -0.8748948964217708, "4620067.0": -0.8200656825598502, "4620077.0": -0.8925485615013785, "4620073.0": -0.2445857413961766, "4620068.0": -0.3657516467542451, "4620412.0": 0.4836497370606513, "4620415.07": 0.1525557425804243, "4620119.0": 0.7187122859725017, "4620416.02": 0.6966798616508106, "4620418.0": 0.6729304137945011, "4620416.01": -0.2833330339099917, "4620417.02": 0.84612742263306, "4620287.02": -0.14253182337292625, "4620355.0": -0.6467783367224907, "4620066.02": -0.477069417366843, "4620065.02": -0.1227677075851277, "4620127.01": 1.1616419042457722, "4620123.0": 1.0780238237770539, "4620065.01": -0.3841272549715205, "4620122.0": 1.170918225076452, "4620126.0": 0.21857059873751855, "4620064.0": 0.018391087786913268, "4620066.01": -0.6771365709485951, "4620069.02": 0.030462378771953874, "4620063.0": -0.4072020619141038, "4620070.02": -1.060890533672792, "4620069.01": -0.5033137815454788, "4620419.0": 0.6243421295922643, "4620401.0": 0.026260108277948516, "4620417.01": 0.7025534457751503, "4620121.0": 1.247316092062498, "4620410.02": 0.29092793159309044, "4620129.01": -0.1302694864514844, "4620124.0": 0.46106835130076146, "4620361.0": -0.9500123848743554, "4620128.0": -1.077876660000294, "4620125.0": -0.5573912245142146, "4620129.02": -0.7798225113526802, "4620360.0": -1.2763166557693604, "4620130.0": -0.6368999349526072, "4620362.0": -1.0469722624056574, "4620366.0": -0.3227533491736445, "4620420.0": 1.1273886083078373, "4620287.01": 0.4598276245761929, "4620410.03": -0.20399314967092, "4620410.01": 0.1660690625878137, "4620286.0": 0.4383058837358372, "4620285.0": 0.1905428073683123, "4620070.01": -0.5367862857382975, "4620062.0": -0.8861350828170993, "4620055.02": -0.5726139993600327, "4620056.0": -1.3119754051302388, "4620421.04": 0.2892279548741613, "4620421.03": 0.11185532870332518, "4620400.0": 0.35426344989744696, "4620404.0": -0.08069353808250201, "4620421.05": 0.0242547169358856, "4620421.06": -0.5660584735154947, "4620283.01": 0.6931649408549685, "4620283.02": 0.6085930334546997, "4620131.0": -1.2817279941276154, "4620367.0": 0.253132091453791, "4620132.0": -1.4862597069505137, "4620137.0": -0.9287659384924121, "4620363.0": -1.494406608238552, "4620164.0": -0.923722952305659, "4620365.0": -0.2224128922601344, "4620138.0": -0.9984922562952115, "4620133.0": -1.7055924252382337, "4620165.0": -1.4058201926905434, "4620061.0": -1.4764639259525598, "4620057.0": -1.5923912500362247, "4620055.01": -1.6637019018917794, "4620058.0": -1.733914800839409, "4620060.0": -2.1045458347902395, "4620059.0": -1.9389081779699282, "4620268.02": -0.5010171896821999, "4620284.0": 0.715184009137075, "4620221.0": 0.4262224051175194, "4620268.03": 0.5217529491171153, "4620268.01": 0.22258533131675187,