{"4620324.01": -0.7895051832260003, "4620323.0": 0.12223051772396692, "4620327.0": -0.5199308663625194, "4620324.02": 0.8536191820263742, "4620322.02": -0.8385099840323146, "4620329.0": -1.346403095317087, "4620322.04": 0.0800717893888597, "4620325.01": 0.4123703665614338, "4620322.03": -1.279564502468887, "4620321.0": 0.3908407837294064, "4620320.0": -1.9744311044240108, "4620430.0": -0.4609722162318472, "4620392.0": 0.7592765890219463, "4620396.0": 1.1916363404482233, "4620391.0": -0.19082106888557923, "4620395.03": 0.02734960263304178, "4620397.0": 1.0126985454765018, "4620395.02": 0.9363798267968731, "4620393.0": -0.5647057292811338, "4620390.0": 1.0194116891398906, "4620328.0": 0.6900639965100592, "4620325.02": -0.21773034331825583, "4620326.02": 0.34077514819515664, "4620325.03": 2.112429384119914, "4620326.03": 1.227459630648728, "4620325.06": 1.6429378713286262, "4620330.0": -0.26385488924872885, "4620325.05": 0.23246454970138256, "4620500.0": 0.5783448778421924, "4620491.0": 0.6087505901878155, "4620470.03": -0.719162163281759, "4620515.01": -1.7474392786339488, "4620470.04": -1.2645134591132496, "4620515.02": -1.2394531212654267, "4620515.03": -1.0503830606653672, "4620515.04": -0.4844316640493123, "4620470.05": -0.7395485175983159, "4620514.02": -0.7175720323899413, "4620540.0": -0.3809106553089807, "4620550.02": -4.596233922599849, "4620522.02": -0.5802014313924967, "4620514.01": -0.7595749141096669, "4620521.05": -0.8996929914117668, "4620550.04": -0.7431988018107488, "4620550.03": -1.4323883297015452, "4620513.02": -0.9849212513184888, "4620521.04": -0.3246106902838097, "4620523.0": -0.6285352479647733, "4620512.02": -0.24627265100738938, "4620513.01": -0.06639955927386734, "4620512.04": -0.6865097123489219, "4620530.0": -0.18918982697307296, "4620512.03": -0.17311913042811666, "4620394.0": 0.49807627334744653, "4620433.0": -1.356714884953864, "4620395.01": 0.6701517887025791, "4620382.02": 0.5437756175944212, "4620381.0": -0.2175199509043655, "4620383.01": 0.2443608551685901, "4620520.03": -0.5696171234563271, "4620520.02": 0.8893281016604359, "4620326.01": 1.7021851534683803, "4620340.0": 1.5634412944638127, "4620090.0": 2.0956508076925378, "4620098.0": 0.7618264102225618, "4620097.02": 1.5477786841270569, "4620092.0": 1.1550698435069193, "4620100.02": 0.2830164365854799, "4620101.01": -0.1819157312036044, "4620093.0": 1.4580816359135564, "4620099.0": 0.40043883502739713, "4620316.0": 0.3168309433901309, "4620314.0": -0.03804886247925454, "4620313.0": -0.6422719994083694, "4620089.0": -0.4626024598786712, "4620310.0": -0.594240351527103, "4620312.0": -0.2990030324701481, "4620311.0": -1.0320904201596628, "4620317.06": 0.1191267188612385, "4620094.01": 0.17940684438869184, "4620088.0": 0.31609165504440323, "4620100.01": 0.12738321678262618, "4620097.01": 0.2706087944809334, "4620101.02": 0.17630055284011814, "4620087.0": -0.8949632487260264, "4620103.0": 0.2108720758106206, "4620102.0": -0.0647258162846898, "4620096.0": -0.13090679467767413, "4620380.0": 2.208752448621441, "4620383.02": 1.0785617788367514, "4620415.08": 0.7528803705963081, "4620415.09": -0.16175359625936994, "4620511.02": -1.1428991363930454, "4620511.01": -0.40881579072541846, "4620120.02": 3.465217593349652, "4620413.02": -0.32483340668289085, "4620120.01": 0.6862216192152062, "4620309.0": -0.0046349003404712735, "4620308.0": -0.39590694166123147, "4620086.0": -1.0002683061691364, "4620307.0": -0.07091918451844899, "4620306.0": 0.3956898952861621, "4620304.0": -0.8700611844622227, "4620305.0": -0.543706086951215, "4620104.0": -0.2992555937095304, "4620084.0": -0.47165256616761386, "4620105.0": -0.18673448697985762, "4620370.0": 0.844545002235076, "4620106.0": -0.6562434934683721, "4620095.0": -0.4974507010175067, "4620107.0": -0.43342694481006966, "4620385.0": 2.49413025503487, "4620083.0": -0.32830625620805315, "4620082.0": 0.3285463873535909, "4620317.05": 0.24094457599996313, "4620317.08": 1.0579768522503603, "4620303.0": -0.8727399037050456, "4620302.0": -0.5220134106852358, "4620085.0": -0.16068784173279402, "4620300.0": 0.5615393174646661, "4620317.03": 1.0390336875463821, "4620301.0": -0.8339408930979623, "4620317.07": -0.07624114500953481, "4620079.0": -0.865004822567227, "4620074.0": -0.747011896222475, "4620075.0": -1.1149784444816386, "4620110.0": 0.20673690369798137, "4620108.0": -1.1338000025990025, "4620111.0": 0.5972651667158385, "4620109.0": 0.3156241138637516, "4620352.0": -0.26112804058516137, "4620114.0": 0.17507008184768905, "4620113.0": 0.7859087047278303, "4620353.0": -0.9027943321486954, "4620081.0": -0.8634841856065025, "4620354.0": -0.6975130112636396, "4620415.1": 0.7186787026344565, "4620402.0": 1.0918558217433842, "4620415.03": -0.33110732501773993, "4620413.01": 0.5481561721720498, "4620288.0": -0.8694710182663837, "4620112.01": 2.021417872561897, "4620415.04": 0.13040521289911333, "4620112.02": 1.827491964778248, "4620115.01": 1.699897712832491, "4620350.0": -0.17817007845097357, "4620080.0": -0.23758395248618785, "4620351.0": 0.9103594408125687, "4620356.0": 0.3643810687068839, "4620116.0": 1.826113553072156, "4620117.0": 2.9017093341301248, "4620115.02": 1.5281581281520236, "4620118.0": 1.9032629120545976, "4620076.0": -0.9611010532317954, "4620078.0": -0.9248375574714415, "4620072.0": -0.8257472382697068, "4620067.0": 0.27259781516190906, "4620077.0": 0.07917642281791011, "4620073.0": 0.2402166338648778, "4620068.0": 2.1110975924226474, "4620412.0": 0.24790660646696386, "4620415.07": -0.5156702130138917, "4620119.0": 0.9536819706368014, "4620416.02": 0.5228780787783891, "4620418.0": 0.4441554559858016, "4620416.01": -0.3170262448356754, "4620417.02": 1.0742869673426232, "4620287.02": -0.43611128346588873, "4620355.0": -0.8921137178485364, "4620066.02": 1.213010413832805, "4620065.02": 2.499246942252872, "4620127.01": 3.0855513154036527, "4620123.0": 2.545768649425635, "4620065.01": 2.318793859284844, "4620122.0": 1.8784225844539184, "4620126.0": 1.9317969830477288, "4620064.0": 4.115969173961231, "4620066.01": 1.9225737911964742, "4620069.02": 3.6462552740656693, "4620063.0": 2.7179003998378257, "4620070.02": 1.6469958918216943, "4620069.01": 3.445718987336207, "4620419.0": 0.3867174157165189, "4620401.0": -0.6045472593134543, "4620417.01": 1.0481412627574398, "4620121.0": 1.8430688425683555, "4620410.02": 0.14923762857617942, "4620129.01": 2.68071437948913, "4620124.0": 1.7274191912397558, "4620361.0": -0.8239103658443506, "4620128.0": 0.3827500695712683, "4620125.0": -0.20082477681170166, "4620129.02": 1.7859151760497445, "4620360.0": -0.9559951649247929, "4620130.0": 2.4655891327256008, "4620362.0": -0.7700489912617384, "4620366.0": -0.048845432404906984, "4620420.0": 1.7135924910155347, "4620287.01": -0.06033500451003251, "4620410.03": 0.1927914735316115, "4620410.01": 0.5862991004692926, "4620286.0": 0.2731067787362484, "4620285.0": 0.6375410370295257, "4620070.01": 2.256295139689735, "4620062.0": 1.890266687105571, "4620055.02": 2.0620544880646086, "4620056.0": 0.5479853008035983, "4620421.04": 1.09585797036837, "4620421.03": 0.7809209203483121, "4620400.0": 0.5231788206732996, "4620404.0": -0.0769757259455281, "4620421.05": 0.1978628679741943, "4620421.06": -0.17348542100454767, "4620283.01": 1.0171866042158244, "4620283.02": 0.4798778981586891, "4620131.0": 1.348373904984569, "4620367.0": 0.7118366507022895, "4620132.0": 0.2849106998988253, "4620137.0": 1.0529336251303105, "4620363.0": -1.5834866072851357, "4620164.0": -0.7291130181259938, "4620365.0": 0.11412643696417936, "4620138.0": -0.4010912186904167, "4620133.0": -0.8203674268280545, "4620165.0": -1.4922017739442994, "4620061.0": 0.8677299660323152, "4620057.0": -0.8221520550459938, "4620055.01": -0.2046218445565273, "4620058.0": -0.9764525010609237, "4620060.0": -2.0853675831707665, "4620059.0": -1.0418820421761246, "4620268.02": -0.7111475721248736, "4620284.0": 0.5272376171907475, "4620221.0": 0.6788002227801431, "4620268.03": 0.793286326417767,