{"4620324.01": 0.0914845227137507, "4620323.0": 0.44357364864307686, "4620327.0": 0.3333131335456016, "4620324.02": 1.2348527259175293, "4620322.02": -0.3181808264699041, "4620329.0": -0.27229338398544256, "4620322.04": 0.14529135132004517, "4620325.01": 0.8781853112012161, "4620322.03": -0.41003645343352635, "4620321.0": 0.1507277124239932, "4620320.0": -0.7646727182846171, "4620430.0": 0.22343326226417262, "4620392.0": -0.1289916314343275, "4620396.0": 0.07977604869316494, "4620391.0": -0.7085483039472481, "4620395.03": 0.3381049436267646, "4620397.0": 0.040465173048151316, "4620395.02": 0.09269894713058537, "4620393.0": -0.4468110420244991, "4620390.0": 0.10025005335221632, "4620328.0": 0.5085438930694258, "4620325.02": 0.4937861822903147, "4620326.02": 1.0103864799445914, "4620325.03": 0.842181926018234, "4620326.03": 0.743801590225576, "4620325.06": 0.6317978597626742, "4620330.0": -0.029852532149229852, "4620325.05": 0.2902114200851561, "4620500.0": 2.3085706645272532, "4620491.0": 2.3298275027208155, "4620470.03": 1.127356894757999, "4620515.01": 0.10740979718771054, "4620470.04": 0.8986747781934443, "4620515.02": 0.9983935078880913, "4620515.03": 0.7586925384746663, "4620515.04": 0.9060929902390493, "4620470.05": 1.2104965079028385, "4620514.02": 0.9042455516061335, "4620540.0": 1.5528693854207878, "4620550.02": 0.4233793646633222, "4620522.02": 1.5737120074662398, "4620514.01": 0.9940398736454299, "4620521.05": 0.8934569603730692, "4620550.04": 1.3368766463139163, "4620550.03": 0.6136358270664213, "4620513.02": 1.3058861313296868, "4620521.04": 2.520910790949994, "4620523.0": 1.6148703803067561, "4620512.02": 1.6574135391967302, "4620513.01": 1.9000802756829316, "4620512.04": 1.2378554552095284, "4620530.0": 2.2088248883922668, "4620512.03": 2.163580520383123, "4620394.0": -0.021916287725660285, "4620433.0": 0.071543974845579, "4620395.01": 0.5605481282852297, "4620382.02": 0.7200063999301933, "4620381.0": 0.7109474205249949, "4620383.01": 0.8808870261084709, "4620520.03": 1.248867695904043, "4620520.02": 3.2881219677038573, "4620326.01": 0.5459573541060746, "4620340.0": 0.319834433537818, "4620090.0": -0.021170695104776652, "4620098.0": 0.20769551078437468, "4620097.02": 0.43874973131080136, "4620092.0": -0.08717303513455636, "4620100.02": 0.19501573895889596, "4620101.01": 0.21762055483738957, "4620093.0": -0.013765586041409468, "4620099.0": -0.2654382175352566, "4620316.0": -0.1643728980915195, "4620314.0": -0.370563768185432, "4620313.0": -0.6311907417197122, "4620089.0": -0.5741703550848533, "4620310.0": -0.7256136360658164, "4620312.0": -0.6927442009521323, "4620311.0": -1.046377855831349, "4620317.06": -0.44134221107142, "4620094.01": -0.5709423463467277, "4620088.0": -0.2908665382506152, "4620100.01": -0.15874109185772914, "4620097.01": -0.2899227381620683, "4620101.02": 0.5197953330908492, "4620087.0": -0.839365788282004, "4620103.0": -0.4057102254853788, "4620102.0": 0.3274574746116312, "4620096.0": -0.5844715977942296, "4620380.0": 1.2801136623557348, "4620383.02": 1.116888025951528, "4620415.08": 1.0248722381997954, "4620415.09": 1.1169247437925292, "4620511.02": 1.2181169072148947, "4620511.01": 1.992369505353691, "4620120.02": 2.25760271966789, "4620413.02": 1.145292940220686, "4620120.01": 1.276601066826392, "4620309.0": -0.7113036265244166, "4620308.0": -1.0096792362237064, "4620086.0": -0.8565426797550623, "4620307.0": -1.0203936546788406, "4620306.0": -0.9903717960484808, "4620304.0": -1.145707365000974, "4620305.0": -1.17003156905155, "4620104.0": -0.6862245669574617, "4620084.0": -0.9618795611488488, "4620105.0": 0.1274888869864375, "4620370.0": 0.08713979125879484, "4620106.0": -0.8440079472115588, "4620095.0": -0.5930985243351833, "4620107.0": -0.8277429522994051, "4620385.0": 3.0250882579615843, "4620083.0": -0.7463867588512851, "4620082.0": -0.6657367473734775, "4620317.05": -0.5738364942493771, "4620317.08": -0.5714336513588535, "4620303.0": -1.0668703957260888, "4620302.0": -1.1247264557188985, "4620085.0": -0.8128943691375726, "4620300.0": -0.9047806080714161, "4620317.03": -0.45997002761411904, "4620301.0": -0.9017577845679288, "4620317.07": -0.5380414111536289, "4620079.0": -0.9463610704380905, "4620074.0": -0.9266752889959944, "4620075.0": -0.9157833140548063, "4620110.0": 0.36932010310384716, "4620108.0": -0.6384315286638402, "4620111.0": 0.5671432471579227, "4620109.0": -0.11821926844783041, "4620352.0": -0.512119308449229, "4620114.0": -0.07209664755518103, "4620113.0": 0.19780392256499074, "4620353.0": -0.5028836180758964, "4620081.0": -0.9253716438165274, "4620354.0": -0.15671297328217765, "4620415.1": 0.9798347610783715, "4620402.0": 0.6552883042289022, "4620415.03": 0.795024839797221, "4620413.01": 1.2291867859825831, "4620288.0": 1.4846980991485308, "4620112.01": 1.474715632985143, "4620415.04": 1.0405515807220989, "4620112.02": 1.496978315543663, "4620115.01": 0.06716113373666924, "4620350.0": -1.0160003838734268, "4620080.0": -0.6674337324517444, "4620351.0": -1.0816722323133725, "4620356.0": -0.6243422245228268, "4620116.0": 0.02012435603298542, "4620117.0": 0.603760004645934, "4620115.02": -0.1065215502530048, "4620118.0": 1.4842064913048982, "4620076.0": -0.9059219079944881, "4620078.0": -0.4752136718655582, "4620072.0": -1.0120500677615447, "4620067.0": -0.6323477157244618, "4620077.0": -0.6765455720739822, "4620073.0": -0.504097448361033, "4620068.0": -0.7417607861304409, "4620412.0": 1.0193176260296792, "4620415.07": 1.0754267134058295, "4620119.0": 0.8966328547098741, "4620416.02": 1.2768886919848008, "4620418.0": 1.2737652417934746, "4620416.01": 1.3705331927717685, "4620417.02": 1.4602989797499237, "4620287.02": 1.0679291119443686, "4620355.0": -0.39832500845593194, "4620066.02": -0.6484316377429787, "4620065.02": -0.8295124904736408, "4620127.01": 0.07014332353497002, "4620123.0": 0.7086304911184962, "4620065.01": -0.9854669843270903, "4620122.0": 1.1288890074172881, "4620126.0": 0.46082875560033965, "4620064.0": -0.8943635961528916, "4620066.01": -0.841286140413334, "4620069.02": -0.7842785342786696, "4620063.0": -0.759203625878245, "4620070.02": -1.22315344191544, "4620069.01": -0.7982783659715413, "4620419.0": 1.643380993479289, "4620401.0": 0.35914263721848677, "4620417.01": 1.7728688366430545, "4620121.0": 1.6292425880605448, "4620410.02": 1.3180932722656502, "4620129.01": -1.0118402361412608, "4620124.0": 0.6847360188955204, "4620361.0": 0.36511063718833203, "4620128.0": -0.9202358524588026, "4620125.0": 0.09551097494258601, "4620129.02": -0.9870809894901654, "4620360.0": -0.3298919273474563, "4620130.0": -0.9856231994359139, "4620362.0": 0.6809872637082929, "4620366.0": 0.8895763200212106, "4620420.0": 1.9985156948543292, "4620287.01": 2.0737517283598863, "4620410.03": 0.5088968207688965, "4620410.01": 1.4310320340816995, "4620286.0": 1.699594976746244, "4620285.0": 1.5972116351954306, "4620070.01": -1.133442691090517, "4620062.0": -1.1543246841803594, "4620055.02": -1.0882658824214977, "4620056.0": -1.2268706519451407, "4620421.04": 1.3923677423312504, "4620421.03": 1.4179960675902215, "4620400.0": 1.2036499188978713, "4620404.0": 0.7256663531754008, "4620421.05": 1.410473335383892, "4620421.06": 0.9808607700864312, "4620283.01": 1.534590138173097, "4620283.02": 1.8169340438147712, "4620131.0": -1.1179494106605672, "4620367.0": 1.3822041610072706, "4620132.0": -1.157757261235605, "4620137.0": -0.9366959684369627, "4620363.0": 0.2764447052619056, "4620164.0": -0.08421649193233073, "4620365.0": 1.1073413914719035, "4620138.0": -0.9669816128219141, "4620133.0": -1.2286717106084737, "4620165.0": 0.23061766007701273, "4620061.0": -1.1862497769349265, "4620057.0": -1.3107540882310127, "4620055.01": -1.3504919262597637, "4620058.0": -1.293684000131927, "4620060.0": -1.3276644257538903, "4620059.0": -1.2411820026430318, "4620268.02": 0.42147755115067004, "4620284.0": 1.5855414449623415, "4620221.0": 1.3276463185074414, "4620268.03": 1.1041715761912232, "4620268.01": 0.794977263899077,