{"4620324.01": 0.3262516601796567, "4620323.0": 0.31693809332354084, "4620327.0": 0.2507907050696927, "4620324.02": 0.6424637544682777, "4620322.02": -0.07405139559218223, "4620329.0": -0.05532676695953417, "4620322.04": 0.004167654279000421, "4620325.01": 0.2775784129165674, "4620322.03": -0.4990525216670085, "4620321.0": 0.7494574352824532, "4620320.0": -0.4569795958759886, "4620430.0": 0.5725103339957841, "4620392.0": 1.468105920699103, "4620396.0": 1.325859184210368, "4620391.0": 0.7728537577166749, "4620395.03": 1.2257150857086725, "4620397.0": 1.394325554587743, "4620395.02": 1.7919199281614342, "4620393.0": 0.99224423187001, "4620390.0": 1.3764096659778597, "4620328.0": 0.9404692927729618, "4620325.02": -0.21753560703046138, "4620326.02": 0.5629331608816992, "4620325.03": 0.7061103301541191, "4620326.03": 0.8012623689778988, "4620325.06": 0.6026321763481033, "4620330.0": 0.7675154895651974, "4620325.05": 0.060195063832160695, "4620500.0": 1.4105971269825086, "4620491.0": 1.1536494884904263, "4620470.03": -0.0863426679249636, "4620515.01": -0.11637891387013456, "4620470.04": -0.10695724066980908, "4620515.02": 0.17299097062439486, "4620515.03": -0.04906568206136391, "4620515.04": 0.20963233185456032, "4620470.05": 0.5400874746444292, "4620514.02": 0.09482638328892545, "4620540.0": 0.7172199175432453, "4620550.02": -2.9371900803178774, "4620522.02": 0.3241265933421334, "4620514.01": 0.005937180086299993, "4620521.05": -0.11578816090971487, "4620550.04": 1.8256412341476946, "4620550.03": 0.8514176602519631, "4620513.02": 0.217541552833249, "4620521.04": 0.6868221838876127, "4620523.0": 0.015499976493647883, "4620512.02": 0.97526816065897, "4620513.01": 0.9090618592636805, "4620512.04": 0.7811125424110816, "4620530.0": 0.06067842784104276, "4620512.03": 1.475229193591948, "4620394.0": 1.4129901259048758, "4620433.0": -0.02154231239543311, "4620395.01": 1.0093117391004467, "4620382.02": 1.174257488976165, "4620381.0": 1.9500394605420082, "4620383.01": 1.365399678702189, "4620520.03": 0.44509711499058424, "4620520.02": 0.7670764438893717, "4620326.01": 0.8998017556852533, "4620340.0": 1.6893196158161279, "4620090.0": 1.7140123165691035, "4620098.0": 1.330170307388732, "4620097.02": 1.7861387544547205, "4620092.0": 1.034287756759515, "4620100.02": 1.0847617631451314, "4620101.01": 0.8781798846614689, "4620093.0": 1.0124606686203665, "4620099.0": 0.716395706613206, "4620316.0": 1.2233846962671036, "4620314.0": 1.1850220013260337, "4620313.0": 0.9964695246931824, "4620089.0": 0.7089719098459, "4620310.0": 0.9287832738595138, "4620312.0": 1.3401886163632173, "4620311.0": 0.9227667696125537, "4620317.06": 1.7021016326560223, "4620094.01": -0.13806908987148225, "4620088.0": 1.049423649502939, "4620100.01": 0.6917704777982716, "4620097.01": 0.18858322702735486, "4620101.02": 0.8077731165796307, "4620087.0": 0.15994954500471448, "4620103.0": 0.3320381453349436, "4620102.0": 0.300227411438584, "4620096.0": -0.4137593775149426, "4620380.0": 1.5648921854794589, "4620383.02": 0.8604794382218561, "4620415.08": 0.22237772900602668, "4620415.09": 0.09934924214145206, "4620511.02": -0.0806223907092456, "4620511.01": 0.010133690938564352, "4620120.02": 1.622899920068423, "4620413.02": -0.28920834761487557, "4620120.01": 0.17896096189742317, "4620309.0": 1.262373866133834, "4620308.0": 1.1172566713439647, "4620086.0": 0.43876236417005193, "4620307.0": 1.4126679395152204, "4620306.0": 1.792624809710758, "4620304.0": 0.5974396623532422, "4620305.0": 1.015279615107561, "4620104.0": -0.2782430700724445, "4620084.0": 0.029163851806481452, "4620105.0": -0.1446214868842778, "4620370.0": 0.49024640167946903, "4620106.0": -0.8494289975030933, "4620095.0": -0.5414972114748173, "4620107.0": -0.9263616306216637, "4620385.0": 1.301710845734933, "4620083.0": 0.3424556421336065, "4620082.0": 0.4472844055142988, "4620317.05": 1.851066906095548, "4620317.08": 1.8473528899793017, "4620303.0": 0.5243901870978896, "4620302.0": 0.9246649230712802, "4620085.0": 0.8483691870394038, "4620300.0": 1.5541467482378977, "4620317.03": 1.4070070763341955, "4620301.0": 0.3431537588100942, "4620317.07": 1.06556573325811, "4620079.0": -0.08325959856792424, "4620074.0": 0.27060982275370316, "4620075.0": -0.12010989274979085, "4620110.0": -0.2220336001896187, "4620108.0": -1.3151045973834778, "4620111.0": -0.059911264573724206, "4620109.0": -0.46511635757016795, "4620352.0": -0.15752650567534318, "4620114.0": -0.7253569713442815, "4620113.0": -0.41261123616000506, "4620353.0": -0.8756497249095625, "4620081.0": -0.42486363628454943, "4620354.0": -0.8397381437417089, "4620415.1": -0.5078316190295991, "4620402.0": 0.3815722649804974, "4620415.03": -1.0053224213499006, "4620413.01": -0.510356396323458, "4620288.0": -0.825986654665862, "4620112.01": 0.286975270987052, "4620415.04": -0.9775898866415909, "4620112.02": -0.00971941659662343, "4620115.01": -0.2937999458753163, "4620350.0": -0.18757147210005995, "4620080.0": 0.13809663214782153, "4620351.0": -0.3340323749306082, "4620356.0": -1.053891521038657, "4620116.0": -0.297297320528909, "4620117.0": 0.10917737404105109, "4620115.02": -0.6349069464809063, "4620118.0": -0.36312308566863016, "4620076.0": -0.2532532403618439, "4620078.0": -0.3939313880059825, "4620072.0": 0.1257354703101622, "4620067.0": -0.18085829199027806, "4620077.0": -0.02191414218934502, "4620073.0": 0.2348769454725664, "4620068.0": 0.40106713929969334, "4620412.0": -0.6944309570688986, "4620415.07": -1.5529272858485423, "4620119.0": -0.7422223477639659, "4620416.02": -1.001449341386704, "4620418.0": -1.1175966436039264, "4620416.01": -1.426825481886074, "4620417.02": -1.270475970224928, "4620287.02": -1.4641975249907773, "4620355.0": -0.8230124618047279, "4620066.02": -0.10713045773286992, "4620065.02": 0.28698369344853686, "4620127.01": -0.35130550145705075, "4620123.0": -0.6334538682582418, "4620065.01": 0.04918613853255827, "4620122.0": -0.9573257016244323, "4620126.0": -0.7914905242374349, "4620064.0": 0.5271375755276759, "4620066.01": -0.12055344235290573, "4620069.02": 1.2626556256550563, "4620063.0": 0.03131775611830391, "4620070.02": 0.10967227246092441, "4620069.01": 0.7741417237739999, "4620419.0": -1.4504726056431951, "4620401.0": -1.6168635847163817, "4620417.01": -1.7447472970032236, "4620121.0": -0.6831889209398514, "4620410.02": -1.5660646291548248, "4620129.01": -0.20490100701362216, "4620124.0": -1.058784126637814, "4620361.0": -1.9927260083992522, "4620128.0": -1.189515399062789, "4620125.0": -1.9180663905452269, "4620129.02": -0.33568032951841587, "4620360.0": -1.9832842933382677, "4620130.0": -0.10410636279932303, "4620362.0": -1.8470208999891955, "4620366.0": -1.5190490330932305, "4620420.0": -1.2490967627002532, "4620287.01": -1.6018505106231755, "4620410.03": -1.7372137746647425, "4620410.01": -1.8811696282000006, "4620286.0": -1.5161523776831678, "4620285.0": -1.1962876367593436, "4620070.01": 0.8122957206264371, "4620062.0": 0.029576997389811618, "4620055.02": 1.1415689923736478, "4620056.0": -0.23657655420557974, "4620421.04": -1.859018442335512, "4620421.03": -2.1132352564500154, "4620400.0": -1.3955191774839213, "4620404.0": -2.247507579966548, "4620421.05": -1.9588771328758139, "4620421.06": -2.3862077463195, "4620283.01": -1.1045882138548264, "4620283.02": -0.8683619360638385, "4620131.0": -0.5044828175841651, "4620367.0": -1.2551989461915307, "4620132.0": -1.050268180257155, "4620137.0": -0.661153860177112, "4620363.0": -2.0561355094461713, "4620164.0": -1.4500965247655053, "4620365.0": -1.282273244214492, "4620138.0": -1.3427074063096829, "4620133.0": -1.309521233414888, "4620165.0": -1.8206102162241413, "4620061.0": -0.3819241311896534, "4620057.0": -0.6661750423860243, "4620055.01": -0.4329060755858437, "4620058.0": -0.6909171925198123, "4620060.0": -1.4660649803083272, "4620059.0": -1.2183185026940313, "4620268.02": -2.0570341364356217, "4620284.0": -0.5445811385305632, "4620221.0": -1.3346434414242168, "4620268.03": -1.7203374740721442,