{"4620324.01": -0.5239755358440517, "4620323.0": -0.4581887965135019, "4620327.0": -0.24586426670946943, "4620324.02": -0.4827358057074222, "4620322.02": -0.37791782573210775, "4620329.0": -0.24445168924274552, "4620322.04": -0.32205871915444306, "4620325.01": -0.5208542076494544, "4620322.03": -0.5932725295768098, "4620321.0": -0.20598792901540527, "4620320.0": -0.5930492592998432, "4620430.0": -0.6066033983361308, "4620392.0": -0.29469121546341903, "4620396.0": 0.07292855516752764, "4620391.0": 0.18696568689858395, "4620395.03": -0.5923087172561277, "4620397.0": 0.04320041809977593, "4620395.02": -0.35517244735097303, "4620393.0": -0.3469543568605488, "4620390.0": -0.021561617444378477, "4620328.0": -0.19770796420852266, "4620325.02": -0.01843803991234001, "4620326.02": -0.5692519238343666, "4620325.03": 2.226063887747273, "4620326.03": 1.350345901132373, "4620325.06": 2.311995753307538, "4620330.0": -0.2742492419927857, "4620325.05": -0.09895473044849214, "4620500.0": 1.7126470258900381, "4620491.0": 1.7232387994596603, "4620470.03": 0.15076054295781458, "4620515.01": -0.5151178516118481, "4620470.04": -0.5825294462532321, "4620515.02": -0.12363467336225226, "4620515.03": -0.5592052458048998, "4620515.04": 0.09302920491826522, "4620470.05": -0.46307733451079836, "4620514.02": -0.3737718884617237, "4620540.0": -0.010994404560506802, "4620550.02": -0.5846516127349328, "4620522.02": -0.5115555127947581, "4620514.01": -0.4994572906278796, "4620521.05": -0.5021852626919378, "4620550.04": -0.029597785925181273, "4620550.03": -0.533797026998191, "4620513.02": -0.46807318182120483, "4620521.04": -0.38236851563064084, "4620523.0": -0.6099337029668336, "4620512.02": -0.4455098047568224, "4620513.01": -0.45673985864265443, "4620512.04": -0.34575874046122657, "4620530.0": -0.45968924282067586, "4620512.03": -0.4332533578044088, "4620394.0": -0.08741780044556714, "4620433.0": -0.4458971017634434, "4620395.01": -0.22017686046172222, "4620382.02": -0.101999344060049, "4620381.0": -0.3321245425803536, "4620383.01": 0.14959386683698384, "4620520.03": -0.5278209663507246, "4620520.02": -0.4313511830758462, "4620326.01": 1.7665668273427486, "4620340.0": -0.10512107639230879, "4620090.0": 2.275524281674113, "4620098.0": -0.13296003278529167, "4620097.02": -0.04309669999553963, "4620092.0": 1.3343749030139964, "4620100.02": -0.366947258093627, "4620101.01": -0.2072083554088997, "4620093.0": 1.7585897730922277, "4620099.0": -0.3805961253822172, "4620316.0": 0.9005283982188952, "4620314.0": -0.5860368682534093, "4620313.0": -0.6343547933454871, "4620089.0": -0.5043322419442378, "4620310.0": -0.5253926667957277, "4620312.0": -0.5092741604905575, "4620311.0": -0.6071673648343717, "4620317.06": -0.6586301484346574, "4620094.01": -0.27926757834353355, "4620088.0": -0.4763712050803812, "4620100.01": -0.44591803772166433, "4620097.01": -0.25784848048616055, "4620101.02": -0.25062411193791834, "4620087.0": -0.4574671187727039, "4620103.0": -0.4418125674744481, "4620102.0": -0.4801114259928596, "4620096.0": -0.37685660874845, "4620380.0": 0.9994705932166095, "4620383.02": 1.64299550016, "4620415.08": 0.7480484144196076, "4620415.09": 0.5893241152457579, "4620511.02": -0.481399167547166, "4620511.01": -0.5056768689390404, "4620120.02": 2.3876755678308443, "4620413.02": -0.3859017792052965, "4620120.01": 0.4174468294990335, "4620309.0": -0.49179752082938777, "4620308.0": -0.32474325823128053, "4620086.0": -0.4321557332862086, "4620307.0": -0.35662467112910906, "4620306.0": -0.2649838418811024, "4620304.0": -0.3744231430777974, "4620305.0": -0.5231737929792445, "4620104.0": -0.49958216357824314, "4620084.0": 0.0911300145616043, "4620105.0": -0.33000675970652643, "4620370.0": 0.7488262481535477, "4620106.0": -0.4042898063230319, "4620095.0": -0.4506717286639647, "4620107.0": -0.35997844586675337, "4620385.0": 0.1481364448900819, "4620083.0": -0.10285006355789833, "4620082.0": -0.06660961935878852, "4620317.05": -0.5587677278103159, "4620317.08": 0.440543833585579, "4620303.0": -0.4408919151561967, "4620302.0": -0.2701924162370591, "4620085.0": -0.09912673576583367, "4620300.0": -0.08224594107329093, "4620317.03": 0.40346721786664014, "4620301.0": -0.4158420651604634, "4620317.07": -0.5934651524286338, "4620079.0": -0.2246254602699837, "4620074.0": -0.2015423514848512, "4620075.0": 0.0408337919014727, "4620110.0": -0.3510269294425248, "4620108.0": -0.5664799537295638, "4620111.0": 0.6525012326210792, "4620109.0": -0.23771788039115857, "4620352.0": -0.3842462327245344, "4620114.0": -0.527163092491821, "4620113.0": -0.25856336321927237, "4620353.0": -0.6022170169179323, "4620081.0": -0.3095542283707204, "4620354.0": -0.6273936467389682, "4620415.1": 1.745374842199751, "4620402.0": 1.465214807434557, "4620415.03": -0.24895062585860128, "4620413.01": -0.3603157810015668, "4620288.0": -0.5328781823486859, "4620112.01": 1.1876061489492127, "4620415.04": -0.4417889405529182, "4620112.02": -0.016179643812889877, "4620115.01": -0.46495428543092576, "4620350.0": 0.31852491996889126, "4620080.0": -0.22497407610003523, "4620351.0": 1.6046351948393232, "4620356.0": -0.32958242750004996, "4620116.0": -0.394804575087591, "4620117.0": -0.3203035053744961, "4620115.02": -0.30239562014275134, "4620118.0": -0.10641365884787506, "4620076.0": 1.2180489599999638, "4620078.0": 0.8407318861974737, "4620072.0": -0.45421840792552565, "4620067.0": 1.5762611124810586, "4620077.0": 2.745002436268074, "4620073.0": 1.3903695156852514, "4620068.0": 5.5318711983826905, "4620412.0": -0.3476732060936719, "4620415.07": 0.13261708008395462, "4620119.0": 1.046136959544705, "4620416.02": 0.912538870275636, "4620418.0": -0.4232600949877505, "4620416.01": -0.4690429644569985, "4620417.02": -0.10026771821808976, "4620287.02": -0.40602847660401803, "4620355.0": -0.1450590853967595, "4620066.02": 0.09921449840042702, "4620065.02": 1.3201758994280968, "4620127.01": -0.47452989281577174, "4620123.0": -0.27041415404133107, "4620065.01": 4.064327331704608, "4620122.0": -0.420254776076765, "4620126.0": -0.18417128749077388, "4620064.0": 4.696667945732622, "4620066.01": 3.527910132984058, "4620069.02": 8.115709449351042, "4620063.0": 3.018738797759031, "4620070.02": 6.618709929545874, "4620069.01": 9.08864440186992, "4620419.0": -0.23768452914800875, "4620401.0": -0.14360300446769048, "4620417.01": 0.49248394156580844, "4620121.0": -0.09312232103578677, "4620410.02": -0.5366498534758914, "4620129.01": 0.10078733461411477, "4620124.0": -0.3208732917594541, "4620361.0": -0.33555514223614513, "4620128.0": -0.36960503271646616, "4620125.0": -0.3620790756653706, "4620129.02": 1.9769190338321228, "4620360.0": -0.4289205238960665, "4620130.0": 2.470896787068517, "4620362.0": -0.4209868484806713, "4620366.0": -0.3797080304234056, "4620420.0": -0.30539635670553283, "4620287.01": -0.29923786103062905, "4620410.03": -0.20906337407308365, "4620410.01": -0.4812906289196625, "4620286.0": -0.3610473365327448, "4620285.0": -0.4072299399724658, "4620070.01": 4.8012827319199785, "4620062.0": 2.8076388258376546, "4620055.02": 4.650441957654808, "4620056.0": 2.825125530258882, "4620421.04": -0.5123556819954131, "4620421.03": -0.4822581761869789, "4620400.0": -0.24162395442883655, "4620404.0": 0.08328490694150666, "4620421.05": 0.07802643774941827, "4620421.06": -0.4862844174330606, "4620283.01": 0.1177613663572091, "4620283.02": -0.4533931371658136, "4620131.0": 1.8464508849457517, "4620367.0": -0.08388959794993371, "4620132.0": 1.4553316086434236, "4620137.0": -0.2557589406612098, "4620363.0": -0.5165998823580529, "4620164.0": -0.4056273906308926, "4620365.0": -0.37901429696746003, "4620138.0": -0.3391830272647779, "4620133.0": -0.18994750614475164, "4620165.0": -0.5643208010905206, "4620061.0": 1.6236146039266288, "4620057.0": 0.6632269977424575, "4620055.01": 2.789818108252691, "4620058.0": 0.5478682076642849, "4620060.0": -0.6303089649649888, "4620059.0": 0.2588361952667127, "4620268.02": -0.07106919941309361, "4620284.0": -0.46327192088412344,