{"4620324.01": -0.14909911270311285, "4620323.0": 0.2827088885684504, "4620327.0": -0.3268396526632908, "4620324.02": 0.13545523103525023, "4620322.02": -0.41531210817532516, "4620329.0": -0.6895039175431166, "4620322.04": -0.07296742118349679, "4620325.01": -0.004170565380282205, "4620322.03": -0.12497930162010916, "4620321.0": 0.45843920858458614, "4620320.0": -0.014845314805263639, "4620430.0": 1.9361765726686386, "4620392.0": 1.4093198051228746, "4620396.0": 1.6337090668955292, "4620391.0": 0.4905603643352535, "4620395.03": 1.0405936821263826, "4620397.0": 1.4291457435022754, "4620395.02": 1.445063819365802, "4620393.0": 0.164250306992572, "4620390.0": 0.7413234530130547, "4620328.0": 0.3134383952446107, "4620325.02": 0.07152475901037325, "4620326.02": -0.08248661866060361, "4620325.03": 1.339745976776029, "4620326.03": 0.6635100209883875, "4620325.06": 1.3007419113531407, "4620330.0": -0.029974261049273802, "4620325.05": 0.26836117199280674, "4620500.0": 3.1098099407923274, "4620491.0": 3.0112873566082365, "4620470.03": 1.7759122236513682, "4620515.01": 0.6912106603608088, "4620470.04": 1.6198180466341316, "4620515.02": 1.8500677528679559, "4620515.03": 1.3107720701680825, "4620515.04": 1.2663745218446183, "4620470.05": 2.133648729654786, "4620514.02": 1.4987695810767672, "4620540.0": 2.3300155207179833, "4620550.02": 2.5112171148160525, "4620522.02": 1.9852994300409417, "4620514.01": 1.3702673258398614, "4620521.05": 1.292624510563756, "4620550.04": 3.2961922055460118, "4620550.03": 2.1621405341453763, "4620513.02": 1.7115529417235955, "4620521.04": 3.4363993764950855, "4620523.0": 1.3025650975632064, "4620512.02": 2.002046771943732, "4620513.01": 2.4397151404840587, "4620512.04": 2.014704363425089, "4620530.0": 1.6824796333599727, "4620512.03": 3.1178128478241627, "4620394.0": 0.42601842593653605, "4620433.0": 0.27392340955320554, "4620395.01": 1.1980678365198334, "4620382.02": -0.024000853516678907, "4620381.0": 1.0581969114929826, "4620383.01": 1.4930525019099892, "4620520.03": 1.191234523907966, "4620520.02": 2.328580473006831, "4620326.01": 1.2276479408043253, "4620340.0": 0.4629883865778316, "4620090.0": 1.6811138848552256, "4620098.0": 0.6579347300661876, "4620097.02": 1.2179602879946414, "4620092.0": 0.8176689885717603, "4620100.02": 0.7064088533472883, "4620101.01": 0.49042106442033834, "4620093.0": 0.9326326390856825, "4620099.0": 0.21424516162125126, "4620316.0": 1.943741039833014, "4620314.0": 0.3540787381495289, "4620313.0": 0.022815053958292805, "4620089.0": 0.0024541565462794304, "4620310.0": -0.0853523282547461, "4620312.0": -0.03681237587300615, "4620311.0": -0.5051588764119113, "4620317.06": 1.127185109737701, "4620094.01": -0.46833898449373984, "4620088.0": 0.46828668045350214, "4620100.01": 0.34477700767454306, "4620097.01": -0.10290743952088503, "4620101.02": 0.7811168917082053, "4620087.0": -0.42602271609583814, "4620103.0": 0.2826513321284786, "4620102.0": 0.6216171447253984, "4620096.0": -0.7202662159289194, "4620380.0": 1.6012098018871344, "4620383.02": 1.4249499101668488, "4620415.08": 0.8907896184637735, "4620415.09": 1.364132988047569, "4620511.02": 1.4694308013331805, "4620511.01": 1.3200106039154487, "4620120.02": 2.2211342035462813, "4620413.02": 1.6041691587786369, "4620120.01": 0.7221858345824429, "4620309.0": 0.034121847982585676, "4620308.0": -0.2000032155919012, "4620086.0": -0.2995633488095731, "4620307.0": -0.15329705831703688, "4620306.0": -0.011829413808256617, "4620304.0": -0.43902739635923904, "4620305.0": -0.5640487105770933, "4620104.0": -0.242745069785419, "4620084.0": -0.8426453784985528, "4620105.0": 0.28122954852125315, "4620370.0": 0.46515614916237896, "4620106.0": -0.8542417924215163, "4620095.0": -0.4988381416557447, "4620107.0": -0.9788113262782624, "4620385.0": 2.287686559578326, "4620083.0": -0.5014220749241907, "4620082.0": -0.20332229320900072, "4620317.05": 2.1043014223581826, "4620317.08": 2.5796037278556874, "4620303.0": -0.31588954595583507, "4620302.0": -0.0952826225974809, "4620085.0": 0.01440456128497649, "4620300.0": 0.5108286744237795, "4620317.03": 1.4311881784370017, "4620301.0": -0.47607056673805703, "4620317.07": 1.619943690295175, "4620079.0": -0.586273387448692, "4620074.0": -0.31665641060914573, "4620075.0": -0.5056866705699001, "4620110.0": 0.0022024158954249587, "4620108.0": -0.8757966031482244, "4620111.0": -0.252559881405567, "4620109.0": -0.5229272520694505, "4620352.0": -0.46228851850333585, "4620114.0": -0.7377013989422532, "4620113.0": -0.9324709683936079, "4620353.0": -0.2972616428868396, "4620081.0": -0.7446294345217889, "4620354.0": 0.11567349372088534, "4620415.1": 1.4079602845756707, "4620402.0": 0.5092930847795369, "4620415.03": 0.49223851962161513, "4620413.01": 0.27163146840509667, "4620288.0": 0.484982643454234, "4620112.01": -0.1149393427942846, "4620415.04": 0.3505830305207908, "4620112.02": -0.5940416624439896, "4620115.01": -0.9772799528907322, "4620350.0": -0.7450471752574146, "4620080.0": -0.08780690057191927, "4620351.0": -0.9049795361245031, "4620356.0": -0.9218517230498039, "4620116.0": -1.281032923225166, "4620117.0": -1.2261417183198002, "4620115.02": -0.9832257603301005, "4620118.0": -1.3794381090458168, "4620076.0": -0.5883145888280348, "4620078.0": -0.7013881842853107, "4620072.0": -0.32637900284260557, "4620067.0": -0.4875937630469856, "4620077.0": 0.06671692108816274, "4620073.0": -0.10304959016926893, "4620068.0": 0.17564979565393551, "4620412.0": 0.2570070852746865, "4620415.07": 0.4440738898797669, "4620119.0": -0.5333762256492327, "4620416.02": 0.9652476537342588, "4620418.0": -0.012145924270036816, "4620416.01": -0.7024692507933455, "4620417.02": -0.23792098735605127, "4620287.02": -0.3030567067308799, "4620355.0": 0.17026447558204658, "4620066.02": -0.9847791843847684, "4620065.02": -0.448784074144318, "4620127.01": -1.5811175298954139, "4620123.0": -1.5471799080090003, "4620065.01": -0.33841246665243535, "4620122.0": -1.4504054577603218, "4620126.0": -1.0083219782533868, "4620064.0": -0.16647015046029429, "4620066.01": -0.9892258260461947, "4620069.02": 1.3571923288088148, "4620063.0": -0.6001850312467392, "4620070.02": 0.7780748960079676, "4620069.01": 1.0263168999507168, "4620419.0": -0.17678038295365095, "4620401.0": -1.142244003635361, "4620417.01": -0.20808809023240402, "4620121.0": -0.39016126352068864, "4620410.02": -0.5514301413183313, "4620129.01": -0.9937193427197323, "4620124.0": -1.1028830017425755, "4620361.0": -0.557786581734735, "4620128.0": -1.2889826392664792, "4620125.0": -0.7140886210154566, "4620129.02": -0.4092668394907682, "4620360.0": -0.9871916655469886, "4620130.0": -0.5489413622991691, "4620362.0": -0.4484286233482934, "4620366.0": 0.061707024143273816, "4620420.0": 0.0564624264619507, "4620287.01": 0.07268206564171657, "4620410.03": -0.6228172795471771, "4620410.01": -0.7434914246538735, "4620286.0": -0.330470312439691, "4620285.0": -0.6412364264214457, "4620070.01": 1.36980128424166, "4620062.0": -0.45252027592640365, "4620055.02": 1.0894517826213084, "4620056.0": 0.026039560439502205, "4620421.04": -0.9251455604294218, "4620421.03": -1.1107535924508047, "4620400.0": -0.16810470133989122, "4620404.0": -1.2065593743743788, "4620421.05": -0.9827577965708102, "4620421.06": -1.9696056485120548, "4620283.01": -0.06717402399646093, "4620283.02": 0.18569075643544183, "4620131.0": -0.917160083891557, "4620367.0": 0.13804448366666863, "4620132.0": -1.2103610116904724, "4620137.0": -1.1815328405946854, "4620363.0": -1.0420423944008768, "4620164.0": -0.7243096953281326, "4620365.0": -0.4473878551522062, "4620138.0": -0.9932158524992484, "4620133.0": -1.378031202867927, "4620165.0": -1.1819439624817076, "4620061.0": -1.1677079459766675, "4620057.0": -0.4827565558292076, "4620055.01": -0.4842985262437674, "4620058.0": -0.5426695984343696, "4620060.0": -1.2011560647550061, "4620059.0": -1.5037927217895068, "4620268.02": -0.9330203429822083, "4620284.0": 0.290516151007288, "4620221.0": -0.21433592462111423,