{"4620324.01": -0.18552055654907249, "4620323.0": 0.330325570377241, "4620327.0": -0.44142144223169316, "4620324.02": 0.6808402438846369, "4620322.02": -0.2002073352600188, "4620329.0": -0.51089640104946, "4620322.04": 0.3556490770142991, "4620325.01": 0.5357652462107879, "4620322.03": -0.7404132886200654, "4620321.0": 0.6976288622479829, "4620320.0": -1.7250779725134002, "4620430.0": -0.5714940868559338, "4620392.0": 0.7496861564107034, "4620396.0": 1.4631763936807316, "4620391.0": -0.1524029220386915, "4620395.03": 0.6428558382466494, "4620397.0": 1.5783797702925524, "4620395.02": 1.3476374503995048, "4620393.0": 0.17021157604276785, "4620390.0": 0.7828667731583987, "4620328.0": 0.5232355441124512, "4620325.02": -0.22780802452013924, "4620326.02": 0.4508630938452166, "4620325.03": 1.0876242565977952, "4620326.03": 0.5742601954291813, "4620325.06": 0.8235171880520092, "4620330.0": -0.3437485070704061, "4620325.05": 0.4984340424617108, "4620500.0": -1.284516052032443, "4620491.0": -1.314730835796305, "4620470.03": -1.8301361377331615, "4620515.01": -1.7931669949986355, "4620470.04": -1.7995002240966351, "4620515.02": -1.9494708813244446, "4620515.03": -1.5411571623481264, "4620515.04": -1.0390220613617895, "4620470.05": -1.0300813806987417, "4620514.02": -0.9658295834651422, "4620540.0": -1.118075889226195, "4620550.02": -4.754500835115022, "4620522.02": -1.000449866476652, "4620514.01": -1.0194391155075266, "4620521.05": -0.8799280192051677, "4620550.04": -1.7620139249523523, "4620550.03": -1.7398815615935768, "4620513.02": -1.2331985468829738, "4620521.04": -0.9728551861152577, "4620523.0": -0.8564979098887112, "4620512.02": 0.009455091758420131, "4620513.01": -0.13309897439767787, "4620512.04": -0.5444091286820905, "4620530.0": -0.4817841940877045, "4620512.03": -0.28075483619322783, "4620394.0": 0.6853694762361459, "4620433.0": -1.5734522616838238, "4620395.01": 0.4244718556246816, "4620382.02": -0.2815921232658059, "4620381.0": 0.37591233984890515, "4620383.01": 0.033689334161668215, "4620520.03": -0.8944496615524036, "4620520.02": 0.1205286034420286, "4620326.01": 1.386090797953345, "4620340.0": 2.555500726413028, "4620090.0": 2.0740254523875516, "4620098.0": 0.940023742728237, "4620097.02": 2.3140310259926644, "4620092.0": 1.003149667135387, "4620100.02": 1.1119763926828565, "4620101.01": 0.5012529681948832, "4620093.0": 1.4481138718836717, "4620099.0": 1.0395330569547008, "4620316.0": 0.26825611755540385, "4620314.0": 0.46017720989604866, "4620313.0": 0.12822838764307687, "4620089.0": 0.21129107743533349, "4620310.0": 0.1564259598978533, "4620312.0": -0.03581770310718803, "4620311.0": -0.4881024194465878, "4620317.06": -0.90457677159128, "4620094.01": 0.2275437354178631, "4620088.0": 1.3316209529538892, "4620100.01": 0.7510910968705763, "4620097.01": 0.8292321406085068, "4620101.02": 0.2383003580360582, "4620087.0": -0.3273603894907308, "4620103.0": 0.5337009918787395, "4620102.0": -0.5256985060687697, "4620096.0": 0.3677455583979108, "4620380.0": 1.3032165281727588, "4620383.02": -0.4098298557292427, "4620415.08": -0.08816880980075624, "4620415.09": -1.3786727766716673, "4620511.02": -1.5971985889569598, "4620511.01": -0.8921740091556156, "4620120.02": 1.193091007122199, "4620413.02": -1.135731866911691, "4620120.01": 0.304152193592267, "4620309.0": 0.6225360530682522, "4620308.0": 0.2258433462637862, "4620086.0": -0.2891441417360473, "4620307.0": 0.5159434415541618, "4620306.0": 1.0295378198654177, "4620304.0": -0.28908448738896214, "4620305.0": -0.07095458177934674, "4620104.0": -0.17797125925829832, "4620084.0": -0.5427641952663566, "4620105.0": -1.0731655588479845, "4620370.0": 0.5426199694425372, "4620106.0": -1.0285088088484358, "4620095.0": -0.6016722245513978, "4620107.0": -0.9502486093336967, "4620385.0": 0.5006593983577479, "4620083.0": 0.18364722197309022, "4620082.0": 0.5884558896806624, "4620317.05": -0.6752782158890466, "4620317.08": -0.7789013516001598, "4620303.0": -0.32908120187212175, "4620302.0": -0.033104562710161614, "4620085.0": 0.2945580990436491, "4620300.0": 0.8669519377867958, "4620317.03": -0.6029937427303295, "4620301.0": -0.6024958939309435, "4620317.07": -0.8754495862062884, "4620079.0": -0.7427574378902967, "4620074.0": -0.5155198087539913, "4620075.0": -0.8690695969112111, "4620110.0": -0.6816223923389098, "4620108.0": -1.7257412583832825, "4620111.0": -0.06419305654668739, "4620109.0": -0.4739960757995297, "4620352.0": -0.31304520542386005, "4620114.0": -0.5971271986935686, "4620113.0": 0.2656434733924186, "4620353.0": -1.6954041122919508, "4620081.0": -0.8615596342588349, "4620354.0": -1.9145663667291521, "4620415.1": -1.7471694979219647, "4620402.0": 0.38209197457889615, "4620415.03": -0.8626592951361272, "4620413.01": 0.10298480501234747, "4620288.0": -1.1254193479526147, "4620112.01": 1.8178571464725277, "4620415.04": -0.4877642890770829, "4620112.02": 1.348127958516564, "4620115.01": 0.72688931076291, "4620350.0": -0.20811205874376654, "4620080.0": -0.1429332520587759, "4620351.0": 0.6317593112481864, "4620356.0": -0.8373547257846307, "4620116.0": 1.234606091975214, "4620117.0": 2.522028604988792, "4620115.02": 0.7903969508089987, "4620118.0": 2.4563725704263475, "4620076.0": -1.2266748234474998, "4620078.0": -0.875178836457513, "4620072.0": -0.6444557650921519, "4620067.0": -0.16612795624262308, "4620077.0": -0.6337891576131042, "4620073.0": -0.17147568250312986, "4620068.0": 0.4984708888103809, "4620412.0": -0.26124598750950984, "4620415.07": -1.4576681157376123, "4620119.0": 0.38474883039760766, "4620416.02": -0.7606834524608483, "4620418.0": -0.26716132861114045, "4620416.01": 0.024743433510109127, "4620417.02": 0.29224236712920193, "4620287.02": -0.13400702681185572, "4620355.0": -1.9023537038611429, "4620066.02": 1.221238006955632, "4620065.02": 1.7682485907405971, "4620127.01": 2.2884435154299503, "4620123.0": 2.103556614771222, "4620065.01": 0.8309674158299485, "4620122.0": 1.578239746409062, "4620126.0": 1.1402710180490871, "4620064.0": 1.6533179902519526, "4620066.01": 1.54803896291423, "4620069.02": 0.19254641531391556, "4620063.0": 1.4658115351680105, "4620070.02": -0.858430034761421, "4620069.01": 0.1373011886923368, "4620419.0": -0.15151872035354505, "4620401.0": -0.541497630168235, "4620417.01": -0.3310183209711442, "4620121.0": 1.153962615816445, "4620410.02": -0.3035881632765816, "4620129.01": 1.8874085805603007, "4620124.0": 1.2329911877723936, "4620361.0": -1.726955102808678, "4620128.0": -0.01555266197671429, "4620125.0": -1.5338274107780854, "4620129.02": 0.3876630026212461, "4620360.0": -1.7562451171042335, "4620130.0": 0.3070564604070326, "4620362.0": -1.8232899838899992, "4620366.0": -1.5799452689801072, "4620420.0": 1.0420533841902133, "4620287.01": -0.03433038701974737, "4620410.03": -0.3453709332809134, "4620410.01": 0.384584941539604, "4620286.0": 0.37750581922760235, "4620285.0": 1.3314243809673572, "4620070.01": -0.4061825151038222, "4620062.0": 0.9457214213229567, "4620055.02": -0.0010662292835995873, "4620056.0": -1.0507061884510183, "4620421.04": 0.21704632138611324, "4620421.03": 0.10453103579695433, "4620400.0": -0.1285907860123927, "4620404.0": -0.18376780941467166, "4620421.05": -0.351081468046125, "4620421.06": -0.2883456084270904, "4620283.01": 0.7486228043684957, "4620283.02": 0.8257389399672321, "4620131.0": 0.3765820994519441, "4620367.0": -0.2397135214082218, "4620132.0": -0.6665343315800925, "4620137.0": 0.45632698432797114, "4620363.0": -2.0436780160930685, "4620164.0": -1.5636009501620611, "4620365.0": -0.15498703848746043, "4620138.0": -1.2463090200086326, "4620133.0": -0.8286573106324648, "4620165.0": -1.9355737969183995, "4620061.0": 0.36792128346709996, "4620057.0": -0.9240774904862911, "4620055.01": -1.0434683977258064, "4620058.0": -1.357383376664875, "4620060.0": -1.808081917532507, "4620059.0": -0.660435689745819, "4620268.02": -0.5462550352198368, "4620284.0": 0.8847739708907202, "4620221.0": -0.2670631546308573, "4620268.03": 0.2574573060854419,