{"4620324.01": -0.44732622800844146, "4620323.0": -0.30164460804215987, "4620327.0": -0.6008105584109374, "4620324.02": -0.5767805224738165, "4620322.02": -0.18338250871539818, "4620329.0": -0.6446628853643582, "4620322.04": -0.1361041884533352, "4620325.01": -0.48427060033034053, "4620322.03": 0.02295278160113133, "4620321.0": -0.23563446663160506, "4620320.0": 0.1336368575319175, "4620430.0": 0.401900166923632, "4620392.0": -0.375392788930575, "4620396.0": -0.13712238451868874, "4620391.0": -0.4475006884845304, "4620395.03": -0.3167523268111748, "4620397.0": -0.16460393074694873, "4620395.02": -0.44110571302407653, "4620393.0": -0.5980537647017008, "4620390.0": -0.6506813837582999, "4620328.0": -0.5526275211752639, "4620325.02": -0.446828764748361, "4620326.02": -0.6768809675188803, "4620325.03": -0.5261530366939778, "4620326.03": -0.6445843641346231, "4620325.06": -0.19779124678428542, "4620330.0": -0.5958597764851792, "4620325.05": -0.49656630619908215, "4620500.0": 0.23725755696330583, "4620491.0": 0.28919518743175016, "4620470.03": 0.2689367364984876, "4620515.01": 0.19842567011162926, "4620470.04": 0.24241146429437527, "4620515.02": 0.14483427178402486, "4620515.03": -0.01266743382504085, "4620515.04": -0.18367322744572173, "4620470.05": -0.16655815363451526, "4620514.02": -0.09817681107944436, "4620540.0": -0.16029923331100537, "4620550.02": 0.8226727987939729, "4620522.02": 0.5389548870126477, "4620514.01": 0.2148645721346771, "4620521.05": 0.038841562834609586, "4620550.04": 0.10942440492787223, "4620550.03": 0.08778867032181961, "4620513.02": 0.20092472897585587, "4620521.04": 0.1300840267641299, "4620523.0": 0.7664123681959993, "4620512.02": -0.3509941651554905, "4620513.01": -0.15834922010992025, "4620512.04": -0.2846124809599442, "4620530.0": -0.1976056452369974, "4620512.03": -0.242774654706639, "4620394.0": -0.8087579289197069, "4620433.0": -0.19180024654955352, "4620395.01": -0.3189560558631885, "4620382.02": -0.8362331833760239, "4620381.0": -0.4769062446087457, "4620383.01": -0.30598721944272916, "4620520.03": -0.04202847471116583, "4620520.02": -0.20457771405203898, "4620326.01": -0.5362460500366769, "4620340.0": -0.7177529741325873, "4620090.0": -0.531864632836653, "4620098.0": -0.2157952556023203, "4620097.02": 0.014957375865082582, "4620092.0": -0.6782213431901589, "4620100.02": -0.38041352886369845, "4620101.01": -0.2015689650518589, "4620093.0": -0.6246477057989376, "4620099.0": -0.10780937801061467, "4620316.0": -0.37713766240446267, "4620314.0": -0.48528494457045057, "4620313.0": -0.39888030658626317, "4620089.0": -0.411377635300406, "4620310.0": -0.35449240588360564, "4620312.0": -0.42339491095702103, "4620311.0": -0.537219337087248, "4620317.06": 0.14765637494801995, "4620094.01": 0.02845000781151596, "4620088.0": -0.5563961366640654, "4620100.01": -0.038540903812861606, "4620097.01": 0.6599876825818086, "4620101.02": 0.44363854836926486, "4620087.0": -0.5674007809717283, "4620103.0": 0.8125967308487152, "4620102.0": 1.2153274678165775, "4620096.0": 0.7059191585392981, "4620380.0": 0.0491897668946298, "4620383.02": 0.6365533482358817, "4620415.08": -0.17170786853773512, "4620415.09": 0.35057920181694746, "4620511.02": 0.39121472837662546, "4620511.01": 0.5549315812480331, "4620120.02": 0.7921630858027134, "4620413.02": 0.20074801323485345, "4620120.01": 0.42993920910877315, "4620309.0": -0.5381357676047634, "4620308.0": -0.5918566833507515, "4620086.0": -0.5311611009066949, "4620307.0": -0.6538796356389849, "4620306.0": -0.8146648581161767, "4620304.0": -0.5717698775271604, "4620305.0": -0.7269061193290977, "4620104.0": 0.36632957609519246, "4620084.0": -0.2769954653114822, "4620105.0": 1.616439219399227, "4620370.0": 0.04668059173753296, "4620106.0": 0.5833420520942393, "4620095.0": 0.7475676854674435, "4620107.0": 0.2881044080760598, "4620385.0": 1.4691650237858018, "4620083.0": -0.5159490839922156, "4620082.0": 0.03846336785274814, "4620317.05": 0.35284271893837577, "4620317.08": 0.45120419899048175, "4620303.0": -0.4639949537829246, "4620302.0": -0.6525881853710849, "4620085.0": -0.39695988252316194, "4620300.0": -0.4960851368393492, "4620317.03": 0.13123987025427833, "4620301.0": -0.4570156057729851, "4620317.07": 0.3546927799921277, "4620079.0": -0.22963767046602643, "4620074.0": 0.026996124969644323, "4620075.0": 0.3205667217632879, "4620110.0": 0.47056848021209874, "4620108.0": 1.7243778896235369, "4620111.0": 0.06419457146146881, "4620109.0": 0.4254458742172713, "4620352.0": 0.704088425629154, "4620114.0": 1.7433096074438037, "4620113.0": 0.11141431340673583, "4620353.0": 2.2900028935948815, "4620081.0": -0.028016677561287683, "4620354.0": 2.3740449667735986, "4620415.1": 0.5088799803802481, "4620402.0": 0.29301156772994985, "4620415.03": 0.11760313665373355, "4620413.01": -0.2967504531960602, "4620288.0": 0.1041081022735229, "4620112.01": -0.61182652939645, "4620415.04": -0.07997118696862796, "4620112.02": -0.56761939901021, "4620115.01": 1.5979499978582794, "4620350.0": -0.02902731592749019, "4620080.0": -0.03586207452046996, "4620351.0": -0.15476071397556307, "4620356.0": 5.310460004646697, "4620116.0": 0.08809185417571201, "4620117.0": -0.4789067895073176, "4620115.02": 2.362984332567477, "4620118.0": -0.7055567042046887, "4620076.0": 0.5798877913501026, "4620078.0": -0.037234994643512855, "4620072.0": 0.5138998053876026, "4620067.0": 0.01118018922913318, "4620077.0": 0.2979832000596092, "4620073.0": 0.22170148233005965, "4620068.0": 0.011587235535958602, "4620412.0": -0.027681246623657303, "4620415.07": 0.5271227345837953, "4620119.0": 0.2079342778033181, "4620416.02": 0.8131010843857515, "4620418.0": -0.2839212005035123, "4620416.01": 0.4521704511101486, "4620417.02": -0.2320275887352421, "4620287.02": 0.7146294728605742, "4620355.0": 12.826224176819819, "4620066.02": -0.12576880180865313, "4620065.02": 3.030328217472376, "4620127.01": -0.21499880925733864, "4620123.0": -0.20587947030117862, "4620065.01": 2.264178746493453, "4620122.0": -0.3086318196146013, "4620126.0": 1.7222852847868302, "4620064.0": 2.5466207366107074, "4620066.01": -0.6274239061532348, "4620069.02": 0.5699481139017332, "4620063.0": -0.44559926972785807, "4620070.02": 0.9829208502367105, "4620069.01": 0.4400515646004486, "4620419.0": -0.17451839065186986, "4620401.0": 0.06306141404532405, "4620417.01": -0.012674602773813841, "4620121.0": 0.4882680039146409, "4620410.02": -0.19510854787704204, "4620129.01": 4.06071468393789, "4620124.0": 0.3138698494978218, "4620361.0": 3.9613051748262715, "4620128.0": 1.6156525608638037, "4620125.0": 1.5473493824555087, "4620129.02": 3.604431784872773, "4620360.0": 4.52330817110084, "4620130.0": 4.52537632976411, "4620362.0": 2.492656751929433, "4620366.0": 1.5523318491182196, "4620420.0": -0.258515531999881, "4620287.01": 0.11711859054031525, "4620410.03": 0.016113845606562194, "4620410.01": -0.2869367343127153, "4620286.0": -0.09025524393228389, "4620285.0": -0.17451257307954982, "4620070.01": 0.7716650256267171, "4620062.0": -0.07752538859725767, "4620055.02": 0.11139988158191749, "4620056.0": 0.140401278240083, "4620421.04": -0.4382017871124883, "4620421.03": -0.3951695372963615, "4620400.0": 0.6204320056284117, "4620404.0": -0.2743012675824681, "4620421.05": -0.3997176819660884, "4620421.06": -0.52499475497752, "4620283.01": -0.3449858722401529, "4620283.02": 0.012461118916393883, "4620131.0": 2.81763884850494, "4620367.0": 0.7171292349742909, "4620132.0": 0.09737700322329539, "4620137.0": 2.916514778497057, "4620363.0": 2.429717985794927, "4620164.0": 4.231640256581853, "4620365.0": 0.9990464847047364, "4620138.0": 2.914029862155684, "4620133.0": 0.3460086016628342, "4620165.0": 0.4382305453508803, "4620061.0": -0.012335597804307779, "4620057.0": 0.2193185358414909, "4620055.01": 0.06230095502627739, "4620058.0": -0.10135030981526448, "4620060.0": 1.1612153270401637, "4620059.0": -0.15733844973904815, "4620268.02": -0.4655630656755215, "4620284.0": 0.051961492263187005,