{"4620324.01": -0.8931642889230653, "4620323.0": 0.0859710527520449, "4620327.0": -0.671263641717951, "4620324.02": -0.7871639919791521, "4620322.02": -1.365299398558303, "4620329.0": -0.8461434441641726, "4620322.04": -0.6688051479075678, "4620325.01": -0.7512990107467041, "4620322.03": -0.5251065417559637, "4620321.0": -0.6775152177464584, "4620320.0": 0.5446656007652202, "4620430.0": 0.4388999167639045, "4620392.0": 0.206641141111342, "4620396.0": 0.41940934475649977, "4620391.0": 0.5670929933776516, "4620395.03": -0.2366840868094085, "4620397.0": -0.4041722886567626, "4620395.02": -0.2165406451551493, "4620393.0": -0.04597307705243158, "4620390.0": 0.3169276561318496, "4620328.0": -0.2604040555054372, "4620325.02": -0.7615706634985685, "4620326.02": -1.0685144708731138, "4620325.03": -0.5774579328593443, "4620326.03": -0.6879148954065584, "4620325.06": -0.3463028629923027, "4620330.0": -0.31760134967650766, "4620325.05": -0.6004546216219531, "4620500.0": 0.6797905397653801, "4620491.0": 0.6516987400340005, "4620470.03": 0.3065027794179792, "4620515.01": 0.27314783888107574, "4620470.04": 0.18398612669813616, "4620515.02": 0.1413482929159371, "4620515.03": 0.05495605618827057, "4620515.04": 0.22274908326687154, "4620470.05": -0.1766384154921505, "4620514.02": -0.28744657792733586, "4620540.0": 0.1567152596294687, "4620550.02": 0.9831978890369104, "4620522.02": -0.2853241154003273, "4620514.01": -0.31209908936501507, "4620521.05": -0.33660115491712633, "4620550.04": 0.7457157476006485, "4620550.03": 0.7354225858155465, "4620513.02": -0.3377180666384104, "4620521.04": -0.10522854948723212, "4620523.0": -0.17891732425601292, "4620512.02": -0.41214639873081693, "4620513.01": -0.42458965572692936, "4620512.04": -0.49065793083082004, "4620530.0": -0.3963239397396282, "4620512.03": -0.4321798901398742, "4620394.0": -0.2424575860695782, "4620433.0": -0.08513277905961147, "4620395.01": 0.13338849554214563, "4620382.02": -1.0113446922194536, "4620381.0": -0.7193265886834954, "4620383.01": -0.7760408220046281, "4620520.03": 0.16396795091630095, "4620520.02": -0.19834404985201765, "4620326.01": -0.6370597834424601, "4620340.0": -0.19667599942482739, "4620090.0": -0.26002937963861755, "4620098.0": -0.4335994578058646, "4620097.02": -0.0036993491113375115, "4620092.0": -0.4858490795993782, "4620100.02": -0.6056204997451101, "4620101.01": -0.586281833205472, "4620093.0": -0.5011428215692616, "4620099.0": 0.015854397949591, "4620316.0": -0.0012667686407652362, "4620314.0": 0.22901369464477728, "4620313.0": 0.2360601408124668, "4620089.0": 0.059523554070544285, "4620310.0": 0.3769527620948991, "4620312.0": 0.851206273607852, "4620311.0": 0.728279176424392, "4620317.06": 0.36181297716868194, "4620094.01": 0.3230898549503457, "4620088.0": -0.13423791043068772, "4620100.01": -0.30693442092737777, "4620097.01": -0.03510273622587261, "4620101.02": -0.30572758395935007, "4620087.0": -0.2527858044643751, "4620103.0": 0.19547566983428757, "4620102.0": -0.134578050120033, "4620096.0": 0.47817705474207217, "4620380.0": -0.6208275721816817, "4620383.02": -0.11374937129807522, "4620415.08": -0.5193868549118703, "4620415.09": 0.38307228713855773, "4620511.02": 0.08634922811458973, "4620511.01": 0.11027008608892021, "4620120.02": 0.0817820191289232, "4620413.02": -0.23563376135639405, "4620120.01": -0.6833710909270823, "4620309.0": 0.4695590418077532, "4620308.0": 0.8268449951107424, "4620086.0": 0.2546202280531102, "4620307.0": 0.6839645545855255, "4620306.0": 1.1500219844681445, "4620304.0": 0.8947057684701756, "4620305.0": 0.8313450327445601, "4620104.0": 0.44198406643340094, "4620084.0": 1.0545111279408832, "4620105.0": 0.29544627481049224, "4620370.0": -0.6952300117261176, "4620106.0": 0.8635482973862995, "4620095.0": 0.3299493351430295, "4620107.0": 0.81127594888736, "4620385.0": -0.2251041535864015, "4620083.0": 0.31814949049902125, "4620082.0": 0.18393029833857225, "4620317.05": -0.2975541508096805, "4620317.08": -0.33293770926195876, "4620303.0": 0.4367744773752987, "4620302.0": 0.5741553148876811, "4620085.0": 0.6741648995668253, "4620300.0": 0.8008254101242127, "4620317.03": -0.35570577995047753, "4620301.0": 0.5452709118151444, "4620317.07": 0.12878302492914215, "4620079.0": 0.7340109119654723, "4620074.0": 0.12099128772332902, "4620075.0": 0.4326045023130034, "4620110.0": 0.45680565028152326, "4620108.0": 0.2824599852409839, "4620111.0": -0.37064697573915556, "4620109.0": 0.2600253749451907, "4620352.0": 0.19168490330980656, "4620114.0": 0.10529440255727315, "4620113.0": -0.008141278611864767, "4620353.0": 0.005334073823697999, "4620081.0": 0.5713765659537916, "4620354.0": -0.09138829208587716, "4620415.1": 0.44314600590228237, "4620402.0": 0.1601899689559734, "4620415.03": -0.7691828674189195, "4620413.01": -0.4657174173310363, "4620288.0": -0.5559526281374548, "4620112.01": -0.38078876961063335, "4620415.04": -0.4962942258957845, "4620112.02": -0.30894858805542175, "4620115.01": -0.33690115289591677, "4620350.0": -0.17706449534005073, "4620080.0": -0.06405114056868436, "4620351.0": -0.7586664234830888, "4620356.0": -0.4429177991544789, "4620116.0": -0.3410078991026143, "4620117.0": -0.4363151737418985, "4620115.02": -0.22265619704089307, "4620118.0": -0.3962443919330016, "4620076.0": 0.015647262446525843, "4620078.0": -0.41661157249452924, "4620072.0": -0.06754070046113152, "4620067.0": -0.47245302805067874, "4620077.0": -0.0878135501592847, "4620073.0": 0.3838200599442867, "4620068.0": -0.4192203732856141, "4620412.0": -0.5935626613909513, "4620415.07": 0.06855652203128396, "4620119.0": -0.2915974440297681, "4620416.02": 0.20837954792157937, "4620418.0": -0.7947749721749301, "4620416.01": -0.5180092655815093, "4620417.02": -0.4003548982973418, "4620287.02": -0.2531247911613294, "4620355.0": -0.20083372258318652, "4620066.02": -1.4002745655013447, "4620065.02": -0.958118777097567, "4620127.01": -0.22788169368087552, "4620123.0": -0.37741192610610896, "4620065.01": -0.798547673406749, "4620122.0": -0.18573723038986226, "4620126.0": -0.4788804205606689, "4620064.0": -0.7990388532997806, "4620066.01": -1.1289342986950255, "4620069.02": 1.1917097300441433, "4620063.0": -0.7314443809943519, "4620070.02": 1.019401028594066, "4620069.01": 0.6680096702891132, "4620419.0": -0.7488310350174712, "4620401.0": -0.3872551454501637, "4620417.01": -0.2710753138334666, "4620121.0": -0.6800674926962907, "4620410.02": -1.1596398648885902, "4620129.01": -1.071173722471455, "4620124.0": -0.6253821498420773, "4620361.0": -0.6550954535225276, "4620128.0": -0.641868032444053, "4620125.0": -0.010665909891220852, "4620129.02": -0.7165869664962157, "4620360.0": -0.21274567163388888, "4620130.0": -1.2085084724180208, "4620362.0": -0.4986161221488784, "4620366.0": -0.3646456501115258, "4620420.0": -0.9095000041193774, "4620287.01": -0.9918456162932634, "4620410.03": -0.9692467137368397, "4620410.01": -1.3829197669560434, "4620286.0": -1.0477522656363498, "4620285.0": -0.9845155927461736, "4620070.01": 0.5912553099907237, "4620062.0": -0.6452998013587082, "4620055.02": 1.6736832604060723, "4620056.0": 0.662218633396803, "4620421.04": -1.4001592156479128, "4620421.03": -1.4703750596521759, "4620400.0": -0.9051625587581816, "4620404.0": -1.1342034713897526, "4620421.05": -1.1213615568950437, "4620421.06": -1.3067584371056862, "4620283.01": -0.9384784623551519, "4620283.02": -1.0554296649415107, "4620131.0": -0.2823565883135086, "4620367.0": -0.640787655673658, "4620132.0": 0.07981607817313602, "4620137.0": -0.47565191711251553, "4620363.0": 0.0859854525843647, "4620164.0": -0.07093887667845256, "4620365.0": -0.421281978262576, "4620138.0": 0.31686633113707385, "4620133.0": 0.38754794624569894, "4620165.0": 0.46769014952100685, "4620061.0": -0.4278510756462012, "4620057.0": 0.32614550447119267, "4620055.01": 0.2355889021084062, "4620058.0": 0.5614862881342402, "4620060.0": 1.1922937330034682, "4620059.0": -0.5476113403150313, "4620268.02": -1.0678502056536803, "4620284.0": -0.8880641319915662,