{"4620324.01": 0.7197360707376848, "4620323.0": 0.5749651646057347, "4620327.0": 0.2666936838789153, "4620324.02": 1.241665582392473, "4620322.02": 0.40284612278679277, "4620329.0": -0.11241792181234073, "4620322.04": 0.5291865505086345, "4620325.01": 0.7641734220344696, "4620322.03": -0.4928554752828241, "4620321.0": 1.3801846896250802, "4620320.0": -0.9366602395705366, "4620430.0": -0.17340219088454445, "4620392.0": 1.190961607973984, "4620396.0": 1.3490204141765672, "4620391.0": 0.3282623512755724, "4620395.03": 0.7550259297708134, "4620397.0": 1.75770342847518, "4620395.02": 1.6868275968050088, "4620393.0": 0.732188187785075, "4620390.0": 1.5806413352687239, "4620328.0": 1.229623693135646, "4620325.02": -0.13201014562989244, "4620326.02": 0.8765625023386153, "4620325.03": 1.2472172676516498, "4620326.03": 0.9784555565430265, "4620325.06": 0.8499515276258233, "4620330.0": 0.6588837428943215, "4620325.05": 0.4253657620788956, "4620500.0": 0.009973659061784088, "4620491.0": -0.14477440955019744, "4620470.03": -1.0304406400081416, "4620515.01": -1.0943237304252047, "4620470.04": -1.341109905143259, "4620515.02": -1.0195175831659917, "4620515.03": -0.6573583767085244, "4620515.04": -0.47482349703045507, "4620470.05": -0.07835225273929805, "4620514.02": -0.46246601426940065, "4620540.0": -0.06832925077875801, "4620550.02": -4.195317805283043, "4620522.02": -0.5754182458630897, "4620514.01": -0.5031683024763691, "4620521.05": -0.5252899191784116, "4620550.04": -0.07351913821708767, "4620550.03": -0.46294345018221794, "4620513.02": -0.5261063219163452, "4620521.04": 0.06264068327702632, "4620523.0": -0.8261070200764719, "4620512.02": 0.6925251398742007, "4620513.01": 0.4815896657075377, "4620512.04": 0.38035585101800107, "4620530.0": 0.01871633495628954, "4620512.03": 0.7776675617197515, "4620394.0": 1.229929629368343, "4620433.0": -0.6862499952595376, "4620395.01": 0.8286096756329321, "4620382.02": 0.9527062121410861, "4620381.0": 1.063459613017193, "4620383.01": 0.4589760419408333, "4620520.03": -0.0033716918082233732, "4620520.02": 0.7398107877231375, "4620326.01": 1.274552130816562, "4620340.0": 1.9389839830650188, "4620090.0": 2.0394814481370513, "4620098.0": 1.0400580340319259, "4620097.02": 1.546541345731867, "4620092.0": 1.4171708308157083, "4620100.02": 0.8203097981853945, "4620101.01": 0.45665675654231935, "4620093.0": 1.4285045285014903, "4620099.0": 0.5942860088927714, "4620316.0": 1.1806644104202748, "4620314.0": 1.1288969935243816, "4620313.0": 0.6040408785335736, "4620089.0": 0.739974319113001, "4620310.0": 0.6482244988417374, "4620312.0": 0.9642397216263904, "4620311.0": 0.5421242072811666, "4620317.06": 0.6463028337216391, "4620094.01": -0.20684172431639897, "4620088.0": 1.187446962202861, "4620100.01": 0.41492531592514137, "4620097.01": 0.09021231580913854, "4620101.02": 0.24410125087114357, "4620087.0": 0.141534446450235, "4620103.0": 0.007022981414758961, "4620102.0": -0.3897692361010797, "4620096.0": -0.4308436907535379, "4620380.0": 1.506904071121433, "4620383.02": 0.06994753747677443, "4620415.08": 0.08618837112471323, "4620415.09": -0.7352024102630295, "4620511.02": -0.7650533059608573, "4620511.01": -0.3269016731743097, "4620120.02": 1.3415136730128134, "4620413.02": -0.7557826379930079, "4620120.01": -0.13447547163678106, "4620309.0": 1.081581594210116, "4620308.0": 0.9402266345557238, "4620086.0": 0.1268544347072995, "4620307.0": 1.3174742207465284, "4620306.0": 1.8680681923282072, "4620304.0": 0.404815935095295, "4620305.0": 0.6869164197156105, "4620104.0": -0.5080814030399367, "4620084.0": -0.026259147609272445, "4620105.0": -0.8055509343316095, "4620370.0": 0.39947760680012384, "4620106.0": -1.0272519192435925, "4620095.0": -0.8088960285595982, "4620107.0": -0.9828101550479273, "4620385.0": 0.4417921835845679, "4620083.0": 0.0382673351304403, "4620082.0": 0.31857583596974237, "4620317.05": 0.6046251511737041, "4620317.08": 0.3837893506226661, "4620303.0": 0.056807920688742776, "4620302.0": 0.7014422167942747, "4620085.0": 0.5620586892113912, "4620300.0": 1.5284270163457987, "4620317.03": 0.3259204710184279, "4620301.0": -0.15901639926021474, "4620317.07": 0.18745395285184557, "4620079.0": -0.4813924362099465, "4620074.0": -0.036348010459055495, "4620075.0": -0.7559990100955302, "4620110.0": -0.5202315417065579, "4620108.0": -1.7383891462016912, "4620111.0": -0.017706050817038552, "4620109.0": -0.4190282958690489, "4620352.0": -0.43984288857807136, "4620114.0": -0.6281353105593847, "4620113.0": -0.13037008636187944, "4620353.0": -1.5680045289651072, "4620081.0": -0.758516314395838, "4620354.0": -1.4978815915584873, "4620415.1": -1.6499478939999808, "4620402.0": 0.30815879574524513, "4620415.03": -1.0331386898848822, "4620413.01": -0.09122775890665284, "4620288.0": -1.1511030282598582, "4620112.01": 0.8855256940258205, "4620415.04": -0.6098542070717484, "4620112.02": 0.7091794189682024, "4620115.01": 0.33525778059921646, "4620350.0": -0.4315069349589632, "4620080.0": -0.26551720479122154, "4620351.0": -0.5663623233880818, "4620356.0": -0.8989171147825374, "4620116.0": 0.5087452440772904, "4620117.0": 1.050425780941215, "4620115.02": -0.36594196644933313, "4620118.0": 0.6908731817715663, "4620076.0": -0.9446827995597666, "4620078.0": -0.8305792677592849, "4620072.0": -0.2055914104972332, "4620067.0": -0.6198314475359132, "4620077.0": -0.7395217990027725, "4620073.0": -0.247995103243186, "4620068.0": -0.26912718372001615, "4620412.0": -0.5394360832345653, "4620415.07": -1.7699629189168598, "4620119.0": -0.4039536483313473, "4620416.02": -1.2023940770719879, "4620418.0": -0.5878843980358077, "4620416.01": -1.2178442658145394, "4620417.02": -0.30526726858045117, "4620287.02": -0.9806042983140973, "4620355.0": -1.6691203009193707, "4620066.02": 0.05837956530724437, "4620065.02": 0.2925222611898541, "4620127.01": 0.9477018271494745, "4620123.0": 0.4579188682024838, "4620065.01": -0.24664203191843015, "4620122.0": 0.3131211378873501, "4620126.0": -0.11756216975769054, "4620064.0": 0.3101924336445537, "4620066.01": -0.1920736433736075, "4620069.02": 0.30974951963749997, "4620063.0": -0.07540927593128849, "4620070.02": -0.689953252692346, "4620069.01": 0.01612406393869234, "4620419.0": -0.7819547875680652, "4620401.0": -1.3447461067841822, "4620417.01": -1.2510371866599586, "4620121.0": -0.17212571954579897, "4620410.02": -1.0111688141754667, "4620129.01": -0.23128054335310988, "4620124.0": -0.46341434889069655, "4620361.0": -2.396024530681319, "4620128.0": -1.3147589202568446, "4620125.0": -1.886435466308367, "4620129.02": -0.8593053668803626, "4620360.0": -2.0901063974673555, "4620130.0": -0.6782125418585433, "4620362.0": -1.9736120418450107, "4620366.0": -1.789418530261443, "4620420.0": -0.004864226764594965, "4620287.01": -1.2963283086148907, "4620410.03": -1.2134290751690797, "4620410.01": -1.0645546807920396, "4620286.0": -0.8260887510804397, "4620285.0": -0.3545141853595924, "4620070.01": -0.28553974544348104, "4620062.0": -0.5197698332759106, "4620055.02": 0.34401331320322, "4620056.0": -0.9391977257761122, "4620421.04": -0.6389041789988732, "4620421.03": -0.8308372663929201, "4620400.0": -1.1672143755278055, "4620404.0": -1.4714728155878485, "4620421.05": -1.0972086293913548, "4620421.06": -1.5370975917071623, "4620283.01": -0.049975060544766046, "4620283.02": -0.3930860272429081, "4620131.0": -0.7586226619964436, "4620367.0": -1.1073001900321737, "4620132.0": -1.328123541978991, "4620137.0": -0.728292171123068, "4620363.0": -2.229185954177893, "4620164.0": -1.6697581490351379, "4620365.0": -1.0067480747908033, "4620138.0": -1.4512027406900752, "4620133.0": -1.3633448809742492, "4620165.0": -1.80423736373726, "4620061.0": -0.70718702293752, "4620057.0": -1.3241572464957225, "4620055.01": -1.127567264762916, "4620058.0": -1.2789348994274226, "4620060.0": -1.782590106182679, "4620059.0": -1.4726599032080288, "4620268.02": -1.3302372482866462, "4620284.0": -0.13598506491429213, "4620221.0": -1.0024212814302997,