{"4210600.03": -0.701187308346343, "4210600.04": -1.3864462259033519, "4210119.02": -2.1637063775565717, "4210170.03": -0.49445516668461237, "4210605.0": -0.9097497537894035, "4210600.05": -1.2850910898105121, "4210600.06": -1.2900169357663966, "4210120.02": -1.462191778077304, "4210119.04": -1.3664694277181357, "4210120.03": -1.1512226917112465, "4210120.01": -0.8833842895073885, "4210112.01": 0.9488946567979106, "4210119.06": -1.1667219635761972, "4210113.01": 0.932873822413168, "4210112.02": 1.1222608125576468, "4210111.0": 0.5140852820274333, "4210113.02": 0.3254567173142465, "4210119.05": -0.44463392810983526, "4210114.0": 1.456463144696571, "4210110.0": 0.10177525952708895, "4210115.0": 1.6760461485979432, "4210118.0": 0.5439791394378694, "4210117.02": 3.037279642581626, "4210100.0": -0.5436847658072782, "4210140.02": -0.5700132523554967, "4210101.0": 0.11643517444688847, "4210117.01": 2.2623893719668695, "4210116.02": 2.1366339683629487, "4210140.03": -0.7445096915001208, "4210116.01": 1.3057309904053118, "4210102.0": -1.1950786622609595, "4210039.01": 1.1759918097681767, "4210140.01": -0.8528277244284024, "4210103.0": 0.2192538730166975, "4210001.02": 1.2287818504773014, "4210001.01": 1.4362323651760822, "4210040.04": 1.3958490798312329, "4210040.06": -0.688208753309996, "4210003.0": 0.21075556407717722, "4210039.02": -0.5383762623518928, "4210041.09": -0.5440705623339446, "4210002.0": 1.051994616913744, "4210040.01": -0.10587937554097264, "4210005.0": 0.824445838471571, "4210007.0": 0.7322113385901217, "4210006.0": 0.9847478861672394, "4210004.0": 0.6598664821788849, "4210008.0": 1.1315311374103374, "4210260.01": 0.25193077914049133, "4210040.05": -0.2747131834922938, "4210009.0": 0.8659780915944392, "4210011.0": 0.653860743272121, "4210013.0": 2.1071675902231957, "4210015.0": 1.0505140153237602, "4210041.11": -0.17356559404995592, "4210014.0": 2.4074391202763064, "4210260.02": 1.3153299494796264, "4210012.0": 1.730891518839818, "4210010.0": 0.8279740602789105, "4210041.08": -0.05318542592100182, "4210041.1": -0.5509089060996054, "4210019.0": 2.0177245026238504, "4210020.0": 1.236184402658964, "4210260.03": 0.7483081659929884, "4210018.0": 0.810835031289281, "4210032.0": 1.8064349598160048, "4210160.01": -0.5946292070645796, "4210016.0": -0.34671297044866156, "4210022.0": 0.36155093627127594, "4210021.0": 2.361205482655167, "4210023.0": 0.022741623080867544, "4210041.13": -0.3328201147365987, "4210024.0": 0.14248430159040387, "4210029.0": 0.9980642872027962, "4210031.0": 0.7044848960851856, "4210240.04": -0.5908050216636701, "4210240.02": -0.09531816166603851, "4210041.04": -0.9324043359360961, "4210170.07": -0.6782176072280298, "4210170.04": -0.7218160756930018, "4210170.06": -0.41590920424104044, "4210041.06": -0.49747174059560945, "4210170.05": -0.9037500812296283, "4210160.03": -0.23877526896076715, "4210610.0": 0.12231404911419809, "4210041.03": -0.5090184971845992, "4210210.01": -1.0027902540380524, "4210025.0": 0.010751578231752277, "4210030.0": 1.0330742401591526, "4210041.12": -0.4219965486550265, "4210033.01": 0.8929148832286236, "4210160.05": -0.9634052416115235, "4210027.0": 1.2295707560770588, "4210035.0": 1.4867705595532716, "4210033.02": 0.8272357929612087, "4210036.0": 0.7722064056490783, "4210028.0": 0.2731653979211369, "4210041.07": -0.5983113927818587, "4210270.01": 0.48283525064944366, "4210270.03": 0.17954597783654636, "4210034.0": 0.991450837876396, "4210037.0": 0.8773461802910402, "4210160.04": -0.053579932929433194, "4210026.0": 0.6520680378296349, "4210270.04": 0.33108782024669625, "4210038.02": 1.4171721224969263, "4210271.02": -0.386065289814026, "4210038.01": 0.6222875757221199, "4210230.01": -0.7852820530303207, "4210240.03": -0.690459143708676, "4210271.01": -0.7385140482603114, "4210310.0": 1.168472317017491, "4210273.01": 0.04742566370944232, "4210272.0": -1.1095279482192488, "4210273.03": -0.5718709723719272, "4210230.03": -0.8040908540810263, "4210230.04": -1.0748772822273995, "4210311.02": -0.40246285311093183, "4210300.0": 1.1319499816132832, "4210273.02": -1.2497518771782583, "4210273.04": -0.9656488938139145, "4210280.03": -0.8027389484277484, "4210311.01": -0.2049819303529747, "4210280.01": -0.9338537419952758, "4210320.1": 0.40497381826744855, "4210320.04": 0.2967308158788466, "4210290.01": -0.586502756333132, "4210280.02": -0.5908857960380081, "4210290.06": -1.034045023719924, "4210320.02": -0.7353487739828714, "4210320.09": -0.4308415344118436, "4210220.04": -0.49461057141136827, "4210320.08": -0.7768114258583472, "4210290.05": -0.9835796433291603, "4210290.03": -0.7929383989982709, "4210320.03": -0.8458348069841635, "4210320.07": -1.168930219370621, "4210330.0": -0.6217613892680436, "4210220.03": -0.7402273553657018, "4210340.02": -0.5875345132490538, "4210340.01": -1.0141621480981673, "4210360.02": -1.005014207519984, "4210340.03": -0.9148872393657798, "4210360.01": -1.347418448014002, "4210500.02": -0.8010119964696991, "4210320.05": -0.9490535904186971, "4210500.01": -1.4444507394851809, "4210370.0": -0.4940089258624543, "4210520.0": -1.349296626574022, "4210220.02": -0.8234310511355035, "4210210.02": -0.7227287508321045, "4210190.0": -0.861785954896883, "4210200.0": -0.9291620169798905}