{"4210600.03": -0.46313093342495015, "4210600.04": -0.4860606886836479, "4210119.02": -0.00530003185742436, "4210170.03": 1.1098669567625559, "4210605.0": 1.3869106997240765, "4210600.05": 0.2280441555342608, "4210600.06": 0.001121166498487834, "4210120.02": -0.6328623750975869, "4210119.04": 0.2755395059456084, "4210120.03": 0.33387147374277615, "4210120.01": 1.1894947742402344, "4210112.01": 0.7928164164381502, "4210119.06": 1.4255220545247067, "4210113.01": 1.1237345037593058, "4210112.02": 2.2742822055206813, "4210111.0": 0.761378856958972, "4210113.02": 1.6725480720853998, "4210119.05": 0.4263304157035501, "4210114.0": 0.42078350200590703, "4210110.0": 0.13936806149259254, "4210115.0": -0.13008935617722944, "4210118.0": 1.08925578657419, "4210117.02": -0.2770071112315926, "4210100.0": -0.5988854292432181, "4210140.02": 0.5787106403405564, "4210101.0": -0.40724310812269565, "4210117.01": -0.2013522367551948, "4210116.02": -0.5779331791093374, "4210140.03": -0.598223307603983, "4210116.01": -0.7255302822678252, "4210102.0": 0.5004738219330707, "4210039.01": -0.4259517825491389, "4210140.01": -0.008962782031052247, "4210103.0": -0.24196651907033492, "4210001.02": -0.8240331969328395, "4210001.01": -0.9062576768795109, "4210040.04": 0.6012638136249344, "4210040.06": 0.9888884833770862, "4210003.0": -0.33088426044313507, "4210039.02": 1.942208486445923, "4210041.09": 1.559800189826461, "4210002.0": -0.9404302518806346, "4210040.01": 2.9564736050345823, "4210005.0": -0.2618207886010509, "4210007.0": -0.5851368020567006, "4210006.0": -0.8863225148283876, "4210004.0": -0.5270291836872215, "4210008.0": -1.0839367092729884, "4210260.01": -0.40629232903234197, "4210040.05": 1.8287492586044736, "4210009.0": -0.8100934756869717, "4210011.0": -0.9886872089554225, "4210013.0": -0.6788596451071467, "4210015.0": -0.7596346149192493, "4210041.11": 5.276844752681232, "4210014.0": -0.5129636539078298, "4210260.02": 0.5339808569574774, "4210012.0": -0.6713340967683825, "4210010.0": -0.7733009356953906, "4210041.08": 1.1422521215295474, "4210041.1": 1.4313732770280687, "4210019.0": -0.9263495789673233, "4210020.0": -0.7934766567849076, "4210260.03": 0.30524150915638326, "4210018.0": -0.9825902594020084, "4210032.0": -0.7173362494971186, "4210160.01": 0.5823212822645019, "4210016.0": -1.102148653415255, "4210017.0": -1.0807785648538784, "4210022.0": -1.1540311553720073, "4210021.0": -0.75659529589379, "4210023.0": -0.9908072081965594, "4210041.13": 1.3551641479928245, "4210024.0": -1.1338932632780545, "4210029.0": -0.8981998604677096, "4210031.0": -0.3133807470344106, "4210240.04": 2.263568734126988, "4210240.02": 1.0527898381250178, "4210041.04": 0.2752904899367166, "4210170.07": 0.07348306882066763, "4210170.04": 0.33768720668631896, "4210170.06": 1.4780925994116987, "4210041.06": 1.1980568523080726, "4210170.05": 0.8281551247197314, "4210160.03": -0.14075267917092651, "4210610.0": 2.3432812730346457, "4210041.03": 0.10328912541140196, "4210210.01": -0.8300524235855591, "4210025.0": -1.0866375739178558, "4210030.0": -1.1449415332510768, "4210041.12": 2.4321074749587615, "4210033.01": 0.2872534755169408, "4210160.05": 0.618635791978284, "4210027.0": -0.8323103976336139, "4210035.0": -0.9680927563895861, "4210033.02": 0.5766915534486322, "4210036.0": -0.879759410834373, "4210028.0": -0.9880222807602282, "4210041.07": 1.0220190994857103, "4210270.01": -0.23027833441180404, "4210270.03": 0.10615605138587177, "4210034.0": -1.132900142289599, "4210037.0": -0.7161182173502416, "4210160.04": -1.1110633989484175, "4210026.0": -0.6212251532401564, "4210270.04": -0.8302419181649717, "4210038.02": -0.6962749475482516, "4210271.02": -0.2294511908542903, "4210038.01": -0.8503985065237338, "4210230.01": -0.7547616392439139, "4210240.03": 2.0951954744576846, "4210271.01": -0.030525132809426914, "4210310.0": -0.5465553421924755, "4210273.01": -0.9085493883929051, "4210272.0": 0.14951144312188805, "4210273.03": 0.035568009765641624, "4210230.03": 0.08028624129441946, "4210230.04": 0.8218044877361458, "4210311.02": 0.3101091997627543, "4210300.0": -0.14322043575662669, "4210273.02": -0.5255267445019821, "4210273.04": 0.28052821606845485, "4210280.03": 0.08705967179771146, "4210311.01": -0.8722368296568053, "4210280.01": -0.5008878112893328, "4210320.1": -0.6196613480329093, "4210320.04": -0.14232074952728924, "4210290.01": 0.22599253131049493, "4210280.02": 0.4534910890236416, "4210290.06": 0.16600060954410836, "4210320.02": -0.5338675690529877, "4210320.09": -1.0783384377005774, "4210220.04": 0.27107841801726695, "4210320.08": -0.2553847590508576, "4210290.05": 0.45866826408686806, "4210290.03": 0.325759868422432, "4210320.03": -1.0532705000444902, "4210320.07": -0.5426025606586852, "4210330.0": -0.847534725800635, "4210220.03": -0.17757918453128355, "4210340.02": -0.8883239106456633, "4210340.01": -1.0497198344051997, "4210360.02": -0.9719321378742168, "4210340.03": -0.5411674984958198, "4210360.01": -0.5111965327755248, "4210500.02": -0.9355710997632691, "4210320.05": -0.2944215570239261, "4210500.01": -1.1641569305964214, "4210370.0": 1.214394184810819, "4210520.0": -1.0564265351099607, "4210220.02": 0.3341751634633162, "4210210.02": 0.03666712805226004, "4210190.0": 0.8344216930170338, "4210200.0": -0.6005202865656956}