{"4210600.03": -0.17550760320291636, "4210600.04": -1.3175950803298857, "4210119.02": -1.3676841617113893, "4210170.03": -0.6284248431048195, "4210605.0": -1.008397438133403, "4210600.05": -0.9553785649610186, "4210600.06": -1.3979651485170317, "4210120.02": -1.156967442083897, "4210119.04": -1.1774946765242345, "4210120.03": -1.1779781890764298, "4210120.01": -0.7978464466270585, "4210112.01": 1.6376915500615647, "4210119.06": -0.9407517563963862, "4210113.01": 1.5820811714585687, "4210112.02": 2.5668092866091876, "4210111.0": 0.7478060630825921, "4210113.02": 1.0346391678766826, "4210119.05": 0.1750086822232389, "4210114.0": 1.9972268549563326, "4210110.0": 0.24828439633548888, "4210115.0": 1.650970777239058, "4210118.0": 1.7560273330683598, "4210117.02": 2.586808950587578, "4210100.0": -0.15194649539728747, "4210140.02": 0.014458990741506294, "4210101.0": -0.06052912678113982, "4210117.01": 2.5692779157718713, "4210116.02": 2.4541165826522064, "4210140.03": 0.3809997607135486, "4210116.01": 1.5482744197678584, "4210102.0": -0.7954896172423684, "4210039.01": 0.9370772497552177, "4210140.01": -0.12222865093362416, "4210103.0": 0.8429369408742365, "4210001.02": 1.3961228420508929, "4210001.01": 1.0733912845213343, "4210040.04": 1.1622810427021137, "4210040.06": 0.11378026983461728, "4210003.0": 0.17605988241830836, "4210039.02": -0.08967727027280029, "4210041.09": 0.2435136411345412, "4210002.0": 1.1655006602405664, "4210040.01": 0.7757493748704557, "4210005.0": 1.8359206564057056, "4210007.0": 0.3966344732784762, "4210006.0": 1.2257116547816285, "4210004.0": 1.0239406887888973, "4210008.0": 0.03328082870314446, "4210260.01": -0.8122043212208389, "4210040.05": -0.11621836117831941, "4210009.0": -0.29214180687287167, "4210011.0": -0.40908970612050194, "4210013.0": 0.4698384834331268, "4210015.0": -0.08971797323380873, "4210041.11": 1.033011557447234, "4210014.0": 1.0252314522929418, "4210260.02": 0.34378657889142555, "4210012.0": -0.5086691022331795, "4210010.0": -0.4884169547222497, "4210041.08": 0.05961952646606795, "4210041.1": -0.21617441521732952, "4210019.0": 0.20681105825617185, "4210020.0": -0.17304267901431866, "4210260.03": 0.26012754426145684, "4210018.0": -0.8323243480918538, "4210032.0": 0.4177707020222329, "4210160.01": -0.6800149099126905, "4210016.0": -1.3375986081532145, "4210017.0": -0.558725625342, "4210022.0": -0.7407446075134535, "4210021.0": -0.07561354067536927, "4210023.0": -1.5268856134879984, "4210041.13": -0.6171403124627387, "4210024.0": -1.4691397745808443, "4210029.0": 0.09934954571519618, "4210031.0": -0.08345813034727632, "4210240.04": -0.12091867641246355, "4210240.02": 0.1916022723577437, "4210041.04": -0.8913192468978858, "4210170.07": -1.0000503349311114, "4210170.04": -0.7365440763989987, "4210170.06": -0.5467782028445912, "4210041.06": -0.3133316208566862, "4210170.05": -1.124709727836237, "4210160.03": -0.5032467772765833, "4210610.0": 0.5051745385779964, "4210041.03": -1.0645743439538489, "4210210.01": -1.2653875883070413, "4210025.0": -0.9884091711614458, "4210030.0": 0.438860144780978, "4210041.12": -0.008673543274718183, "4210033.01": 0.43443140287739207, "4210160.05": -1.1195789413605979, "4210027.0": 1.3879283570868501, "4210035.0": 1.185774297364642, "4210033.02": 1.4435704368686828, "4210036.0": 0.588969255984604, "4210028.0": -0.6252127488222525, "4210041.07": -0.6802800722616211, "4210270.01": 1.2296711426342881, "4210270.03": 1.0265539375542605, "4210034.0": 0.9730472295106007, "4210037.0": 1.1164151435337346, "4210160.04": -0.9082644776853199, "4210026.0": 1.1687625294293758, "4210270.04": 1.5010090858017227, "4210038.02": 2.1403164558912504, "4210271.02": 0.2528800628029534, "4210038.01": 1.4048136768414805, "4210230.01": -1.1401082574456403, "4210240.03": -0.08652533420471663, "4210271.01": -0.3456838403357607, "4210310.0": 2.32773051759631, "4210273.01": 0.1782534504550394, "4210272.0": -0.8563541543056827, "4210273.03": -0.010748768052184715, "4210230.03": -0.9335096776972359, "4210230.04": -0.935092499429299, "4210311.02": 0.07625227743833644, "4210300.0": 1.579578620758259, "4210273.02": -0.733562991492397, "4210273.04": -0.9049004594598333, "4210280.03": -0.7408326807547938, "4210311.01": 0.29557816523775315, "4210280.01": -0.5685439807469368, "4210320.1": 0.6756785516221672, "4210320.04": 1.0067940667494504, "4210290.01": 0.45197025267082974, "4210280.02": -0.8022072572080791, "4210290.06": -0.7003163504801782, "4210320.02": -0.3906118544323875, "4210320.09": -0.06109474966700051, "4210220.04": -0.009400084658305774, "4210320.08": -0.28258932769191986, "4210290.05": -1.3470796634384212, "4210290.03": -0.8231551687254197, "4210320.03": -0.8348884237870797, "4210320.07": -1.2023554359040618, "4210330.0": -0.23411746098624597, "4210220.03": -0.44528122608928106, "4210340.02": -0.8311332534613608, "4210340.01": -0.8622708511962294, "4210360.02": -1.1451063182966992, "4210340.03": -0.7537131990613407, "4210360.01": -1.6374294914745184, "4210500.02": -0.7570380929839042, "4210320.05": -0.8473108646172307, "4210500.01": -0.8209309219273343, "4210370.0": -0.1666433956838947, "4210520.0": -1.6368351942517037, "4210220.02": -0.5751197113243436, "4210210.02": -0.7567542964270189, "4210190.0": -1.1838061893706817, "4210200.0": -0.24003143569130414}