{"4210600.03": -1.6923296856006858, "4210600.04": -0.7748080016671408, "4210119.02": 1.2066220871020126, "4210170.03": -0.8368617467313126, "4210605.0": -2.162774451255075, "4210600.05": 3.047166601990737, "4210600.06": 2.038910948285363, "4210120.02": 2.0422322799680876, "4210119.04": 0.9586379283364852, "4210120.03": 2.040279124833934, "4210120.01": 1.8592048694228536, "4210112.01": 0.6108545048159002, "4210119.06": 1.562669621812527, "4210113.01": 1.2687333830336545, "4210112.02": 1.6125127058601936, "4210111.0": 0.15911060071853605, "4210113.02": 1.2789314918593733, "4210119.05": 1.4596467187532227, "4210114.0": 0.7716320765784164, "4210110.0": -0.41084240041229636, "4210115.0": 0.8564394787131786, "4210118.0": 1.6287766240473192, "4210117.02": 0.5636497894030579, "4210100.0": -0.25298514289851487, "4210140.02": 1.7614225636920593, "4210101.0": -0.31030806719390946, "4210117.01": 1.5366690067899693, "4210116.02": 1.3233840803010208, "4210140.03": 0.5333592690728006, "4210116.01": 0.8758076008008269, "4210102.0": -0.3453269740537734, "4210039.01": -0.2964180312341928, "4210140.01": 0.6260404447788906, "4210103.0": 0.23403938589015466, "4210001.02": 0.2493585122016872, "4210001.01": 0.2632345637062381, "4210040.04": 0.5109154811811977, "4210040.06": -0.5076852176260717, "4210003.0": -0.5694330470003207, "4210039.02": -0.4554494031006274, "4210041.09": 0.45470497382484626, "4210002.0": 0.007486782394622777, "4210040.01": 0.3337913814154916, "4210005.0": 0.21093601688972113, "4210007.0": -0.6657756614661346, "4210006.0": -0.4047966180759779, "4210004.0": -0.32256277252738774, "4210008.0": -1.0048087021223437, "4210260.01": -0.8830568526662514, "4210040.05": 0.18795109623314163, "4210009.0": -1.1216350738883534, "4210011.0": -1.4055885980166591, "4210013.0": -1.262354865060299, "4210015.0": -1.4800855826554016, "4210041.11": 0.2661195839335422, "4210014.0": -1.0136841719866725, "4210260.02": -0.3725704370804041, "4210012.0": -1.4334746556698055, "4210010.0": -1.4582428623213781, "4210041.08": -0.2962280417813733, "4210041.1": 0.07676791164496033, "4210019.0": -1.1664994671589415, "4210020.0": -1.7285522607390313, "4210260.03": -0.607470821084223, "4210018.0": -1.0971877205722136, "4210032.0": -1.0345412383040138, "4210160.01": 0.18456865917445378, "4210016.0": -1.104278769262291, "4210017.0": -1.174510271125382, "4210022.0": -1.6871441873179598, "4210021.0": -1.3757935293999026, "4210023.0": -1.5039657230649757, "4210041.13": -0.05258707883359071, "4210024.0": -1.590179373609362, "4210029.0": -1.568383414131475, "4210031.0": -1.3601224958481435, "4210240.04": 1.0426006458345842, "4210240.02": -0.40826299111004827, "4210041.04": 0.6172141825125163, "4210170.07": -1.2386197574721012, "4210170.04": 0.5485651858059962, "4210170.06": -0.4539260414357647, "4210041.06": 0.8516961983899459, "4210170.05": -0.45020482689322006, "4210160.03": 0.8775284272160921, "4210610.0": -1.126494526249319, "4210041.03": -0.7188007421933716, "4210210.01": -0.8552289958560882, "4210025.0": -1.6251078441595612, "4210030.0": -1.4828736676805305, "4210041.12": -0.15420243123537017, "4210033.01": -0.5572187902924414, "4210160.05": 0.08536407509758012, "4210027.0": -1.1786818490146576, "4210035.0": -1.1017034250257747, "4210033.02": 0.3270562626172092, "4210036.0": -1.3494592969186159, "4210028.0": -1.2525249379483174, "4210041.07": 0.6574222872379964, "4210270.01": 0.38349340779594043, "4210270.03": 0.13286375726522182, "4210034.0": -0.8032145392277301, "4210037.0": -1.079196161606239, "4210160.04": -0.7644252905895607, "4210026.0": -1.0726886465805356, "4210270.04": 0.8063515490299688, "4210038.02": 0.12545787544210174, "4210271.02": 0.22624361888804748, "4210038.01": -0.041834962433664864, "4210230.01": -0.05496499560880598, "4210240.03": 0.5257704997866292, "4210271.01": 0.39181692085685116, "4210310.0": -0.45361739202390694, "4210273.01": -0.6274054437309295, "4210272.0": -0.5029889578298804, "4210273.03": -0.11174669850530011, "4210230.03": -0.23424878403615326, "4210230.04": 0.33820492790259266, "4210311.02": 0.1963075742708636, "4210300.0": 0.42734986765186606, "4210273.02": -0.1512172870543302, "4210273.04": -0.5053815728889062, "4210280.03": 0.6972874262771245, "4210311.01": 0.5519352394966034, "4210280.01": 0.02045696963191375, "4210320.1": -0.5519700777446673, "4210320.04": 1.2022698253894457, "4210290.01": 0.6505531660556675, "4210280.02": -0.05069777162312858, "4210290.06": -0.06151331709351708, "4210320.02": 1.1170339844133272, "4210320.09": 0.42511375885034286, "4210220.04": 0.05391881406637349, "4210320.08": 1.4099953329793318, "4210290.05": 0.004652150611464012, "4210290.03": -0.23198035182712753, "4210320.03": 1.3709400769820528, "4210320.07": 1.9607810619946011, "4210330.0": -0.20433639601900694, "4210220.03": -0.4243946352260028, "4210340.02": 0.25569352223121794, "4210340.01": 0.2953122116716215, "4210360.02": 0.8447705128669444, "4210340.03": 0.8410820527315899, "4210360.01": 1.4449641986526511, "4210500.02": 0.24822311809018702, "4210320.05": 0.33039521109129943, "4210500.01": 2.833032580739435, "4210370.0": 0.36393197284016626, "4210520.0": 1.0632823978678403, "4210220.02": 0.4688007439068702, "4210210.02": 0.11937008681804859, "4210190.0": -1.1627995397358843, "4210200.0": 0.09756453009581614}