{"4210600.03": -0.9357998658643265, "4210600.04": -1.3432293798318065, "4210119.02": -5.405723039545831, "4210170.03": 0.10106829609762773, "4210605.0": -0.9882693246927864, "4210600.05": -1.0519766118172222, "4210600.06": -1.4611185181895492, "4210120.02": -1.4709363990282822, "4210119.04": -0.8514491459631996, "4210120.03": -1.3953927561491148, "4210120.01": -0.13396288148558133, "4210112.01": 0.465597220822007, "4210119.06": -1.100854989119857, "4210113.01": 0.8371191617337419, "4210112.02": 2.2468268185178153, "4210111.0": 1.4455061354650738, "4210113.02": 0.8341878626484354, "4210119.05": -0.6364734296862408, "4210114.0": 0.6727548667723185, "4210110.0": 0.24503961578038916, "4210115.0": 0.034387274199470345, "4210118.0": 0.48984156635101683, "4210117.02": 1.3082478321952893, "4210100.0": -1.0211705605720398, "4210140.02": 0.5416270826654854, "4210101.0": -0.3581826509225439, "4210117.01": 1.177025415240458, "4210116.02": 0.6824737754120132, "4210140.03": -0.5811261494629228, "4210116.01": 0.6094580335519264, "4210102.0": -1.3945422144547661, "4210039.01": 0.16404234734865242, "4210140.01": 1.0639724923599203, "4210103.0": -0.3298505582776529, "4210001.02": -0.6197834715960806, "4210001.01": -0.13245844340623172, "4210040.04": 0.5705595388201642, "4210040.06": -0.16553321099922155, "4210003.0": -0.2125001980181873, "4210039.02": 0.34371356371487216, "4210041.09": 0.3524770283515034, "4210002.0": -0.14305126804576268, "4210040.01": -0.8401286944097113, "4210005.0": 0.5420050713200362, "4210007.0": 0.30628019418382074, "4210006.0": 0.9994485013024352, "4210004.0": 0.4781870269186637, "4210008.0": -0.10244232359093637, "4210260.01": -0.5038069603479944, "4210040.05": -0.14150504813405287, "4210009.0": 0.45173265701800003, "4210011.0": 0.9757881262894711, "4210013.0": 1.82372928538472, "4210015.0": -0.03870225040162039, "4210041.11": -1.2615949557662827, "4210014.0": 0.3741055804616556, "4210260.02": -0.20663873657683515, "4210012.0": 0.996661026802539, "4210010.0": 1.3496275119466266, "4210041.08": 0.7986940460957762, "4210041.1": -1.3056947651462887, "4210019.0": 1.058233656846105, "4210020.0": 0.5149626971013065, "4210260.03": -0.7889387970171642, "4210018.0": -0.4269412861804087, "4210032.0": 1.0920070943566749, "4210160.01": 1.2108797147620163, "4210016.0": -0.3110438999388717, "4210017.0": 0.2068453501853838, "4210022.0": -0.5327336428869772, "4210021.0": -0.25971831397544753, "4210023.0": -0.8904203420486678, "4210041.13": -0.07913857663566376, "4210024.0": -0.8327419272702793, "4210029.0": 0.2049227190291919, "4210031.0": 0.7633758843589441, "4210240.04": -1.3480290527242758, "4210240.02": -0.020648627464383312, "4210041.04": -0.6486108365501418, "4210170.07": -0.767189058322627, "4210170.04": 0.8600645434178691, "4210170.06": -0.40106424183756384, "4210041.06": 0.8296425276988744, "4210170.05": -0.7581192216908244, "4210160.03": 1.3408303707284417, "4210610.0": -1.0432107509144781, "4210041.03": 0.3682801899874293, "4210210.01": -0.8564862794960952, "4210025.0": -0.22921278141148174, "4210030.0": 1.4149575198520554, "4210041.12": -0.33108218320677424, "4210033.01": 0.5314832775322541, "4210160.05": -0.9342909090749372, "4210027.0": 0.7282651801598516, "4210035.0": 0.5528190275829731, "4210033.02": 0.40238425975616926, "4210036.0": 0.25918705004160025, "4210028.0": -0.2074864353621293, "4210041.07": 0.1865691304365271, "4210270.01": 0.4811607919890532, "4210270.03": -0.2250943277888961, "4210034.0": 1.0107496794974062, "4210037.0": 2.074246972917072, "4210160.04": 1.8669273842648872, "4210026.0": -0.3366350099413863, "4210270.04": 1.7541209547765262, "4210038.02": 2.0494971589461715, "4210271.02": -0.11401819672161859, "4210038.01": 0.4415514435146978, "4210230.01": 0.15180549699387297, "4210240.03": -1.4038583485826168, "4210271.01": -1.029116840837633, "4210310.0": 1.9640251586436153, "4210273.01": 1.3043306919370772, "4210272.0": -0.8440910938999756, "4210273.03": 0.12690670299721457, "4210230.03": 0.17346084075239443, "4210230.04": -0.978025026373956, "4210311.02": 0.6371377996273762, "4210300.0": 2.076183463385564, "4210273.02": -0.49806811366227677, "4210273.04": -1.0343096418140274, "4210280.03": -0.9799283873369266, "4210311.01": 0.8557328539494533, "4210280.01": -0.6943491641573241, "4210320.1": 1.491295004278442, "4210320.04": 1.6240911521381756, "4210290.01": -0.19435843457380597, "4210280.02": -1.4042590272864923, "4210290.06": -0.7087633642498866, "4210320.02": 0.6940923648064301, "4210320.09": 1.7436549291721308, "4210220.04": -1.3354286236395712, "4210320.08": -0.19021251591547858, "4210290.05": -1.0200359270161832, "4210290.03": -0.47579766546896823, "4210320.03": 0.1030805261103588, "4210320.07": -0.9496190045428824, "4210330.0": 0.6841305343504077, "4210220.03": -0.032834728435369824, "4210340.02": 0.1646719598172639, "4210340.01": 0.1398721946046274, "4210360.02": -0.6598174011493629, "4210340.03": -0.1870768625292724, "4210360.01": -1.277428536916772, "4210500.02": 0.12528480856904184, "4210320.05": -0.48892311800275917, "4210500.01": -0.6393511458816644, "4210370.0": -0.6396692074955677, "4210520.0": -1.2805951464210243, "4210220.02": -0.28133045978438787, "4210210.02": -0.38406870669215204, "4210190.0": -1.2065692226030138, "4210200.0": -0.2512668024114236}