{"4210600.03": -0.44586340350038, "4210600.04": -1.2352315986105527, "4210119.02": -1.6668066410363667, "4210170.03": -0.5509424709249867, "4210605.0": -0.6248972669580822, "4210600.05": -1.3708090343790622, "4210600.06": -1.5522619825820552, "4210120.02": -1.4502899656931891, "4210119.04": -1.0712916065914901, "4210120.03": -1.2655324785094542, "4210120.01": -0.970106382476823, "4210112.01": 0.9558871230418199, "4210119.06": -1.0239778320789765, "4210113.01": 0.6295511828690113, "4210112.02": 1.1337664279742725, "4210111.0": 0.4518404263455824, "4210113.02": 0.2093428880303183, "4210119.05": -0.6679518106521467, "4210114.0": 0.869585199502689, "4210110.0": 0.11553731516534407, "4210115.0": 1.2155332095235527, "4210118.0": 0.5555991112160245, "4210117.02": 2.1055744247330335, "4210100.0": -0.35705260022333607, "4210140.02": -0.6981521824734657, "4210101.0": -0.14072665675316495, "4210117.01": 1.5949970877673552, "4210116.02": 1.3421586247990835, "4210140.03": -0.5994762000487551, "4210116.01": 0.5620774652002145, "4210102.0": -1.127537759603924, "4210039.01": 0.5590705741936648, "4210140.01": -0.5135863803598394, "4210103.0": -0.058444202483465504, "4210001.02": 0.5509432493747753, "4210001.01": 0.6360092487565735, "4210040.04": 1.161584422865877, "4210040.06": -0.5162726589865367, "4210003.0": 0.3833358790597453, "4210039.02": -0.48133111014161034, "4210041.09": -0.8469374452153525, "4210002.0": 0.701900167745576, "4210040.01": -0.13870208629693845, "4210005.0": 1.0052863403354058, "4210007.0": 0.753746230310426, "4210006.0": 0.5647222450361274, "4210004.0": 0.2386820627374851, "4210008.0": 0.9518492307319628, "4210260.01": -0.4304549456733271, "4210040.05": -0.4180738205014375, "4210009.0": 0.8906648845855601, "4210011.0": 1.3559296255833473, "4210013.0": 2.3615312291955712, "4210015.0": 1.0673894059229754, "4210041.11": -0.6206994445069521, "4210014.0": 2.226647241944692, "4210260.02": 0.6173568081162798, "4210012.0": 1.381753561320195, "4210010.0": 1.0982349405923812, "4210041.08": -0.3171768016909082, "4210041.1": -0.8654575118418647, "4210019.0": 1.9498161406866366, "4210020.0": 1.311249112863856, "4210260.03": 0.5922800436646897, "4210018.0": 0.8579986608643488, "4210032.0": 2.0852447612338545, "4210160.01": -0.5986701480897553, "4210016.0": -0.5492857269087741, "4210022.0": 0.9951243063191091, "4210021.0": 2.2005348249262635, "4210023.0": 1.1535657557966865, "4210041.13": -0.7446937666993718, "4210024.0": 0.3040878425194186, "4210029.0": 2.232243199208435, "4210031.0": 0.8941945425668798, "4210240.04": -0.7961068544889558, "4210240.02": 0.05450577808835461, "4210041.04": -1.0823836197657484, "4210170.07": -0.8253550578224911, "4210170.04": -0.723317211872789, "4210170.06": -0.4337630982562732, "4210041.06": -0.46819074437862424, "4210170.05": -1.0975139353710615, "4210160.03": -0.41591204145189287, "4210610.0": -0.17933664504829705, "4210041.03": -0.5498401655455499, "4210210.01": -1.0433595339910566, "4210025.0": 0.35825433831301623, "4210030.0": 1.4358282289941255, "4210041.12": -0.7919101269037336, "4210033.01": 0.7439532364330029, "4210160.05": -1.050506543982403, "4210027.0": 1.9257250395060226, "4210035.0": 1.9070292510612024, "4210033.02": 0.9606805218899672, "4210036.0": 1.4240687923225241, "4210028.0": 0.5563121929375429, "4210041.07": -0.641514469327503, "4210270.01": 0.7795103187723935, "4210270.03": 0.4489387042025103, "4210034.0": 1.1492975094689017, "4210037.0": 1.256733860556333, "4210160.04": -0.37505905660255756, "4210026.0": 1.2494833667228962, "4210270.04": 0.8459917215466854, "4210038.02": 1.568469484118169, "4210271.02": -0.12873865633190587, "4210038.01": 0.810772079655623, "4210230.01": -0.9926444748404301, "4210240.03": -0.8651788144485459, "4210271.01": -0.46469975278414344, "4210310.0": 2.1415627463970726, "4210273.01": 0.5176911372516868, "4210272.0": -0.8362045830980618, "4210273.03": -0.41425590404694573, "4210230.03": -0.834783066219414, "4210230.04": -1.022549137177646, "4210311.02": -0.52292705463563, "4210300.0": 1.436180716438701, "4210273.02": -0.8390729384317727, "4210273.04": -0.9682056365969589, "4210280.03": -0.9777047186356919, "4210311.01": -0.345863796635649, "4210280.01": -1.013583676014033, "4210320.1": 0.45495482925544006, "4210320.04": 0.1391111350249455, "4210290.01": -0.5312936019422101, "4210280.02": -0.7972033191164325, "4210290.06": -0.9373763883555463, "4210320.02": -0.6048212812479912, "4210320.09": -0.055320729648034826, "4210220.04": -0.3696903255388794, "4210320.08": -0.6858747556442631, "4210290.05": -1.146967220874705, "4210290.03": -0.9256386489991011, "4210320.03": -1.035976226092686, "4210320.07": -1.2441722849356884, "4210330.0": -0.3813808003850594, "4210220.03": -0.7166071852441379, "4210340.02": -0.6930596364672972, "4210340.01": -0.642228535217698, "4210360.02": -1.3047655740415054, "4210340.03": -0.9074354295631858, "4210360.01": -1.1880584559989231, "4210500.02": -0.6602760374953834, "4210320.05": -1.1577566426009576, "4210500.01": -0.8426901555721765, "4210370.0": -0.6807151164017261, "4210520.0": -0.9865625386247825, "4210220.02": -1.1045998176702567, "4210210.02": -1.067577051016096, "4210190.0": -0.8949777251801841, "4210200.0": -0.8072812931112169}