{"4210600.03": 1.7344324370179343, "4210600.04": -0.17437660754678655, "4210119.02": 0.12359946388185193, "4210170.03": 1.3651347746877893, "4210605.0": 0.239893924574398, "4210600.05": 1.0689098095410023, "4210600.06": 0.20191010659010145, "4210120.02": 0.32999655914146425, "4210119.04": 0.5068655404963937, "4210120.03": -0.0023952532636934845, "4210120.01": 0.3943830301750275, "4210112.01": 0.6976445649152088, "4210119.06": 0.13582944550602763, "4210113.01": 1.3832750162167673, "4210112.02": 1.10260289562928, "4210111.0": 0.29003202315150994, "4210113.02": 0.8493868987579232, "4210119.05": 0.7697955711253104, "4210114.0": 0.7939285918419187, "4210110.0": 0.39516077960608714, "4210115.0": 0.9519027272466276, "4210118.0": 0.9833063302381362, "4210117.02": 1.2528305046604988, "4210100.0": -0.17134840024886633, "4210140.02": 1.5705881933009587, "4210101.0": -0.5782635900924785, "4210117.01": 1.107204390460149, "4210116.02": 0.7831797259142642, "4210140.03": 0.16773171966661404, "4210116.01": 0.12240610681856408, "4210102.0": -0.3077148927515767, "4210039.01": 0.2749228615191495, "4210140.01": 0.5246118588678315, "4210103.0": -0.09215486695704704, "4210001.02": -0.4414153736701136, "4210001.01": -0.34478464356754174, "4210040.04": 0.3131667315980038, "4210040.06": 0.029263783616155593, "4210003.0": -1.1788816700600304, "4210039.02": 0.1321475247566905, "4210041.09": 1.0436430677551285, "4210002.0": -0.7020298154115682, "4210040.01": 0.6324553226500664, "4210005.0": -0.381818710867014, "4210007.0": -0.9547718417139196, "4210006.0": -0.7440110564337026, "4210004.0": -1.0382686661556784, "4210008.0": -1.2365141881516564, "4210260.01": -1.653727908274351, "4210040.05": -0.3704347466182079, "4210009.0": -1.396347903293574, "4210011.0": -1.3004934371465349, "4210013.0": -0.8339338310881892, "4210015.0": -1.5852699964595576, "4210041.11": 0.9569001926615205, "4210014.0": -0.7159486411840684, "4210260.02": -0.9962900855096407, "4210012.0": -1.4435924126143427, "4210010.0": -1.6262978370352337, "4210041.08": 0.5255242364380595, "4210041.1": -0.06500414036328356, "4210019.0": -1.3077389736774638, "4210020.0": -1.5172059250377805, "4210260.03": -0.7291603566919111, "4210018.0": -2.0299834956027807, "4210032.0": -0.8937627459269405, "4210160.01": 0.3945320218333905, "4210016.0": -2.493958299813029, "4210017.0": -2.004507454005907, "4210022.0": -1.8849114738463633, "4210021.0": -1.2903284201161518, "4210023.0": -2.351068523817405, "4210041.13": -0.30438982556510424, "4210024.0": -2.473139324261532, "4210029.0": -1.116240759869438, "4210031.0": -1.2759251627905064, "4210240.04": 0.5197615135739785, "4210240.02": -0.09964424625382394, "4210041.04": 0.8575238625318092, "4210170.07": 0.9589982925380505, "4210170.04": 1.4511935746343294, "4210170.06": 1.3991456725263989, "4210041.06": 1.7214699669993507, "4210170.05": 0.7756636510932274, "4210160.03": 0.7356978559330234, "4210610.0": 3.2167196108604346, "4210041.03": 0.2586096793387669, "4210210.01": -0.19761448973374426, "4210025.0": -2.1828713277774843, "4210030.0": -0.9557086341688771, "4210041.12": 0.4043387971566723, "4210033.01": -0.7064725277027168, "4210160.05": -0.1647948236022577, "4210027.0": -0.4313411165650532, "4210035.0": -0.3413659177443406, "4210033.02": 0.13873796854166864, "4210036.0": -0.9418087554887504, "4210028.0": -1.7310696558995213, "4210041.07": 0.7718330969690879, "4210270.01": -0.11342136721328717, "4210270.03": 0.08341005699091802, "4210034.0": -0.48417650241365523, "4210037.0": -0.4644550189319083, "4210160.04": -1.0032766894235756, "4210026.0": -0.7642129376567804, "4210270.04": -0.0749269848588402, "4210038.02": 0.14707779685524033, "4210271.02": -0.3996259885579363, "4210038.01": -0.6918321787608582, "4210230.01": 0.06358267164536703, "4210240.03": 0.9751840843599187, "4210271.01": 0.004075029598532847, "4210310.0": 0.5454165659504974, "4210273.01": -0.6506716679882323, "4210272.0": -0.5830900812892651, "4210273.03": -0.9145484473192658, "4210230.03": 0.7499743573373944, "4210230.04": 1.1207590137534615, "4210311.02": -0.5607741390990891, "4210300.0": 0.21864465893212226, "4210273.02": -0.9357874026114877, "4210273.04": -0.472990256700005, "4210280.03": 0.5368626523426022, "4210311.01": 0.31660704529448996, "4210280.01": -0.11999650359101523, "4210320.1": -0.2574385720483558, "4210320.04": 1.473999703786013, "4210290.01": 0.15533168764977326, "4210280.02": 0.2951670176277641, "4210290.06": -0.581734717289622, "4210320.02": 0.7248874495997976, "4210320.09": 0.2549407744642594, "4210220.04": 1.397843817620393, "4210320.08": 0.46208987569048854, "4210290.05": 0.021983578895595154, "4210290.03": 0.04024060432355224, "4210320.03": 1.1603212039152901, "4210320.07": 1.5464257577871177, "4210330.0": -0.15293963296051805, "4210220.03": 0.49075517583164735, "4210340.02": -0.09192189891278071, "4210340.01": -0.7264427181405582, "4210360.02": 1.377529807991892, "4210340.03": 0.6223275250970619, "4210360.01": 0.5314490120571453, "4210500.02": -0.8636970441748771, "4210320.05": 1.3106649190734085, "4210500.01": 0.7698492193337093, "4210370.0": 1.9628797673215386, "4210520.0": -0.3441724964207282, "4210220.02": 1.4939572139827972, "4210210.02": 1.1885588185204623, "4210190.0": -0.3168176253538849, "4210200.0": 1.9284644849693136}