{"4210600.03": 3.434493365964049, "4210600.04": 0.0, "4210119.02": 3.148285585467045, "4210170.03": 2.2896622439760326, "4210605.0": 3.148285585467045, "4210600.05": -1.1448311219880163, "4210600.06": -1.4310389024850205, "4210120.02": -1.7172466829820245, "4210119.04": -0.28620778049700407, "4210120.03": -0.5724155609940081, "4210120.01": 0.0, "4210112.01": 0.28620778049700407, "4210119.06": -1.1448311219880163, "4210113.01": 0.8586233414910123, "4210112.02": 0.8586233414910123, "4210111.0": 0.5724155609940081, "4210113.02": -0.5724155609940081, "4210119.05": -1.4310389024850205, "4210114.0": 0.8586233414910123, "4210110.0": 0.0, "4210115.0": -0.28620778049700407, "4210118.0": 0.28620778049700407, "4210117.02": -0.5724155609940081, "4210100.0": -0.5724155609940081, "4210140.02": -1.7172466829820245, "4210101.0": -1.4310389024850205, "4210117.01": -0.5724155609940081, "4210116.02": -2.0034544634790286, "4210140.03": -0.28620778049700407, "4210116.01": -1.4310389024850205, "4210102.0": -0.8586233414910123, "4210039.01": 0.8586233414910123, "4210140.01": 0.0, "4210103.0": -0.5724155609940081, "4210001.02": -1.1448311219880163, "4210001.01": -1.1448311219880163, "4210040.04": -0.5724155609940081, "4210040.06": 0.5724155609940081, "4210003.0": 0.28620778049700407, "4210039.02": 0.5724155609940081, "4210041.09": -0.5724155609940081, "4210002.0": -0.5724155609940081, "4210040.01": 0.28620778049700407, "4210005.0": 0.5724155609940081, "4210007.0": -0.28620778049700407, "4210006.0": 0.28620778049700407, "4210004.0": 0.0, "4210008.0": 0.28620778049700407, "4210260.01": -0.28620778049700407, "4210040.05": 0.5724155609940081, "4210009.0": 0.0, "4210011.0": 0.8586233414910123, "4210013.0": 0.28620778049700407, "4210015.0": 0.8586233414910123, "4210041.11": 0.5724155609940081, "4210014.0": 1.1448311219880163, "4210260.02": 0.28620778049700407, "4210012.0": 0.8586233414910123, "4210010.0": 0.8586233414910123, "4210041.08": -0.5724155609940081, "4210041.1": 0.5724155609940081, "4210019.0": 0.5724155609940081, "4210020.0": 0.28620778049700407, "4210260.03": 1.4310389024850205, "4210018.0": 0.5724155609940081, "4210032.0": 1.1448311219880163, "4210160.01": 0.0, "4210016.0": 0.8586233414910123, "4210017.0": 1.1448311219880163, "4210022.0": 0.8586233414910123, "4210021.0": 0.8586233414910123, "4210023.0": 1.1448311219880163, "4210041.13": 0.0, "4210024.0": 0.5724155609940081, "4210029.0": 0.8586233414910123, "4210031.0": 1.1448311219880163, "4210240.04": -0.28620778049700407, "4210240.02": 0.0, "4210041.04": -0.8586233414910123, "4210170.07": 1.4310389024850205, "4210170.04": 0.0, "4210170.06": 0.8586233414910123, "4210041.06": -0.8586233414910123, "4210170.05": -0.5724155609940081, "4210160.03": -1.7172466829820245, "4210610.0": 2.5758700244730366, "4210041.03": 1.4310389024850205, "4210210.01": 0.5724155609940081, "4210025.0": 1.1448311219880163, "4210030.0": 1.4310389024850205, "4210041.12": -0.8586233414910123, "4210033.01": 0.8586233414910123, "4210160.05": -0.8586233414910123, "4210027.0": 1.4310389024850205, "4210035.0": 1.1448311219880163, "4210033.02": 1.4310389024850205, "4210036.0": 0.5724155609940081, "4210028.0": 1.1448311219880163, "4210041.07": -0.8586233414910123, "4210270.01": 0.5724155609940081, "4210270.03": 1.1448311219880163, "4210034.0": 0.0, "4210037.0": 0.0, "4210160.04": 0.0, "4210026.0": 0.28620778049700407, "4210270.04": 0.8586233414910123, "4210038.02": 0.0, "4210271.02": 0.0, "4210038.01": 0.28620778049700407, "4210230.01": -1.1448311219880163, "4210240.03": -0.8586233414910123, "4210271.01": -0.8586233414910123, "4210310.0": 0.8586233414910123, "4210273.01": -0.5724155609940081, "4210272.0": 0.28620778049700407, "4210273.03": 0.28620778049700407, "4210230.03": -0.28620778049700407, "4210230.04": -0.28620778049700407, "4210311.02": -0.8586233414910123, "4210300.0": -0.8586233414910123, "4210273.02": -0.28620778049700407, "4210273.04": 0.0, "4210280.03": -1.7172466829820245, "4210311.01": -1.4310389024850205, "4210280.01": -0.8586233414910123, "4210320.1": -0.28620778049700407, "4210320.04": -1.1448311219880163, "4210290.01": -0.5724155609940081, "4210280.02": -0.8586233414910123, "4210290.06": 0.28620778049700407, "4210320.02": -0.8586233414910123, "4210320.09": 0.28620778049700407, "4210220.04": -0.28620778049700407, "4210320.08": -0.8586233414910123, "4210290.05": 0.8586233414910123, "4210290.03": 0.0, "4210320.03": -0.8586233414910123, "4210320.07": -0.8586233414910123, "4210330.0": -0.5724155609940081, "4210220.03": 1.1448311219880163, "4210340.02": -1.4310389024850205, "4210340.01": -1.7172466829820245, "4210360.02": 0.5724155609940081, "4210340.03": -0.5724155609940081, "4210360.01": 0.5724155609940081, "4210500.02": -2.0034544634790286, "4210320.05": 1.4310389024850205, "4210500.01": -1.1448311219880163, "4210370.0": 0.8586233414910123, "4210520.0": 0.5724155609940081, "4210220.02": -0.8586233414910123, "4210210.02": 0.0, "4210190.0": 0.8586233414910123, "4210200.0": 0.0}