{"4210600.03": 1.6859792404534404, "4210600.04": -0.5928309955852296, "4210119.02": 1.4386337368950968, "4210170.03": 1.3123496345031072, "4210605.0": 0.1813712632122975, "4210600.05": 0.6850418558013173, "4210600.06": -0.04446630773422773, "4210120.02": -0.07723149241423727, "4210119.04": 0.01903040534213473, "4210120.03": -0.044546050782120254, "4210120.01": 0.2058279951763295, "4210112.01": 0.9285246136132034, "4210119.06": 0.14896181368109915, "4210113.01": 1.3334936824395685, "4210112.02": 2.2681301337632385, "4210111.0": 0.40563731813701787, "4210113.02": 1.1538096142530734, "4210119.05": 0.5549392583862834, "4210114.0": 0.9070237880677093, "4210110.0": -0.7760399033627133, "4210115.0": 0.2620511338249854, "4210118.0": 1.4053697478057292, "4210117.02": 0.5983050240726352, "4210100.0": -0.7008821645456675, "4210140.02": 1.2125759349074274, "4210101.0": -0.7363501567693154, "4210117.01": 0.9091863045259959, "4210116.02": 0.03375445468463415, "4210140.03": 0.5317495408556873, "4210116.01": 0.251727659536106, "4210102.0": -1.3367299962413632, "4210039.01": -0.3051612368237745, "4210140.01": 0.8570204259435223, "4210103.0": -0.37938089836802386, "4210001.02": -0.36219649052104397, "4210001.01": -0.5133946199658754, "4210040.04": -0.013441192474113687, "4210040.06": 0.11920427008121441, "4210003.0": -0.9303787135336828, "4210039.02": 0.29968451319863026, "4210041.09": 1.0099073993411076, "4210002.0": -0.6347953783735278, "4210040.01": 0.8057493848830384, "4210005.0": 0.31574786994664494, "4210007.0": -0.8609102791418369, "4210006.0": -0.2993537595775815, "4210004.0": -0.4948861219607741, "4210008.0": -1.6149505803789432, "4210260.01": -1.580678633715192, "4210040.05": 0.008977877774920222, "4210009.0": -1.5607385962013924, "4210011.0": -1.7063336659056376, "4210013.0": -1.178930164663893, "4210015.0": -1.236968507974361, "4210041.11": 1.660479757408822, "4210014.0": -0.7060207708452507, "4210260.02": -0.8105171916926578, "4210012.0": -1.5436950739819595, "4210010.0": -1.8098371797470807, "4210041.08": 0.769449325009098, "4210041.1": 0.18294495086865215, "4210019.0": -1.3354706358981532, "4210020.0": -1.5039536934864526, "4210260.03": -0.7715184841794228, "4210018.0": -1.6751453154534897, "4210032.0": -1.3337102958751836, "4210160.01": 0.7121303382590046, "4210016.0": -1.889519698391544, "4210022.0": -2.000738410583923, "4210021.0": -1.6716210782290273, "4210023.0": -2.201034610246501, "4210041.13": 0.021784461612974794, "4210024.0": -2.287715592661798, "4210029.0": -1.4597495161527665, "4210031.0": -1.307839952438669, "4210240.04": 0.8924974209843686, "4210240.02": 0.010527589288487071, "4210041.04": 0.7342370141915714, "4210170.07": 0.6009019435637315, "4210170.04": 1.1235714833901678, "4210170.06": 0.8932619795948239, "4210041.06": 1.674224819332373, "4210170.05": 0.602266420612539, "4210160.03": 0.7448845951475688, "4210610.0": 2.804271960531078, "4210041.03": 0.11108893964421214, "4210210.01": -0.16043386885292873, "4210025.0": -2.243437235008894, "4210030.0": -1.4866458864684051, "4210041.12": 0.6649422953156217, "4210033.01": -0.5934512443886562, "4210160.05": -0.07388368050755993, "4210027.0": -0.9892680093063255, "4210035.0": -0.8362027555250731, "4210033.02": 0.227579167993255, "4210036.0": -1.2704100841966952, "4210028.0": -1.8162226368254213, "4210041.07": 0.9097426902880906, "4210270.01": 0.06400883663371768, "4210270.03": 0.23963301210652357, "4210034.0": -0.8288015597527899, "4210037.0": -0.7325011858027551, "4210160.04": -0.6643317225363673, "4210026.0": -0.8597924452141631, "4210270.04": 0.10220294695555476, "4210038.02": -0.2537720321215374, "4210271.02": -0.06197865136510834, "4210038.01": -0.7263553995642958, "4210230.01": -0.21762775685023222, "4210240.03": 1.0552562569772568, "4210271.01": 0.40404592868226485, "4210310.0": 0.49402595127517646, "4210273.01": -0.8399690169753843, "4210272.0": -0.2923326948027642, "4210273.03": -0.6530636202079038, "4210230.03": 0.5599047678869863, "4210230.04": 1.0648841727924003, "4210311.02": -0.31698809678934026, "4210300.0": -0.055114880941687976, "4210273.02": -0.4893671134207786, "4210273.04": -0.11548245003411149, "4210280.03": 0.6692161797701187, "4210311.01": 0.4995454476019915, "4210280.01": 0.18430891427395063, "4210320.1": 0.2685631529800743, "4210320.04": 1.7906994023025846, "4210290.01": 0.3809233685621243, "4210280.02": 0.490875528218797, "4210290.06": 0.07244512749973026, "4210320.02": 1.0891686835089405, "4210320.09": 0.4064162365270512, "4210220.04": 1.325323724507928, "4210320.08": 0.6285683761976273, "4210290.05": 0.16028959130791728, "4210290.03": 0.13331530460856386, "4210320.03": 1.3188690901097888, "4210320.07": 1.4782856561237776, "4210330.0": 0.23037561042157764, "4210220.03": 0.48502394175654917, "4210340.02": 0.0048053876256323996, "4210340.01": -0.7588688353370543, "4210360.02": 1.3572274100545823, "4210340.03": 0.6745850527450068, "4210360.01": 0.32155352721285757, "4210500.02": -0.8754347803520157, "4210320.05": 1.29477447114724, "4210500.01": 0.5360603240265133, "4210370.0": 1.5342060159626907, "4210520.0": -0.9387946820639055, "4210220.02": 1.0281308026125957, "4210210.02": 0.8632000707502914, "4210190.0": -0.3124721098270569, "4210200.0": 1.3513965220474806}