{"4210600.03": 0.725256462059794, "4210600.04": -0.13809791931732537, "4210119.02": 0.5614400831763708, "4210170.03": 0.6070526328209738, "4210605.0": -0.6987664004114642, "4210600.05": 1.3214721063597343, "4210600.06": 0.48159356368534395, "4210120.02": 0.8117430070530508, "4210119.04": 0.482978539522488, "4210120.03": 0.25764832549841865, "4210120.01": 0.690842831696923, "4210112.01": 0.9317283400028396, "4210119.06": 0.39755345292861394, "4210113.01": 1.2739742101862546, "4210112.02": 1.7462946438169948, "4210111.0": 0.5377762294697667, "4210113.02": 1.094083640908222, "4210119.05": 0.9533845642726808, "4210114.0": 1.048278501005676, "4210110.0": 0.4986820121994265, "4210115.0": 1.1880182379349966, "4210118.0": 1.3000139391497638, "4210117.02": 1.0222363464048527, "4210100.0": 0.18248438724015045, "4210140.02": 1.6510032652487705, "4210101.0": -0.19722427102090276, "4210117.01": 1.0653527557572693, "4210116.02": 1.331437464193318, "4210140.03": 0.6038142046986386, "4210116.01": 0.5513018218148679, "4210102.0": 0.047204948748608234, "4210039.01": 0.08522812618797487, "4210140.01": 0.7838538483908922, "4210103.0": 0.31289421917723065, "4210001.02": 0.2277062365543524, "4210001.01": -0.051460851071339624, "4210040.04": 0.41098756905188205, "4210040.06": -0.05639131986025007, "4210003.0": -0.9012779256547423, "4210039.02": 0.07772662862149088, "4210041.09": 1.065910939625781, "4210002.0": -0.26828093650227763, "4210040.01": 0.5933265900059378, "4210005.0": 0.19000258919134588, "4210007.0": -0.9460802356884187, "4210006.0": -0.46805621684577214, "4210004.0": -0.6125122593483594, "4210008.0": -1.2277320899694057, "4210260.01": -1.5442513160858369, "4210040.05": -0.2177828612886085, "4210009.0": -1.4418582361037933, "4210011.0": -1.6128760190994749, "4210013.0": -1.1722695388261746, "4210015.0": -1.7652951452270114, "4210041.11": 1.2525945271692527, "4210014.0": -0.7875596610931366, "4210260.02": -0.7053528122197364, "4210012.0": -1.7371399504569462, "4210010.0": -1.774488842029842, "4210041.08": 0.6428577954832648, "4210041.1": -0.030501035070564737, "4210019.0": -1.4759874110344526, "4210020.0": -1.809293367710755, "4210260.03": -0.5664768325916514, "4210018.0": -2.0782021544359983, "4210032.0": -1.0351352638668159, "4210160.01": 0.42390768690557357, "4210016.0": -2.3342780588920267, "4210017.0": -1.9838305140919437, "4210022.0": -2.2725556631913193, "4210021.0": -1.6241041931257043, "4210023.0": -2.664938943256996, "4210041.13": -0.1435622660460951, "4210024.0": -2.722735599893804, "4210029.0": -1.5609329204143145, "4210031.0": -1.509218227861152, "4210240.04": 0.7519978238488105, "4210240.02": -0.16596591187135598, "4210041.04": 0.8321671320460479, "4210170.07": 0.0721413821702673, "4210170.04": 1.1393467840087952, "4210170.06": 0.6709600688584562, "4210041.06": 1.5205291246213288, "4210170.05": 0.31026960369325307, "4210160.03": 0.8412060403715618, "4210610.0": 2.0739274714106086, "4210041.03": -0.1682830848362384, "4210210.01": -0.5669983594907722, "4210025.0": -2.4405078874071044, "4210030.0": -1.3374022065078028, "4210041.12": 0.5257648944024383, "4210033.01": -0.6876034064038768, "4210160.05": -0.17822729122670194, "4210027.0": -0.8192446561105989, "4210035.0": -0.6566307485049033, "4210033.02": 0.210312667700773, "4210036.0": -1.2334213003677563, "4210028.0": -2.0130464920642317, "4210041.07": 0.7694493054158408, "4210270.01": 0.13172865305748974, "4210270.03": 0.3705795115424126, "4210034.0": -0.7288749716087727, "4210037.0": -0.6219280133490421, "4210160.04": -0.9041525388908281, "4210026.0": -0.5989172023510271, "4210270.04": 0.3300456160268193, "4210038.02": 0.07032284286647261, "4210271.02": -0.017802469284587796, "4210038.01": -0.3515232100020064, "4210230.01": 0.02189772210479615, "4210240.03": 1.1079445496920004, "4210271.01": 0.39813350110640855, "4210310.0": 0.6522086466176138, "4210273.01": -0.6336545231296421, "4210272.0": -0.37618948322802725, "4210273.03": -0.6363500231919406, "4210230.03": 0.3568299435372994, "4210230.04": 0.8109369646212463, "4210311.02": -0.2809124931113203, "4210300.0": 0.4561104860464208, "4210273.02": -0.7625106983461026, "4210273.04": -0.3672461314606926, "4210280.03": 0.7092612656207306, "4210311.01": 0.5547361441238798, "4210280.01": 0.11068006841930206, "4210320.1": -0.020067529609494723, "4210320.04": 1.7687466828656313, "4210290.01": 0.597228717953406, "4210280.02": 0.32682924986798817, "4210290.06": -0.3923314327491129, "4210320.02": 0.7683407802276452, "4210320.09": 0.2670582586179915, "4210220.04": 1.215490898885982, "4210320.08": 0.7370941473707979, "4210290.05": -0.1948131438792793, "4210290.03": -0.08175812129450459, "4210320.03": 1.0692010236478073, "4210320.07": 1.2203250864557613, "4210330.0": 0.09024518588093443, "4210220.03": 0.24716192635494671, "4210340.02": 0.036109201239193985, "4210340.01": -0.39989217412191175, "4210360.02": 0.9580650012735402, "4210340.03": 0.5803548121718755, "4210360.01": 0.2205773736055346, "4210500.02": -0.5988590225216175, "4210320.05": 0.825528271654516, "4210500.01": 0.9659296783465378, "4210370.0": 1.3106980220577942, "4210520.0": -0.6472596631844649, "4210220.02": 1.1624036678053493, "4210210.02": 0.6840101709419287, "4210190.0": -0.7621986895755094, "4210200.0": 1.498546493909545}