{"4210600.03": 1.507419177043332, "4210600.04": 0.6176876994427972, "4210119.02": 0.6680589392303012, "4210170.03": 0.9796752115279131, "4210605.0": 0.44195258402614496, "4210600.05": 2.281054032059139, "4210600.06": 1.58153856617926, "4210120.02": 1.8252137785091052, "4210119.04": 1.4894809564049691, "4210120.03": 1.633866845758735, "4210120.01": 1.400165842301816, "4210112.01": 0.5125936131452244, "4210119.06": 1.276051204649677, "4210113.01": 0.6051574558877533, "4210112.02": 0.3125819857718645, "4210111.0": 0.27786392621728945, "4210113.02": 0.7429717373992767, "4210119.05": 0.9339471560112721, "4210114.0": 0.30504063730342934, "4210110.0": 0.7588510822625222, "4210115.0": 0.6576124631263013, "4210118.0": 0.505086677612174, "4210117.02": -0.1614088493458278, "4210100.0": 0.6831454008656056, "4210140.02": 1.619394618109523, "4210101.0": 0.09513538064557481, "4210117.01": -0.14955420486789622, "4210116.02": 0.05030763746222341, "4210140.03": 0.38180024233935506, "4210116.01": -0.2635994113760645, "4210102.0": 0.8618010568040093, "4210039.01": -0.16233064423063237, "4210140.01": 0.5051220758951321, "4210103.0": -0.07768603466539763, "4210001.02": -0.21198406670404898, "4210001.01": -0.6168424025600532, "4210040.04": -0.5241879566154584, "4210040.06": -0.003408359961843688, "4210003.0": -0.8741013298305067, "4210039.02": -0.07999603204677311, "4210041.09": 0.9075241139312819, "4210002.0": -1.0548437561308721, "4210040.01": -0.3676456575248293, "4210005.0": -0.9683576299214339, "4210007.0": -1.1860690318896239, "4210006.0": -1.091372812375303, "4210004.0": -1.0097429788583432, "4210008.0": -1.3703542338856038, "4210260.01": -1.3651662857668376, "4210040.05": -0.5924357018563707, "4210009.0": -1.415694869469953, "4210011.0": -1.4562828124765808, "4210013.0": -1.3667996349868148, "4210015.0": -1.3077794949561454, "4210041.11": 0.09702735727752827, "4210014.0": -1.2960443724015385, "4210260.02": -1.2845181311585447, "4210012.0": -1.4836435793910072, "4210010.0": -1.5561668369170372, "4210041.08": 0.2945461317812978, "4210041.1": 0.03593470060244641, "4210019.0": -1.495154901100736, "4210020.0": -1.5435406722694205, "4210260.03": -1.078774471398504, "4210018.0": -1.5228759541380061, "4210032.0": -1.4136159235174213, "4210160.01": 0.7169597303458465, "4210016.0": -1.4796135991961863, "4210017.0": -1.4524269779683638, "4210022.0": -1.592315344785838, "4210021.0": -1.5519463457999636, "4210023.0": -1.6111935219858324, "4210041.13": 0.025171930125092144, "4210024.0": -1.5463441467992989, "4210029.0": -1.4742069154449142, "4210031.0": -1.4633389536366332, "4210240.04": 0.30205029883219053, "4210240.02": -0.39848021226541824, "4210041.04": 1.0967335329950298, "4210170.07": 0.9565661369482091, "4210170.04": 1.2758511010922138, "4210170.06": 0.88015185218694, "4210041.06": 1.1200808772556827, "4210170.05": 0.8621011728237993, "4210160.03": 0.7653549183213532, "4210610.0": 2.1038326734839714, "4210041.03": 0.3709945262445453, "4210210.01": 0.320734762829755, "4210025.0": -1.4893751197794323, "4210030.0": -1.3495492635531419, "4210041.12": 0.18250787263462304, "4210033.01": -1.1101922779344884, "4210160.05": 0.3362700578710035, "4210027.0": -1.3435410228064737, "4210035.0": -1.2266143841770654, "4210033.02": -0.966221750508268, "4210036.0": -1.3258456387067348, "4210028.0": -1.547079999204016, "4210041.07": 1.0468178594504858, "4210270.01": -0.8823644780836711, "4210270.03": -0.3887049874331958, "4210034.0": -1.1271690381041661, "4210037.0": -1.1320789240991251, "4210160.04": -0.21415293807391425, "4210026.0": -1.0944221778005307, "4210270.04": -0.7426488955338194, "4210038.02": -1.0516765743348502, "4210271.02": -0.3286689033726054, "4210038.01": -0.8793314023403482, "4210230.01": 0.45932000666014733, "4210240.03": 0.7601088041754265, "4210271.01": 0.33643372429279683, "4210310.0": -0.8719846326633847, "4210273.01": -0.5240473903444814, "4210272.0": 0.5885217385260585, "4210273.03": -0.3944437923990938, "4210230.03": 0.7929386675462766, "4210230.04": 1.0420778503268333, "4210311.02": -0.2143648604970756, "4210300.0": -0.6867043381491402, "4210273.02": -0.06578930417488789, "4210273.04": 0.22464005159180916, "4210280.03": 1.0185623208058803, "4210311.01": 0.009286906806900879, "4210280.01": 0.5175494721943686, "4210320.1": -0.5439418904595604, "4210320.04": 0.5216637390359171, "4210290.01": 0.20915344452283402, "4210280.02": 0.5762892391400132, "4210290.06": 0.07957073950030773, "4210320.02": 0.4964405386240285, "4210320.09": 0.06638765282268994, "4210220.04": 1.1440104933719304, "4210320.08": 0.48616109220056225, "4210290.05": 0.5573112904017462, "4210290.03": 0.4925233182932332, "4210320.03": 1.0590487212403312, "4210320.07": 1.3285698910358124, "4210330.0": -0.107931623704387, "4210220.03": 0.8314715174380676, "4210340.02": 0.3355728598273681, "4210340.01": -0.29478938055169407, "4210360.02": 1.112487322016604, "4210340.03": 0.6919440254014249, "4210360.01": 0.9468843607960229, "4210500.02": -0.47350126578582646, "4210320.05": 1.2976341428602154, "4210500.01": 0.862782440120586, "4210370.0": 1.7605086630509648, "4210520.0": 0.22085003929139124, "4210220.02": 1.570984029101703, "4210210.02": 1.1807499348985568, "4210190.0": 0.15978455492799157, "4210200.0": 2.3529681231814554}