{"4210600.03": 0.7382457777841382, "4210600.04": -0.7556863739849531, "4210119.02": 1.204036135024286, "4210170.03": 1.1121854126747792, "4210605.0": -0.656984801245391, "4210600.05": 0.8255853602323513, "4210600.06": -0.09254204216389167, "4210120.02": -0.29380068509703594, "4210119.04": 0.07151338277194272, "4210120.03": -0.20732878171896027, "4210120.01": 0.013467153847919053, "4210112.01": 0.19160140727167435, "4210119.06": -0.03781104434802563, "4210113.01": 0.5433635041226799, "4210112.02": 1.0523284438006764, "4210111.0": -0.17836152408187206, "4210113.02": 0.5380730421208465, "4210119.05": 0.585505824630492, "4210114.0": 0.1914183962322973, "4210110.0": -0.5873525465702085, "4210115.0": -0.17997245406628065, "4210118.0": 0.7544131552776034, "4210117.02": -0.23852656664639718, "4210100.0": -0.8396071828500382, "4210140.02": 1.111685700757597, "4210101.0": -0.970023374728236, "4210117.01": 0.10483706773719714, "4210116.02": -0.2711767930743833, "4210140.03": 0.9141134393499191, "4210116.01": -0.24925727440192944, "4210102.0": -1.0942879578640128, "4210039.01": -0.16340540537302706, "4210140.01": 1.1425092883304377, "4210103.0": -0.8125161105193404, "4210001.02": -0.8529730080309283, "4210001.01": -1.058430197793933, "4210040.04": 0.3766563318996721, "4210040.06": 0.27729660736773404, "4210003.0": -1.1535597143296163, "4210039.02": 0.5391550947661419, "4210041.09": 1.157911419749337, "4210002.0": -0.6189265455888106, "4210040.01": 0.8974972012590314, "4210005.0": -0.8701754091472929, "4210007.0": -1.181897224519109, "4210006.0": -1.1650860303145378, "4210004.0": -1.488824056752706, "4210008.0": -0.7850121266572897, "4210260.01": -1.2234282423968788, "4210040.05": 0.008204722915937856, "4210009.0": -1.1613295008317215, "4210011.0": -1.1493857255031816, "4210013.0": -1.3520684326962171, "4210015.0": -1.9689276261147237, "4210041.11": 1.0941342773216582, "4210014.0": -1.107907826986566, "4210260.02": -0.39944505907467853, "4210012.0": -1.585303409813122, "4210010.0": -1.845441404013706, "4210041.08": 1.0678315490806316, "4210041.1": 0.15067407203755134, "4210019.0": -1.703650548666841, "4210020.0": -1.7691186751358159, "4210260.03": -0.3948380490225259, "4210018.0": -2.0583485926491263, "4210032.0": -0.583784188664156, "4210160.01": 0.8614160784659103, "4210016.0": -2.3790533895479524, "4210017.0": -2.17353207880453, "4210022.0": -1.8798537346963595, "4210021.0": -1.4284865423020852, "4210023.0": -2.4626880458133638, "4210041.13": 0.2334237340451746, "4210024.0": -2.5117643904519213, "4210029.0": -1.1863507712908126, "4210031.0": -1.101349200497875, "4210240.04": 0.49616061228119196, "4210240.02": 0.11843707245380322, "4210041.04": 0.9939628930190093, "4210170.07": 0.27765878995575866, "4210170.04": 1.7798641090739742, "4210170.06": 1.2830666910950328, "4210041.06": 2.391122790924995, "4210170.05": 0.722788780139864, "4210160.03": 1.4088755168560503, "4210610.0": 1.8193152677496067, "4210041.03": 0.34440750282636506, "4210210.01": -0.051619818079365845, "4210025.0": -2.386415421994378, "4210030.0": -0.8939322617910574, "4210041.12": 0.636495873624677, "4210033.01": -0.520483442599531, "4210160.05": 0.39209478104734063, "4210027.0": -0.5272288853592104, "4210035.0": -0.10558340939750922, "4210033.02": 0.498603500401995, "4210036.0": -0.8374850957714474, "4210028.0": -1.5997709670072517, "4210041.07": 0.8236419383484647, "4210270.01": -0.034068367812673084, "4210270.03": -0.08261243636780745, "4210034.0": -0.40719235257192815, "4210037.0": -0.05908246277710372, "4210160.04": -0.7642606509090455, "4210026.0": -0.2919746338291999, "4210270.04": 0.044731389177207016, "4210038.02": 0.6280269075534234, "4210271.02": -0.27758259645379674, "4210038.01": -0.5285233126667486, "4210230.01": 0.19372528368660072, "4210240.03": 1.2369732611012332, "4210271.01": 0.2903004786222881, "4210310.0": 1.178236218539677, "4210273.01": -0.14043047629882366, "4210272.0": -0.18936051211668956, "4210273.03": -0.6482328501410168, "4210230.03": 0.5396876345673941, "4210230.04": 1.1226606164079524, "4210311.02": 0.2638437096343916, "4210300.0": 1.2567370538182718, "4210273.02": -0.36859297166638944, "4210273.04": 0.24979401879152185, "4210280.03": 1.0699865864457436, "4210311.01": 0.8182967231245623, "4210280.01": 0.5241815725945639, "4210320.1": 0.7741876379468937, "4210320.04": 2.2343789623887487, "4210290.01": 0.6760871854212351, "4210280.02": 1.054591820966906, "4210290.06": 0.4063690590401841, "4210320.02": 1.1128669250718966, "4210320.09": 0.8204921976872216, "4210220.04": 1.4662275026819138, "4210320.08": 0.9422958115138056, "4210290.05": 0.30875842664938763, "4210290.03": 0.43489551864696874, "4210320.03": 1.1506356954390193, "4210320.07": 1.0668478329367657, "4210330.0": 0.747698993209111, "4210220.03": 0.46152405482353237, "4210340.02": 0.14189391733109974, "4210340.01": 0.1243222503920382, "4210360.02": 0.89636867268329, "4210340.03": 0.8981821631582215, "4210360.01": -0.20265386772762434, "4210500.02": 0.13135056460201072, "4210320.05": 0.7592022315156345, "4210500.01": 0.927364680573181, "4210370.0": 1.0429304912298631, "4210520.0": -0.9108414210597852, "4210220.02": 1.0706064585796737, "4210210.02": 0.47386170781976145, "4210190.0": -0.45386191285733196, "4210200.0": 1.224668877051094}