{"4210600.03": 1.924016987861418, "4210600.04": -0.2563153811596185, "4210119.02": 0.4203097457342767, "4210170.03": 1.447728456207795, "4210605.0": 0.4028445821282042, "4210600.05": 1.0688427262077724, "4210600.06": 0.11173237384373845, "4210120.02": 0.2151304590700405, "4210119.04": 0.49353766695925566, "4210120.03": 0.012429951661740633, "4210120.01": 0.31614761347257064, "4210112.01": 0.74846882293127, "4210119.06": 0.18248894376332672, "4210113.01": 1.3795103988231296, "4210112.02": 1.1079748674541114, "4210111.0": 0.3337920145617231, "4210113.02": 0.8483443080012009, "4210119.05": 0.735692828301225, "4210114.0": 0.7612329983297258, "4210110.0": -0.02419516564481857, "4210115.0": 0.6161674699574529, "4210118.0": 0.9967322116152876, "4210117.02": 1.1595592574514004, "4210100.0": -0.38889283918089945, "4210140.02": 1.6441862006400623, "4210101.0": -0.5626737624641901, "4210117.01": 1.0367094313995906, "4210116.02": 0.3796869625150832, "4210140.03": 0.25857969695197186, "4210116.01": 0.061423318201019796, "4210102.0": -0.8493136461698401, "4210039.01": 0.28971095315779, "4210140.01": 0.6345114416021512, "4210103.0": -0.3461340757971203, "4210001.02": -0.514898995330413, "4210001.01": -0.3635526091945937, "4210040.04": 0.20013435747797703, "4210040.06": 0.18213527916925085, "4210003.0": -1.1477336066951493, "4210039.02": 0.30448269785068877, "4210041.09": 1.0593049863891084, "4210002.0": -0.800916070016103, "4210040.01": 0.7033075418675204, "4210005.0": -0.28074394111430445, "4210007.0": -0.9171605037142698, "4210006.0": -0.6293222356255567, "4210004.0": -0.9007018189720292, "4210008.0": -1.3877328540644744, "4210260.01": -1.609239276198703, "4210040.05": -0.25183848869374437, "4210009.0": -1.4574811904538985, "4210011.0": -1.3329709573270645, "4210013.0": -0.8979257786487334, "4210015.0": -1.4938789623484445, "4210041.11": 1.0888468411172463, "4210014.0": -0.7115232906596705, "4210260.02": -1.1415325321090097, "4210012.0": -1.4453233297872543, "4210010.0": -1.6132518361626018, "4210041.08": 0.5627900795945674, "4210041.1": 0.0003806053486227826, "4210019.0": -1.2934998560341255, "4210020.0": -1.4561300636729113, "4210260.03": -0.7452462955676165, "4210018.0": -1.9123850241095866, "4210032.0": -1.0170720608205288, "4210160.01": 0.4200163868519956, "4210016.0": -2.294069299708924, "4210017.0": -1.8886972756328604, "4210022.0": -1.8263357432245242, "4210021.0": -1.3583856387180788, "4210023.0": -2.2854742272048307, "4210041.13": -0.2749982777930883, "4210024.0": -2.373029974692852, "4210029.0": -1.1317467665620506, "4210031.0": -1.2488424555580866, "4210240.04": 0.5033629748553565, "4210240.02": -0.0558272650753844, "4210041.04": 0.9222713432648186, "4210170.07": 0.9832306977643653, "4210170.04": 1.5728578438068446, "4210170.06": 1.5390603371300284, "4210041.06": 1.7235834219078918, "4210170.05": 0.8735739172796406, "4210160.03": 0.7803132072769381, "4210610.0": 3.161620699203826, "4210041.03": 0.26030639495037894, "4210210.01": -0.09377335537221812, "4210025.0": -2.115141257154324, "4210030.0": -0.9927971485051139, "4210041.12": 0.3946970528048118, "4210033.01": -0.6489098146009592, "4210160.05": -0.1179394265877477, "4210027.0": -0.5499679076925078, "4210035.0": -0.40900870026942365, "4210033.02": 0.10761107789717743, "4210036.0": -0.9005703584971002, "4210028.0": -1.6945098637293456, "4210041.07": 0.6865057935237171, "4210270.01": -0.03796113057664936, "4210270.03": 0.1010798927782677, "4210034.0": -0.5219628683460747, "4210037.0": -0.6281968239131035, "4210160.04": -0.8946623767247143, "4210026.0": -0.7956219051793758, "4210270.04": -0.06266127189880955, "4210038.02": -0.028042526554097752, "4210271.02": -0.31686334973045527, "4210038.01": -0.7422956239060441, "4210230.01": 0.0993543646355912, "4210240.03": 1.0323637272154913, "4210271.01": -0.005656141039924868, "4210310.0": 0.4138502943089819, "4210273.01": -0.7277330880031808, "4210272.0": -0.5121075674300284, "4210273.03": -0.8679108517450916, "4210230.03": 0.8775588327112918, "4210230.04": 1.0696021114627952, "4210311.02": -0.6726181832427943, "4210300.0": -0.007040072413906397, "4210273.02": -0.8733575889766402, "4210273.04": -0.4365273041034005, "4210280.03": 0.5500645074010091, "4210311.01": 0.20635242496800643, "4210280.01": -0.07941085237117453, "4210320.1": -0.27579749073296794, "4210320.04": 1.417457197114689, "4210290.01": 0.14568592355741805, "4210280.02": 0.3114392845347984, "4210290.06": -0.5532735989323699, "4210320.02": 0.6687953014856693, "4210320.09": 0.2144497011269846, "4210220.04": 1.4750721856396267, "4210320.08": 0.45198540480168464, "4210290.05": 0.11250921014762512, "4210290.03": 0.15402254067217008, "4210320.03": 1.166357864644534, "4210320.07": 1.498127954251484, "4210330.0": -0.17833956478632054, "4210220.03": 0.5545538423329769, "4210340.02": -0.11663512756535008, "4210340.01": -0.7582165143783501, "4210360.02": 1.440901335774704, "4210340.03": 0.6489296115190647, "4210360.01": 0.5441860758450657, "4210500.02": -0.899573072764039, "4210320.05": 1.361044670934636, "4210500.01": 0.6287598963045907, "4210370.0": 2.1092698191401205, "4210520.0": -0.29698883660951864, "4210220.02": 1.5266182987149188, "4210210.02": 1.194966510010389, "4210190.0": -0.26128845248413174, "4210200.0": 1.9671083785534762}