{"4210600.03": -1.102230475141646, "4210600.04": 0.06669194237047348, "4210119.02": -1.2623580988867058, "4210170.03": -1.0613681283533898, "4210605.0": -1.0402169030940007, "4210600.05": -0.2527814919207463, "4210600.06": -0.20676299000969892, "4210120.02": -0.23719882949623128, "4210119.04": -0.3533795498167525, "4210120.03": 0.06751802677526016, "4210120.01": 0.11247193593969776, "4210112.01": 0.6683375766914993, "4210119.06": -0.37258314848744206, "4210113.01": 0.13859086373101112, "4210112.02": 0.06485275427846832, "4210111.0": 0.910013977982851, "4210113.02": -0.011994341538906892, "4210119.05": -0.08476149276140858, "4210114.0": 0.7592030193896536, "4210110.0": 2.2236188093882743, "4210115.0": 1.1913238217204776, "4210118.0": -0.025546102608735948, "4210117.02": 0.9847604555600168, "4210100.0": 1.928733018004148, "4210140.02": -0.8185666043443195, "4210101.0": 2.1788209519772224, "4210117.01": 0.005800362106399343, "4210116.02": 1.7734452239714935, "4210140.03": -0.6668730825437315, "4210116.01": 0.8026059971450222, "4210102.0": 3.0654539354377897, "4210039.01": -0.13854995184613358, "4210140.01": -0.7409534388097457, "4210103.0": 1.9024458327426679, "4210001.02": 2.698784333954284, "4210001.01": 1.5620724664769803, "4210040.04": -0.03455289091300029, "4210040.06": -0.7785050879189667, "4210003.0": 1.603455588101608, "4210039.02": -0.6321140122536686, "4210041.09": -0.6933698399280122, "4210002.0": 0.37264208559893364, "4210040.01": -0.42438867881665443, "4210005.0": 1.7173330615646565, "4210007.0": 0.6166046642525074, "4210006.0": 1.442172706528158, "4210004.0": 2.8491645872966576, "4210008.0": 0.06608578089165872, "4210260.01": -0.1961171779541336, "4210040.05": -0.48520893571576285, "4210009.0": 0.18813867526428743, "4210011.0": 0.7629969057073424, "4210013.0": 1.441814692332145, "4210015.0": 2.2414302841484783, "4210041.11": -0.3016967020059485, "4210014.0": 1.7168180754030546, "4210260.02": -0.24029326530807604, "4210012.0": 0.946214273497632, "4210010.0": 0.6159513302314348, "4210041.08": -0.45342584959418003, "4210041.1": -0.5661230910865768, "4210019.0": 2.2366160812736315, "4210020.0": 1.135468259603993, "4210260.03": -0.13897504199265567, "4210018.0": 1.4598410565038908, "4210032.0": 0.5238136779967683, "4210160.01": -0.4837737040958431, "4210016.0": 2.038720739906089, "4210022.0": 0.9515845712100499, "4210021.0": 1.4409539897170065, "4210023.0": 1.762417587890183, "4210041.13": -0.22669037286570454, "4210024.0": 2.377659269832999, "4210029.0": 0.9554571796110994, "4210031.0": 0.378816703764501, "4210240.04": -0.3370374741513094, "4210240.02": -0.608218587656376, "4210041.04": -0.8493522835839636, "4210170.07": -1.2480460778260916, "4210170.04": -0.8510269303195767, "4210170.06": -1.0980031124297633, "4210041.06": -0.9967487047813554, "4210170.05": -1.0872355814211645, "4210160.03": -0.6349795580919168, "4210610.0": -1.0393468241500625, "4210041.03": -0.8119721396306974, "4210210.01": -1.0818430162081147, "4210025.0": 2.0839465878030463, "4210030.0": 0.7984646538111787, "4210041.12": -0.39127911975396334, "4210033.01": 0.1953138047088826, "4210160.05": -0.629648888387645, "4210027.0": 0.35803309443370857, "4210035.0": 0.3582724055571896, "4210033.02": -0.44949522859702845, "4210036.0": 0.4057677307145668, "4210028.0": 0.9364280119165396, "4210041.07": -0.6204480011043145, "4210270.01": -0.3020907642970395, "4210270.03": -0.30224160854292265, "4210034.0": -0.05698095351008319, "4210037.0": 0.18783514373122998, "4210160.04": -0.48400663631958046, "4210026.0": 0.0961539914448299, "4210270.04": -0.6230550436305896, "4210038.02": -0.08709478794500285, "4210271.02": -0.4590603650548328, "4210038.01": -0.0070613495114158955, "4210230.01": -0.8126227845992358, "4210240.03": -0.5564108398161786, "4210271.01": -0.43104298380453876, "4210310.0": -0.07256150102610644, "4210273.01": -0.30061751540256887, "4210272.0": -0.7779156730909739, "4210273.03": -0.48438135609876765, "4210230.03": -1.0659305036277595, "4210230.04": -1.1716922305087958, "4210311.02": -0.6059399168541217, "4210300.0": -0.024218815744831586, "4210273.02": -0.454049188384193, "4210273.04": -0.5529136081697685, "4210280.03": -0.8718097543810756, "4210311.01": -0.45628110482647966, "4210280.01": -0.5620091724745975, "4210320.1": -0.39263182716289113, "4210320.04": -0.5561192718164992, "4210290.01": -0.5519328249814662, "4210280.02": -0.6665332471452852, "4210290.06": -0.5303647407043102, "4210320.02": -0.6146754187377558, "4210320.09": -0.44788398882837804, "4210220.04": -0.728805919011927, "4210320.08": -0.7679816833945031, "4210290.05": -0.8927224395938661, "4210290.03": -0.7297237556270869, "4210320.03": -0.8812680058775593, "4210320.07": -1.2180290622604577, "4210330.0": -0.22608217675837852, "4210220.03": -0.7150952233314325, "4210340.02": -0.5348825492797324, "4210340.01": -0.23731698356153869, "4210360.02": -1.173557596511463, "4210340.03": -0.9191439817057794, "4210360.01": -1.2191855593596788, "4210500.02": -0.29826861104793795, "4210320.05": -0.9030938533254577, "4210500.01": -0.6659510033972889, "4210370.0": -0.9903287519135597, "4210520.0": -1.4026833325205867, "4210220.02": -0.9418643958016358, "4210210.02": -1.1079696511715607, "4210190.0": -1.0367598005450196, "4210200.0": -0.7290476366969316}