{"4210600.03": 1.5916040839275278, "4210600.04": 0.08372206777465831, "4210119.02": 1.2704044457296726, "4210170.03": 1.0311310290167368, "4210605.0": 0.19098007998087654, "4210600.05": 1.4507954171839572, "4210600.06": 0.5731111245094987, "4210120.02": 0.8079390722319152, "4210119.04": 0.7746791312663498, "4210120.03": 0.5293071486493292, "4210120.01": 0.6816111974289979, "4210112.01": 0.6036292243264296, "4210119.06": 0.46429547413912386, "4210113.01": 0.7461495964803343, "4210112.02": 1.2867478185587629, "4210111.0": 0.1213869322937498, "4210113.02": 0.837520519313215, "4210119.05": 0.809351162345448, "4210114.0": 0.5835031901027068, "4210110.0": -0.08865594713316158, "4210115.0": 0.2334391427797259, "4210118.0": 0.9415557654260437, "4210117.02": -0.04234230356386941, "4210100.0": -0.3094391718457765, "4210140.02": 1.4878871479168394, "4210101.0": -0.5550113856865, "4210117.01": 0.24924739892520417, "4210116.02": 0.1273873733764908, "4210140.03": 0.8243158573382704, "4210116.01": -0.028971760673115386, "4210102.0": -0.396392958746621, "4210039.01": -0.1686188590934971, "4210140.01": 0.8115853101105752, "4210103.0": -0.4042950865271127, "4210001.02": -0.4119399839385414, "4210001.01": -0.758442035069234, "4210040.04": -0.06958381941638984, "4210040.06": 0.21957144416711052, "4210003.0": -1.047218027983126, "4210039.02": 0.13963073211286944, "4210041.09": 1.220390730050301, "4210002.0": -0.726569714856863, "4210040.01": 0.6118976275938902, "4210005.0": -0.336202455106011, "4210007.0": -1.2378508515867925, "4210006.0": -0.8335450207112575, "4210004.0": -0.789423914399447, "4210008.0": -1.3510959286085995, "4210260.01": -1.4239131852088003, "4210040.05": -0.1167551085150279, "4210009.0": -1.5428592883060677, "4210011.0": -1.7503046565659683, "4210013.0": -1.510432891687165, "4210015.0": -1.7796964304236345, "4210041.11": 1.1792623581117974, "4210014.0": -1.192896691781574, "4210260.02": -0.7569337802410887, "4210012.0": -1.823699284751794, "4210010.0": -1.8228894594283895, "4210041.08": 0.6972841489976594, "4210041.1": 0.2111998162416379, "4210019.0": -1.5769500411349955, "4210020.0": -1.9017370893432763, "4210260.03": -0.6098371088449076, "4210018.0": -1.8687256732468773, "4210032.0": -1.2017765109662295, "4210160.01": 0.5431241731714932, "4210016.0": -1.9277614607130065, "4210017.0": -1.7894732166691685, "4210022.0": -2.1199770187818547, "4210021.0": -1.699571404203122, "4210023.0": -2.3018179304430655, "4210041.13": -0.07169961967997403, "4210024.0": -2.309828214037591, "4210029.0": -1.6612925310969335, "4210031.0": -1.4537169331152222, "4210240.04": 0.7063586613483865, "4210240.02": -0.03865476594364894, "4210041.04": 0.9422787181724116, "4210170.07": 0.6100102931154094, "4210170.04": 1.2904911779275097, "4210170.06": 1.00017902638829, "4210041.06": 1.4168710428430606, "4210170.05": 0.6056851860033328, "4210160.03": 0.8095825107096645, "4210610.0": 2.4360847771488108, "4210041.03": 0.08857074698418171, "4210210.01": -0.15176408457863821, "4210025.0": -2.143088532898659, "4210030.0": -1.4352469156613126, "4210041.12": 0.5999407263725065, "4210033.01": -0.6552296565129474, "4210160.05": 0.0986623009377963, "4210027.0": -1.150418498746214, "4210035.0": -0.9245341002369729, "4210033.02": 0.10979868118355168, "4210036.0": -1.328241997474326, "4210028.0": -1.796588118199609, "4210041.07": 0.8742823808594359, "4210270.01": -0.011712637067634969, "4210270.03": 0.1967822448740328, "4210034.0": -0.8418169666825027, "4210037.0": -0.8635691393137315, "4210160.04": -0.6029876710052335, "4210026.0": -0.6877103194696708, "4210270.04": 0.13638679236296591, "4210038.02": -0.17357003602192167, "4210271.02": 0.016178208552489897, "4210038.01": -0.434813051443542, "4210230.01": 0.19532113602887127, "4210240.03": 1.1481785486892728, "4210271.01": 0.36407710674636634, "4210310.0": 0.38157981741241537, "4210273.01": -0.560321697537921, "4210272.0": -0.15522346656840158, "4210273.03": -0.4448897212704411, "4210230.03": 0.7144221867958229, "4210230.04": 0.9871618069613833, "4210311.02": -0.12344810451555137, "4210300.0": 0.19811267352625814, "4210273.02": -0.41394598726560733, "4210273.04": 0.0009420329581116369, "4210280.03": 0.7553173863576087, "4210311.01": 0.47034227985372457, "4210280.01": 0.35382730757486597, "4210320.1": 0.109390252664679, "4210320.04": 1.706295660525792, "4210290.01": 0.6744691621641189, "4210280.02": 0.48857965810550624, "4210290.06": -0.1224125762975268, "4210320.02": 0.9295575158958499, "4210320.09": 0.37490128458009714, "4210220.04": 1.3592017714467215, "4210320.08": 0.8749775594521348, "4210290.05": 0.2101011778863193, "4210290.03": 0.2721437948323877, "4210320.03": 1.328235996430052, "4210320.07": 1.5710912300790292, "4210330.0": 0.10996763407352114, "4210220.03": 0.5363230304235151, "4210340.02": 0.22526357525308233, "4210340.01": -0.3713708126278661, "4210360.02": 1.4021660801249956, "4210340.03": 0.8224132800924192, "4210360.01": 0.6675991007627573, "4210500.02": -0.4996293119963108, "4210320.05": 1.1965938545320018, "4210500.01": 0.9863960705249439, "4210370.0": 1.3926356732206278, "4210520.0": -0.14899672924301693, "4210220.02": 1.2163741788424125, "4210210.02": 0.7547966821955773, "4210190.0": -0.3001081271461504, "4210200.0": 1.4978900554806798}