{"4210600.03": -0.3315093895968367, "4210600.04": -1.5819068993880763, "4210119.02": -0.47127177577351975, "4210170.03": -0.778970899991178, "4210605.0": -1.1381387393214366, "4210600.05": -1.2343368171282985, "4210600.06": -1.64516804702185, "4210120.02": -1.524250822013889, "4210119.04": -1.2364264027655671, "4210120.03": -1.444457020443496, "4210120.01": -0.9667403135761122, "4210112.01": 0.8791788220737572, "4210119.06": -1.3511861049429832, "4210113.01": 0.9736788025479516, "4210112.02": 1.7960099986718807, "4210111.0": 0.017957660490853202, "4210113.02": 0.4178834314923184, "4210119.05": -0.0992783283215014, "4210114.0": 1.0571110561808958, "4210110.0": -0.5206935442721512, "4210115.0": 0.7051408235514446, "4210118.0": 0.9815062187264396, "4210117.02": 1.6609364391514974, "4210100.0": -0.6856162029021273, "4210140.02": -0.1584708202483845, "4210101.0": -0.670142591813341, "4210117.01": 1.7705246333903228, "4210116.02": 1.090724293042151, "4210140.03": 0.4568848283172447, "4210116.01": 0.6074793251366567, "4210102.0": -1.509777118070995, "4210039.01": 0.7709594138080191, "4210140.01": 0.20287002475727445, "4210103.0": 0.016758769704921093, "4210001.02": 0.17672227272624333, "4210001.01": 0.5720286911279527, "4210040.04": 0.8740459419031957, "4210040.06": 0.11472226081196021, "4210003.0": -0.22597036304331283, "4210039.02": -0.17459248863763227, "4210041.09": -0.10108549232950914, "4210002.0": 0.8731977230433224, "4210040.01": 0.5110407361274383, "4210005.0": 1.2574067039292507, "4210007.0": 0.519900090038094, "4210006.0": 0.8052907309227989, "4210004.0": 0.42581538403547814, "4210008.0": 0.758114197830107, "4210260.01": -0.13650631939977784, "4210040.05": 0.11927465596538125, "4210009.0": 0.2843840636860375, "4210011.0": 0.47846466666284887, "4210013.0": 0.7822900066327084, "4210015.0": 0.20307611605177314, "4210041.11": 0.11151644938439358, "4210014.0": 1.2390123092156682, "4210260.02": 0.47720692387403557, "4210012.0": 0.05679119062382144, "4210010.0": 0.11261199321267586, "4210041.08": -0.3806356590683601, "4210041.1": -0.40158997612423386, "4210019.0": 0.3798866010344546, "4210020.0": 0.050809020885114554, "4210260.03": 0.7032880724060814, "4210018.0": -0.1032343603876029, "4210032.0": 1.2383293109344273, "4210160.01": -0.5854488728880024, "4210016.0": -0.872872940921601, "4210022.0": -0.4635671704799373, "4210021.0": 0.3833293171610982, "4210023.0": -0.9429850007218565, "4210041.13": -0.816023884551343, "4210024.0": -0.9881715555563353, "4210029.0": 0.4739342836424174, "4210031.0": 0.3543186417790862, "4210240.04": -0.3550429628386066, "4210240.02": 0.3643531354437275, "4210041.04": -0.8291472461699458, "4210170.07": -1.1286059768270118, "4210170.04": -0.5999363096107156, "4210170.06": -0.7094899328014712, "4210041.06": -0.2367772369597292, "4210170.05": -1.2404420080261984, "4210160.03": -0.5136289569203789, "4210610.0": -0.5428464983470733, "4210041.03": -0.8975074307077731, "4210210.01": -1.1972990607923908, "4210025.0": -0.8649634399246403, "4210030.0": 0.8616534411757074, "4210041.12": -0.8014273693506891, "4210033.01": 0.8916616476201342, "4210160.05": -0.9407481329725367, "4210027.0": 2.0311322657280018, "4210035.0": 1.9627880093253034, "4210033.02": 2.2265886398100134, "4210036.0": 1.1407158567936209, "4210028.0": -0.16510895318781194, "4210041.07": -0.7773260669658332, "4210270.01": 1.957890769356179, "4210270.03": 1.714140747180731, "4210034.0": 1.707798938009143, "4210037.0": 1.4066532664771045, "4210160.04": -1.0901417978864247, "4210026.0": 1.487394501001434, "4210270.04": 2.2005193462679085, "4210038.02": 2.875292090467138, "4210271.02": 0.7609234681593424, "4210038.01": 1.7452634371005038, "4210230.01": -1.094948312285201, "4210240.03": -0.3983610473192991, "4210271.01": -0.219398554838101, "4210310.0": 2.6934258367044497, "4210273.01": 0.7241852512022388, "4210272.0": -0.8090666296972635, "4210273.03": 0.2730769573258397, "4210230.03": -1.054617636878534, "4210230.04": -0.9747712326996145, "4210311.02": 0.07789552384950356, "4210300.0": 2.3366406377248286, "4210273.02": -0.6187329615051422, "4210273.04": -0.8232090225551328, "4210280.03": -0.7894886860460005, "4210311.01": 0.5405843418453842, "4210280.01": -0.45492868306067996, "4210320.1": 1.288328496797554, "4210320.04": 1.2351818082322679, "4210290.01": 0.22912749447726222, "4210280.02": -0.570325220333916, "4210290.06": -0.5933961589007934, "4210320.02": -0.17161515253707882, "4210320.09": 0.34109707082858, "4210220.04": -0.18895257050133418, "4210320.08": -0.00816419279327582, "4210290.05": -1.1802344706784966, "4210290.03": -0.8055005400645103, "4210320.03": -0.4677072303423645, "4210320.07": -1.0103151810639381, "4210330.0": -0.168487659476975, "4210220.03": -0.6201742822571426, "4210340.02": -0.5359200653154554, "4210340.01": -0.4314832456327776, "4210360.02": -1.1161579079757291, "4210340.03": -0.6903228978396873, "4210360.01": -1.3566261821974623, "4210500.02": -0.3796792819588517, "4210320.05": -0.8661096531413357, "4210500.01": -0.5363651557188625, "4210370.0": -0.9077117338487584, "4210520.0": -1.9792979290632107, "4210220.02": -0.9549166506254446, "4210210.02": -1.2386699552701246, "4210190.0": -1.419595901514934, "4210200.0": -0.9500085876675286}