{"4210600.03": 2.8782472842603464, "4210600.04": -0.4908638119638545, "4210119.02": 0.1957263524303964, "4210170.03": 1.9257882970516504, "4210605.0": 1.3102859904313724, "4210600.05": 0.9385200705089083, "4210600.06": -0.011938548311239897, "4210120.02": -0.038080129040487944, "4210119.04": 0.42494276582503054, "4210120.03": 0.1715838524534106, "4210120.01": 0.5474945939998834, "4210112.01": 0.4011410948912601, "4210119.06": 0.29729530744879273, "4210113.01": 0.9483045042895843, "4210112.02": 0.6303477304490596, "4210111.0": -0.036821051930947264, "4210113.02": 0.4647929411551414, "4210119.05": 0.43672308426891326, "4210114.0": 0.35947775782921615, "4210110.0": -0.18548694332722046, "4210115.0": 0.04534673115735748, "4210118.0": 0.4976959400332193, "4210117.02": -0.06498983128808128, "4210100.0": -0.32318160564059556, "4210140.02": 0.8897952426189061, "4210101.0": -0.7149879166392973, "4210117.01": -0.030894120799618882, "4210116.02": -0.47562405535730895, "4210140.03": -0.03776135449428899, "4210116.01": -0.4920812020803026, "4210102.0": -0.391493240119377, "4210039.01": -0.08055280980174796, "4210140.01": 0.34358045892210204, "4210103.0": -0.5947624403981879, "4210001.02": -0.7637797957633152, "4210001.01": -0.998831306575562, "4210040.04": -0.1605621345929757, "4210040.06": 0.22263795176025228, "4210003.0": -1.063472903294211, "4210039.02": 0.14434823481719725, "4210041.09": 0.7967171758313488, "4210002.0": -1.000270740787943, "4210040.01": 0.2823038273639955, "4210005.0": -0.9713031648960192, "4210007.0": -1.1385924279268615, "4210006.0": -1.151385287610348, "4210004.0": -1.2732105605741186, "4210008.0": -1.1309365660061215, "4210260.01": -1.33966450935431, "4210040.05": -0.43163926550017895, "4210009.0": -1.2233839196728609, "4210011.0": -1.217779497468485, "4210013.0": -1.1607006654288303, "4210015.0": -1.4449336517473517, "4210041.11": 0.3709282794733899, "4210014.0": -1.0399947318655172, "4210260.02": -0.9011522786136801, "4210012.0": -1.2788318385337085, "4210010.0": -1.5140408541425778, "4210041.08": 0.4669733002544688, "4210041.1": 0.09727722157494696, "4210019.0": -1.3662580316634059, "4210020.0": -1.3992143624462938, "4210260.03": -0.6800980547081484, "4210018.0": -1.5945352205231615, "4210032.0": -0.9182738371156324, "4210160.01": 0.5626326762244575, "4210016.0": -1.7905913291924807, "4210017.0": -1.6792294772288459, "4210022.0": -1.4587318388277253, "4210021.0": -1.2446772681298053, "4210023.0": -1.7410266878278384, "4210041.13": -0.07652861329344407, "4210024.0": -1.8034256647951117, "4210029.0": -1.0610694844791069, "4210031.0": -1.0995268207936273, "4210240.04": 0.19824364591049878, "4210240.02": -0.06736887763872408, "4210041.04": 1.0363186851819433, "4210170.07": 1.980640597733869, "4210170.04": 1.9310138446251344, "4210170.06": 2.1661150090666412, "4210041.06": 1.7586939193914228, "4210170.05": 1.3937141056246998, "4210160.03": 0.7601225447007033, "4210610.0": 3.853187601339945, "4210041.03": 0.8034706140337549, "4210210.01": 0.5613541101338286, "4210025.0": -1.7653264104478548, "4210030.0": -0.9281683803147772, "4210041.12": 0.20160503272308536, "4210033.01": -0.8372851772469874, "4210160.05": 0.20856646436995088, "4210027.0": -0.7145442969172032, "4210035.0": -0.6035305767243151, "4210033.02": -0.39498351947334837, "4210036.0": -0.9798390433053915, "4210028.0": -1.3171080785031952, "4210041.07": 0.7170562049429836, "4210270.01": -0.5097330982539532, "4210270.03": -0.268459276036093, "4210034.0": -0.725881815630691, "4210037.0": -0.4540830541074947, "4210160.04": -0.6268979557842649, "4210026.0": -0.8194781363252908, "4210270.04": -0.3436954255103994, "4210038.02": -0.2638267649319875, "4210271.02": -0.453389975021833, "4210038.01": -0.7718160303145871, "4210230.01": 0.39501775640188935, "4210240.03": 0.8199178296799123, "4210271.01": -0.08507173020948545, "4210310.0": -0.14622729843995008, "4210273.01": -0.39993802170042414, "4210272.0": -0.04798355622313546, "4210273.03": -0.5817007482885438, "4210230.03": 1.1046275181357221, "4210230.04": 1.212193599769388, "4210311.02": -0.17862827345241902, "4210300.0": -0.16257042169088343, "4210273.02": -0.48263559994395566, "4210273.04": -0.0024274173769295486, "4210280.03": 0.7682580326600434, "4210311.01": 0.044275345578024594, "4210280.01": 0.22147007487577755, "4210320.1": -0.26492963158308125, "4210320.04": 0.769010921399055, "4210290.01": 0.07426263983682478, "4210280.02": 0.7228043416232631, "4210290.06": -0.0944670106734309, "4210320.02": 0.46249476082935176, "4210320.09": 0.1615373675357246, "4210220.04": 1.7063537269378821, "4210320.08": 0.2869833850526124, "4210290.05": 0.49230864975585725, "4210290.03": 0.602097711811216, "4210320.03": 0.9259126277830951, "4210320.07": 1.225748748833165, "4210330.0": -0.13026646761048288, "4210220.03": 0.8422431781628319, "4210340.02": 0.15193951584320672, "4210340.01": -0.5651538371238123, "4210360.02": 1.1634468029733696, "4210340.03": 0.7779584141777661, "4210360.01": 0.545797454743529, "4210500.02": -0.6794035097513308, "4210320.05": 1.600048739860562, "4210500.01": 0.3708500305840751, "4210370.0": 2.406547207851779, "4210520.0": -0.1514579273009948, "4210220.02": 1.8044753233067805, "4210210.02": 1.6476989719010007, "4210190.0": 0.3611806309761993, "4210200.0": 2.0169768404464588}