{"4210600.03": 2.3196653038568096, "4210600.04": -0.4614451413059364, "4210119.02": 0.2592643743947139, "4210170.03": 1.6560060569320438, "4210605.0": 0.7837016694483082, "4210600.05": 1.095178287399975, "4210600.06": 0.12274097692812327, "4210120.02": 0.0957305285469083, "4210119.04": 0.47771485297916233, "4210120.03": 0.2466775423951252, "4210120.01": 0.620160273048402, "4210112.01": 0.34965776670071813, "4210119.06": 0.4161498944871081, "4210113.01": 0.8923401995538752, "4210112.02": 0.5588401664512471, "4210111.0": -0.1061004322575446, "4210113.02": 0.4626858916445725, "4210119.05": 0.5612593671594366, "4210114.0": 0.30979781470792817, "4210110.0": -0.2820651985118885, "4210115.0": 0.008892260618939336, "4210118.0": 0.5242338719296545, "4210117.02": -0.06789194826365295, "4210100.0": -0.38069012698067606, "4210140.02": 1.0991292374696873, "4210101.0": -0.6956822755432555, "4210117.01": -0.01766109526591717, "4210116.02": -0.438827847943903, "4210140.03": 0.10573427646014119, "4210116.01": -0.44386402885393683, "4210102.0": -0.5004469902622591, "4210039.01": -0.06285176197340824, "4210140.01": 0.3914888740212701, "4210103.0": -0.6349672945175101, "4210001.02": -0.7621500723073978, "4210001.01": -0.963128597602625, "4210040.04": -0.12589012667211588, "4210040.06": 0.23943472020729192, "4210003.0": -1.107324747728704, "4210039.02": 0.12190203356679595, "4210041.09": 0.9300883983528949, "4210002.0": -1.0204418704077671, "4210040.01": 0.27693983914575643, "4210005.0": -1.0169502718331793, "4210007.0": -1.180581915080584, "4210006.0": -1.1975171065518908, "4210004.0": -1.3369436877736243, "4210008.0": -1.1764991659378783, "4210260.01": -1.3590103913046196, "4210040.05": -0.4852442403304983, "4210009.0": -1.2739245904984715, "4210011.0": -1.2823164193981107, "4210013.0": -1.1954672648827467, "4210015.0": -1.5040085791378572, "4210041.11": 0.36018744029556665, "4210014.0": -1.0902046132951593, "4210260.02": -0.9465441984854678, "4210012.0": -1.340443864775623, "4210010.0": -1.5650974354094773, "4210041.08": 0.5105603438716255, "4210041.1": 0.12938804977071472, "4210019.0": -1.4299270702201894, "4210020.0": -1.4676482419943546, "4210260.03": -0.7473949047327016, "4210018.0": -1.653517295236332, "4210032.0": -0.9920736581821462, "4210160.01": 0.5956249720917192, "4210016.0": -1.826974854640211, "4210017.0": -1.7369061720288819, "4210022.0": -1.548865354830571, "4210021.0": -1.325121491097099, "4210023.0": -1.8251457540685125, "4210041.13": -0.015015511318229622, "4210024.0": -1.8704677144612238, "4210029.0": -1.1662769533092576, "4210031.0": -1.2104208970320514, "4210240.04": 0.26893676416857315, "4210240.02": -0.11179864256731317, "4210041.04": 1.1697017715612936, "4210170.07": 1.3868290530957066, "4210170.04": 1.8846647183732324, "4210170.06": 1.988894737050334, "4210041.06": 1.7868263870755552, "4210170.05": 1.3558631396282637, "4210160.03": 0.8405104596160047, "4210610.0": 3.210758676271331, "4210041.03": 0.6726543070169356, "4210210.01": 0.5466632112936303, "4210025.0": -1.8375163572473783, "4210030.0": -1.00235668908428, "4210041.12": 0.30289963807079573, "4210033.01": -0.9252837159106736, "4210160.05": 0.30552972270635, "4210027.0": -0.8009225598557125, "4210035.0": -0.678841047609739, "4210033.02": -0.48116360041357936, "4210036.0": -1.033740314341128, "4210028.0": -1.4004992005438603, "4210041.07": 0.8397380061732626, "4210270.01": -0.5921216893482064, "4210270.03": -0.32948652543934154, "4210034.0": -0.777105907269355, "4210037.0": -0.48747257019569773, "4210160.04": -0.6130647965121936, "4210026.0": -0.8526107492044755, "4210270.04": -0.3991597969068708, "4210038.02": -0.28930971680068557, "4210271.02": -0.5020401632422956, "4210038.01": -0.7788254968483392, "4210230.01": 0.5469920620102616, "4210240.03": 0.9457007181723085, "4210271.01": -0.021341284830115666, "4210310.0": -0.19445589621738682, "4210273.01": -0.3806040314037107, "4210272.0": 0.0007350513206849859, "4210273.03": -0.5632069863509275, "4210230.03": 1.1518192179832754, "4210230.04": 1.3123960290977112, "4210311.02": -0.11512260337459689, "4210300.0": -0.09095480657821975, "4210273.02": -0.43365181959431504, "4210273.04": 0.10154413698395964, "4210280.03": 0.8809856737921287, "4210311.01": 0.19132336238885292, "4210280.01": 0.34293934408408105, "4210320.1": -0.2681230207842996, "4210320.04": 0.9527545858650591, "4210290.01": 0.1931217331636431, "4210280.02": 0.8187119650485403, "4210290.06": -0.05952814381785131, "4210320.02": 0.6125728713103467, "4210320.09": 0.2302673240793895, "4210220.04": 1.7558940672023795, "4210320.08": 0.46791612916909164, "4210290.05": 0.5780967879251672, "4210290.03": 0.6406990593276506, "4210320.03": 1.1228696464962302, "4210320.07": 1.4252719247853438, "4210330.0": -0.03241829005206544, "4210220.03": 0.8978684438566985, "4210340.02": 0.2731049749887057, "4210340.01": -0.4461628541122664, "4210360.02": 1.3201418861423146, "4210340.03": 0.922551205082743, "4210360.01": 0.6868223164417778, "4210500.02": -0.5438643244120801, "4210320.05": 1.6758314450195202, "4210500.01": 0.6280462225708378, "4210370.0": 2.3539774101628437, "4210520.0": -0.10875531003168679, "4210220.02": 1.9193215285005347, "4210210.02": 1.5121527976037135, "4210190.0": 0.2647424838997155, "4210200.0": 2.1806298041327703}