{"4210600.03": 1.6711016978786928, "4210600.04": -0.27321576899571776, "4210119.02": 0.5577396524681136, "4210170.03": 1.1513461065085981, "4210605.0": 0.08969064808991525, "4210600.05": 1.2217787244194565, "4210600.06": 0.3137920524964926, "4210120.02": 0.50252373614301, "4210119.04": 0.519546148141014, "4210120.03": 0.24072859196216614, "4210120.01": 0.6813974653342831, "4210112.01": 0.9342852844611073, "4210119.06": 0.34916059713504854, "4210113.01": 1.3413306782381818, "4210112.02": 1.6706772423176373, "4210111.0": 0.3841812959511416, "4210113.02": 1.039610593329208, "4210119.05": 0.8139518331898407, "4210114.0": 0.9824007573966187, "4210110.0": 0.012433753119394625, "4210115.0": 0.6844130374868795, "4210118.0": 1.2098140246461124, "4210117.02": 0.7625955672213077, "4210100.0": -0.2261345520618777, "4210140.02": 1.4850236941871438, "4210101.0": -0.507880049911087, "4210117.01": 0.8269908922108818, "4210116.02": 0.5089134842286199, "4210140.03": 0.456795183512469, "4210116.01": 0.1742787795817037, "4210102.0": -0.5891020987417243, "4210039.01": 0.05268085022510434, "4210140.01": 0.6077992816932297, "4210103.0": -0.22258752244848043, "4210001.02": -0.26839918400796847, "4210001.01": -0.44774546309187824, "4210040.04": 0.1747645343364559, "4210040.06": 0.09683811704312457, "4210003.0": -1.0263866337041552, "4210039.02": 0.12406710959393516, "4210041.09": 1.075157795875786, "4210002.0": -0.6395212480969448, "4210040.01": 0.6153529441177154, "4210005.0": -0.0817720958852163, "4210007.0": -1.0057371630154308, "4210006.0": -0.637148363908464, "4210004.0": -0.7722717270105399, "4210008.0": -1.354995349021747, "4210260.01": -1.6284427368292373, "4210040.05": -0.288851799879832, "4210009.0": -1.5064142972071655, "4210011.0": -1.569419475327868, "4210013.0": -1.1676205097517491, "4210015.0": -1.6732492975656843, "4210041.11": 1.1216137737605545, "4210014.0": -0.8043296554233296, "4210260.02": -0.9094330017304815, "4210012.0": -1.6407781146044105, "4210010.0": -1.7814861696654725, "4210041.08": 0.5548288150161479, "4210041.1": 0.0038777117535842955, "4210019.0": -1.4199322027942756, "4210020.0": -1.7185277455951187, "4210260.03": -0.6881341259148354, "4210018.0": -1.9797910505821612, "4210032.0": -1.056358185226322, "4210160.01": 0.4326505009836136, "4210016.0": -2.264046211901898, "4210017.0": -1.943263175314738, "4210022.0": -2.0445410925998835, "4210021.0": -1.5139597588199856, "4210023.0": -2.4543253546922004, "4210041.13": -0.21042410802690845, "4210024.0": -2.5300261939861124, "4210029.0": -1.3785993995356516, "4210031.0": -1.3741380576832762, "4210240.04": 0.5664369217584694, "4210240.02": -0.0999347077831484, "4210041.04": 0.8408238613934135, "4210170.07": 0.7089761262472426, "4210170.04": 1.3355226787946075, "4210170.06": 1.1796133894518086, "4210041.06": 1.5498631506881126, "4210170.05": 0.6543647579367597, "4210160.03": 0.7337001078399598, "4210610.0": 2.9378456297882676, "4210041.03": 0.12015241014280827, "4210210.01": -0.18902876213466585, "4210025.0": -2.2982308344535367, "4210030.0": -1.1862394623100156, "4210041.12": 0.4324603573012195, "4210033.01": -0.7044182014103139, "4210160.05": -0.09397409875106776, "4210027.0": -0.7101173672729719, "4210035.0": -0.5624773539080565, "4210033.02": 0.1466600676080605, "4210036.0": -1.1446060816592938, "4210028.0": -1.8231765385628347, "4210041.07": 0.7070085327190144, "4210270.01": -0.035246655979476786, "4210270.03": 0.18034779917692526, "4210034.0": -0.6576055118039705, "4210037.0": -0.5930430312674911, "4210160.04": -0.8833603172085273, "4210026.0": -0.7128317146021896, "4210270.04": 0.0955527343768701, "4210038.02": 0.0740412366921005, "4210271.02": -0.16576014470016884, "4210038.01": -0.5412980136865962, "4210230.01": 0.008916464132076977, "4210240.03": 1.067038412713147, "4210271.01": 0.1862738963660474, "4210310.0": 0.5370849032986562, "4210273.01": -0.6100892025178084, "4210272.0": -0.3133363624421765, "4210273.03": -0.6633688638643375, "4210230.03": 0.6426012710773218, "4210230.04": 0.9253299993000662, "4210311.02": -0.3078139415815423, "4210300.0": 0.26764657863322366, "4210273.02": -0.6624212620355775, "4210273.04": -0.2388683287042141, "4210280.03": 0.6808729732774, "4210311.01": 0.3562893627524818, "4210280.01": 0.16544044631539626, "4210320.1": -0.0538829323556941, "4210320.04": 1.5613263556660821, "4210290.01": 0.41561644856097796, "4210280.02": 0.4560080107836002, "4210290.06": -0.25812252457115015, "4210320.02": 0.7208840939482956, "4210320.09": 0.27372476049473965, "4210220.04": 1.4788119642761257, "4210320.08": 0.6171072886417258, "4210290.05": 0.06476525736679319, "4210290.03": 0.18702176347448346, "4210320.03": 1.117800883742212, "4210320.07": 1.336751361091082, "4210330.0": -0.04129757748941172, "4210220.03": 0.5383599368629735, "4210340.02": 0.022646093052240034, "4210340.01": -0.6052531393548193, "4210360.02": 1.1559294797531972, "4210340.03": 0.6311021028339915, "4210360.01": 0.39515437356614086, "4210500.02": -0.7669633977563228, "4210320.05": 1.214363919015014, "4210500.01": 0.743212771840291, "4210370.0": 1.7905947890414506, "4210520.0": -0.5201719722618047, "4210220.02": 1.3725804790356984, "4210210.02": 0.9628523223864034, "4210190.0": -0.35750827323511875, "4210200.0": 1.7958240349549552}