{"4210600.03": 0.8080773219703603, "4210600.04": 3.664369239912762, "4210119.02": -3.66413575044195, "4210170.03": 0.5116455994881319, "4210605.0": 0.6741717304717421, "4210600.05": -0.5395203822306261, "4210600.06": 1.6325933968831245, "4210120.02": 2.3644709914895747, "4210119.04": 0.5370877170193782, "4210120.03": -0.6033768809481413, "4210120.01": 0.7730190412038703, "4210112.01": 0.8853721450332994, "4210119.06": 0.579218664363124, "4210113.01": 0.3853924134609045, "4210112.02": -0.7905393941096445, "4210111.0": 0.4220377945073397, "4210113.02": -0.6629940583036638, "4210119.05": 0.4054486753656153, "4210114.0": 1.198520196761454, "4210110.0": 0.7973006731307983, "4210115.0": 0.08772223494352607, "4210118.0": 0.7479426916012315, "4210117.02": 2.245547351373112, "4210100.0": 0.18649396187583736, "4210140.02": -0.5286842524579589, "4210101.0": 0.3931422221402742, "4210117.01": 0.3203313946369721, "4210116.02": 1.1536311573246807, "4210140.03": -0.6173810234973249, "4210116.01": 1.107469728333166, "4210102.0": -0.6043227512461179, "4210039.01": 0.5290461744150132, "4210140.01": 0.48972353498043675, "4210103.0": 0.18185549751278424, "4210001.02": -0.574390993675089, "4210001.01": 1.0410147479266247, "4210040.04": 0.671316828852883, "4210040.06": -0.7229434207689623, "4210003.0": -0.6930005139053029, "4210039.02": -0.7543512920817608, "4210041.09": 0.18721731760530005, "4210002.0": 0.3024865016619601, "4210040.01": -0.7751121869541033, "4210005.0": 0.6899327077092801, "4210007.0": 0.11123112119909377, "4210006.0": 0.22063598602991605, "4210004.0": 0.2059701389643062, "4210008.0": -0.7039529906565358, "4210260.01": -0.7033661373764566, "4210040.05": -0.7496646570353788, "4210009.0": -0.7258895913574936, "4210011.0": -0.7440484017873016, "4210013.0": -0.7657838242249573, "4210015.0": -0.7748370430448897, "4210041.11": 0.68974793231727, "4210014.0": -0.7881496421537506, "4210260.02": -0.7366658172159709, "4210012.0": -0.7672607343033131, "4210010.0": -0.758601245397475, "4210041.08": 0.2953034146353037, "4210041.1": -0.06227547617350325, "4210019.0": -0.8060169047767884, "4210020.0": -0.7962064461949604, "4210260.03": -0.14165751969320786, "4210018.0": -0.7888469064113204, "4210032.0": -0.20737317921831658, "4210160.01": 0.5046560421219591, "4210016.0": -0.7394289846636543, "4210017.0": -0.7804479789182096, "4210022.0": -0.8197849160832889, "4210021.0": 0.1350544548799353, "4210023.0": -0.8083363939818067, "4210041.13": -0.640716082510149, "4210024.0": -0.7833268620037681, "4210029.0": -0.03077280247948948, "4210031.0": -0.8389670142044966, "4210240.04": -0.6560491021566264, "4210240.02": -0.3142745624192522, "4210041.04": -0.5423326613673638, "4210170.07": 1.9639300368215007, "4210170.04": 0.781987851221175, "4210170.06": -0.8176242465534627, "4210041.06": 0.5720120997980118, "4210170.05": -0.6752721221177638, "4210160.03": 0.43534232102455, "4210610.0": 1.8888059077879897, "4210041.03": -0.1408186076009808, "4210210.01": 0.6849974080573277, "4210025.0": -0.785855456392579, "4210030.0": 0.6106652217136757, "4210041.12": 0.3630043374910365, "4210033.01": -0.011851928943634063, "4210160.05": -0.581243747327904, "4210027.0": -0.8253932599581637, "4210035.0": 0.3449467258109868, "4210033.02": -0.8195977921838283, "4210036.0": -0.7877118234368286, "4210028.0": -0.810016888510735, "4210041.07": -0.579594130947729, "4210270.01": -0.7798428222086189, "4210270.03": -0.7904355057670966, "4210034.0": -0.7532109293585396, "4210037.0": -0.7472043817284337, "4210160.04": -0.6652360003659465, "4210026.0": -0.7406871383662265, "4210270.04": -0.7626675809323309, "4210038.02": -0.7196806117932368, "4210271.02": -0.7547600780559944, "4210038.01": -0.684849756734851, "4210230.01": -0.5409341939432697, "4210240.03": 0.5595724571108633, "4210271.01": -0.6286226563000037, "4210310.0": -0.7732164807995339, "4210273.01": -0.6763873721810917, "4210272.0": -0.6815531461780046, "4210273.03": -0.6915498184421381, "4210230.03": 0.24767487665138294, "4210230.04": 0.8201582020419366, "4210311.02": -0.6348997982837009, "4210300.0": -0.600770353697775, "4210273.02": -0.7097481932600601, "4210273.04": -0.6706081340340628, "4210280.03": 1.2941952250063542, "4210311.01": -0.5595930436552454, "4210280.01": -0.6188287536903552, "4210320.1": 1.2292927333086283, "4210320.04": 0.5800471363951679, "4210290.01": -0.6017349337852821, "4210280.02": -0.5935168792828674, "4210290.06": -0.6983195862577154, "4210320.02": 0.1893960756141624, "4210320.09": 0.44708266662036733, "4210220.04": 1.2524964194806052, "4210320.08": 0.08403639529130863, "4210290.05": -0.7236285349746723, "4210290.03": -0.7345147104204326, "4210320.03": 0.32594340789980863, "4210320.07": -0.6533502169537669, "4210330.0": 0.5555279865101074, "4210220.03": 1.7419954481965234, "4210340.02": 2.328594579524062, "4210340.01": -0.5276634085581793, "4210360.02": -0.7527514066026835, "4210340.03": 1.9135250208270753, "4210360.01": -0.7345625146888038, "4210500.02": -0.5114410701732771, "4210320.05": -0.2766318629500228, "4210500.01": -0.5526301769741454, "4210370.0": 2.829638827526988, "4210520.0": -0.7310409919988895, "4210220.02": 1.712902214986053, "4210210.02": 3.379152663934554, "4210190.0": -0.8133637318305048, "4210200.0": 3.1580805668771452}