{"4210600.03": 1.6630376852362136, "4210600.04": 0.03125727672500779, "4210119.02": 0.95897660312765, "4210170.03": 1.1773828147465626, "4210605.0": 0.11524322956907125, "4210600.05": 1.361327461132748, "4210600.06": 0.5861636148872732, "4210120.02": 0.7812790232271335, "4210119.04": 0.7115683993079758, "4210120.03": 0.4188340097880843, "4210120.01": 0.7345759234535012, "4210112.01": 0.6479059284286582, "4210119.06": 0.4673959038618855, "4210113.01": 1.0804904588960818, "4210112.02": 1.2738330024655484, "4210111.0": 0.30673511657066493, "4210113.02": 0.8812999581583617, "4210119.05": 0.8116834640750284, "4210114.0": 0.6925018860177864, "4210110.0": -0.03577819888605266, "4210115.0": 0.49800026777359224, "4210118.0": 0.9766842726347974, "4210117.02": 0.47301527757976114, "4210100.0": -0.2508673809464815, "4210140.02": 1.5592967510297076, "4210101.0": -0.4932182907926868, "4210117.01": 0.5920868806223182, "4210116.02": 0.2337677816872657, "4210140.03": 0.5799617569751478, "4210116.01": 0.0246721004576347, "4210102.0": -0.5140075020069672, "4210039.01": -0.021602490171733484, "4210140.01": 0.7398623106531409, "4210103.0": -0.3037993010314974, "4210001.02": -0.44904583484791877, "4210001.01": -0.5229846593381573, "4210040.04": 0.04327001404114187, "4210040.06": 0.1362018837629196, "4210003.0": -1.083883870257953, "4210039.02": 0.20559146268918677, "4210041.09": 1.1369674501922071, "4210002.0": -0.8085069862889624, "4210040.01": 0.5883974633461918, "4210005.0": -0.3524327419207144, "4210007.0": -1.0874459777235355, "4210006.0": -0.7809961527457547, "4210004.0": -0.8745633712594029, "4210008.0": -1.4711107161458574, "4210260.01": -1.5225482232439227, "4210040.05": -0.22327651639506801, "4210009.0": -1.5289855725363282, "4210011.0": -1.586923708787895, "4210013.0": -1.3528819668471272, "4210015.0": -1.5570972276159702, "4210041.11": 1.174834808001471, "4210014.0": -1.0935867830409884, "4210260.02": -0.9675580757813801, "4210012.0": -1.6600215069500712, "4210010.0": -1.7559535016328232, "4210041.08": 0.6198757033531963, "4210041.1": 0.08480825175443955, "4210019.0": -1.615999467590258, "4210020.0": -1.7401720590241005, "4210260.03": -0.7732921904742881, "4210018.0": -1.8307182972088234, "4210032.0": -1.2364283965729599, "4210160.01": 0.514624916573381, "4210016.0": -1.9831385945795335, "4210022.0": -2.0397277594103524, "4210021.0": -1.6901273343009853, "4210023.0": -2.2388510921024998, "4210041.13": -0.10910369076173036, "4210024.0": -2.2988265818045264, "4210029.0": -1.5226603557431233, "4210031.0": -1.4104299019551654, "4210240.04": 0.6443647340414929, "4210240.02": -0.11638537718525133, "4210041.04": 0.8922412679138071, "4210170.07": 0.7153014571300517, "4210170.04": 1.3257614044721902, "4210170.06": 1.074203887574298, "4210041.06": 1.511821960506484, "4210170.05": 0.6705229670059188, "4210160.03": 0.7872575152794049, "4210610.0": 2.774080413638765, "4210041.03": 0.18215077582164185, "4210210.01": -0.0472151725925399, "4210025.0": -2.240701867826262, "4210030.0": -1.374132524325226, "4210041.12": 0.5591291557805504, "4210033.01": -0.7505770982845982, "4210160.05": 0.016259861380276606, "4210027.0": -0.9996423960340953, "4210035.0": -0.850444102440422, "4210033.02": -0.028524202062185595, "4210036.0": -1.2821367636954952, "4210028.0": -1.8736412237965814, "4210041.07": 0.806638179717293, "4210270.01": -0.21873349786930907, "4210270.03": 0.03627034326276189, "4210034.0": -0.8575055929156113, "4210037.0": -0.8206614411307029, "4210160.04": -0.7249175050014992, "4210026.0": -0.8823033658351053, "4210270.04": -0.15413873899417427, "4210038.02": -0.2729756954535247, "4210271.02": -0.20134931457164654, "4210038.01": -0.7187455655091606, "4210230.01": 0.07701088066658315, "4210240.03": 1.1250336940185777, "4210271.01": 0.2882227153328241, "4210310.0": 0.15750686785674714, "4210273.01": -0.705991802590281, "4210272.0": -0.20161752192913893, "4210273.03": -0.6812005491018452, "4210230.03": 0.7207991620772065, "4210230.04": 1.0408560602256764, "4210311.02": -0.3258469670205216, "4210300.0": -0.018330224229551526, "4210273.02": -0.5855504088379694, "4210273.04": -0.13450172705660193, "4210280.03": 0.7876814001180364, "4210311.01": 0.27485271051080096, "4210280.01": 0.21280228472706608, "4210320.1": -0.14780516915297115, "4210320.04": 1.419117587731748, "4210290.01": 0.3683060366699426, "4210280.02": 0.559351920844743, "4210290.06": -0.1941320299156656, "4210320.02": 0.7999456466520672, "4210320.09": 0.26586999284938867, "4210220.04": 1.4871681154460532, "4210320.08": 0.6269052941042108, "4210290.05": 0.21007434749181705, "4210290.03": 0.23469337070426455, "4210320.03": 1.2476923189092637, "4210320.07": 1.5341905899330355, "4210330.0": -0.00423986941733214, "4210220.03": 0.5769928833016982, "4210340.02": 0.10785335135794227, "4210340.01": -0.5453717854854127, "4210360.02": 1.346664659439716, "4210340.03": 0.7268221444712953, "4210360.01": 0.6356145634092724, "4210500.02": -0.7154641759676055, "4210320.05": 1.2815795103680534, "4210500.01": 0.8859856268246041, "4210370.0": 1.7982563284650814, "4210520.0": -0.25237987709043835, "4210220.02": 1.3974792941746224, "4210210.02": 1.0317642409314751, "4210190.0": -0.2374914286652141, "4210200.0": 1.846698624766129}