{"4210600.03": 0.7930033197707732, "4210600.04": -0.6398536007124975, "4210119.02": 0.47770853479015435, "4210170.03": 0.49374503698358385, "4210605.0": -0.8487612425605525, "4210600.05": 0.8149961851255599, "4210600.06": -0.028618320898810196, "4210120.02": 0.15445511028372944, "4210119.04": 0.01630662226979649, "4210120.03": -0.21284705939001808, "4210120.01": 0.3835896156268048, "4210112.01": 1.4387816780755796, "4210119.06": 0.01385111243953986, "4210113.01": 1.6455134118866424, "4210112.02": 2.696550971182021, "4210111.0": 0.6508904883425127, "4210113.02": 1.3728144068861938, "4210119.05": 0.8107084568961475, "4210114.0": 1.5414958055064543, "4210110.0": 0.0163942486297242, "4210115.0": 1.060032901629399, "4210118.0": 1.74672741010536, "4210117.02": 1.4062960170085455, "4210100.0": -0.30559027697927954, "4210140.02": 1.4050230707714977, "4210101.0": -0.47545773947320125, "4210117.01": 1.4991262322982495, "4210116.02": 1.3199948242159485, "4210140.03": 0.6611787265092485, "4210116.01": 0.7271103124684519, "4210102.0": -0.9696228312514183, "4210039.01": 0.11503858897744981, "4210140.01": 0.6233190243460289, "4210103.0": 0.08457576803568785, "4210001.02": 0.19731343950512098, "4210001.01": -0.0022359212821127976, "4210040.04": 0.521204980991102, "4210040.06": -0.08167798340100739, "4210003.0": -0.7818619274953512, "4210039.02": 0.07836519375804002, "4210041.09": 0.9986083280132079, "4210002.0": -0.08106957903848136, "4210040.01": 0.957185480551319, "4210005.0": 0.9216285076189873, "4210007.0": -0.6283684047253405, "4210006.0": 0.04341506478451763, "4210004.0": -0.15904114419827348, "4210008.0": -1.1886883283443481, "4210260.01": -1.7158500808992205, "4210040.05": -0.1542931107900537, "4210009.0": -1.4294015789475505, "4210011.0": -1.5107617190778035, "4210013.0": -0.7825965412961409, "4210015.0": -1.559168143802764, "4210041.11": 1.6374738784710996, "4210014.0": -0.14901609038641342, "4210260.02": -0.756824916772481, "4210012.0": -1.589499446191823, "4210010.0": -1.722176949711793, "4210041.08": 0.5594380085920739, "4210041.1": -0.1189854756758376, "4210019.0": -1.0228837929422265, "4210020.0": -1.6473847886806858, "4210260.03": -0.4619486073732346, "4210018.0": -1.9239152017311967, "4210032.0": -0.7853231172521423, "4210160.01": 0.17663163747400779, "4210016.0": -2.413090768780256, "4210017.0": -1.8425552474070117, "4210022.0": -2.1565431042479823, "4210021.0": -1.273083132857388, "4210023.0": -2.7240521667116147, "4210041.13": -0.3215864518540846, "4210024.0": -2.879829037448624, "4210029.0": -1.1741912736266107, "4210031.0": -1.2677305181999243, "4210240.04": 0.783658949109683, "4210240.02": -0.042705506615987404, "4210041.04": 0.44420835302256884, "4210170.07": -0.22613636797167236, "4210170.04": 0.7758680936979053, "4210170.06": 0.5173792438696737, "4210041.06": 1.2963461913297767, "4210170.05": -0.0063958043654569014, "4210160.03": 0.5768641599377473, "4210610.0": 2.318610336467407, "4210041.03": -0.4399419298433336, "4210210.01": -0.8915247789745157, "4210025.0": -2.462502403005816, "4210030.0": -0.9393314875667449, "4210041.12": 0.5017424610280201, "4210033.01": -0.3773533839161656, "4210160.05": -0.45824538887345534, "4210027.0": -0.18917964633923, "4210035.0": -0.02041170720547421, "4210033.02": 0.8332572429493194, "4210036.0": -0.8758488053014462, "4210028.0": -1.8449705301447505, "4210041.07": 0.4728662241330975, "4210270.01": 0.6470349124810812, "4210270.03": 0.6711413006079504, "4210034.0": -0.23638499301856777, "4210037.0": -0.30319647265636496, "4210160.04": -1.1612705592857582, "4210026.0": -0.27502428278225216, "4210270.04": 0.756683750237631, "4210038.02": 0.7828869518486992, "4210271.02": 0.16245707595447967, "4210038.01": -0.0717572312985839, "4210230.01": -0.3970603001040347, "4210240.03": 1.0791641148929025, "4210271.01": 0.2817013927386292, "4210310.0": 1.5319793088093292, "4210273.01": -0.6264539574573699, "4210272.0": -0.6533827297706233, "4210273.03": -0.6297927025771136, "4210230.03": 0.06447530179136436, "4210230.04": 0.4426585043783727, "4210311.02": -0.37877624919486774, "4210300.0": 0.9417627540835146, "4210273.02": -0.806409280945668, "4210273.04": -0.5476554791380555, "4210280.03": 0.4360987101829947, "4210311.01": 0.5716851566609763, "4210280.01": -0.006306694044263312, "4210320.1": 0.3384281213309863, "4210320.04": 2.1047063849148793, "4210290.01": 0.6350600130019279, "4210280.02": 0.12716562824566024, "4210290.06": -0.3641567773184169, "4210320.02": 0.6660576707362883, "4210320.09": 0.31759371739970166, "4210220.04": 1.1566993913705308, "4210320.08": 0.6727611325992122, "4210290.05": -0.502768560985451, "4210290.03": -0.23925610516879178, "4210320.03": 0.7980924763375833, "4210320.07": 0.7689989184408421, "4210330.0": 0.032547155851766096, "4210220.03": 0.10738120118138945, "4210340.02": -0.2341720839177126, "4210340.01": -0.6384143885244662, "4210360.02": 0.5630184967220128, "4210340.03": 0.2560649724306502, "4210360.01": -0.3432436673981275, "4210500.02": -0.7826046390528437, "4210320.05": 0.5855910127456705, "4210500.01": 0.5766924917718138, "4210370.0": 1.1254669920169746, "4210520.0": -1.2500711697022906, "4210220.02": 0.7982252644967058, "4210210.02": 0.30022589055349225, "4210190.0": -0.9976453025769101, "4210200.0": 1.1249371662762786}