{"4210600.03": 1.2085920036422406, "4210600.04": 0.04307791617751627, "4210119.02": -0.17268331921088662, "4210170.03": 1.1908870742244941, "4210605.0": 1.6269645273569973, "4210600.05": 0.9147946429914332, "4210600.06": 0.42089463113845854, "4210120.02": 0.31427502174546756, "4210119.04": 0.6927184797765014, "4210120.03": 0.859063488105906, "4210120.01": 1.0347541468772523, "4210112.01": 0.1966976480515792, "4210119.06": 0.7367647136664744, "4210113.01": 0.668206373378771, "4210112.02": -0.22356773971544208, "4210111.0": -0.24687648782195928, "4210113.02": 0.42130314376896666, "4210119.05": 0.7433033425780153, "4210114.0": 0.24188053724638034, "4210110.0": 0.0490091924970616, "4210115.0": 0.3016181344018594, "4210118.0": 0.19727303590782092, "4210117.02": 0.051247479852894975, "4210100.0": 0.4303349605814224, "4210140.02": 0.6424237109889867, "4210101.0": 0.07606134501020005, "4210117.01": -0.281137133415137, "4210116.02": -0.3713054560828701, "4210140.03": -0.2728013545138985, "4210116.01": -0.38763322872582373, "4210102.0": 0.2842250561207431, "4210039.01": 0.0844482092098922, "4210140.01": -0.0903575289513715, "4210103.0": -0.32889323015532396, "4210001.02": -0.36807685146729774, "4210001.01": -0.6952343587189858, "4210040.04": 0.06111646224779094, "4210040.06": 0.41903812507003857, "4210003.0": -1.2110212294990113, "4210039.02": -0.12238242504012997, "4210041.09": 0.33589237918191023, "4210002.0": -1.0608196472000693, "4210040.01": -0.3285924907914151, "4210005.0": -1.9776351972914668, "4210007.0": -1.395556636543569, "4210006.0": -1.752660095562219, "4210004.0": -2.3102551219578946, "4210008.0": -0.8005895592928497, "4210260.01": -1.4869456715615117, "4210040.05": -0.5184581610016477, "4210009.0": -1.30551556956699, "4210011.0": -1.0467828964025052, "4210013.0": -1.3196265704232353, "4210015.0": -1.6542733263048102, "4210041.11": -0.48620012790991757, "4210014.0": -1.194959774794823, "4210260.02": -0.8674011793400991, "4210012.0": -1.3201489687219998, "4210010.0": -1.9799750967242007, "4210041.08": 0.04145475159446591, "4210041.1": 0.24927654776937294, "4210019.0": -1.6653019643803502, "4210020.0": -1.5513503911240174, "4210260.03": -0.6626538027193889, "4210018.0": -1.6592287592020014, "4210032.0": -0.5969415792008739, "4210160.01": 0.7103911465951529, "4210016.0": -2.5035049334325117, "4210017.0": -2.252858142620915, "4210022.0": -1.338727312527561, "4210021.0": -1.2305235988376395, "4210023.0": -1.8649891151021212, "4210041.13": 0.050389334077224256, "4210024.0": -1.8782392887934007, "4210029.0": -1.0669911271370813, "4210031.0": -1.2508137783354536, "4210240.04": -0.08761192849209945, "4210240.02": -0.11463361001396412, "4210041.04": 1.1163493515238256, "4210170.07": 1.8456053319398587, "4210170.04": 1.7008155856830318, "4210170.06": 1.7555193042701016, "4210041.06": 1.264526940290465, "4210170.05": 1.7427384229479863, "4210160.03": 0.8643585458498101, "4210610.0": 1.2508425155299814, "4210041.03": 1.2526558222021709, "4210210.01": 1.335064528281605, "4210025.0": -2.6525042700948194, "4210030.0": -0.6798947663603809, "4210041.12": -0.0450802481067838, "4210033.01": -1.249695498921809, "4210160.05": 0.8668922053168407, "4210027.0": -0.9429775944672071, "4210035.0": -0.539300023782879, "4210033.02": -0.9409276778540048, "4210036.0": -0.7591920908765123, "4210028.0": -1.4181333954148816, "4210041.07": 0.9006201455311427, "4210270.01": -0.851107183902302, "4210270.03": -0.4997347759947358, "4210034.0": -0.652290329704089, "4210037.0": 0.23368635252476658, "4210160.04": 0.3731609258980697, "4210026.0": -0.7583420489662067, "4210270.04": -0.6556352447172041, "4210038.02": -0.08802274589245768, "4210271.02": -0.5581398397784743, "4210038.01": -0.3629546478539525, "4210230.01": 1.2788835563394956, "4210240.03": 0.5309489244015598, "4210271.01": -0.13472997611173787, "4210310.0": -0.9908110383824782, "4210273.01": 0.5112642305407146, "4210272.0": 0.566256106959534, "4210273.03": 0.03240891837038458, "4210230.03": 1.3503862041443047, "4210230.04": 1.382872292526223, "4210311.02": 0.8258172051193249, "4210300.0": 0.06451854957931265, "4210273.02": -0.08450954720802294, "4210273.04": 0.45412188171290785, "4210280.03": 0.7601496212206843, "4210311.01": 0.26848026757623106, "4210280.01": 0.6263217462054709, "4210320.1": -0.18916095203797334, "4210320.04": 0.20674649005428977, "4210290.01": 0.14703850246915803, "4210280.02": 0.8956955261173258, "4210290.06": 0.1957366513959882, "4210320.02": 0.3366630283188515, "4210320.09": 0.159715588292722, "4210220.04": 1.1448245873778662, "4210320.08": 0.5219915890378977, "4210290.05": 0.9785687926377854, "4210290.03": 0.9010638982734444, "4210320.03": 0.936144537133116, "4210320.07": 1.0402541282223834, "4210330.0": 0.1980738143276489, "4210220.03": 0.8292527037798859, "4210340.02": 0.8382096575201387, "4210340.01": 0.09037722867434904, "4210360.02": 1.0050949041584012, "4210340.03": 1.0556467490231556, "4210360.01": 1.0778174103111446, "4210500.02": 0.0961152367618871, "4210320.05": 1.198960187020352, "4210500.01": 0.4129907648519646, "4210370.0": 1.4943363383816841, "4210520.0": 0.681329562114901, "4210220.02": 1.5914988807413544, "4210210.02": 1.6351319595306073, "4210190.0": 0.8731741876897593, "4210200.0": 1.359783714520683}