{"4210600.03": 3.7287056083333234, "4210600.04": -0.207121064885411, "4210119.02": -5.058496510717735, "4210170.03": 2.1285744485218077, "4210605.0": 3.2218432223087228, "4210600.05": -1.2657195429269974, "4210600.06": -1.3459467987231652, "4210120.02": -1.4407889148557926, "4210119.04": 0.11824105815846964, "4210120.03": -0.7110266506039605, "4210120.01": -0.14185993597357432, "4210112.01": 0.6715078922318344, "4210119.06": -0.9634633000038921, "4210113.01": 0.7202187978307939, "4210112.02": 0.9147705328474394, "4210111.0": 0.4018967349057916, "4210113.02": -0.1931588500883284, "4210119.05": -1.1240414644773467, "4210114.0": 0.3371026884352082, "4210110.0": -0.3527836307325569, "4210115.0": -0.6205703251047475, "4210118.0": 0.07596711639151962, "4210117.02": -0.6329870131769658, "4210100.0": -0.60802396260465, "4210140.02": -1.3598481639116549, "4210101.0": -1.0171408001612492, "4210117.01": -0.6099003122031554, "4210116.02": -1.8517966497813325, "4210140.03": -0.5893789171528199, "4210116.01": -1.257754646942894, "4210102.0": -0.7028102976581343, "4210039.01": 0.2478710409982207, "4210140.01": -0.18605907078498962, "4210103.0": -0.5677316937650856, "4210001.02": -0.9628141110966593, "4210001.01": -1.0666064651062752, "4210040.04": -0.987970610012755, "4210040.06": 0.32759449415476377, "4210003.0": -0.1436636623393893, "4210039.02": 0.26256865797480616, "4210041.09": -0.42124915050067613, "4210002.0": -0.45488969470449575, "4210040.01": 0.4992179470567252, "4210005.0": 0.24202195429784526, "4210007.0": 0.04575072936700015, "4210006.0": -0.025434137309243845, "4210004.0": 0.10196152782388565, "4210008.0": 0.1626331070276774, "4210260.01": 0.15753537461462744, "4210040.05": 0.22185795191745816, "4210009.0": 0.35318656258712267, "4210011.0": 0.5109240408509221, "4210013.0": 0.6997299506635026, "4210015.0": 0.48275072849436074, "4210041.11": 0.5814790062316331, "4210014.0": 0.7588710283925553, "4210260.02": 0.4467948250164204, "4210012.0": 0.7125592090712978, "4210010.0": 0.6373380954229104, "4210041.08": -0.16725876456063365, "4210041.1": 0.15546861647980662, "4210019.0": 0.8239820968739622, "4210020.0": 0.8513803537621423, "4210260.03": 0.7324076541151588, "4210018.0": 0.5622166573048316, "4210032.0": 0.7578318225097427, "4210160.01": -0.31577109293339095, "4210016.0": 0.47079722687545544, "4210017.0": 0.8271109149136069, "4210022.0": 1.0561959938548782, "4210021.0": 0.7179744114904508, "4210023.0": 0.799083531861252, "4210041.13": -0.3866776786522163, "4210024.0": 0.8521184868516211, "4210029.0": 1.1344816991081093, "4210031.0": 1.33543964559613, "4210240.04": -0.2534865832027932, "4210240.02": 0.9527717687588112, "4210041.04": -1.2412905297536105, "4210170.07": 2.038531516123696, "4210170.04": -0.219767984004864, "4210170.06": 1.1500445525939014, "4210041.06": -0.900863091370185, "4210170.05": -0.08650479191172242, "4210160.03": -1.3837142167525456, "4210610.0": 2.691101281985574, "4210041.03": 0.8377377295476391, "4210210.01": 0.6227446893605358, "4210025.0": 0.8740832572855077, "4210030.0": 1.015046209724921, "4210041.12": -0.7553464528304235, "4210033.01": 1.1631827992508057, "4210160.05": -0.9032872998808967, "4210027.0": 0.9472489106780084, "4210035.0": 0.8688412330132874, "4210033.02": 1.1671878622933771, "4210036.0": 0.8902086889278279, "4210028.0": 0.7461108393691863, "4210041.07": -0.9176167808189337, "4210270.01": 0.8218541887808967, "4210270.03": 0.9138681012020538, "4210034.0": 0.5905148267780232, "4210037.0": -0.4189086772676966, "4210160.04": -0.17368410042420962, "4210026.0": 0.4817262463219224, "4210270.04": 0.6726605365884258, "4210038.02": -0.43276071688040996, "4210271.02": 0.6039715898152574, "4210038.01": -0.0033081564233483672, "4210230.01": -1.253438391848612, "4210240.03": -0.792805469668676, "4210271.01": -0.49172787240424465, "4210310.0": 0.4264421290270326, "4210273.01": -0.7042565236979437, "4210272.0": -0.031944340388411305, "4210273.03": 0.0548922880388344, "4210230.03": 0.2464690786819167, "4210230.04": -0.5513367784578196, "4210311.02": -1.1692137890593548, "4210300.0": -1.6909156957257914, "4210273.02": 0.21297344447661112, "4210273.04": -0.12701877391616906, "4210280.03": -1.5377588568000662, "4210311.01": -1.2844155759552616, "4210280.01": -0.5768031313799754, "4210320.1": 0.06979540344016205, "4210320.04": -0.9706598666320704, "4210290.01": -0.7252895124754946, "4210280.02": -0.7966760825625572, "4210290.06": 0.11369823833983414, "4210320.02": -0.4401750485044446, "4210320.09": 0.1843431134381904, "4210220.04": -0.13176465785023106, "4210320.08": -1.1154772824338897, "4210290.05": 0.3335457753551069, "4210290.03": 0.42810912075644225, "4210320.03": -0.43341470523994113, "4210320.07": -0.27693059390317676, "4210330.0": -0.757672959422956, "4210220.03": 0.8350523115278146, "4210340.02": -1.1291465429907472, "4210340.01": -1.3687157790604945, "4210360.02": 0.5865231577755905, "4210340.03": -0.6549484976659268, "4210360.01": 0.42852437509110114, "4210500.02": -1.5096319893082764, "4210320.05": 1.0053410983396582, "4210500.01": -1.151840609535868, "4210370.0": 0.7811575553369705, "4210520.0": 0.39793447984972985, "4210220.02": -0.791023290835601, "4210210.02": -0.2346327244980371, "4210190.0": 1.1130353635226877, "4210200.0": 0.015681403272604238}