{"4210600.03": 2.7204025177803968, "4210600.04": -1.0861906172842954, "4210119.02": -1.8363852448846107, "4210170.03": 1.8390518005307128, "4210605.0": 0.7046348068468077, "4210600.05": 0.34049610724731944, "4210600.06": -0.6138799987990985, "4210120.02": -0.5631380375352408, "4210119.04": -0.1319871867216249, "4210120.03": -0.5805598980273735, "4210120.01": 0.11062595260297481, "4210112.01": 0.7590789234542632, "4210119.06": -0.4074899906283835, "4210113.01": 1.391951201451853, "4210112.02": 1.0000386234177194, "4210111.0": 0.3467545461307494, "4210113.02": 0.4774072424240181, "4210119.05": 0.1075039650242382, "4210114.0": 0.925802515008653, "4210110.0": 0.04692511855355456, "4210115.0": 0.8624790097523158, "4210118.0": 0.7671264645272572, "4210117.02": 1.4648022132223175, "4210100.0": -0.032570840239336124, "4210140.02": 0.7320242397071554, "4210101.0": -0.6151942042225348, "4210117.01": 1.0901183073776464, "4210116.02": 0.7013025311882402, "4210140.03": -0.5832979876734321, "4210116.01": -0.07010913540794277, "4210102.0": -1.0247452270674764, "4210039.01": 0.39326383038634244, "4210140.01": 0.043119899949196634, "4210103.0": 0.13913065341816877, "4210001.02": -0.345445404397877, "4210001.01": 0.14795804197142762, "4210040.04": 0.29291230647295774, "4210040.06": -0.19313384778529596, "4210003.0": -0.6782377399145046, "4210039.02": 0.14014262635841995, "4210041.09": 0.352855215721205, "4210002.0": -0.3621219471891895, "4210040.01": 0.4192876999418037, "4210005.0": 0.7733333414581735, "4210007.0": -0.030213597158040048, "4210006.0": 0.2616524121760159, "4210004.0": -0.31190758951845027, "4210008.0": -1.0733807613450503, "4210260.01": -1.7000488086019456, "4210040.05": -0.624560326698002, "4210009.0": -0.9607654416376956, "4210011.0": -0.4628749201507361, "4210013.0": 0.21397213744254576, "4210015.0": -0.7119517612140533, "4210041.11": 0.5631088438973141, "4210014.0": 0.5310592329134521, "4210260.02": -1.2883680629145087, "4210012.0": -0.6574460520805268, "4210010.0": -0.9900109815628981, "4210041.08": 0.10750199701828146, "4210041.1": -0.3965493221739755, "4210019.0": -0.48325701252239234, "4210020.0": -0.6027790317062977, "4210260.03": -0.7764813847024931, "4210018.0": -1.471064133652039, "4210032.0": -0.4457631347986611, "4210160.01": 0.057065469091535384, "4210016.0": -2.432031531542843, "4210017.0": -1.6142735400700403, "4210022.0": -1.1139823711282537, "4210021.0": -0.41112415502948396, "4210023.0": -1.9770434414162528, "4210041.13": -0.6656060652795938, "4210024.0": -2.249591794787911, "4210029.0": 0.09339531187038223, "4210031.0": -0.6358835716077912, "4210240.04": -0.015047438629794222, "4210240.02": -0.1435650835205817, "4210041.04": 0.3488781075269369, "4210170.07": 1.5821915689988686, "4210170.04": 1.3964037786428025, "4210170.06": 2.016409246188681, "4210041.06": 1.557437959386695, "4210170.05": 0.8143192584658049, "4210160.03": 0.2997156365848982, "4210610.0": 4.709572490755495, "4210041.03": 0.5104620294345851, "4210210.01": 0.13073648008735292, "4210025.0": -1.9428934194269425, "4210030.0": 0.17519237349904973, "4210041.12": -0.27831202217186884, "4210033.01": -0.47345171091227745, "4210160.05": -0.6140851751134879, "4210027.0": 0.9064942002412661, "4210035.0": 0.7361905466468451, "4210033.02": 0.0938378543740504, "4210036.0": -0.03225087490393834, "4210028.0": -1.091402329670386, "4210041.07": 0.12289609478751208, "4210270.01": -0.05421746108903763, "4210270.03": 0.06756847899931061, "4210034.0": 0.08036001502332314, "4210037.0": 0.3151055650768495, "4210160.04": -1.40105877184199, "4210026.0": -0.5378729729933633, "4210270.04": -0.14600043309467264, "4210038.02": 0.5998783790968601, "4210271.02": -0.6271643392883225, "4210038.01": -0.7934865284384232, "4210230.01": -0.47929946940207824, "4210240.03": 0.48351437677814424, "4210271.01": -0.38623238075075206, "4210310.0": 0.9346946477534122, "4210273.01": -0.7538412792344651, "4210272.0": -0.6214420540097063, "4210273.03": -1.0400837075796128, "4210230.03": 0.5590401194701481, "4210230.04": 0.7111257051713537, "4210311.02": -1.0393823080044209, "4210300.0": 0.060347130760484806, "4210273.02": -1.1778744132927519, "4210273.04": -0.797913731123649, "4210280.03": 0.2759284141423901, "4210311.01": -0.24115973927155593, "4210280.01": -0.3145536451840496, "4210320.1": -0.4947837671465463, "4210320.04": 0.6577172377706987, "4210290.01": -0.5934322094260613, "4210280.02": 0.22048005118266903, "4210290.06": -0.6341997555495266, "4210320.02": 0.07309380696455849, "4210320.09": 0.1061654583418763, "4210220.04": 1.7092564252585647, "4210320.08": -0.422433210388692, "4210290.05": -0.1766170048875537, "4210290.03": 0.2084796289614179, "4210320.03": 0.38779621766341327, "4210320.07": 0.5003313104756121, "4210330.0": -0.5249941163731656, "4210220.03": 0.7185558316134374, "4210340.02": -0.6404156608029306, "4210340.01": -1.330255953122131, "4210360.02": 0.5044409826281049, "4210340.03": 0.059451451316574117, "4210360.01": -0.23579535859546827, "4210500.02": -1.5178953609826022, "4210320.05": 1.382079166453659, "4210500.01": -0.03479834110717389, "4210370.0": 3.028323124809231, "4210520.0": -1.3067723469389978, "4210220.02": 1.707333755601922, "4210210.02": 1.5982590659957077, "4210190.0": 0.1242422758874502, "4210200.0": 2.733839120193613}