{"4210600.03": 1.0934729042002882, "4210600.04": 2.346696755531295, "4210119.02": -2.4677661692254835, "4210170.03": 0.696029674395959, "4210605.0": 0.12176366805486287, "4210600.05": 0.09278572723795626, "4210600.06": 0.9271932452531446, "4210120.02": 2.176380634793617, "4210119.04": 0.772038204814221, "4210120.03": -0.27429756148242135, "4210120.01": -0.3597719790337284, "4210112.01": -0.05390314616197885, "4210119.06": 0.14314541849197698, "4210113.01": -0.35868411423072566, "4210112.02": 0.47585086082683725, "4210111.0": 0.5699399884687152, "4210113.02": 0.3225735424820226, "4210119.05": -0.19864439037092332, "4210114.0": 0.10132328505709752, "4210110.0": 0.24495006413351575, "4210115.0": -0.0005896408688409848, "4210118.0": 0.3917477789334416, "4210117.02": 0.5262683082222565, "4210100.0": -0.727875153190933, "4210140.02": 0.20297253152424743, "4210101.0": 0.07032915206205134, "4210117.01": -0.23624197678146308, "4210116.02": 0.7141436822915194, "4210140.03": -0.12330533891921187, "4210116.01": 0.38660594342800103, "4210102.0": -0.7731749172139369, "4210039.01": -0.6896807463332666, "4210140.01": -0.3306783699927491, "4210103.0": -0.49905171926702446, "4210001.02": -0.4955110863657792, "4210001.01": -0.47001198979323505, "4210040.04": -0.2899912588432698, "4210040.06": -0.8095634396298059, "4210003.0": -0.9990615964315765, "4210039.02": 0.31310725955676877, "4210041.09": 1.2261045380695474, "4210002.0": -0.7087342579001901, "4210040.01": 0.606462761934057, "4210005.0": -0.6024884013129123, "4210007.0": -0.9976978595403698, "4210006.0": -0.7571092169169321, "4210004.0": -0.9138852345016127, "4210008.0": -0.6684769819557449, "4210260.01": -1.0791083490325428, "4210040.05": -0.9637245178111032, "4210009.0": -0.8988236026969857, "4210011.0": -1.1181773372079866, "4210013.0": -0.929854882084319, "4210015.0": -1.3927771954045278, "4210041.11": 3.191516713257465, "4210014.0": -0.45182061956247477, "4210260.02": -0.719497934029511, "4210012.0": -0.849412653868809, "4210010.0": -0.9825122762324192, "4210041.08": 1.7568756762144473, "4210041.1": 0.7367935130135379, "4210019.0": -0.5976613998412065, "4210020.0": -1.2553767125704318, "4210260.03": -0.8862508779524915, "4210018.0": -0.9108927536782881, "4210032.0": -1.0022027246204503, "4210160.01": 0.4334806759907611, "4210016.0": -0.8717902359513142, "4210017.0": -0.9148730422638047, "4210022.0": -1.424348484306979, "4210021.0": -0.9545138393577005, "4210023.0": -1.3630883230445172, "4210041.13": 1.0804741606911652, "4210024.0": -1.5416346320762786, "4210029.0": -1.3967430062781212, "4210031.0": -1.4146799614556835, "4210240.04": 1.2450582177075524, "4210240.02": -0.3328120970340768, "4210041.04": 0.565160236427552, "4210170.07": 0.8140813353313381, "4210170.04": 0.978050550863936, "4210170.06": 1.1758464641985185, "4210041.06": 0.7866151739986565, "4210170.05": 1.2370257914306408, "4210160.03": 0.6576629001075829, "4210610.0": 3.304922147015741, "4210041.03": 0.29813858319329606, "4210210.01": 0.057669375288388044, "4210025.0": -1.4964035086337684, "4210030.0": -1.466054612660521, "4210041.12": 3.152567211722717, "4210033.01": -1.1910168652036432, "4210160.05": 0.6416720110734465, "4210027.0": -1.236272555116715, "4210035.0": -1.4085019347105576, "4210033.02": -0.9758431388086104, "4210036.0": -1.0748372364579184, "4210028.0": -1.2677360606598935, "4210041.07": 0.4860379927900314, "4210270.01": -0.7277890809767301, "4210270.03": -0.4713442398890731, "4210034.0": -1.1515125623104732, "4210037.0": -0.6422770312390546, "4210160.04": -0.042885149761332904, "4210026.0": -0.010460042230872366, "4210270.04": -0.6842986604716338, "4210038.02": -0.8744901440830742, "4210271.02": -0.699200573709322, "4210038.01": -0.20227937409250965, "4210230.01": 0.9630743423123719, "4210240.03": 1.8766980408484526, "4210271.01": -0.08245362814742277, "4210310.0": 0.8444033133944215, "4210273.01": -0.7819082137113665, "4210272.0": -0.8551943946059812, "4210273.03": -0.8793433279492371, "4210230.03": 0.1296396256706415, "4210230.04": 0.8322302396492954, "4210311.02": -0.5109998214600961, "4210300.0": -0.1018478781032502, "4210273.02": -0.7851553204714324, "4210273.04": -0.1048684289700642, "4210280.03": 0.5114796332363419, "4210311.01": 0.9083990686617869, "4210280.01": 0.17323308249298164, "4210320.1": 0.6268252080195761, "4210320.04": 1.9821653304163478, "4210290.01": 0.7545908341961749, "4210280.02": 1.0544764848264816, "4210290.06": -0.3048267335663293, "4210320.02": 1.399387749278603, "4210320.09": 0.11517950883295165, "4210220.04": 1.7376704572844472, "4210320.08": 0.21280095968628507, "4210290.05": 0.18321096339658044, "4210290.03": 0.5271795373830832, "4210320.03": 0.4120571383477929, "4210320.07": 0.6859106022697151, "4210330.0": 1.7101091656983873, "4210220.03": -0.06438005706053986, "4210340.02": 0.9189081134351879, "4210340.01": -0.08392918194567899, "4210360.02": 0.571802418978588, "4210340.03": 0.6510192719606396, "4210360.01": -0.6472089953509238, "4210500.02": -0.6421453387166404, "4210320.05": 1.1006802689147208, "4210500.01": -0.2469202185930748, "4210370.0": 1.5117936228206657, "4210520.0": -0.9299367148281, "4210220.02": 1.360941116311695, "4210210.02": 0.5005270690613008, "4210190.0": 0.04733641275750785, "4210200.0": 0.27783078889882923}