{"4210600.03": -2.7959970151002307, "4210600.04": 0.05362771331638526, "4210119.02": 1.178342557856703, "4210170.03": -2.0784035884713385, "4210605.0": -2.7748294349934093, "4210600.05": 0.5586237090946375, "4210600.06": 0.7893980859383011, "4210120.02": 1.401227435774741, "4210119.04": -0.15775467513703256, "4210120.03": 0.6609955538151236, "4210120.01": 0.4976082142928208, "4210112.01": 0.3436432685565974, "4210119.06": 0.6896725315673524, "4210113.01": -0.5099880836383298, "4210112.02": 1.0311537174591547, "4210111.0": 0.9361377394952702, "4210113.02": 0.4588876104053741, "4210119.05": 0.42277397314952286, "4210114.0": 0.347398188169941, "4210110.0": 0.7579638889682816, "4210115.0": 0.6904421992275548, "4210118.0": 0.5022342500585117, "4210117.02": -0.4295357961082404, "4210100.0": 1.0842802882147693, "4210140.02": 0.28132408393386804, "4210101.0": 1.4312248029573775, "4210117.01": 0.41956888411607796, "4210116.02": 1.8695296570699054, "4210140.03": 1.2517391944850038, "4210116.01": 1.5565397846668898, "4210102.0": 1.851957405060941, "4210039.01": -0.15711955297858154, "4210140.01": 0.8529103434269949, "4210103.0": 1.2312316399977634, "4210001.02": 2.2271992279917416, "4210001.01": 1.327969367574755, "4210040.04": 0.3013632895176263, "4210040.06": 0.11965662580192545, "4210003.0": 1.3500111705852806, "4210039.02": -0.10551548501436528, "4210041.09": 0.017688843154598014, "4210002.0": 1.3231532421637349, "4210040.01": -0.45859170963074, "4210005.0": 1.9186006144642302, "4210007.0": -0.50548734704898, "4210006.0": 0.5225167349696357, "4210004.0": 1.9307705910204713, "4210008.0": 0.00830502361696871, "4210260.01": 1.0194738938032604, "4210040.05": 0.5233602793070736, "4210009.0": -0.05802218862551215, "4210011.0": -1.2620720896750346, "4210013.0": -1.3619703694013614, "4210015.0": -0.6130919555373242, "4210041.11": 0.37781411918426616, "4210014.0": -0.5240852260784001, "4210260.02": 1.7895823499035088, "4210012.0": -0.90280758113995, "4210010.0": -0.08708361948830626, "4210041.08": 0.38685052265511793, "4210041.1": 0.10820163221872377, "4210019.0": -0.7859852014262899, "4210020.0": -0.8135954533075261, "4210260.03": 0.9005932759763235, "4210018.0": -0.24245300968280634, "4210032.0": -0.45340795982659793, "4210160.01": -0.005947414760342603, "4210016.0": 1.1817837095052541, "4210017.0": 0.01898516601587009, "4210022.0": -1.5092879328671784, "4210021.0": -0.7523101499481596, "4210023.0": -1.4236194920838936, "4210041.13": 0.5980133737703666, "4210024.0": -0.6755778368757119, "4210029.0": -1.5011700445115888, "4210031.0": -0.333510504113911, "4210240.04": 0.29528089748809555, "4210240.02": -0.23209768123122057, "4210041.04": 0.11190506079570155, "4210170.07": -2.6161752564288077, "4210170.04": -1.0421093840429105, "4210170.06": -2.1665845786995526, "4210041.06": -0.4673545706412564, "4210170.05": -1.3262696190073315, "4210160.03": 0.22717639430437817, "4210610.0": -2.8525838508128065, "4210041.03": -1.4678537067321222, "4210210.01": -1.3580115622583269, "4210025.0": -0.40481102034796257, "4210030.0": -1.109004288194839, "4210041.12": 0.26327414643548286, "4210033.01": 0.22491708589715453, "4210160.05": -0.14181075837780605, "4210027.0": -1.2419993269941632, "4210035.0": -0.9266136432484808, "4210033.02": -0.06460647989870529, "4210036.0": -0.9707025629055083, "4210028.0": -0.5643215040023197, "4210041.07": 0.011654647975832556, "4210270.01": 0.40064690593667934, "4210270.03": 0.4486153435224056, "4210034.0": -0.6763864231234107, "4210037.0": -0.5450053816745253, "4210160.04": 0.1851256762959208, "4210026.0": 0.21924511251224973, "4210270.04": 1.1125187011916355, "4210038.02": -0.32446016949981094, "4210271.02": 0.9492729302360202, "4210038.01": 1.2506731955316177, "4210230.01": -0.31554452410548794, "4210240.03": 0.18885164541394178, "4210271.01": 0.9851525658441636, "4210310.0": -0.18450918278280223, "4210273.01": 0.0312550196138033, "4210272.0": 0.5598562534567781, "4210273.03": 1.0000976138154924, "4210230.03": -1.1621290706992329, "4210230.04": -0.978140525040693, "4210311.02": 0.7832166591030731, "4210300.0": 0.512333467217003, "4210273.02": 0.7406483054516221, "4210273.04": 0.263211453816867, "4210280.03": 0.46312890106253335, "4210311.01": 0.9271538164630644, "4210280.01": 0.5295601237655774, "4210320.1": 0.4703641163959649, "4210320.04": 0.5849764755674499, "4210290.01": 1.343196964715051, "4210280.02": -0.08699715188659456, "4210290.06": 0.4412290176439119, "4210320.02": 0.15310197929782696, "4210320.09": -0.002051562504250776, "4210220.04": -0.6540316680214042, "4210320.08": 0.6671670336438427, "4210290.05": -0.7722440467649256, "4210290.03": -0.5470319372230964, "4210320.03": -0.14150990560508717, "4210320.07": -0.8359904801148974, "4210330.0": 0.7881002858584197, "4210220.03": -0.8019153213371194, "4210340.02": 0.4466635009706017, "4210340.01": 1.1975524506485677, "4210360.02": -1.1318465664797885, "4210340.03": -0.17918197077208467, "4210360.01": -0.9540795012441815, "4210500.02": 0.8934228728926044, "4210320.05": -1.2709480288404436, "4210500.01": 0.5780230690783865, "4210370.0": -1.6670417637902175, "4210520.0": -1.0869356359815103, "4210220.02": -0.9195028585673953, "4210210.02": -1.384799600728637, "4210190.0": -1.4116856325341167, "4210200.0": -1.0848000435192091}