{"4210600.03": 1.3893249289867429, "4210600.04": -0.24006436959259086, "4210119.02": 0.47120830560912896, "4210170.03": 1.0157499311457476, "4210605.0": -0.15455179597830176, "4210600.05": 1.2523867715009824, "4210600.06": 0.34400907928572955, "4210120.02": 0.6042318315971776, "4210119.04": 0.49348943176015114, "4210120.03": 0.22517676213718993, "4210120.01": 0.6832441313999125, "4210112.01": 0.8658465505325073, "4210119.06": 0.3612185518637222, "4210113.01": 1.2764246542720605, "4210112.02": 1.5846100894649948, "4210111.0": 0.4337171190503386, "4210113.02": 0.9866957064102136, "4210119.05": 0.8395075457566474, "4210114.0": 0.9407331895566855, "4210110.0": 0.34353683248727623, "4210115.0": 0.95284253671586, "4210118.0": 1.169524002582587, "4210117.02": 0.7948948666730377, "4210100.0": 0.05212683258775484, "4210140.02": 1.5060168010021668, "4210101.0": -0.365520074473912, "4210117.01": 0.8392584950253201, "4210116.02": 0.9074163315639558, "4210140.03": 0.45924112952823865, "4210116.01": 0.287729419838423, "4210102.0": -0.08338592101119864, "4210039.01": 0.06335596416804322, "4210140.01": 0.7081951636584736, "4210103.0": 0.09272934846174088, "4210001.02": -0.03288024688737832, "4210001.01": -0.30857478920245013, "4210040.04": 0.2719209191034292, "4210040.06": 0.014974777602047063, "4210003.0": -0.9857050493921012, "4210039.02": 0.11135658013695703, "4210041.09": 1.038876995982649, "4210002.0": -0.4685339417648613, "4210040.01": 0.5666937096413898, "4210005.0": -0.0698899135116322, "4210007.0": -1.0360621818500348, "4210006.0": -0.6457671390633137, "4210004.0": -0.7894457774060274, "4210008.0": -1.2627199988417437, "4210260.01": -1.5687054846029216, "4210040.05": -0.26781910174389323, "4210009.0": -1.4533501894864027, "4210011.0": -1.5838814450042966, "4210013.0": -1.208021320679316, "4210015.0": -1.755224251226742, "4210041.11": 1.11180389616346, "4210014.0": -0.8645229260922004, "4210260.02": -0.7769818024993226, "4210012.0": -1.6938796508272747, "4210010.0": -1.7829852172249694, "4210041.08": 0.623959217659019, "4210041.1": 0.0001700752895582567, "4210019.0": -1.4953559733210389, "4210020.0": -1.7728306948370238, "4210260.03": -0.5998375565988218, "4210018.0": -2.0415639233663216, "4210032.0": -1.0350455308571853, "4210160.01": 0.4655153441751198, "4210016.0": -2.3067070312134645, "4210017.0": -1.9889439846177313, "4210022.0": -2.157713158769906, "4210021.0": -1.5796959917384763, "4210023.0": -2.545735841779358, "4210041.13": -0.14851961110330295, "4210024.0": -2.613007300234093, "4210029.0": -1.4766132087955213, "4210031.0": -1.4476113673666502, "4210240.04": 0.6445556478657585, "4210240.02": -0.12541328134581314, "4210041.04": 0.8842053823934544, "4210170.07": 0.5961076115698034, "4210170.04": 1.3780797261873665, "4210170.06": 1.0996291104913347, "4210041.06": 1.6255542739286788, "4210170.05": 0.5829003922155928, "4210160.03": 0.8191767108676499, "4210610.0": 2.685051299894645, "4210041.03": 0.08068425090121922, "4210210.01": -0.3062516151388991, "4210025.0": -2.3744392003463664, "4210030.0": -1.270082699017778, "4210041.12": 0.44751750295867115, "4210033.01": -0.72299346176908, "4210160.05": -0.12083280684009742, "4210027.0": -0.802651792181681, "4210035.0": -0.6464489865683698, "4210033.02": 0.10640343215344968, "4210036.0": -1.209506259657267, "4210028.0": -1.9162927562511023, "4210041.07": 0.7633676563589787, "4210270.01": 0.003431192768632299, "4210270.03": 0.25769607199267947, "4210034.0": -0.7480534759346924, "4210037.0": -0.5987041712562021, "4210160.04": -0.8921331097293473, "4210026.0": -0.6709412502131273, "4210270.04": 0.19977884365274554, "4210038.02": -0.0015794702450874416, "4210271.02": -0.11043777328291461, "4210038.01": -0.4729048309721216, "4210230.01": 0.07337293456303677, "4210240.03": 1.0656203905636519, "4210271.01": 0.2816040568576971, "4210310.0": 0.5092684038217875, "4210273.01": -0.6124880624863196, "4210272.0": -0.3205929056649016, "4210273.03": -0.6565398717707337, "4210230.03": 0.556397558613679, "4210230.04": 0.9283679859315053, "4210311.02": -0.28632101099483875, "4210300.0": 0.304354650330765, "4210273.02": -0.7297662403840189, "4210273.04": -0.30528459157813925, "4210280.03": 0.7087714013886975, "4210311.01": 0.4219503042595597, "4210280.01": 0.12145238681993681, "4210320.1": -0.08207034678748791, "4210320.04": 1.5817441589351147, "4210290.01": 0.47568527224229873, "4210280.02": 0.41206389980292396, "4210290.06": -0.3408568273534619, "4210320.02": 0.715035173226076, "4210320.09": 0.25625376625551677, "4210220.04": 1.3866772262221319, "4210320.08": 0.6278757478488485, "4210290.05": -0.0332755476457799, "4210290.03": 0.08664383402545199, "4210320.03": 1.068895405521352, "4210320.07": 1.2692980907242877, "4210330.0": 0.015616082721397659, "4210220.03": 0.4239470448445065, "4210340.02": 0.029548583174682966, "4210340.01": -0.5029353186293619, "4210360.02": 1.0653220627861923, "4210340.03": 0.6331401044544973, "4210360.01": 0.3173648311384706, "4210500.02": -0.6952449795895895, "4210320.05": 1.0784651056067542, "4210500.01": 0.83222370115734, "4210370.0": 1.6585970132033567, "4210520.0": -0.5511797350587856, "4210220.02": 1.3477561392910513, "4210210.02": 0.939851336880902, "4210190.0": -0.4977455914137976, "4210200.0": 1.6946041532782055}