{"4210600.03": 0.7676265529766769, "4210600.04": -0.618963047882565, "4210119.02": 0.555820509961651, "4210170.03": 0.4796191051658382, "4210605.0": -0.8678567927727557, "4210600.05": 0.8968496685877313, "4210600.06": 0.01692563438939786, "4210120.02": 0.22595884707428252, "4210119.04": 0.06289915846020751, "4210120.03": -0.16845146815287235, "4210120.01": 0.3570283005834078, "4210112.01": 1.3685990908526844, "4210119.06": 0.03547587608459007, "4210113.01": 1.5780617781905126, "4210112.02": 2.593128784113182, "4210111.0": 0.5941157361255113, "4210113.02": 1.346645123693078, "4210119.05": 0.8240417894421993, "4210114.0": 1.47707763350305, "4210110.0": -0.034946699201708634, "4210115.0": 1.0089189517720527, "4210118.0": 1.6987980550287638, "4210117.02": 1.3043501978503305, "4210100.0": -0.28328211962687205, "4210140.02": 1.452296086590667, "4210101.0": -0.4809141803290065, "4210117.01": 1.473470128442523, "4210116.02": 1.316746256269182, "4210140.03": 0.6761301405717749, "4210116.01": 0.6888234816421874, "4210102.0": -0.9466921598282764, "4210039.01": 0.09192172368539893, "4210140.01": 0.6567913494687561, "4210103.0": 0.06775867871850219, "4210001.02": 0.17700749919571013, "4210001.01": -0.02380285906135736, "4210040.04": 0.4832420716217373, "4210040.06": -0.09683655462147715, "4210003.0": -0.7809240125064781, "4210039.02": 0.08812962251232823, "4210041.09": 1.0206809499000375, "4210002.0": -0.07628190899741628, "4210040.01": 0.931649585762973, "4210005.0": 0.9005707155536811, "4210007.0": -0.6343329017155575, "4210006.0": 0.059716461687257964, "4210004.0": -0.17099308207273878, "4210008.0": -1.2182719725776925, "4210260.01": -1.7201838852902631, "4210040.05": -0.12352079331272564, "4210009.0": -1.4551815703841138, "4210011.0": -1.5286339238568876, "4210013.0": -0.8005236734942148, "4210015.0": -1.5820974623597808, "4210041.11": 1.6333744529039458, "4210014.0": -0.22311425983007638, "4210260.02": -0.8182212099038295, "4210012.0": -1.6389577368837664, "4210010.0": -1.7210928972240438, "4210041.08": 0.6015751237867798, "4210041.1": -0.09927450614955459, "4210019.0": -1.0340561029270519, "4210020.0": -1.6596846848978088, "4210260.03": -0.5319704127366331, "4210018.0": -1.9113138251320843, "4210032.0": -0.8553701426282869, "4210160.01": 0.19764286409788429, "4210016.0": -2.4006178861941625, "4210017.0": -1.8521884545115428, "4210022.0": -2.1840830319788562, "4210021.0": -1.3392464267205237, "4210023.0": -2.715549074248924, "4210041.13": -0.3327713243819019, "4210024.0": -2.8980003401204404, "4210029.0": -1.1833393986519751, "4210031.0": -1.305035267779518, "4210240.04": 0.7999068258546017, "4210240.02": -0.07516118152545398, "4210041.04": 0.46322509578804616, "4210170.07": -0.23301524731867868, "4210170.04": 0.8126578945024236, "4210170.06": 0.5257866003248743, "4210041.06": 1.3264417304454554, "4210170.05": -0.013963524920584952, "4210160.03": 0.6089082273610599, "4210610.0": 2.2623691099146237, "4210041.03": -0.4334609970722658, "4210210.01": -0.8765557359440747, "4210025.0": -2.4654238038103085, "4210030.0": -0.9713704943102222, "4210041.12": 0.5273467097500021, "4210033.01": -0.40405681607983535, "4210160.05": -0.44494101403148606, "4210027.0": -0.25026697276049215, "4210035.0": -0.0836272370387523, "4210033.02": 0.7711334980289535, "4210036.0": -0.8635612122019583, "4210028.0": -1.8521685413528999, "4210041.07": 0.5078497188153226, "4210270.01": 0.6311057218642373, "4210270.03": 0.6227326977512952, "4210034.0": -0.27842288129498105, "4210037.0": -0.3220648071302054, "4210160.04": -1.14929659674394, "4210026.0": -0.26740922346413537, "4210270.04": 0.7219062170630334, "4210038.02": 0.7414113547923913, "4210271.02": 0.14905901015260298, "4210038.01": -0.06970850827383773, "4210230.01": -0.3532767264418495, "4210240.03": 1.0843286506043281, "4210271.01": 0.31875565589037913, "4210310.0": 1.5067363970970575, "4210273.01": -0.6618954461218589, "4210272.0": -0.6443840401916473, "4210273.03": -0.6272526792433499, "4210230.03": 0.08988043831050177, "4210230.04": 0.4945520513704716, "4210311.02": -0.3789090873600475, "4210300.0": 0.9165691568017704, "4210273.02": -0.7968614672081641, "4210273.04": -0.5386736610753228, "4210280.03": 0.47687738150221215, "4210311.01": 0.5805442136462681, "4210280.01": 0.02083881936676549, "4210320.1": 0.334065509268016, "4210320.04": 2.1222034516014134, "4210290.01": 0.6749733617796012, "4210280.02": 0.15797566225569296, "4210290.06": -0.3515695587213777, "4210320.02": 0.7221939476939766, "4210320.09": 0.31432337735928106, "4210220.04": 1.193110878073339, "4210320.08": 0.7115573064258041, "4210290.05": -0.4670440357765486, "4210290.03": -0.222088895523541, "4210320.03": 0.8310555426561467, "4210320.07": 0.8138120410899407, "4210330.0": 0.07117529451392693, "4210220.03": 0.11798599681269421, "4210340.02": -0.22375492349964507, "4210340.01": -0.5840512456933533, "4210360.02": 0.6202735086457033, "4210340.03": 0.30444574798567264, "4210360.01": -0.30634225836180873, "4210500.02": -0.7635304825630075, "4210320.05": 0.6046863409032529, "4210500.01": 0.661320225149649, "4210370.0": 1.1776586722838904, "4210520.0": -1.1523198316898486, "4210220.02": 0.8416412840670507, "4210210.02": 0.32874597516119775, "4210190.0": -1.007223781176823, "4210200.0": 1.1766356798767892}