{"7250001.02": 0.6392212530319893, "7250012.11": -0.42236779576282046, "7250002.04": 1.0012920975257635, "7250012.09": 1.2292279556829422, "7250012.1": 1.3969352557624828, "7250003.0": 0.42071191686359644, "7250012.08": 1.5019177783814002, "7250001.01": 1.4005702737673793, "7250012.06": 1.321515161756075, "7250002.03": 1.086463615861095, "7250002.01": 1.0676776295490553, "7250012.03": 1.5784556621667796, "7250011.01": 1.1227235380709097, "7250004.0": -0.01756955278104057, "7250012.02": 0.9245953079278448, "7250011.02": 0.31819181976225247, "7250010.0": 0.01918684236030876, "7250100.04": -1.2566938041514113, "7250012.01": 0.4623548137534124, "7250005.0": 0.5091574233789277, "7250011.03": 0.5681058083274051, "7250009.0": 0.2125562883929842, "7250013.07": 0.11066646994999219, "7250013.06": 0.7518100786256035, "7250007.0": 0.5416127177308965, "7250014.0": -0.1942313535298241, "7250008.0": 0.1651302576454329, "7250013.02": 0.29444103197495025, "7250006.01": 0.6523335973260046, "7250006.03": 0.4219346523212986, "7250013.01": -0.9250160461195588, "7250013.09": -0.820318202055319, "7250016.0": 0.06889664243481632, "7250006.04": -0.5755423274332037, "7250017.0": -0.14058859148840577, "7250015.0": -1.2613730425353022, "7250013.08": -0.22586005764964812, "7250006.02": 1.0310616780252566, "7250018.02": 0.19379143217217687, "7250100.02": -0.5104685204718832, "7250018.01": 1.0890274306019523, "7250019.0": 0.11489491837613057, "7250018.03": -0.05590820473577923, "7250100.03": -1.9034309730030823, "7250020.0": -1.2282083715523955, "7250018.09": 0.473627378285913, "7250013.04": -0.7981847104184766, "7250018.07": 0.011650318791834906, "7250021.02": -1.363126589973358, "7250018.08": -1.0541016855959564, "7250021.03": -0.49061917311926617, "7250018.06": -1.2333191442832534, "7250021.04": -0.8001021665204582, "7250022.0": -2.198483166191663, "7250021.01": -1.0626577952494118, "7250021.05": -0.9312783922908671, "7250102.01": -3.232289379672512}