{"7250001.02": 0.5259306626631618, "7250012.11": 1.0858533111669486, "7250002.04": 0.3917712467571187, "7250012.09": 0.9273928849917863, "7250012.1": 0.8052381041376176, "7250003.0": 0.9648402313563652, "7250012.08": 0.8367191007812662, "7250001.01": 0.5982899556866211, "7250012.06": 1.8945525641118488, "7250002.03": 0.08360575046896732, "7250002.01": -0.20077056433176557, "7250012.03": 1.500789055696575, "7250011.01": 0.8758393917778095, "7250004.0": 0.35556163574366245, "7250012.02": 1.6525640465831224, "7250011.02": -0.0901153041724567, "7250010.0": -0.25451936876513276, "7250100.04": -0.5352242916727554, "7250012.01": 1.0777990479951531, "7250005.0": 1.5258706282694643, "7250011.03": 0.5629042141664299, "7250009.0": 0.3813442792036975, "7250013.07": 0.40957571875431836, "7250013.06": 0.3364862210087304, "7250007.0": 0.6142855413199639, "7250014.0": -1.0656537175996643, "7250008.0": -0.03809877601315248, "7250013.02": -0.1479246744538392, "7250006.01": 0.7950355362877843, "7250006.03": 0.41726916227708705, "7250013.01": -1.3358602193662896, "7250013.09": -0.980619588151756, "7250016.0": 0.0543631039766561, "7250006.04": -0.5597946990435223, "7250017.0": 0.5155417275861778, "7250015.0": -0.7760948457209713, "7250013.08": -1.9504719823704895, "7250006.02": 0.41317048150366537, "7250018.02": -0.7430123254218967, "7250100.02": -2.154313914643433, "7250018.01": -0.08794635067753645, "7250019.0": -0.1487137926846386, "7250018.03": -0.737007911440665, "7250100.03": -3.3233651330817775, "7250020.0": -1.193789063284255, "7250018.09": -0.6497001600533938, "7250013.04": -0.3772808830615502, "7250018.07": -1.014205350904982, "7250021.02": -0.8239840405569518, "7250018.08": -1.107494725360017, "7250021.03": -0.1655261180930631, "7250018.06": -1.5759246292083453, "7250021.04": 0.47266456224373476, "7250021.01": 0.13747821086416515, "7250021.05": 1.352034320843742, "7250102.01": 0.47264173191060227}