{"7250001.02": -0.6914344045452413, "7250012.11": -0.7904135844396545, "7250002.04": -0.9137424069610433, "7250012.09": -1.0886989072940607, "7250012.1": -0.9600614174015566, "7250003.0": -1.4202574544758304, "7250012.08": -0.8806875472359191, "7250001.01": -0.28021227758637773, "7250012.06": -1.4817994196360016, "7250002.03": -0.4275658318585865, "7250002.01": 0.02893152759342154, "7250012.03": -1.3522271252016704, "7250011.01": -0.562683920474436, "7250004.0": -1.120138911855422, "7250012.02": -1.4588658125466678, "7250011.02": 0.09186837810917069, "7250010.0": 0.20511689326719093, "7250100.04": 0.5962905958163539, "7250012.01": -0.9449113522892371, "7250005.0": -1.3809621965681593, "7250011.03": -0.3163421338326093, "7250009.0": -0.6853621623549885, "7250013.07": -0.033603081764188636, "7250013.06": -0.18483904712467217, "7250007.0": -0.6231389091325852, "7250014.0": 0.8590609426788307, "7250008.0": 0.1362304702537544, "7250013.02": 0.048624291715264584, "7250006.01": -0.78405368478369, "7250006.03": -0.15827507422700943, "7250013.01": 0.8053461999501019, "7250013.09": 0.9793544634137828, "7250016.0": 0.08423704950693076, "7250006.04": 0.6330402556676128, "7250017.0": -0.16664648332009607, "7250015.0": 0.8670181287453556, "7250013.08": 1.1325881055820057, "7250006.02": -0.056834747814591406, "7250018.02": 0.9488883396468534, "7250100.02": 2.2488681055454514, "7250018.01": 0.4746481994626302, "7250019.0": 0.7651456315882257, "7250018.03": 1.181672765654216, "7250100.03": 2.5314516704243872, "7250020.0": 1.4502652465251982, "7250018.09": 1.205236800083257, "7250013.04": 0.4125664942079785, "7250018.07": 1.4898780992787153, "7250021.02": 0.04428009766106632, "7250018.08": 1.4739173251962656, "7250021.03": -0.6535326371867191, "7250018.06": 1.9534337357191844, "7250021.04": -1.1698657622698843, "7250021.01": -0.6303408879213029, "7250021.05": -1.6565067598864982, "7250102.01": 0.2260441286953949}