{"7250001.02": 0.8390334301532155, "7250012.11": 1.4161384208915213, "7250002.04": 0.21049706773998442, "7250012.09": 0.22752088409816168, "7250012.1": 0.3933269937400234, "7250003.0": 0.0453791721837248, "7250012.08": 0.5769054267426836, "7250001.01": 0.9460914766703945, "7250012.06": 0.6493391632008453, "7250002.03": 0.1631814622587369, "7250002.01": -0.18561189735571026, "7250012.03": -0.05079034408028255, "7250011.01": 0.02054222844665842, "7250004.0": -0.7475534647762896, "7250012.02": 0.4982654639230862, "7250011.02": 0.6128687682280843, "7250010.0": 0.4013067664696496, "7250100.04": 0.7217038805411148, "7250012.01": -0.04906478546592504, "7250005.0": -1.1925777182953778, "7250011.03": -0.3559697769202494, "7250009.0": -1.5214610894564513, "7250013.07": 1.3678038937692538, "7250013.06": 1.1612763909388748, "7250007.0": -1.4158997898632397, "7250014.0": -0.7946835077461845, "7250008.0": -0.8521687296457607, "7250013.02": 1.2585072209277528, "7250006.01": -1.5354107514340227, "7250006.03": -1.3900939717079384, "7250013.01": 0.7004269781653466, "7250013.09": 2.5690324722775153, "7250016.0": -2.1529182781964984, "7250006.04": -0.935835763874097, "7250017.0": -1.8362879808186463, "7250015.0": -0.8231218833417241, "7250013.08": 1.2109671046395682, "7250006.02": -1.867370693248058, "7250018.02": -0.8008407450548989, "7250100.02": 0.026690656773398946, "7250018.01": -0.7853570718328454, "7250019.0": -1.1347627512100136, "7250018.03": -0.9394984093874484, "7250100.03": 0.8502620001037302, "7250020.0": -0.49171817399374784, "7250018.09": -0.19005262923013305, "7250013.04": 0.9004979801653641, "7250018.07": -0.13287010457977785, "7250021.02": -0.04917817931209316, "7250018.08": -0.33802738756006034, "7250021.03": 1.7545519573840351, "7250018.06": -0.08683880965952417, "7250021.04": 0.4345357930308005, "7250021.01": 0.48969827910110986, "7250021.05": 0.7868452229268192, "7250102.01": 1.4227681325557455}