{"7250001.02": -0.752322281904714, "7250012.11": -0.8427900175727039, "7250002.04": -0.4052492799880544, "7250012.09": -0.4548926427006761, "7250012.1": -0.6125637054934516, "7250003.0": -0.7273807469415765, "7250012.08": -0.8945282724418372, "7250001.01": -0.7909888430782309, "7250012.06": -0.9374892317720984, "7250002.03": -0.6489590773952945, "7250002.01": -0.859990614600939, "7250012.03": -1.0447786824342644, "7250011.01": -1.0548617000673466, "7250004.0": -0.775485718721299, "7250012.02": -0.7408243506989876, "7250011.02": -1.0885802053670002, "7250010.0": -1.0386943121590597, "7250100.04": 0.6867264699985882, "7250012.01": -0.605571815582527, "7250005.0": -0.20731809969194895, "7250011.03": -0.7422169014259236, "7250009.0": -1.284841545252524, "7250013.07": -0.38152850377182473, "7250013.06": -0.33589506184214496, "7250007.0": -0.8264330092028918, "7250014.0": -1.034266424563493, "7250008.0": -1.5392960561025115, "7250013.02": 0.2292921194420251, "7250006.01": 0.9773202917518837, "7250006.03": 1.0798603783723268, "7250013.01": 0.11184080582931698, "7250013.09": 0.2777704520503534, "7250016.0": -0.9061447999406699, "7250006.04": 1.525783925958282, "7250017.0": -0.022088683126341883, "7250015.0": -0.871794339846106, "7250013.08": 1.4623417515953767, "7250006.02": 0.9875981915860306, "7250018.02": 2.0729569878548313, "7250100.02": 2.1404163057411782, "7250018.01": 1.272081332168057, "7250019.0": 0.6161336769759211, "7250018.03": 1.5150174065090094, "7250100.03": 1.3414247912967638, "7250020.0": 0.07182477326989817, "7250018.09": 1.4199979072548914, "7250013.04": -0.3017058597592552, "7250018.07": 2.266725381264682, "7250021.02": 0.8023048343057902, "7250018.08": 0.9176190178010135, "7250021.03": 0.4044473964958064, "7250018.06": 1.519286436912018, "7250021.04": 0.3916940065644673, "7250021.01": -0.12328420961213642, "7250021.05": -0.11875007953270782, "7250102.01": -1.1189495684080286}