{"7250001.02": 0.6613098400734919, "7250012.11": 0.01580402452408692, "7250002.04": -0.04878978591912188, "7250012.09": 0.18144552704392677, "7250012.1": -0.1312973189284099, "7250003.0": -0.5401558331817423, "7250012.08": 0.12148034505313031, "7250001.01": -0.7210878461144424, "7250012.06": -0.1715425104674471, "7250002.03": -1.0078847078510764, "7250002.01": -0.7827057895500348, "7250012.03": 0.30614018053605135, "7250011.01": -0.1982431204483329, "7250004.0": -1.1548371007614986, "7250012.02": 0.42181525009121607, "7250011.02": -0.9652227598097806, "7250010.0": -1.4709167987557394, "7250100.04": -0.4253572042042501, "7250012.01": 0.36084496413500905, "7250005.0": 0.9054012723240527, "7250011.03": -0.15681672871641644, "7250009.0": -1.231978527661939, "7250013.07": 0.35586687382920495, "7250013.06": -0.1813901747116692, "7250007.0": -0.6953168919303077, "7250014.0": -2.051547230937376, "7250008.0": -0.6117683918424328, "7250013.02": 0.023983453289483796, "7250006.01": 1.85179839509751, "7250006.03": 2.2056712937340395, "7250013.01": -0.5049596964308265, "7250013.09": -0.9415490980497675, "7250016.0": -0.45087174725835283, "7250006.04": 0.8934194239935976, "7250017.0": 1.1325582032455785, "7250015.0": -1.1462000074140546, "7250013.08": 0.4454270572186541, "7250006.02": 1.894752669312223, "7250018.02": 1.7320961322111, "7250100.02": 1.0209902462761251, "7250018.01": 1.9028605052370666, "7250019.0": 1.9220779571063626, "7250018.03": 0.6901860160505885, "7250100.03": -0.5518016919618097, "7250020.0": -0.13733984567875432, "7250018.09": 1.0000859878703527, "7250013.04": -0.9664647828895633, "7250018.07": 1.3724379641621138, "7250021.02": -0.4826157342891507, "7250018.08": 0.7768650345968773, "7250021.03": -1.4816965095466392, "7250018.06": 0.6454079839856939, "7250021.04": -0.2754061424555507, "7250021.01": -0.6657539476085423, "7250021.05": -1.2953335324406408, "7250102.01": -1.3938751431816163}