{"7250001.02": 0.5647709331409447, "7250012.11": 0.5105875206493152, "7250002.04": 1.21992058888907, "7250012.09": 1.392247034902665, "7250012.1": 1.289474764054353, "7250003.0": 1.3199554261800757, "7250012.08": 0.7541330659200896, "7250001.01": 0.17224297902950597, "7250012.06": 1.3242729232824235, "7250002.03": 0.6127437862077115, "7250002.01": -0.09091572026478889, "7250012.03": 1.1461044785476002, "7250011.01": 0.23998582368059246, "7250004.0": 1.0085682092617885, "7250012.02": 1.3175615648222352, "7250011.02": -0.3267754464781637, "7250010.0": -0.47038918220202647, "7250100.04": -0.2723498010602682, "7250012.01": 0.8843591991848273, "7250005.0": 0.9809620258825488, "7250011.03": 0.1258695983939006, "7250009.0": 0.27432964046460984, "7250013.07": 0.13131434271981418, "7250013.06": 0.297760751291102, "7250007.0": -0.05972797238983956, "7250014.0": -1.035804413734671, "7250008.0": -0.7972654988748865, "7250013.02": 0.3500523744965605, "7250006.01": 0.4379392294860149, "7250006.03": -0.10497338253068587, "7250013.01": -0.3665246715451556, "7250013.09": -0.4807853649577394, "7250016.0": -0.7944532587451199, "7250006.04": -0.49905408019609415, "7250017.0": -0.4532579423762983, "7250015.0": -1.337915733913282, "7250013.08": 0.32892098757649724, "7250006.02": -0.3191757216958786, "7250018.02": -0.7133137418822613, "7250100.02": -2.0362652448751866, "7250018.01": -0.722278530125829, "7250019.0": -1.261659300564586, "7250018.03": -1.0479431370700478, "7250100.03": -1.2577966493507406, "7250020.0": -1.8370890384816305, "7250018.09": -1.3160164825324476, "7250013.04": -0.38170775573476795, "7250018.07": -1.2956876739980294, "7250021.02": 0.8182551699333741, "7250018.08": -1.7272881049823667, "7250021.03": 1.3611498221265308, "7250018.06": -1.7330492122570829, "7250021.04": 1.8106194301359801, "7250021.01": 0.945967527558438, "7250021.05": 2.0100710676595623, "7250102.01": -0.8906772026581288}