{"7250001.02": 0.28219333543927755, "7250012.11": 0.1427181012528216, "7250002.04": 1.2341909623935565, "7250012.09": 1.7846590964290288, "7250012.1": 1.7665624827356576, "7250003.0": 0.3174978230028977, "7250012.08": 0.8600610498451388, "7250001.01": 0.4465073513935406, "7250012.06": 1.7634879878476226, "7250002.03": 1.003984746337428, "7250002.01": 0.3528329502471859, "7250012.03": 1.5873198723003015, "7250011.01": 0.9496567631776502, "7250004.0": -0.15897981461885374, "7250012.02": 1.6472199487241863, "7250011.02": -0.2542974886910856, "7250010.0": -0.8456106158844122, "7250100.04": -0.007688235213334195, "7250012.01": 1.291218110470517, "7250005.0": 0.6353708539195787, "7250011.03": 0.759142163668407, "7250009.0": -0.43571540531258585, "7250013.07": 0.12261091298166882, "7250013.06": 0.010480689808008427, "7250007.0": -0.44542198559647933, "7250014.0": -0.679966989279901, "7250008.0": -1.2737834674555166, "7250013.02": 0.5115431219274063, "7250006.01": 0.9008108086781126, "7250006.03": -0.11910491289688009, "7250013.01": -0.09065137424949522, "7250013.09": -0.5925009552404022, "7250016.0": -1.0385211322598435, "7250006.04": -0.052163910373620885, "7250017.0": -0.7609331422932419, "7250015.0": -1.510426917341255, "7250013.08": 0.4630683412696558, "7250006.02": 0.2159566321358863, "7250018.02": -0.07224845891390239, "7250100.02": -2.3332379433742134, "7250018.01": -0.4971706490476775, "7250019.0": -0.7804483420350699, "7250018.03": -0.5185439889730854, "7250100.03": -1.2314053125261317, "7250020.0": -1.8949937443412161, "7250018.09": -1.222127927652251, "7250013.04": -0.8024236245416575, "7250018.07": -0.5953885947703431, "7250021.02": 0.5837126488831891, "7250018.08": -1.9521871233397488, "7250021.03": 0.6215060464562437, "7250018.06": -1.3702788564095285, "7250021.04": 1.101689821442656, "7250021.01": -0.05376893930919598, "7250021.05": 1.3879637777238951, "7250102.01": -1.1539765485507414}