{"7250001.02": 0.32052543960501434, "7250012.11": 0.7833235056944746, "7250002.04": 0.519359158310495, "7250012.09": 1.0246451853222505, "7250012.1": 1.082711345767632, "7250003.0": 1.3956027152404467, "7250012.08": 0.5725142664816711, "7250001.01": 0.33571063761425946, "7250012.06": 1.7206223906752027, "7250002.03": 0.26513614362593374, "7250002.01": -0.3886064455256849, "7250012.03": 1.2630455027345262, "7250011.01": 0.3345102295455112, "7250004.0": 1.0020021276913476, "7250012.02": 1.572143295490714, "7250011.02": -0.4175835830654889, "7250010.0": -0.3699944672033364, "7250100.04": -0.440063784406881, "7250012.01": 1.0570021399981826, "7250005.0": 1.4733020355207729, "7250011.03": 0.32955612406349316, "7250009.0": 0.5515614260331496, "7250013.07": 0.3155560406198251, "7250013.06": 0.355738814207983, "7250007.0": 0.4651217067076615, "7250014.0": -0.9567336784043663, "7250008.0": -0.2783725530232757, "7250013.02": 0.13518766235150512, "7250006.01": 0.8384981933247729, "7250006.03": 0.2380564619391232, "7250013.01": -0.8304922361588084, "7250013.09": -0.8403027198942016, "7250016.0": -0.2542377881338326, "7250006.04": -0.5083829703049426, "7250017.0": 0.09023647049707319, "7250015.0": -1.0559844144528023, "7250013.08": -0.7884464456076067, "7250006.02": 0.09089274729193955, "7250018.02": -0.7383459543628702, "7250100.02": -2.2990008150154817, "7250018.01": -0.428036207258259, "7250019.0": -0.7421434061841584, "7250018.03": -0.9957789582565949, "7250100.03": -2.462042726409793, "7250020.0": -1.5768263112147443, "7250018.09": -1.1797339020762088, "7250013.04": -0.4116591149714719, "7250018.07": -1.3053517430174824, "7250021.02": 0.1716167469943572, "7250018.08": -1.6177450496539785, "7250021.03": 0.6701231085555697, "7250018.06": -1.8768419435818464, "7250021.04": 1.4041958691678362, "7250021.01": 0.6893154149819886, "7250021.05": 1.914486550285534, "7250102.01": -0.2195922381561565}