{"7250001.02": 0.5278290139016452, "7250012.11": 0.5366032765303579, "7250002.04": 1.184951302202803, "7250012.09": 1.3434329787462111, "7250012.1": 1.2861576991654233, "7250003.0": 1.3502554065486967, "7250012.08": 0.6932788230151358, "7250001.01": 0.10219803079388082, "7250012.06": 1.2608096511423352, "7250002.03": 0.538262848231703, "7250002.01": -0.1945422177903531, "7250012.03": 1.0762521544390908, "7250011.01": 0.11794331404996146, "7250004.0": 1.0809847793285514, "7250012.02": 1.2839826734696362, "7250011.02": -0.4478399887296785, "7250010.0": -0.5200478463299142, "7250100.04": -0.26099504370549287, "7250012.01": 0.8279848094209232, "7250005.0": 0.9941648983811953, "7250011.03": -0.025729838965546467, "7250009.0": 0.17253609173757958, "7250013.07": 0.13018220368541783, "7250013.06": 0.25242849278275314, "7250007.0": -0.08486033786909764, "7250014.0": -1.2157556563133591, "7250008.0": -0.9869179074350505, "7250013.02": 0.3378991709228473, "7250006.01": 0.5821352635006115, "7250006.03": 0.028774895868916527, "7250013.01": -0.40367011808551634, "7250013.09": -0.46343453944842095, "7250016.0": -0.9300060988152825, "7250006.04": -0.3622084654221696, "7250017.0": -0.4526908319490992, "7250015.0": -1.4603294383039396, "7250013.08": 0.4447718523226074, "7250006.02": -0.2902629339863043, "7250018.02": -0.575490812992545, "7250100.02": -1.8271645371383338, "7250018.01": -0.6090436409796153, "7250019.0": -1.2360046591821123, "7250018.03": -0.9612588497837493, "7250100.03": -1.0530603536322583, "7250020.0": -1.9143793461675835, "7250018.09": -1.3311585081818882, "7250013.04": -0.35985058240984746, "7250018.07": -1.2494671778719768, "7250021.02": 0.8704698497869311, "7250018.08": -1.6784217551999183, "7250021.03": 1.460526460559952, "7250018.06": -1.668547118442052, "7250021.04": 1.9485823218563367, "7250021.01": 1.023372880055532, "7250021.05": 2.0434314553228585, "7250102.01": -0.9370639926389219}