{"7250001.02": -1.580682778988335, "7250012.11": -1.4066896929658455, "7250002.04": -0.8528226492128727, "7250012.09": -0.9693272253674915, "7250012.1": -0.7012898796255133, "7250003.0": -1.01380918027701, "7250012.08": -1.0025135338000606, "7250001.01": -0.5504506482472409, "7250012.06": -0.8266020782613887, "7250002.03": 0.17334029698071185, "7250002.01": 0.2796657961262325, "7250012.03": -0.35177686903156413, "7250011.01": -0.19261864693263053, "7250004.0": -0.018596455265314723, "7250012.02": -0.5515224445795452, "7250011.02": 0.7897645947033886, "7250010.0": 0.8682360021740463, "7250100.04": -0.17232133461817647, "7250012.01": 0.2324709606691206, "7250005.0": -1.2496034734179458, "7250011.03": 1.1046187038879622, "7250009.0": 1.2061082186741499, "7250013.07": -0.0215668892039491, "7250013.06": 0.32715549465996974, "7250007.0": 0.05586686380658609, "7250014.0": 2.579292630170308, "7250008.0": 1.5301701561320589, "7250013.02": 0.36947816097262737, "7250006.01": -1.3126713234062743, "7250006.03": -1.5963930151850836, "7250013.01": 2.341687589799056, "7250013.09": 0.2382456852384785, "7250016.0": 1.5713169707623988, "7250006.04": -0.8155176277238784, "7250017.0": -0.7513522342634773, "7250015.0": 2.1194226216886265, "7250013.08": 1.691328611706239, "7250006.02": -1.1089221712979975, "7250018.02": -0.46826104383160355, "7250100.02": -0.615024445325956, "7250018.01": -1.013894440134725, "7250019.0": -0.5001756895856512, "7250018.03": -0.7469956452894083, "7250100.03": 1.5036064368544975, "7250020.0": 0.6936935700683935, "7250018.09": -0.9691553466895441, "7250013.04": 0.46639363582458676, "7250018.07": -0.1348557348564305, "7250021.02": 1.2292987693921773, "7250018.08": -0.4024819934593845, "7250021.03": 0.3889308105566573, "7250018.06": -0.628582270445583, "7250021.04": 0.13838145766176502, "7250021.01": 0.12276995706960638, "7250021.05": 0.19179538665683413, "7250102.01": 0.3134373790534725}