{"7250001.02": 0.6824391414463402, "7250012.11": -0.7586668268216653, "7250002.04": 1.6618851378734565, "7250012.09": 0.9914934761330774, "7250012.1": 0.6840041806224524, "7250003.0": 0.9522409849424296, "7250012.08": 1.083347794085118, "7250001.01": -0.330557222084943, "7250012.06": 0.3512675939846154, "7250002.03": 0.9507067933661155, "7250002.01": 1.2721871738023096, "7250012.03": 1.0256683329437635, "7250011.01": 0.7339221957844388, "7250004.0": 1.525055100148495, "7250012.02": 0.4992825627029269, "7250011.02": 0.4865894487345524, "7250010.0": -0.05563206431637612, "7250100.04": -0.8258992755596484, "7250012.01": 0.7627835411654186, "7250005.0": 0.7549578917989435, "7250011.03": 0.7105847466516444, "7250009.0": 1.109886903400235, "7250013.07": -1.0220690065337283, "7250013.06": -0.7537906433820086, "7250007.0": 0.8267771406572311, "7250014.0": 0.3959953196919148, "7250008.0": 0.2555460205802998, "7250013.02": -0.43237002068392294, "7250006.01": 1.2430810359709252, "7250006.03": 0.35626552905561415, "7250013.01": 0.20462809354712497, "7250013.09": -1.7994348627848267, "7250016.0": 0.6719276555549952, "7250006.04": -0.20709080925950812, "7250017.0": 0.3952825102281827, "7250015.0": -0.2436348001399111, "7250013.08": -0.9937347266326024, "7250006.02": 0.8655058962393984, "7250018.02": -0.7902832454995787, "7250100.02": -2.0920319967215315, "7250018.01": -0.6603088571331478, "7250019.0": -0.8786536467533362, "7250018.03": -1.1969132502918332, "7250100.03": -1.8577805344703657, "7250020.0": -0.6041432708327651, "7250018.09": -1.2425858538344154, "7250013.04": -0.6282232112184393, "7250018.07": -1.6895245929907505, "7250021.02": 0.566170656515566, "7250018.08": -1.6971412851142345, "7250021.03": 0.7819768682121636, "7250018.06": -2.2986912358224685, "7250021.04": 0.5736813916851067, "7250021.01": 0.397798401320868, "7250021.05": 0.5759919642361401, "7250102.01": -1.289770244199812}