{"7250001.02": 0.619662668449481, "7250012.11": 1.806428427112043, "7250002.04": 0.06306079397152577, "7250012.09": 0.9640167439983013, "7250012.1": 0.2849887777579164, "7250003.0": 0.35850157124844256, "7250012.08": -0.12013820882845384, "7250001.01": 0.2928447008200689, "7250012.06": 0.5751300410591423, "7250002.03": -0.22128749153202582, "7250002.01": -0.86234097728989, "7250012.03": -0.1678480778450559, "7250011.01": -0.5624185182551246, "7250004.0": -0.42092256583800625, "7250012.02": 0.5654681095689309, "7250011.02": -0.42713828119374164, "7250010.0": -0.2029309369721048, "7250100.04": 0.8525321223547914, "7250012.01": -0.5176542903412696, "7250005.0": -0.5192154103091365, "7250011.03": -1.005878317930306, "7250009.0": -1.3055679297123577, "7250013.07": 1.647319719179225, "7250013.06": 1.1068101065782678, "7250007.0": -1.4563506008284854, "7250014.0": -1.248720611227538, "7250008.0": -1.4306340624483649, "7250013.02": 0.9024116037929476, "7250006.01": -1.5038881629701615, "7250006.03": -0.8573371435788772, "7250013.01": -0.4593588474837667, "7250013.09": 2.185643791225555, "7250016.0": -2.0027616913725583, "7250006.04": -0.5760632327399002, "7250017.0": -1.5319026038405648, "7250015.0": -1.3213200198482473, "7250013.08": 2.002531969481034, "7250006.02": -1.7779965491802225, "7250018.02": -0.35245285707419766, "7250100.02": 0.96360438544418, "7250018.01": -0.37741210950716697, "7250019.0": -0.8199743229061623, "7250018.03": -0.08194578527818482, "7250100.03": 1.6383234927895127, "7250020.0": -1.0657055233082033, "7250018.09": 0.2570327000195841, "7250013.04": 0.37445941637756375, "7250018.07": 0.478570894634644, "7250021.02": -0.1512635016988259, "7250018.08": 0.5957623598851848, "7250021.03": 0.4026374421838641, "7250018.06": 1.2680813822144539, "7250021.04": 0.6860759360269736, "7250021.01": 0.5744329803304191, "7250021.05": 1.0401230557925436, "7250102.01": 0.8419734390422882}