{"7250001.02": 0.1721233504085016, "7250012.11": -1.6848912322329017, "7250002.04": 1.142145641301904, "7250012.09": 0.3428481842054022, "7250012.1": 0.46367187265980025, "7250003.0": 1.3797204724526153, "7250012.08": 0.517199025218111, "7250001.01": -0.7931466891162385, "7250012.06": -0.4152040092420755, "7250002.03": 0.9663727847842553, "7250002.01": 1.1634565864055244, "7250012.03": 0.3198448798579754, "7250011.01": 0.09816856586336782, "7250004.0": 2.4378623039653893, "7250012.02": -0.07875733680402415, "7250011.02": 0.503231515245102, "7250010.0": -0.08717007827112633, "7250100.04": -0.891819054722123, "7250012.01": 0.5838629823726537, "7250005.0": 0.623137438755102, "7250011.03": 0.48502190787850846, "7250009.0": 1.6952583410644444, "7250013.07": -1.3623900841628305, "7250013.06": -0.46973173741307617, "7250007.0": 0.9258193912410773, "7250014.0": 0.9443224502749437, "7250008.0": 0.4943049316144063, "7250013.02": -0.20217412548563748, "7250006.01": 1.2837305577951137, "7250006.03": 0.315844771555026, "7250013.01": 0.689311210419865, "7250013.09": -1.6597654855243116, "7250016.0": 0.3754381104115931, "7250006.04": 0.6362668190886533, "7250017.0": 0.0849809797380667, "7250015.0": 0.3018183179154451, "7250013.08": -0.27985128970708334, "7250006.02": 0.6218170088153434, "7250018.02": 0.14427918205768436, "7250100.02": -1.456896822698591, "7250018.01": -0.575329809581314, "7250019.0": -0.9953248257022929, "7250018.03": -0.6992612083456724, "7250100.03": -1.143719374110119, "7250020.0": -0.7937856344124499, "7250018.09": -1.5308239005186317, "7250013.04": -0.4080948284629107, "7250018.07": -1.5948107295960372, "7250021.02": 1.4217919445646097, "7250018.08": -1.528967484939566, "7250021.03": 0.6946083902989049, "7250018.06": -2.067431317096989, "7250021.04": 0.5196218385672983, "7250021.01": 0.5744002536388697, "7250021.05": -0.10323401045202357, "7250102.01": -2.0997009418377743}