{"7250001.02": -0.22240506700688212, "7250012.11": -1.4555491411217842, "7250002.04": 0.16312075688724315, "7250012.09": -0.05806396103832012, "7250012.1": -0.3071728098193139, "7250003.0": 0.6040865805681891, "7250012.08": -0.4512432535678621, "7250001.01": -0.13775086619143875, "7250012.06": -0.6677566358233348, "7250002.03": 0.8811965214059859, "7250002.01": 0.7575731961286112, "7250012.03": -0.23621634601833696, "7250011.01": 0.08198674407308008, "7250004.0": 1.0085615668733348, "7250012.02": -0.5108964344284196, "7250011.02": 0.44471097328435005, "7250010.0": 0.6769945686530485, "7250100.04": -0.7320807940726336, "7250012.01": -0.054046455756535265, "7250005.0": 0.32386121919878463, "7250011.03": 1.2105286825129247, "7250009.0": 2.1589676556595743, "7250013.07": -0.810340515047437, "7250013.06": -0.4392697355404231, "7250007.0": 1.6844761450522616, "7250014.0": 2.4156588718884695, "7250008.0": 2.2067496670282187, "7250013.02": -0.3482213284101705, "7250006.01": 0.8554580318016776, "7250006.03": -0.11508271674980665, "7250013.01": 1.477014379156338, "7250013.09": -1.204147852946114, "7250016.0": 1.9290508822969588, "7250006.04": -0.6228151037450578, "7250017.0": 0.13451556079893298, "7250015.0": 1.1364278018095058, "7250013.08": 0.06336033275102161, "7250006.02": 0.650021909264755, "7250018.02": -0.9749363117601014, "7250100.02": -1.1989702628309284, "7250018.01": -1.0416782456235891, "7250019.0": -0.7175069820797692, "7250018.03": -1.0725180780580792, "7250100.03": -0.38457777753431677, "7250020.0": 0.7315212055560567, "7250018.09": -1.4452654773987157, "7250013.04": -0.5029374529719948, "7250018.07": -1.605524697060628, "7250021.02": 0.398323338032875, "7250018.08": -1.4300419453209396, "7250021.03": 0.008325088599455722, "7250018.06": -1.597248690477249, "7250021.04": -0.10351224552131938, "7250021.01": 0.2597463639390292, "7250021.05": -0.35889131496816185, "7250102.01": -1.4555695443310384}