{"7250001.02": 0.34588385129452215, "7250012.11": 0.17818349304859932, "7250002.04": 1.2429987364843516, "7250012.09": 1.612141884079932, "7250012.1": 2.47861498621498, "7250003.0": 0.2091637220571551, "7250012.08": 0.6562521819402659, "7250001.01": 0.48367793451142904, "7250012.06": 0.9124379188934091, "7250002.03": 1.0325394756568282, "7250002.01": -0.7824232809577035, "7250012.03": 0.21489269628146226, "7250011.01": -0.27561885548902143, "7250004.0": -0.38267359156327585, "7250012.02": 1.3109000009684384, "7250011.02": -1.0891107657511871, "7250010.0": -0.8545767939057406, "7250100.04": 0.7400155189434164, "7250012.01": 0.6466060356814636, "7250005.0": -0.16346820269734827, "7250011.03": -0.2652786082367284, "7250009.0": -1.0057941856148658, "7250013.07": 0.10129223427229214, "7250013.06": 1.8095223929406015, "7250007.0": -1.007904265710876, "7250014.0": -1.219333251220655, "7250008.0": -1.26686389139747, "7250013.02": 0.8681141566516591, "7250006.01": -0.39986282877926593, "7250006.03": -0.8496538645455181, "7250013.01": 0.05149434921424285, "7250013.09": 1.0706864602779884, "7250016.0": -1.1190243063825358, "7250006.04": -0.643844314299227, "7250017.0": -1.0294934924645662, "7250015.0": -1.3997489175043794, "7250013.08": 1.8154227706226642, "7250006.02": -0.5750634356205646, "7250018.02": -0.6755945103737907, "7250100.02": -1.651573782101309, "7250018.01": -0.8418636881298528, "7250019.0": -0.774382976298248, "7250018.03": -0.8608288002650121, "7250100.03": 1.1871754245858357, "7250020.0": -0.9619495964576793, "7250018.09": -0.2755194812529262, "7250013.04": 0.16606430869879363, "7250018.07": -0.5048605909379089, "7250021.02": 0.803242592601866, "7250018.08": -1.3122997459440853, "7250021.03": 1.6043885953914918, "7250018.06": -0.7194632413407627, "7250021.04": 1.1186802134455547, "7250021.01": 0.49942039224396734, "7250021.05": 1.089984932025984, "7250102.01": -1.3417239937867227}