{"7250001.02": -0.27296098946044695, "7250012.11": -0.36548651976984886, "7250002.04": -0.9085991054613207, "7250012.09": -1.0899165465186307, "7250012.1": -1.367007273759976, "7250003.0": -0.9692887620448077, "7250012.08": -0.7387872978416287, "7250001.01": -0.23766559238365031, "7250012.06": -1.4513018966583087, "7250002.03": -0.7234361831282395, "7250002.01": 0.143807335020612, "7250012.03": -1.2765492362627417, "7250011.01": -0.17077668973588128, "7250004.0": -0.7679199768728072, "7250012.02": -1.3867401552872944, "7250011.02": 0.2580759794568382, "7250010.0": 0.8374443154478395, "7250100.04": 0.12482366055268243, "7250012.01": -1.1764093924596462, "7250005.0": -0.9030093075992253, "7250011.03": -0.43159042397528286, "7250009.0": -0.25109099807668506, "7250013.07": -0.03914994443590956, "7250013.06": -0.07884487388532155, "7250007.0": 0.2577624459541903, "7250014.0": 0.6994265674875204, "7250008.0": 0.6271043696319833, "7250013.02": -0.4771549853943855, "7250006.01": -0.5711286016950113, "7250006.03": 0.05774429726302915, "7250013.01": 0.060983129296727244, "7250013.09": 0.48937666227237797, "7250016.0": 0.558390988803482, "7250006.04": 0.3205194094951487, "7250017.0": 0.47814198773472566, "7250015.0": 1.225578738538009, "7250013.08": -0.0748565943940263, "7250006.02": 0.02209585445092419, "7250018.02": 0.4667990535159755, "7250100.02": 2.3583732244736524, "7250018.01": 0.7511972641100608, "7250019.0": 1.2084989444713405, "7250018.03": 0.8384751255580484, "7250100.03": 1.6493164667283464, "7250020.0": 1.6965141115919165, "7250018.09": 1.2699251628941397, "7250013.04": 0.46830001501473045, "7250018.07": 1.106667555639385, "7250021.02": -1.080002517089419, "7250018.08": 2.0118182585168496, "7250021.03": -1.2930425596494453, "7250018.06": 1.8987486846127726, "7250021.04": -1.8063385523160416, "7250021.01": -0.7225484918416342, "7250021.05": -2.0728745089251643, "7250102.01": 0.8185683683896248}