{"7250001.02": 0.4157275917782706, "7250012.11": 0.12660658737738506, "7250002.04": -0.13076201882227706, "7250012.09": 0.5808646368757011, "7250012.1": -0.23313544897147667, "7250003.0": -0.7614574183759191, "7250012.08": -0.22218884929569502, "7250001.01": -0.16255596503996161, "7250012.06": -0.23093040232656697, "7250002.03": -0.5361842748207468, "7250002.01": -0.23013895471122264, "7250012.03": -0.23063908925092486, "7250011.01": 0.006583795091801465, "7250004.0": -2.1138963096703227, "7250012.02": 0.06945760912220238, "7250011.02": -0.5762726629927746, "7250010.0": -0.9140952234428139, "7250100.04": 0.5402999886677866, "7250012.01": -0.10127609011490801, "7250005.0": -0.1513024525083026, "7250011.03": 0.3378980649656985, "7250009.0": -2.124887395774504, "7250013.07": 0.5232232804816159, "7250013.06": 0.36943816833110626, "7250007.0": -2.4543485223636616, "7250014.0": -1.721463166337848, "7250008.0": -1.7490304888941308, "7250013.02": 0.5049939609395523, "7250006.01": 0.5795781257799955, "7250006.03": 0.8281780315834412, "7250013.01": -0.05311186765858521, "7250013.09": 0.5017483874095776, "7250016.0": -1.5018419096259266, "7250006.04": 0.9509026763077316, "7250017.0": -0.24946048776469956, "7250015.0": -1.5407439727010857, "7250013.08": 1.2919606526225, "7250006.02": 0.803853656189217, "7250018.02": 1.0126238870400541, "7250100.02": 1.4316781236045686, "7250018.01": 0.8697165053404607, "7250019.0": 0.8995288995902831, "7250018.03": 1.0034813263439961, "7250100.03": 1.3831419012262691, "7250020.0": -0.3128886386931241, "7250018.09": 1.3625428928150878, "7250013.04": -0.13655435809248895, "7250018.07": 1.846296610263955, "7250021.02": -0.2596288084690029, "7250018.08": 1.4593534821408476, "7250021.03": -0.7300193890077922, "7250018.06": 2.0612433269339827, "7250021.04": -0.5255830399593473, "7250021.01": -0.02023927536013281, "7250021.05": -0.9692169180212307, "7250102.01": -0.8170687697555925}