{"7250001.02": -0.6025748378436974, "7250012.11": -0.5483557135369467, "7250002.04": -1.177540415849856, "7250012.09": -1.4665569189110736, "7250012.1": -1.1933484196338202, "7250003.0": -1.3357184425973347, "7250012.08": -0.7199939139880035, "7250001.01": -0.3813517230187296, "7250012.06": -1.577015611807057, "7250002.03": -0.6320851136589616, "7250002.01": 0.17451913955469367, "7250012.03": -1.2148386074609918, "7250011.01": -0.4031132117330039, "7250004.0": -0.8876825478377282, "7250012.02": -1.3587940686046796, "7250011.02": 0.3082442766644258, "7250010.0": 0.4704362598203636, "7250100.04": 0.1971311643608105, "7250012.01": -0.8946173065682929, "7250005.0": -1.267208598502149, "7250011.03": -0.21855974829011066, "7250009.0": -0.43621084539670557, "7250013.07": -0.12400640662912003, "7250013.06": -0.29066408616598377, "7250007.0": -0.309435921831488, "7250014.0": 1.0596478102372846, "7250008.0": 0.46589266114958755, "7250013.02": -0.14106694509016632, "7250006.01": -0.6173304906702691, "7250006.03": -0.019664126328949465, "7250013.01": 0.7372642384806528, "7250013.09": 0.7243405198843089, "7250016.0": 0.3932856985793747, "7250006.04": 0.5690415077217387, "7250017.0": 0.08378163764371702, "7250015.0": 1.1603455391069943, "7250013.08": 0.4306338856448385, "7250006.02": 0.07817423770818674, "7250018.02": 0.8631227134094738, "7250100.02": 2.3512078317337126, "7250018.01": 0.6771892163973016, "7250019.0": 0.8896145247028915, "7250018.03": 1.0777779945504429, "7250100.03": 2.1406890568607895, "7250020.0": 1.600488323906283, "7250018.09": 1.0981089259114343, "7250013.04": 0.5096756084907774, "7250018.07": 1.216998181362926, "7250021.02": -0.3717936249135591, "7250018.08": 1.669623353186804, "7250021.03": -0.9523385227850293, "7250018.06": 1.8102732921966318, "7250021.04": -1.487635211088216, "7250021.01": -0.6695504139605942, "7250021.05": -1.9739769137349839, "7250102.01": 0.5155211091710485}