{"5550140.0": 0.7084448254680982, "5550210.0": 0.4821196222547092, "5550001.02": -0.3557079027347518, "5550002.04": -0.544276799396962, "5550001.07": -0.2648073507159832, "5550100.01": 0.8281808223793449, "5550001.08": -0.0197357888154879, "5550026.0": -0.07820642890946537, "5550027.07": -0.024744276755371587, "5550030.0": -0.43300193251974856, "5550028.0": -0.3279640005636037, "5550110.02": 3.5816371656339228, "5550110.01": 0.08362636801229924, "5550001.06": -0.03952170511548256, "5550006.04": 0.0267162653154648, "5550006.05": 0.048099072154575435, "5550006.01": 0.1627119364402586, "5550001.05": -0.016195633223320335, "5550006.02": -0.08470662131248458, "5550005.03": 0.056635702230025696, "5550001.03": -0.2728130373229497, "5550002.02": -0.3831597669897677, "5550004.04": 0.08730878074131568, "5550002.01": -0.5932364109003571, "5550005.01": -0.07593117189743638, "5550005.02": -0.19536139345388023, "5550004.01": -0.2653179273565059, "5550004.03": 0.058249514102772716, "5550007.02": 0.089205320073218, "5550002.03": -0.477357908715314, "5550010.01": -0.14424356311550013, "5550007.01": 0.013828496126913553, "5550003.0": -0.20779794094166443, "5550011.0": -0.2926115438509244, "5550012.0": -0.22304182786729881, "5550009.02": 0.18511919335916488, "5550010.02": -0.2052960759725667, "5550008.0": 0.49415111980927207, "5550013.0": -0.5085506132663232, "5550016.0": -0.22982355587705736, "5550019.0": -0.11215960615808705, "5550018.0": -0.2561920297574955, "5550015.0": -0.28558642130640577, "5550009.01": 0.590637081181162, "5550017.0": -0.38929164512127146, "5550014.0": -0.4661048360238408, "5550020.01": 0.07742055733769039, "5550023.0": -0.38780501538193557, "5550022.0": -0.40492462190290607, "5550020.02": 3.7184202210370274, "5550024.0": -0.5074162436779515, "5550025.0": -0.34763902350999015, "5550021.0": -0.0395306812161813, "5550044.06": 0.03312282912963794, "5550033.0": -0.5067846215198122, "5550044.07": -0.28696386877529734, "5550031.0": -0.4988534392896528, "5550034.0": -0.44818571617540676, "5550032.0": -0.735796968038462, "5550044.04": -0.20097888484244525, "5550044.01": -0.022923254295104886, "5550044.05": -0.034158333127310384, "5550043.0": -0.3933536253686316, "5550150.0": 0.8136563748462788, "5550044.02": -0.013378766554442662, "5550035.0": -0.6602883584633439, "5550042.0": -0.4921298793099398, "5550036.0": -0.6648671332146304, "5550040.0": -0.6096699772744052, "5550045.0": -0.2939863496941132, "5550051.0": -0.1446996759970295, "5550041.0": -0.5774118321756759, "5550039.0": -0.5631813515190595, "5550037.0": -0.5562057884033625, "5550050.03": -0.5190224191284685, "5550046.0": -0.5194514081275862, "5550038.0": -0.3938804955919968, "5550050.02": -0.009854813601600737, "5550048.0": -0.4191810942297887, "5550120.03": 7.290850337569207, "5550047.0": -0.1030814413682924, "5550050.01": 0.1948973588690344, "5550049.01": -0.05990543786638376, "5550049.02": 0.3410661423206016, "5550120.02": 0.7647694042247404, "5550027.06": -0.32756666060707024, "5550029.0": -0.5023882514343961, "5550027.04": -0.47573894606389083, "5550027.03": -0.4794312802657371, "5550027.05": 0.0018718243107370925, "5550100.02": -0.4182897387104836, "5550130.0": 0.33111796556008927, "5550230.0": 0.327806812192515}