{"5550140.0": 1.342768606929601, "5550210.0": 1.1270152190142189, "5550001.02": 0.13564628663886805, "5550002.04": -0.05197237946091668, "5550001.07": 0.05058195243362846, "5550100.01": 1.4569116481032813, "5550001.08": -0.2575566469925999, "5550026.0": -0.46233246537225314, "5550027.07": 0.6345664122317656, "5550030.0": -1.0943684875499886, "5550028.0": -0.6144321969036458, "5550110.02": 1.0074162830846203, "5550110.01": 1.943241750573353, "5550001.06": 0.08668906672820677, "5550006.04": 1.697029632387944, "5550006.05": 1.839973256200518, "5550006.01": 1.1685732346808686, "5550001.05": 0.049933044851033975, "5550006.02": 0.733935911344092, "5550005.03": 0.5414964020708962, "5550001.03": 0.016229315683472193, "5550002.02": -0.018215252088320207, "5550004.04": 0.2925399314965885, "5550002.01": 0.22722767488309045, "5550005.01": -0.17331704704319328, "5550005.02": -0.22087987180220384, "5550004.01": 0.1288446125766361, "5550004.03": -0.33180367704557945, "5550007.02": 1.1415138394569886, "5550002.03": -0.15976198264510316, "5550010.01": -0.28536939944989786, "5550007.01": 2.251850806373088, "5550003.0": -0.044624901260663444, "5550011.0": -0.6318629703168002, "5550012.0": -0.3897420016737065, "5550009.02": 0.3987313871474691, "5550010.02": -0.8104097399855467, "5550008.0": 1.1265529382535475, "5550013.0": -0.5628710532062453, "5550016.0": -0.6752338892533816, "5550019.0": -1.4358730681704774, "5550018.0": -1.1411975904574412, "5550015.0": -1.008496346157421, "5550009.01": 1.2663864004290402, "5550017.0": -0.778133515685916, "5550014.0": -1.135977220654349, "5550020.01": -0.6082773976212326, "5550023.0": -1.59968314315927, "5550022.0": -1.4994598844271005, "5550020.02": 0.7268471263125221, "5550024.0": -1.8665016032786692, "5550025.0": -1.2355241717961483, "5550021.0": -0.9244835945129107, "5550044.06": 0.48028424023122124, "5550033.0": -1.8577990354071514, "5550044.07": 1.0986347218089285, "5550031.0": -0.9485090537829924, "5550034.0": -0.5993807536135981, "5550032.0": -1.0415122956045604, "5550044.04": 0.9461035588936422, "5550044.01": 0.2168884767254798, "5550044.05": 1.219724806949349, "5550043.0": -1.001701781969769, "5550150.0": 1.4430656481069664, "5550044.02": 0.9458247067322988, "5550035.0": -1.6954433747527153, "5550042.0": -1.1895056357337885, "5550036.0": -1.0161849262077751, "5550040.0": -0.5908311751754841, "5550045.0": 0.3442785992109405, "5550051.0": 0.7245750549288036, "5550041.0": -1.202898341071071, "5550039.0": -1.3395978302582559, "5550037.0": -1.1441771707518138, "5550050.03": 0.6983472372067625, "5550046.0": -1.0793489384633919, "5550038.0": -1.1746854338838855, "5550050.02": 0.6691492604895634, "5550048.0": -0.3624824851850667, "5550120.03": 1.4012854168393707, "5550047.0": -0.3066130886293765, "5550050.01": 1.6581854873353463, "5550049.01": 0.12340844330248149, "5550049.02": 1.7943462108305646, "5550120.02": 1.7452842479731276, "5550027.06": -0.33191765992014666, "5550029.0": -0.9256047291589029, "5550027.04": -0.1513715746220713, "5550027.03": -0.6133529493367178, "5550027.05": 0.4582436150871202, "5550100.02": -0.5053338657031149, "5550130.0": 0.756570651817135, "5550230.0": 0.9799104728482768}