{"5550140.0": 0.8903607840066093, "5550210.0": 0.6783473617634911, "5550001.02": -0.3384088404185521, "5550002.04": -0.5443403280455661, "5550001.07": -0.2394126073506467, "5550100.01": 1.0025252186803308, "5550001.08": -0.05497637575389276, "5550026.0": -0.08384054933171863, "5550027.07": -0.001500479290735037, "5550030.0": -0.45012146812299, "5550028.0": -0.36291882653500923, "5550110.02": 3.514603793613878, "5550110.01": 0.11708087199396813, "5550001.06": -0.039860383122523775, "5550006.04": 0.14737715742631302, "5550006.05": 0.10418144366345351, "5550006.01": 0.19006739749086576, "5550001.05": -0.04358585939736633, "5550006.02": -0.03612974292327694, "5550005.03": 0.03636433373775057, "5550001.03": -0.3092982776339181, "5550002.02": -0.41201858881505266, "5550004.04": 0.045197349548903434, "5550002.01": -0.5512405308143395, "5550005.01": -0.09720147761410824, "5550005.02": -0.2553594937720938, "5550004.01": -0.26170507910893825, "5550004.03": -0.07262667687014927, "5550007.02": 0.05241641436237045, "5550002.03": -0.46579975382823224, "5550010.01": -0.21925998505173533, "5550007.01": 0.09955778244985775, "5550003.0": -0.26110650780903905, "5550011.0": -0.3313856315502132, "5550012.0": -0.2603147517950737, "5550009.02": 0.05665885401802243, "5550010.02": -0.24941224754805014, "5550008.0": 0.49943457222382687, "5550013.0": -0.5045724729113693, "5550016.0": -0.2845871595393423, "5550019.0": -0.2710031850159823, "5550018.0": -0.34461506890489146, "5550015.0": -0.3520625238897728, "5550009.01": 0.5722421641815816, "5550017.0": -0.4043546840177191, "5550014.0": -0.4906869989873479, "5550020.01": -0.0303786224950464, "5550023.0": -0.46503126210149653, "5550022.0": -0.46751666413940385, "5550020.02": 3.661707068452672, "5550024.0": -0.5625905732129795, "5550025.0": -0.40361482951738575, "5550021.0": -0.16101568348883105, "5550044.06": 0.04780685826447168, "5550033.0": -0.5492658018236659, "5550044.07": -0.25610616011526227, "5550031.0": -0.537179988187319, "5550034.0": -0.4793685991550931, "5550032.0": -0.7120839797768945, "5550044.04": -0.2001210691002514, "5550044.01": -0.09845774337009255, "5550044.05": 0.11647075899980251, "5550043.0": -0.4123450974902787, "5550150.0": 0.988919231437396, "5550044.02": 0.04861084998187915, "5550035.0": -0.6638632478108113, "5550042.0": -0.5178219502801148, "5550036.0": -0.6560170375456563, "5550040.0": -0.6240871650084782, "5550045.0": -0.33725049082935143, "5550051.0": -0.05230354685295185, "5550041.0": -0.605615650795774, "5550039.0": -0.6342746048597911, "5550037.0": -0.5531901847798648, "5550050.03": -0.4533837739214524, "5550046.0": -0.5724894929588252, "5550038.0": -0.4892676974769322, "5550050.02": -0.00022092538751003832, "5550048.0": -0.44077394533529896, "5550120.03": 7.138786237672058, "5550047.0": -0.09635266972011615, "5550050.01": 0.24531702162958055, "5550049.01": -0.05909140922247721, "5550049.02": 0.44851373370409503, "5550120.02": 1.0105442572774388, "5550027.06": -0.3549629993052919, "5550029.0": -0.5122923425489353, "5550027.04": -0.45625576597387923, "5550027.03": -0.45727593729514054, "5550027.05": 0.01343148105156054, "5550100.02": -0.4133542606306476, "5550130.0": 0.6186121356243648, "5550230.0": 0.5337925950263919}