{"5550140.0": 0.031883638143266696, "5550210.0": 0.03422483332283654, "5550001.02": -0.1686896122282678, "5550002.04": -0.21028952503376094, "5550001.07": -0.17396481761519147, "5550100.01": 0.030645042817560725, "5550001.08": -0.1697824894413496, "5550026.0": -0.18302238367400855, "5550027.07": -0.188574363990284, "5550030.0": -0.21518996321320852, "5550028.0": -0.22036730297242907, "5550110.02": 3.787627557330385, "5550110.01": -0.151328590469569, "5550001.06": -0.1283950740683454, "5550006.04": -0.14780656347269808, "5550006.05": -0.17933131607976552, "5550006.01": -0.13458983259471868, "5550001.05": -0.15541213439276436, "5550006.02": -0.17279452850160323, "5550005.03": -0.15007305384236372, "5550001.03": -0.2006455163348856, "5550002.02": -0.20525001881461205, "5550004.04": -0.15591891054088494, "5550002.01": -0.22104106257927275, "5550005.01": -0.18029706865375716, "5550005.02": -0.20184669397584637, "5550004.01": -0.214839994837179, "5550004.03": -0.20951057229654801, "5550007.02": -0.19809045088794172, "5550002.03": -0.21597092592817846, "5550010.01": -0.20522651110142487, "5550007.01": -0.17653554729133525, "5550003.0": -0.2208202983172804, "5550011.0": -0.2194437954610297, "5550012.0": -0.22414439624487792, "5550009.02": -0.1637637117311134, "5550010.02": -0.20820469999392005, "5550008.0": -0.11128351780090501, "5550013.0": -0.2203826361581016, "5550016.0": -0.2318778299077849, "5550019.0": -0.2013094667691814, "5550018.0": -0.2093379752723146, "5550015.0": -0.21677560520301326, "5550009.01": -0.06576837512413482, "5550017.0": -0.22749892626315607, "5550014.0": -0.22495519183801127, "5550020.01": -0.1843842048563378, "5550023.0": -0.2121851199395493, "5550022.0": -0.2207758522683326, "5550020.02": 3.8442453422354115, "5550024.0": -0.21412653969232187, "5550025.0": -0.2074873237671891, "5550021.0": -0.1745121468752855, "5550044.06": -0.11734598487771879, "5550033.0": -0.2106418990223298, "5550044.07": -0.19128514721128054, "5550031.0": -0.2198405779527695, "5550034.0": -0.21677448289472986, "5550032.0": -0.21482161234584718, "5550044.04": -0.16851675904562521, "5550044.01": -0.1648583864002346, "5550044.05": -0.11426514068607807, "5550043.0": -0.20464671804116238, "5550150.0": 0.03079528930388881, "5550044.02": -0.13436238562862055, "5550035.0": -0.20793966043236067, "5550042.0": -0.19816145173984057, "5550036.0": -0.2097572976621355, "5550040.0": -0.2019567869108266, "5550045.0": -0.189628123354526, "5550051.0": -0.15642942493853434, "5550041.0": -0.19171901777691655, "5550039.0": -0.18493703796709676, "5550037.0": -0.2152139446299857, "5550050.03": -0.2074648359041017, "5550046.0": -0.18841525952944663, "5550038.0": -0.1853891172774147, "5550050.02": -0.13738830617465944, "5550048.0": -0.18192069591024643, "5550120.03": 7.801403875331681, "5550047.0": -0.1350397191671326, "5550050.01": -0.11769378886955952, "5550049.01": -0.14529967675904726, "5550049.02": -0.10422711923360845, "5550120.02": -0.013235765729482266, "5550027.06": -0.22089521755180913, "5550029.0": -0.22008560214811426, "5550027.04": -0.2247043622827031, "5550027.03": -0.22950842254466716, "5550027.05": -0.18893645535506456, "5550100.02": -0.22401655798699585, "5550130.0": -0.06550150276389684, "5550230.0": 0.03582110453759331}