{"5550140.0": 0.7165414284215667, "5550210.0": 0.5134136900701074, "5550001.02": -0.31997152424830017, "5550002.04": -0.49632682499303266, "5550001.07": -0.22602259886541387, "5550100.01": 0.8240049451069237, "5550001.08": -0.04072336365609209, "5550026.0": -0.06459442660964719, "5550027.07": -0.015047046569266765, "5550030.0": -0.4018874158387615, "5550028.0": -0.30963580377080346, "5550110.02": 3.6084334568393333, "5550110.01": 0.05882922896150838, "5550001.06": -0.054761751792929705, "5550006.04": 0.06342171003420138, "5550006.05": 0.03033065115715487, "5550006.01": 0.12169428182592097, "5550001.05": -0.042807697340354216, "5550006.02": -0.0689731624291164, "5550005.03": 0.009790072792698381, "5550001.03": -0.27583614488748265, "5550002.02": -0.37320410005235777, "5550004.04": 0.03871860688091531, "5550002.01": -0.5117166675187654, "5550005.01": -0.1005290359347536, "5550005.02": -0.23341015947402174, "5550004.01": -0.2457840717944164, "5550004.03": -0.03973079957022102, "5550007.02": 0.024254855189361976, "5550002.03": -0.42348200817744763, "5550010.01": -0.20063319616545888, "5550007.01": 0.032858657643644984, "5550003.0": -0.23515663987787946, "5550011.0": -0.30557203104843145, "5550012.0": -0.22720282086211158, "5550009.02": 0.044526179570669774, "5550010.02": -0.23095387858094005, "5550008.0": 0.4124316996388534, "5550013.0": -0.4555943835837156, "5550016.0": -0.26409471651629096, "5550019.0": -0.22756356036529948, "5550018.0": -0.31416503606672774, "5550015.0": -0.31294653612096324, "5550009.01": 0.46268254627585953, "5550017.0": -0.37702713322511594, "5550014.0": -0.43264073984128676, "5550020.01": -0.02773711594690953, "5550023.0": -0.4182019151496044, "5550022.0": -0.4287871795305176, "5550020.02": 3.725207663895024, "5550024.0": -0.496680922494037, "5550025.0": -0.3412583814650106, "5550021.0": -0.15151222841656606, "5550044.06": 0.009111468796813835, "5550033.0": -0.5005681166292889, "5550044.07": -0.2565170933737624, "5550031.0": -0.4869957995835615, "5550034.0": -0.45226981745338485, "5550032.0": -0.6678035728084089, "5550044.04": -0.1995204951875009, "5550044.01": -0.10555368567401943, "5550044.05": 0.043068715435752344, "5550043.0": -0.38992486587772435, "5550150.0": 0.8109691977119923, "5550044.02": 0.005532645259974842, "5550035.0": -0.6104044042869161, "5550042.0": -0.47293249998681636, "5550036.0": -0.5984577223364974, "5550040.0": -0.5726477046583995, "5550045.0": -0.32550725801454405, "5550051.0": -0.10262803319679499, "5550041.0": -0.562916434535682, "5550039.0": -0.5681544228758932, "5550037.0": -0.4982831866476661, "5550050.03": -0.45915538931418515, "5550046.0": -0.5205859905919695, "5550038.0": -0.4290638796903871, "5550050.02": -0.04776311013443678, "5550048.0": -0.42093380919206935, "5550120.03": 7.329638646815894, "5550047.0": -0.11140350840116382, "5550050.01": 0.16067999191615936, "5550049.01": -0.08507917400270709, "5550049.02": 0.33699909283057405, "5550120.02": 0.8179277165875883, "5550027.06": -0.29865605719555693, "5550029.0": -0.45479711166691567, "5550027.04": -0.41155515921197233, "5550027.03": -0.4089676283802176, "5550027.05": 0.0073215332584137625, "5550100.02": -0.3548998358833803, "5550130.0": 0.4828127517532106, "5550230.0": 0.3749173509017366}