{"5550140.0": -0.7780760702752235, "5550210.0": 0.326158519784539, "5550001.02": 0.03766360344358995, "5550002.04": 0.23654106098020714, "5550001.07": -0.674397046721395, "5550100.01": -1.3622647845123577, "5550001.08": -0.564981580538045, "5550026.0": -0.27513609462714705, "5550027.07": -1.1241278921399842, "5550030.0": 0.9129244230450276, "5550028.0": 0.615122644217243, "5550110.02": -1.852046646032452, "5550110.01": -1.631048693186447, "5550001.06": 0.04174845247727835, "5550006.04": -0.8568926002411957, "5550006.05": -1.2784158085068975, "5550006.01": -1.1409069979813227, "5550001.05": -0.6609747157399943, "5550006.02": -0.8713138625776041, "5550005.03": -0.6784210708880881, "5550001.03": -0.7357703120603195, "5550002.02": -0.3302073865780896, "5550004.04": -1.1366406707141314, "5550002.01": -0.3497412488621803, "5550005.01": -0.12605778684836463, "5550005.02": -0.25908676204366354, "5550004.01": -0.8183599577559711, "5550004.03": -0.5695387282939867, "5550007.02": -1.358863399408209, "5550002.03": -0.8164037069750343, "5550010.01": -0.5564881427907176, "5550007.01": -1.638987908504551, "5550003.0": 0.008986274323240367, "5550011.0": -0.27224127518033536, "5550012.0": -0.5655403503219603, "5550009.02": -0.6414271738622322, "5550010.02": -0.7906103415070918, "5550008.0": -0.573271502542728, "5550013.0": 1.2357883195512867, "5550016.0": 0.08594653740189474, "5550019.0": 0.7745924103817491, "5550018.0": 0.7389720191779614, "5550015.0": -0.2603162524680546, "5550009.01": 0.9283856717830373, "5550017.0": 0.0018606489318242006, "5550014.0": 0.16302847553854385, "5550020.01": -0.38006275934766154, "5550023.0": 1.1850212258966673, "5550022.0": 0.41788645514228445, "5550020.02": -0.31558468241527876, "5550024.0": 1.1854083624094456, "5550025.0": 1.0296715295536645, "5550021.0": -0.32135676015723175, "5550044.06": 1.7182192102946225, "5550033.0": 1.4603377962009694, "5550044.07": 0.3541576520997169, "5550031.0": 0.9242851118038922, "5550034.0": 1.1005919907487738, "5550032.0": 1.613930377585581, "5550044.04": 0.30697627770001046, "5550044.01": -0.1683787002591989, "5550044.05": 1.0210030421303835, "5550043.0": -1.1332904449457688, "5550150.0": -0.03983192074676985, "5550044.02": 1.2430956297478555, "5550042.0": 1.321020541680741, "5550036.0": 1.6508491443059585, "5550040.0": 2.0048370578882797, "5550045.0": -0.23950544760491504, "5550051.0": -0.9476482447879845, "5550041.0": 1.8132588795798255, "5550039.0": 2.0305176850958313, "5550037.0": 1.3598200389407258, "5550050.03": -0.3240285294908333, "5550046.0": 1.574785316679536, "5550038.0": 1.6368410365652346, "5550050.02": -0.33030107673668574, "5550048.0": 0.6962435492934863, "5550120.03": -2.3018795353542725, "5550047.0": 0.9438852708013518, "5550050.01": -1.0435504376412457, "5550049.01": 0.033941431278268326, "5550049.02": -1.713565190063329, "5550120.02": -1.4452806856231344, "5550027.06": 0.28797674269702545, "5550029.0": 0.9671976768264697, "5550027.04": 0.3047520866050612, "5550027.03": 0.24203625372724052, "5550027.05": -1.3368862759085134, "5550100.02": 0.8014160053273235, "5550130.0": -0.8270215549359455, "5550230.0": 1.0790465770608622}