{"5550140.0": 0.5797454236387906, "5550210.0": 0.509239705853673, "5550001.02": -0.2792123567161547, "5550002.04": -0.41783366025167784, "5550001.07": -0.23516417200773224, "5550100.01": 0.6170460524997505, "5550001.08": -0.11094401023991884, "5550026.0": -0.15442150297574345, "5550027.07": -0.1296458105696944, "5550030.0": -0.3329327022454657, "5550028.0": -0.3071926370626213, "5550110.02": 3.6578226669929146, "5550110.01": -0.04769721325063712, "5550001.06": -0.11084932444870672, "5550006.04": -0.02176873464697597, "5550006.05": -0.10156083822504726, "5550006.01": 0.0020223114112888872, "5550001.05": -0.13918214550200972, "5550006.02": -0.15209001768922326, "5550005.03": -0.07836203400442047, "5550001.03": -0.3262932355888337, "5550002.02": -0.3693760931282048, "5550004.04": -0.1045909529479953, "5550002.01": -0.4489214594318862, "5550005.01": -0.1639363468826268, "5550005.02": -0.27806730674518193, "5550004.01": -0.3272861219256549, "5550004.03": -0.18303149481160172, "5550007.02": -0.14636250419275268, "5550002.03": -0.39781067481797594, "5550010.01": -0.2591955145322915, "5550007.01": -0.10203716373271703, "5550003.0": -0.28778483930801796, "5550011.0": -0.3037416043288453, "5550012.0": -0.28629628449949024, "5550009.02": -0.0848860320005447, "5550010.02": -0.2830083867011658, "5550008.0": 0.15367344749491882, "5550013.0": -0.4032553283208725, "5550016.0": -0.2563979740474738, "5550019.0": -0.1864241385819536, "5550018.0": -0.24386610630265834, "5550015.0": -0.270487427931381, "5550009.01": 0.272043929037023, "5550017.0": -0.29577700115129424, "5550014.0": -0.3757492549864192, "5550020.01": -0.13108545535561048, "5550023.0": -0.28268265902888995, "5550022.0": -0.2839690889144028, "5550020.02": 3.8136749764092093, "5550024.0": -0.3544772477025319, "5550025.0": -0.3136999726114648, "5550021.0": -0.13025564054555513, "5550044.06": -0.02663183936262497, "5550033.0": -0.31352594557356855, "5550044.07": -0.2674481412634308, "5550031.0": -0.34013538474621113, "5550034.0": -0.3080253052062364, "5550032.0": -0.3991170038736819, "5550044.04": -0.18765194655383824, "5550044.01": -0.1352594341394836, "5550044.05": 0.0019248770082649924, "5550043.0": -0.28416803515012595, "5550150.0": 0.6125213394575819, "5550044.02": -0.05159861821304157, "5550035.0": -0.37247534520783954, "5550042.0": -0.33873718279207804, "5550036.0": -0.394324181287788, "5550040.0": -0.36442319458652, "5550045.0": -0.28014204278159033, "5550051.0": -0.1375411040003044, "5550041.0": -0.3641109358107492, "5550039.0": -0.35107927682751294, "5550037.0": -0.36851502648508105, "5550050.03": -0.3669733853986992, "5550046.0": -0.33641980913936254, "5550038.0": -0.29626476204128466, "5550050.02": -0.06056223916442216, "5550048.0": -0.3060188863949142, "5550120.03": 7.564703576396788, "5550047.0": -0.08406982699891125, "5550050.01": 0.06958036586151213, "5550049.01": -0.10037494572193226, "5550049.02": 0.14805117047458205, "5550120.02": 0.5370788391589721, "5550027.06": -0.3210679593219083, "5550029.0": -0.3589160497275988, "5550027.04": -0.37392372863838547, "5550027.03": -0.38641813232551653, "5550027.05": -0.1155093372425037, "5550100.02": -0.363689361168973, "5550130.0": 0.25443258422622694, "5550230.0": 0.4611675721169134}