{"5550140.0": -0.5090803918596898, "5550210.0": -0.16009478177557182, "5550001.02": -0.8631370761427315, "5550002.04": -0.8819033748919631, "5550001.07": -0.7821482038128438, "5550100.01": -0.6937091443707556, "5550001.08": -0.4059523722261871, "5550026.0": -0.46581040970790477, "5550027.07": -1.2005999033416621, "5550030.0": -0.19462189221674722, "5550028.0": -0.6794686480607528, "5550110.02": 0.8499110239745155, "5550110.01": -1.090389842729098, "5550001.06": -0.8814796193656503, "5550006.04": -0.7341870386495614, "5550006.05": -0.8454844791700312, "5550006.01": -0.9106827405086831, "5550001.05": -1.0328797912469019, "5550006.02": -0.8971962280827642, "5550005.03": -0.6520081386962614, "5550001.03": -1.1357403378297748, "5550002.02": -1.0881877994247582, "5550004.04": -1.0386359185706129, "5550002.01": -1.0636360849714295, "5550005.01": -0.43879444306594206, "5550005.02": -0.17546540381179065, "5550004.01": -1.3497570367349836, "5550004.03": -0.25434783178597886, "5550007.02": -0.5500914442700289, "5550002.03": -0.9923871146235834, "5550010.01": 0.20126965132336247, "5550007.01": -1.304676106877879, "5550003.0": -0.8221030898137051, "5550011.0": -0.250269616893025, "5550012.0": -0.5122880088358015, "5550009.02": 0.487447168641937, "5550010.02": 0.38783807864406483, "5550008.0": 0.1388050709734508, "5550013.0": -0.7413614614637746, "5550016.0": -0.4723473036343769, "5550019.0": 2.4329701512460655, "5550018.0": 2.0898126926967744, "5550015.0": 1.0823074212043786, "5550009.01": 0.8711363546303639, "5550017.0": 1.4368524396993776, "5550014.0": -0.037513820240457435, "5550020.01": 1.2492767942178862, "5550023.0": 2.104248688541529, "5550022.0": 1.417189445963334, "5550020.02": 2.5369019519586304, "5550024.0": 1.1590421538370743, "5550025.0": 0.3550795774093405, "5550021.0": 1.678747647000214, "5550044.06": 0.21314169472689018, "5550033.0": 2.298844761358796, "5550044.07": -0.8734854022930768, "5550031.0": 0.6355216060615524, "5550034.0": 2.086640104506296, "5550032.0": 1.2765179383061775, "5550044.04": -0.6543213366918575, "5550044.01": 1.0342715815788899, "5550044.05": -0.40752006257703327, "5550043.0": 1.4339315371190224, "5550150.0": -0.6713129502593876, "5550044.02": -0.4872325501104383, "5550035.0": 0.6944801272271964, "5550042.0": 0.13296711976355768, "5550036.0": 0.40342455057609905, "5550040.0": 0.6533453641934175, "5550045.0": -0.19347342132272433, "5550051.0": -0.28962596472289676, "5550041.0": 1.0068235762347326, "5550039.0": 0.24596701585622, "5550037.0": -0.46010533440494933, "5550050.03": -0.1304320582557665, "5550046.0": 0.592757529489023, "5550038.0": 0.5275059752124792, "5550050.02": -0.14591576726322927, "5550048.0": 0.11324103912024354, "5550120.03": 3.1208809217902482, "5550047.0": 0.3715754076260091, "5550050.01": -0.24599565254547814, "5550049.01": -0.19402319297300094, "5550049.02": -0.49016881132249485, "5550120.02": -0.29098158247797035, "5550027.06": -1.0077953378385716, "5550029.0": -0.32760942060574677, "5550027.04": -0.8741364003496368, "5550027.03": -1.2209275989598751, "5550027.05": -1.0471731062639993, "5550100.02": -0.7724144833903096, "5550130.0": -0.5054370452085075, "5550230.0": 0.0778502168314746}