{"5550140.0": -0.14523473992043626, "5550210.0": -0.103849646579865, "5550001.02": -0.1547365194981563, "5550002.04": -0.15432865288160688, "5550001.07": -0.17134300543121125, "5550100.01": -0.1671292763575744, "5550001.08": -0.18086121757976498, "5550026.0": -0.2040630690459134, "5550027.07": -0.20349652592682912, "5550030.0": -0.16501709881248294, "5550028.0": -0.17937973571798685, "5550110.02": 3.8084370732172848, "5550110.01": -0.19027697088353626, "5550001.06": -0.17085565975564457, "5550006.04": -0.16061785540142365, "5550006.05": -0.1771404920728173, "5550006.01": -0.18101379392535824, "5550001.05": -0.19096496699219667, "5550006.02": -0.18880471994575218, "5550005.03": -0.18129312245663642, "5550001.03": -0.1923537902750572, "5550002.02": -0.17571389185929842, "5550004.04": -0.20339161308861578, "5550002.01": -0.16531582397803113, "5550005.01": -0.189141747371235, "5550005.02": -0.1822635100030959, "5550004.01": -0.21022721574594286, "5550004.03": -0.21658808330306015, "5550007.02": -0.209998401662766, "5550002.03": -0.17434214384502406, "5550010.01": -0.18277383325947502, "5550007.01": -0.20059854576226355, "5550003.0": -0.19497467120685988, "5550011.0": -0.1827957933871369, "5550012.0": -0.2069839616538519, "5550009.02": -0.2014618751908826, "5550010.02": -0.1900042616335602, "5550008.0": -0.2011552223619975, "5550013.0": -0.1715452453017446, "5550016.0": -0.19579130091325206, "5550019.0": -0.17655814158283023, "5550018.0": -0.1768923875060485, "5550015.0": -0.18074848118378986, "5550009.01": -0.16914253246783234, "5550017.0": -0.18174495466115925, "5550014.0": -0.17290798091559292, "5550020.01": -0.20358661223456836, "5550023.0": -0.16170468704686966, "5550022.0": -0.16840986319664658, "5550020.02": 3.825145546516568, "5550024.0": -0.15337751632893443, "5550025.0": -0.17339218284893093, "5550021.0": -0.1878364560637156, "5550044.06": -0.16451012509643156, "5550033.0": -0.15182464908387855, "5550044.07": -0.1801904495384401, "5550031.0": -0.14728678856636357, "5550034.0": -0.1639121580591598, "5550032.0": -0.13679469077952586, "5550044.04": -0.16618977606685048, "5550044.01": -0.1894443469773795, "5550044.05": -0.15673252047296396, "5550043.0": -0.1804959872456606, "5550150.0": -0.1644733829425162, "5550044.02": -0.17607191240695122, "5550035.0": -0.13480645375094294, "5550042.0": -0.15801195915557822, "5550036.0": -0.13865149141819083, "5550040.0": -0.13850203625515617, "5550045.0": -0.1632261109003451, "5550051.0": -0.17203433704883012, "5550041.0": -0.13247957792714157, "5550039.0": -0.11808983236054214, "5550037.0": -0.15761398644716823, "5550050.03": -0.15962469607899796, "5550046.0": -0.13214053060893383, "5550038.0": -0.1463808508775827, "5550050.02": -0.15397864183844487, "5550048.0": -0.13810122116407955, "5550120.03": 7.820378730813325, "5550047.0": -0.15003790507616183, "5550050.01": -0.16481522482357547, "5550049.01": -0.16084316257520767, "5550049.02": -0.18251563880835112, "5550120.02": -0.16444092584580808, "5550027.06": -0.18904593243431161, "5550029.0": -0.16509184769783292, "5550027.04": -0.17644442399843432, "5550027.03": -0.18265956585738535, "5550027.05": -0.20960966769447917, "5550100.02": -0.1916474645092516, "5550130.0": -0.19547877501042318, "5550230.0": -0.07563250612269501}