{"5550140.0": -0.32036052270002296, "5550210.0": -0.10978591028481205, "5550001.02": -0.029042005642423874, "5550002.04": 0.031748771490952996, "5550001.07": -0.12709733714102253, "5550100.01": -0.4317637636283545, "5550001.08": -0.25940739644389227, "5550026.0": -0.3277100821121934, "5550027.07": -0.2862000737474144, "5550030.0": -0.11639289348720842, "5550028.0": -0.1603726778503596, "5550110.02": 3.7754930096401553, "5550110.01": -0.21501345046973977, "5550001.06": -0.1782403006661705, "5550006.04": -0.11772364151571675, "5550006.05": -0.14645954607736594, "5550006.01": -0.23080574820271313, "5550001.05": -0.2718806305281875, "5550006.02": -0.21326182061749524, "5550005.03": -0.22767472910168574, "5550001.03": -0.19444325347968616, "5550002.02": -0.09598369682427729, "5550004.04": -0.33862593749903663, "5550002.01": 0.010063607541880296, "5550005.01": -0.258438815714987, "5550005.02": -0.18558173734193145, "5550004.01": -0.24711934799497368, "5550004.03": -0.41352832318977445, "5550007.02": -0.3263572817572556, "5550002.03": -0.07204068755463057, "5550010.01": -0.21679648086841263, "5550007.01": -0.22609257134901367, "5550003.0": -0.2401423556610593, "5550011.0": -0.18051403714093672, "5550012.0": -0.28614953265506465, "5550009.02": -0.42263269713490564, "5550010.02": -0.25826111130052914, "5550008.0": -0.45416081383502815, "5550013.0": -0.05871652436448148, "5550016.0": -0.2587882655453307, "5550019.0": -0.29061361244282596, "5550018.0": -0.2373952983917836, "5550015.0": -0.22355473336568063, "5550009.01": -0.3748093866971824, "5550017.0": -0.17777125405013616, "5550014.0": -0.11246396176359341, "5550020.01": -0.40172618158609774, "5550023.0": -0.16059734472722867, "5550022.0": -0.16768022609596445, "5550020.02": 3.7604777063690324, "5550024.0": -0.08340625429041075, "5550025.0": -0.159767117947701, "5550021.0": -0.36425712624574624, "5550044.06": -0.19381967863433736, "5550033.0": -0.09730443204823169, "5550044.07": -0.10257399742652054, "5550031.0": -0.04346808561032394, "5550034.0": -0.10601993931149245, "5550032.0": 0.026217970418982182, "5550044.04": -0.06884846038600562, "5550044.01": -0.2886945979794845, "5550044.05": -0.09450003356582645, "5550043.0": -0.17294742750136696, "5550150.0": -0.4182501121816934, "5550044.02": -0.16386674575286106, "5550035.0": 0.014816391599932756, "5550042.0": -0.08013634430507138, "5550036.0": 0.04060658912891429, "5550040.0": 0.026606952898287923, "5550045.0": -0.0721470990232718, "5550051.0": -0.12482849876865802, "5550041.0": 0.06453946822045466, "5550039.0": 0.083489113781404, "5550037.0": -0.057468814792184464, "5550050.03": 0.03759839584213434, "5550046.0": 0.04455806403316096, "5550038.0": -0.06482303528731104, "5550050.02": -0.09890876460207729, "5550048.0": 0.04031883643207507, "5550120.03": 7.776941817003568, "5550047.0": -0.11394778365987498, "5550050.01": -0.15765713575020496, "5550049.01": -0.12656418982626508, "5550049.02": -0.2571154959586539, "5550120.02": -0.3594193769204914, "5550027.06": -0.15972912981841178, "5550029.0": -0.08848973157643358, "5550027.04": -0.061537692464520455, "5550027.03": -0.11914809996003357, "5550027.05": -0.3298216179853314, "5550100.02": -0.13606516662361537, "5550130.0": -0.351554556309069, "5550230.0": 0.03378784866112141}