{"5550140.0": 0.5006692323407654, "5550210.0": 0.37314241266942916, "5550001.02": -0.2809732863956164, "5550002.04": -0.42131519236021797, "5550001.07": -0.22134271036550832, "5550100.01": 0.568136534565483, "5550001.08": -0.09627575951168729, "5550026.0": -0.11382166044938881, "5550027.07": -0.0959554319233894, "5550030.0": -0.3458918477496161, "5550028.0": -0.292700071762094, "5550110.02": 3.686231761364545, "5550110.01": -0.031766918625925046, "5550001.06": -0.08807286081187773, "5550006.04": -0.03166493519011278, "5550006.05": -0.07289946969887465, "5550006.01": 0.01876038781024575, "5550001.05": -0.09443163807412819, "5550006.02": -0.12290002398114888, "5550005.03": -0.05822878732053297, "5550001.03": -0.27317366521740266, "5550002.02": -0.3368772767711545, "5550004.04": -0.040019092964397346, "5550002.01": -0.4360463135095673, "5550005.01": -0.13569179107134222, "5550005.02": -0.2348979900639721, "5550004.01": -0.2595700007206453, "5550004.03": -0.10634508816379885, "5550007.02": -0.07917584422393392, "5550002.03": -0.37350783469881305, "5550010.01": -0.21165258199076176, "5550007.01": -0.06563094244451399, "5550003.0": -0.2491111470376541, "5550011.0": -0.28525601590550803, "5550012.0": -0.2373999731028826, "5550009.02": -0.02134816288986098, "5550010.02": -0.23227776163144304, "5550008.0": 0.2270136635933019, "5550013.0": -0.38925050370378395, "5550016.0": -0.25096136630590704, "5550019.0": -0.18899511419615486, "5550018.0": -0.25380137399730407, "5550015.0": -0.2686307303064971, "5550009.01": 0.291767057196346, "5550017.0": -0.31322598750494374, "5550014.0": -0.3690908216289847, "5550020.01": -0.07152588599398785, "5550023.0": -0.31654725837056485, "5550022.0": -0.3237129686766077, "5550020.02": 3.814903000946897, "5550024.0": -0.3832659735225268, "5550025.0": -0.2970856587460077, "5550021.0": -0.1296090263701673, "5550044.06": -0.024183154595773224, "5550033.0": -0.372165302256857, "5550044.07": -0.24480679322386592, "5550031.0": -0.3881022732280322, "5550034.0": -0.348332177005088, "5550032.0": -0.482805398735325, "5550044.04": -0.19092066297521015, "5550044.01": -0.10595951528200276, "5550044.05": -0.010073309582965413, "5550043.0": -0.3018270415418436, "5550150.0": 0.5599524853518887, "5550044.02": -0.042731590845814814, "5550035.0": -0.45823338787411894, "5550042.0": -0.3710641072820782, "5550036.0": -0.45112531893918534, "5550040.0": -0.4316241198158493, "5550045.0": -0.28327411235736955, "5550051.0": -0.12671507412230065, "5550041.0": -0.4273548518751848, "5550039.0": -0.4257805879931784, "5550037.0": -0.39434993892146414, "5550050.03": -0.38367873206685793, "5550046.0": -0.39337311682392473, "5550038.0": -0.33265062379735666, "5550050.02": -0.08194342465158999, "5550048.0": -0.3464662202254811, "5550120.03": 7.563098522998613, "5550047.0": -0.10870833067475512, "5550050.01": 0.05689445476121591, "5550049.01": -0.11049922804904476, "5550049.02": 0.17132093816667074, "5550120.02": 0.5269486945341956, "5550027.06": -0.29241563002077386, "5550029.0": -0.37376243829098316, "5550027.04": -0.36761889725351193, "5550027.03": -0.3646345776654532, "5550027.05": -0.07146445292106197, "5550100.02": -0.3277625808799356, "5550130.0": 0.2933003597167065, "5550230.0": 0.28619221170915704}