{"5550140.0": 0.49869043527959667, "5550210.0": 0.36428932853109397, "5550001.02": -0.28799362630823594, "5550002.04": -0.4277776510951596, "5550001.07": -0.22585092165978643, "5550100.01": 0.5697945380221179, "5550001.08": -0.09519764321108695, "5550026.0": -0.11009789693612261, "5550027.07": -0.09081660309165858, "5550030.0": -0.34702317378864905, "5550028.0": -0.2923939564988059, "5550110.02": 3.6845696334728326, "5550110.01": -0.03001548453008575, "5550001.06": -0.08969542861671737, "5550006.04": -0.02960074658108816, "5550006.05": -0.07002280979462089, "5550006.01": 0.0209683545812941, "5550001.05": -0.09491219461154199, "5550006.02": -0.12012716159574564, "5550005.03": -0.056899095091269385, "5550001.03": -0.27362346233916335, "5550002.02": -0.3408721073914223, "5550004.04": -0.03683412686099535, "5550002.01": -0.4433250957769012, "5550005.01": -0.13308177346069638, "5550005.02": -0.23305340466239882, "5550004.01": -0.2569210911296474, "5550004.03": -0.09958523529108344, "5550007.02": -0.0707857839449977, "5550002.03": -0.37906633228516873, "5550010.01": -0.2086708691131963, "5550007.01": -0.06131761235286633, "5550003.0": -0.2472273580245951, "5550011.0": -0.284626733791322, "5550012.0": -0.23461950280201596, "5550009.02": -0.01160308081319015, "5550010.02": -0.22784979964412094, "5550008.0": 0.23988835142904052, "5550013.0": -0.39383397443785106, "5550016.0": -0.24688781311274188, "5550019.0": -0.18415445667641775, "5550018.0": -0.24876834888943325, "5550015.0": -0.26595159337879437, "5550009.01": 0.3010823085912194, "5550017.0": -0.3112792320425739, "5550014.0": -0.37282681097940373, "5550020.01": -0.060913089442697424, "5550023.0": -0.3157633986301302, "5550022.0": -0.3209996007377199, "5550020.02": 3.814141773403194, "5550024.0": -0.38701785391924187, "5550025.0": -0.29807873065534657, "5550021.0": -0.12236169113821652, "5550044.06": -0.025195608954434585, "5550033.0": -0.3727459075389205, "5550044.07": -0.2473998084626067, "5550031.0": -0.39113200890483324, "5550034.0": -0.34683479757807584, "5550032.0": -0.48671232560493094, "5550044.04": -0.19438499871113926, "5550044.01": -0.09834617126658174, "5550044.05": -0.014528620031503625, "5550043.0": -0.2984549702593376, "5550150.0": 0.5611693305965267, "5550044.02": -0.043838112191732795, "5550035.0": -0.464083583444238, "5550042.0": -0.37432886624360584, "5550036.0": -0.45708298674730974, "5550040.0": -0.4378687390339167, "5550045.0": -0.2853725002003734, "5550051.0": -0.1251851409243557, "5550041.0": -0.4357611014864907, "5550039.0": -0.43554838980164856, "5550037.0": -0.3974327394897771, "5550050.03": -0.38386982517383444, "5550046.0": -0.4012107691765831, "5550038.0": -0.33687515087510456, "5550050.02": -0.08112802781510646, "5550048.0": -0.3515936207852133, "5550120.03": 7.559157606610778, "5550047.0": -0.11264392299456619, "5550050.01": 0.060313479470950004, "5550049.01": -0.11118071604439916, "5550049.02": 0.17869261817925872, "5550120.02": 0.5326136829823104, "5550027.06": -0.29425572744496803, "5550029.0": -0.3756713214737906, "5550027.04": -0.37083730927155495, "5550027.03": -0.3667538656393173, "5550027.05": -0.06488995101185677, "5550100.02": -0.33016150486519324, "5550130.0": 0.2956098969867308, "5550230.0": 0.2726521084452862}