{"5550140.0": -0.05830782893777618, "5550210.0": 0.18459355812729938, "5550001.02": -0.05859920504325618, "5550002.04": -0.0496422082802407, "5550001.07": -0.1607779313605004, "5550100.01": -0.1868133569055997, "5550001.08": -0.2373308918341317, "5550026.0": -0.3597175085871084, "5550027.07": -0.3540754700023209, "5550030.0": -0.12449390233978305, "5550028.0": -0.21312030155535314, "5550110.02": 3.7120472376159985, "5550110.01": -0.2716240470214263, "5550001.06": -0.16967854043125494, "5550006.04": -0.11194355631983169, "5550006.05": -0.19933395722150093, "5550006.01": -0.22750995939660587, "5550001.05": -0.2827757326512531, "5550006.02": -0.2635281119754637, "5550005.03": -0.22924872746349945, "5550001.03": -0.27856874298788953, "5550002.02": -0.17911970300260016, "5550004.04": -0.35866479616682867, "5550002.01": -0.10728199795213687, "5550005.01": -0.2741459303681807, "5550005.02": -0.23342355104649914, "5550004.01": -0.3769324509737392, "5550004.03": -0.44471903146835, "5550007.02": -0.39414145388251615, "5550002.03": -0.1655152185099013, "5550010.01": -0.24040632151895566, "5550007.01": -0.3281863798834854, "5550003.0": -0.3057513652114398, "5550011.0": -0.22997455663680097, "5550012.0": -0.3717402695973048, "5550009.02": -0.36141806531939225, "5550010.02": -0.2814015284307685, "5550008.0": -0.3608628257876572, "5550013.0": -0.1524066940516543, "5550016.0": -0.3161088483995991, "5550019.0": -0.225123770661086, "5550018.0": -0.21481548648518564, "5550015.0": -0.2338124694924407, "5550009.01": -0.18074937710789507, "5550017.0": -0.22836912956150943, "5550014.0": -0.17159067734001424, "5550020.01": -0.36978228150044545, "5550023.0": -0.12790570912338656, "5550022.0": -0.15998945745493737, "5550020.02": 3.8001450984972918, "5550024.0": -0.06809244726106845, "5550025.0": -0.17980276142603155, "5550021.0": -0.28036542777923856, "5550044.06": -0.12563049757713982, "5550033.0": -0.05938288083886644, "5550044.07": -0.20002207322770987, "5550031.0": -0.031043741435211002, "5550034.0": -0.12744602419915216, "5550032.0": 0.04599010024844578, "5550044.04": -0.12601225358966517, "5550044.01": -0.27539638300444186, "5550044.05": -0.07125626629877577, "5550043.0": -0.21319876905566232, "5550150.0": -0.17122513075117834, "5550044.02": -0.18275500717517537, "5550035.0": 0.05640029161814685, "5550042.0": -0.08063647504935369, "5550036.0": 0.0396015178266237, "5550040.0": 0.039375744576683955, "5550045.0": -0.11077854986158452, "5550051.0": -0.15704349195034942, "5550041.0": 0.07076201402364017, "5550039.0": 0.15005005439271502, "5550037.0": -0.07209010467105958, "5550050.03": -0.07099417498856489, "5550046.0": 0.07041747606874756, "5550038.0": -0.015611802438249648, "5550050.02": -0.06455705520282647, "5550048.0": 0.032031601810463745, "5550120.03": 7.773538580003983, "5550047.0": -0.042354321466697376, "5550050.01": -0.13050299339742238, "5550049.01": -0.10300335468570354, "5550049.02": -0.23908681910308732, "5550120.02": -0.15861352938545692, "5550027.06": -0.2613893684988439, "5550029.0": -0.1191907102233266, "5550027.04": -0.1813996476979331, "5550027.03": -0.2175873131770057, "5550027.05": -0.38820911836297195, "5550100.02": -0.27116704117967155, "5550130.0": -0.2978867368871451, "5550230.0": 0.3502083242860471}