{"5550140.0": 0.7804591833782667, "5550210.0": 0.6039445270298612, "5550001.02": -0.2732253909892702, "5550002.04": -0.4572890613778145, "5550001.07": -0.1983704781426425, "5550100.01": 0.8738432079908293, "5550001.08": -0.014731205173924023, "5550026.0": -0.0481287109840383, "5550027.07": 0.02103977823159541, "5550030.0": -0.37119992913125327, "5550028.0": -0.2715879438932388, "5550110.02": 3.6030098045152887, "5550110.01": 0.05865528483508941, "5550001.06": -0.03360651726798709, "5550006.04": 0.0028107102229780324, "5550006.05": -0.06369019939409877, "5550006.01": 0.08919180983931484, "5550001.05": -0.03829031463546821, "5550006.02": -0.09812229567518745, "5550005.03": 0.017748968240972145, "5550001.03": -0.27218377083297374, "5550002.02": -0.3595865766163528, "5550004.04": 0.04895963509777917, "5550002.01": -0.4798050487842412, "5550005.01": -0.11297756572745059, "5550005.02": -0.2630296494387194, "5550004.01": -0.2459329227249794, "5550004.03": -0.06497183652374951, "5550007.02": -0.05526589347804341, "5550002.03": -0.39023740891265635, "5550010.01": -0.23921144238803754, "5550007.01": -0.008097361878264582, "5550003.0": -0.2482966652213507, "5550011.0": -0.3160104455422275, "5550012.0": -0.2348562574884621, "5550009.02": -0.04856523392710464, "5550010.02": -0.2916841724214299, "5550008.0": 0.2804632367969122, "5550013.0": -0.4295589854011695, "5550016.0": -0.30277090155203407, "5550019.0": -0.2813869723809077, "5550018.0": -0.3637555836841079, "5550015.0": -0.34736167629978026, "5550009.01": 0.35481032558998565, "5550017.0": -0.41096093657404237, "5550014.0": -0.4144124648750521, "5550020.01": -0.11408476896981332, "5550023.0": -0.4550001196503432, "5550022.0": -0.4739364601360137, "5550020.02": 3.698008626559581, "5550024.0": -0.49613587154852185, "5550025.0": -0.32017258403492943, "5550021.0": -0.23036692249700977, "5550044.06": 0.006677761113641752, "5550033.0": -0.5377074305054461, "5550044.07": -0.24088020029220153, "5550031.0": -0.4708071212101499, "5550034.0": -0.48442821934895675, "5550032.0": -0.6845088697053393, "5550044.04": -0.14839992890914558, "5550044.01": -0.14726210963044928, "5550044.05": 0.03870683577762365, "5550043.0": -0.426819247612147, "5550150.0": 0.862515358380849, "5550044.02": 0.026184354780805625, "5550035.0": -0.6068395587026002, "5550042.0": -0.4737090224920987, "5550036.0": -0.5540613368437355, "5550040.0": -0.5492848370907377, "5550045.0": -0.31247482798214066, "5550051.0": -0.12182152599193233, "5550041.0": -0.5195235526156179, "5550039.0": -0.49969879251506444, "5550037.0": -0.45724199599745347, "5550050.03": -0.44219047406299183, "5550046.0": -0.46149217616496147, "5550038.0": -0.3648707196043881, "5550050.02": -0.04199294516680516, "5550048.0": -0.3806219659545996, "5550120.03": 7.3704357545731645, "5550047.0": -0.09029173491682704, "5550050.01": 0.15447868904302842, "5550049.01": -0.052873630855265245, "5550049.02": 0.29189046581122297, "5550120.02": 0.7265528434441291, "5550027.06": -0.234790844552929, "5550029.0": -0.416788373337371, "5550027.04": -0.3458853481624208, "5550027.03": -0.3659378128610402, "5550027.05": 0.012181877945064926, "5550100.02": -0.2806520417446355, "5550130.0": 0.4465526605935527, "5550230.0": 0.48359349121259365}