{"5550140.0": -0.43915801487423417, "5550210.0": -0.47297092901880794, "5550001.02": -0.14907430898250285, "5550002.04": -0.09766860930633658, "5550001.07": -0.1371169428153144, "5550100.01": -0.4212694946118327, "5550001.08": -0.19904327705703329, "5550026.0": -0.13399625886315064, "5550027.07": -0.12022782697622378, "5550030.0": -0.14655559260897952, "5550028.0": -0.11802599298867024, "5550110.02": 3.851432656649621, "5550110.01": -0.13580323219166712, "5550001.06": -0.19003785196744358, "5550006.04": -0.19920692236668794, "5550006.05": -0.14336422466486531, "5550006.01": -0.1887327570705402, "5550001.05": -0.1726078406982127, "5550006.02": -0.1410819721217524, "5550005.03": -0.1894117834604626, "5550001.03": -0.09634604656850558, "5550002.02": -0.10191214228700032, "5550004.04": -0.16409902964589693, "5550002.01": -0.05543223124753148, "5550005.01": -0.16545373601704194, "5550005.02": -0.15247243822652629, "5550004.01": -0.049025497001632015, "5550004.03": -0.15231529985506434, "5550007.02": -0.12441018882166893, "5550002.03": -0.08602546023801357, "5550010.01": -0.166067647676974, "5550007.01": -0.09259925774666664, "5550003.0": -0.12742997304858594, "5550011.0": -0.13877151379801225, "5550012.0": -0.09290413079091604, "5550009.02": -0.22368975239418634, "5550010.02": -0.15491573610278955, "5550008.0": -0.2579391068743067, "5550013.0": -0.08299878767829244, "5550016.0": -0.1390106008431925, "5550019.0": -0.2380283767935214, "5550018.0": -0.18417041624578095, "5550015.0": -0.1618845144229748, "5550009.01": -0.34936460717519613, "5550017.0": -0.11712546829067852, "5550014.0": -0.11163930284324201, "5550020.01": -0.20185570376037293, "5550023.0": -0.1943668696259927, "5550022.0": -0.17394820685750947, "5550020.02": 3.7694935484818086, "5550024.0": -0.16945734752890648, "5550025.0": -0.1333344034413097, "5550021.0": -0.2236365904642356, "5550044.06": -0.22451963408967526, "5550033.0": -0.1809733907894337, "5550044.07": -0.0841651432584197, "5550031.0": -0.16617570139656945, "5550034.0": -0.14189549402602192, "5550032.0": -0.15837599101958444, "5550044.04": -0.12723050647956666, "5550044.01": -0.16562403587632218, "5550044.05": -0.19543001127756346, "5550043.0": -0.1075655735593144, "5550150.0": -0.4234394425030084, "5550044.02": -0.1532500452422185, "5550035.0": -0.1787793140981402, "5550042.0": -0.15120237306011966, "5550036.0": -0.14352081148478218, "5550040.0": -0.15339798345149538, "5550045.0": -0.1279068974175952, "5550051.0": -0.12475009660815563, "5550041.0": -0.1752932327651318, "5550039.0": -0.21560236576571687, "5550037.0": -0.12594851258693465, "5550050.03": -0.05558841295130409, "5550046.0": -0.16745883131061823, "5550038.0": -0.19428977366911487, "5550050.02": -0.1912905256845894, "5550048.0": -0.16734336013677126, "5550120.03": 7.786884540775476, "5550047.0": -0.23696731433975812, "5550050.01": -0.20560337532961084, "5550049.01": -0.17503332502920385, "5550049.02": -0.20034440335742074, "5550120.02": -0.37782988667887885, "5550027.06": -0.08896914649468295, "5550029.0": -0.1207116609469235, "5550027.04": -0.07582621762852815, "5550027.03": -0.07663732134632836, "5550027.05": -0.11520549901346837, "5550100.02": -0.052728050568269305, "5550130.0": -0.20692765342240385, "5550230.0": -0.49602521428601837}