{"5550140.0": 0.9739082902907487, "5550210.0": 0.754380097605047, "5550001.02": -0.35267891856019695, "5550002.04": -0.5367342924845978, "5550001.07": -0.23745036415508355, "5550100.01": 1.0900483693811176, "5550001.08": -0.013485136586773375, "5550026.0": -0.07957088644685056, "5550027.07": 0.019576245370396327, "5550030.0": -0.48087399316578117, "5550028.0": -0.3560806285924457, "5550110.02": 3.510742345555607, "5550110.01": 0.14826473914461452, "5550001.06": -0.05210472206113335, "5550006.04": 0.1706860403386564, "5550006.05": 0.13291167599855738, "5550006.01": 0.22322834119130472, "5550001.05": -0.04544328067611364, "5550006.02": -0.019076593000706993, "5550005.03": 0.07368271304456167, "5550001.03": -0.3351645883747609, "5550002.02": -0.4339843127998169, "5550004.04": 0.04886312786012769, "5550002.01": -0.5849585853385569, "5550005.01": -0.06529492862586814, "5550005.02": -0.20658691444945548, "5550004.01": -0.29405761276781756, "5550004.03": -0.032839740453401337, "5550007.02": 0.08355953406155239, "5550002.03": -0.478408422023971, "5550010.01": -0.15168760183860733, "5550007.01": 0.1108168265816948, "5550003.0": -0.274751058992895, "5550011.0": -0.320154854041775, "5550012.0": -0.26093440357423364, "5550009.02": 0.07999071231515034, "5550010.02": -0.21438365155165112, "5550008.0": 0.48951496441558673, "5550013.0": -0.5014800724198131, "5550016.0": -0.3121853261204022, "5550019.0": -0.21635634175255436, "5550018.0": -0.3394520897890961, "5550015.0": -0.3568608896775547, "5550009.01": 0.5232147567832532, "5550017.0": -0.4477403092111005, "5550014.0": -0.5086069422423031, "5550020.01": -0.01717313276799724, "5550023.0": -0.45978938982848727, "5550022.0": -0.48184425952359344, "5550020.02": 3.615924233305584, "5550024.0": -0.5637785018825267, "5550025.0": -0.38428684095495447, "5550021.0": -0.18263107827404815, "5550044.06": 0.020229108367083245, "5550033.0": -0.5895169510855393, "5550044.07": -0.28113200857237597, "5550031.0": -0.55823732399094, "5550034.0": -0.5276950551042922, "5550032.0": -0.7440136302846975, "5550044.04": -0.20917576935257193, "5550044.01": -0.11972632284607325, "5550044.05": 0.06551087199703713, "5550043.0": -0.45166572185245146, "5550150.0": 1.0759601208280565, "5550044.02": 0.020048330915164263, "5550035.0": -0.7275111426820517, "5550042.0": -0.5395011728870333, "5550036.0": -0.652812139568052, "5550040.0": -0.6414547608108915, "5550045.0": -0.35263143989735846, "5550051.0": -0.09981932116834068, "5550041.0": -0.6131537013551096, "5550039.0": -0.6149796767211482, "5550037.0": -0.5537908581388804, "5550050.03": -0.4903040359040854, "5550046.0": -0.5563705953290436, "5550038.0": -0.4467944671609106, "5550050.02": -0.021602711032458886, "5550048.0": -0.43254384642587895, "5550120.03": 7.093844605072715, "5550047.0": -0.0714109632543384, "5550050.01": 0.2347692359626411, "5550049.01": -0.0695121659574955, "5550049.02": 0.40827083979610157, "5550120.02": 1.0142570983686834, "5550027.06": -0.34271374427705953, "5550029.0": -0.5148718549081069, "5550027.04": -0.4586917491721515, "5550027.03": -0.47747742569117796, "5550027.05": 0.023414146878688556, "5550100.02": -0.40658964474273107, "5550130.0": 0.5542718756970968, "5550230.0": 0.604701618053365}