{"5550140.0": 0.08869360271163639, "5550210.0": 0.47536760507836534, "5550001.02": 0.018825089015365813, "5550002.04": 0.025023563025004972, "5550001.07": -0.14249982670369488, "5550100.01": -0.11587396862238616, "5550001.08": -0.2340135740927775, "5550026.0": -0.45478807035426466, "5550027.07": -0.44303136564307666, "5550030.0": -0.08840015637000931, "5550028.0": -0.22639309980285507, "5550110.02": 3.61452155825855, "5550110.01": -0.3246910735952529, "5550001.06": -0.13878610442411235, "5550006.04": -0.07091511169286568, "5550006.05": -0.2313326768533079, "5550006.01": -0.26087676739934806, "5550001.05": -0.32444895770754556, "5550006.02": -0.3248341923436833, "5550005.03": -0.25399498109050184, "5550001.03": -0.3344310156004367, "5550002.02": -0.18199438418670427, "5550004.04": -0.4506926674512048, "5550002.01": -0.07928910372831093, "5550005.01": -0.33074419403699246, "5550005.02": -0.2734772501658919, "5550004.01": -0.5040293410507901, "5550004.03": -0.5899541989524866, "5550007.02": -0.5357092554565517, "5550002.03": -0.16652629931207552, "5550010.01": -0.28511375129379696, "5550007.01": -0.42708871806305726, "5550003.0": -0.374195532756547, "5550011.0": -0.2759555224520222, "5550012.0": -0.49293715064335075, "5550009.02": -0.4856915001192068, "5550010.02": -0.35759350952897934, "5550008.0": -0.48564118585210414, "5550013.0": -0.14161019515316253, "5550016.0": -0.40730320689197125, "5550019.0": -0.2502582136235106, "5550018.0": -0.2530071974353663, "5550015.0": -0.2734654047567395, "5550009.01": -0.1984879244194985, "5550017.0": -0.28332791777018324, "5550014.0": -0.1641176092719724, "5550020.01": -0.49687451822694273, "5550023.0": -0.10543979193934193, "5550022.0": -0.16651232118486223, "5550020.02": 3.7345858954009263, "5550024.0": -0.0057722098087090185, "5550025.0": -0.17595541676549048, "5550021.0": -0.37184029496139837, "5550044.06": -0.12017746205354765, "5550033.0": -0.006749946392251578, "5550044.07": -0.24177866685334842, "5550031.0": 0.06117027326967675, "5550034.0": -0.12104438377892905, "5550032.0": 0.14393448642988052, "5550044.04": -0.10406926415272579, "5550044.01": -0.3709967279642014, "5550044.05": -0.03906153842635657, "5550043.0": -0.26359718788312, "5550150.0": -0.09105911733743607, "5550044.02": -0.21379848307719349, "5550035.0": 0.1810245466245888, "5550042.0": -0.04016851005739396, "5550036.0": 0.16618239963414913, "5550040.0": 0.15942881402475714, "5550045.0": -0.0849765118146413, "5550051.0": -0.18733106628912835, "5550041.0": 0.2220973411021149, "5550039.0": 0.3544569587304003, "5550037.0": -0.013529837848780906, "5550050.03": -0.06905226165561225, "5550046.0": 0.22268568596603389, "5550038.0": 0.09970553256676139, "5550050.02": -0.007678023412097194, "5550048.0": 0.16031802091741668, "5550120.03": 7.664205336677572, "5550047.0": 0.05855591383239596, "5550050.01": -0.11031524325685774, "5550049.01": -0.06631766793002486, "5550049.02": -0.2887191357586283, "5550120.02": -0.13104180835562917, "5550027.06": -0.31068264873007057, "5550029.0": -0.0842710226428393, "5550027.04": -0.17896405931504764, "5550027.03": -0.24657399644012895, "5550027.05": -0.5013748981955342, "5550100.02": -0.3298146490715956, "5550130.0": -0.40673103836437186, "5550230.0": 0.7390092633471853}