{"5550140.0": 0.28028635498606064, "5550210.0": 0.47506676443004675, "5550001.02": -0.11580597752312223, "5550002.04": -0.23122375455142694, "5550001.07": -0.22099272780113308, "5550100.01": 0.17723894280029842, "5550001.08": -0.27976108647157816, "5550026.0": -0.3950435226566382, "5550027.07": -0.4276692116446871, "5550030.0": -0.24493638250772223, "5550028.0": -0.368225867630129, "5550110.02": 3.524902864873674, "5550110.01": -0.2941418057005222, "5550001.06": -0.09936946292687583, "5550006.04": -0.17233399243889186, "5550006.05": -0.33937387339390057, "5550006.01": -0.24526991262066808, "5550001.05": -0.23792971538583702, "5550006.02": -0.31380177339425736, "5550005.03": -0.22782015234323316, "5550001.03": -0.33519300917975753, "5550002.02": -0.29102952956335715, "5550004.04": -0.31157738084620146, "5550002.01": -0.276478799683149, "5550005.01": -0.31568033789220257, "5550005.02": -0.3285538057750424, "5550004.01": -0.47001971558878286, "5550004.03": -0.48498661015889977, "5550007.02": -0.41326707244860894, "5550002.03": -0.3113398077693617, "5550010.01": -0.3530396346308518, "5550007.01": -0.39291509266604513, "5550003.0": -0.41879058509337075, "5550011.0": -0.35994459489331543, "5550012.0": -0.4776535638424193, "5550009.02": -0.136443793982982, "5550010.02": -0.2870684595798286, "5550008.0": -0.03480036254236006, "5550013.0": -0.3221159563974993, "5550016.0": -0.45615714044768774, "5550019.0": -0.1860051267757539, "5550018.0": -0.23879496125443006, "5550015.0": -0.33772997768864044, "5550009.01": 0.3077657906803424, "5550017.0": -0.3493457594955225, "5550014.0": -0.3382323370070153, "5550020.01": -0.23870328538504026, "5550023.0": -0.2375322906222169, "5550022.0": -0.26955336109963607, "5550020.02": 3.896967540210695, "5550024.0": -0.19903029257690139, "5550025.0": -0.29555574085207725, "5550021.0": -0.09268645906645852, "5550044.06": 0.13855048599122483, "5550033.0": -0.15893017951631977, "5550044.07": -0.22206396031732567, "5550031.0": -0.19996652178861343, "5550034.0": -0.2393294423854625, "5550032.0": -0.08036746901349368, "5550044.04": -0.09845067840069831, "5550044.01": -0.10680512811383487, "5550044.05": 0.09194218352130575, "5550043.0": -0.215593948650506, "5550150.0": 0.18973899934402735, "5550044.02": -0.027711063563272968, "5550035.0": -0.057895455214166135, "5550042.0": -0.12383974409522978, "5550036.0": -0.04839624589160167, "5550040.0": -0.032561345137715976, "5550045.0": -0.10620242229601812, "5550051.0": -0.06307951032626645, "5550041.0": 0.05672888427999213, "5550039.0": 0.11739193981906616, "5550037.0": -0.14494438280796587, "5550050.03": -0.16774317198520633, "5550046.0": 0.05669486163786781, "5550038.0": 0.011981180822771855, "5550050.02": 0.081823868635983, "5550048.0": 0.006646718283903285, "5550120.03": 7.662248054480515, "5550047.0": 0.14417641911225057, "5550050.01": 0.04776568610066566, "5550049.01": 0.010551284027372427, "5550049.02": -0.015652085738854658, "5550120.02": 0.2100604466196393, "5550027.06": -0.4197155479775426, "5550029.0": -0.24425979980274942, "5550027.04": -0.3642014300579061, "5550027.03": -0.38918245528123707, "5550027.05": -0.3852874015299375, "5550100.02": -0.4352449318891491, "5550130.0": 0.024947378265278455, "5550230.0": 0.607871736654139}