{"5550140.0": 0.17688394389502646, "5550210.0": 0.12771610175109768, "5550001.02": -0.22494060735571741, "5550002.04": -0.28471569294060584, "5550001.07": -0.18508299018885188, "5550100.01": 0.20289589709993455, "5550001.08": -0.16228317734589595, "5550026.0": -0.13750597700925882, "5550027.07": -0.15067712315260468, "5550030.0": -0.2486223137916786, "5550028.0": -0.24262651239859162, "5550110.02": 3.767183434718494, "5550110.01": -0.12850379188344263, "5550001.06": -0.1451636966698073, "5550006.04": -0.08991538492780292, "5550006.05": -0.1458282297187795, "5550006.01": -0.10674346528379851, "5550001.05": -0.1605213877220898, "5550006.02": -0.15029152588813552, "5550005.03": -0.14887642488011485, "5550001.03": -0.23840054246037348, "5550002.02": -0.2586074458707787, "5550004.04": -0.1437938473538367, "5550002.01": -0.27388539610051793, "5550005.01": -0.17616666973980183, "5550005.02": -0.2329533930575141, "5550004.01": -0.2172578240325074, "5550004.03": -0.19977370693761592, "5550007.02": -0.17830111812486735, "5550002.03": -0.26142017390981453, "5550010.01": -0.22857751660669237, "5550007.01": -0.13120307087507282, "5550003.0": -0.23198899297818848, "5550011.0": -0.2440147428979291, "5550012.0": -0.2146039523135072, "5550009.02": -0.16109309854459314, "5550010.02": -0.21833364305314842, "5550008.0": 0.006230461147156746, "5550013.0": -0.25814666509249723, "5550016.0": -0.22270001051020832, "5550019.0": -0.22536133727037616, "5550018.0": -0.22133179751515103, "5550015.0": -0.2250374157185973, "5550009.01": 0.02623463451776862, "5550017.0": -0.21998976541344234, "5550014.0": -0.25652495685785265, "5550020.01": -0.16919644454633123, "5550023.0": -0.2355987520748494, "5550022.0": -0.24471971802974818, "5550020.02": 3.8549687120145504, "5550024.0": -0.25066591591815734, "5550025.0": -0.22988339707429872, "5550021.0": -0.18021507587393937, "5550044.06": -0.0850252725623955, "5550033.0": -0.24321243686816518, "5550044.07": -0.19748343471603264, "5550031.0": -0.27734884764104795, "5550034.0": -0.24278066529470166, "5550032.0": -0.2681515475681553, "5550044.04": -0.18963794765984832, "5550044.01": -0.1633919454110908, "5550044.05": -0.021021911936477268, "5550043.0": -0.23466495743644208, "5550150.0": 0.19974054483074752, "5550044.02": -0.08106673675586404, "5550035.0": -0.28208570774415326, "5550042.0": -0.2684086966264995, "5550036.0": -0.27954090835115736, "5550040.0": -0.2949926716980803, "5550045.0": -0.2565351903432466, "5550051.0": -0.11621195227980556, "5550041.0": -0.29898872434181456, "5550039.0": -0.3127333577005295, "5550037.0": -0.27183159117517663, "5550050.03": -0.2622376141490395, "5550046.0": -0.2975877428575982, "5550038.0": -0.28035928121007353, "5550050.02": -0.14001715530145797, "5550048.0": -0.2838766854088852, "5550120.03": 7.7415939554460005, "5550047.0": -0.14623051330427408, "5550050.01": -0.07090055619106915, "5550049.01": -0.1442115561943973, "5550049.02": 0.012096993924295764, "5550120.02": 0.24431944907722208, "5550027.06": -0.239156097981846, "5550029.0": -0.2626136014482047, "5550027.04": -0.25620007278189033, "5550027.03": -0.2510391688014049, "5550027.05": -0.13428243983104662, "5550100.02": -0.23624647680300065, "5550130.0": 0.19806149010439203, "5550230.0": 0.09419253575756383}