{"5550140.0": 0.5577862941310006, "5550210.0": 0.2660285497663118, "5550001.02": -0.4163302090025041, "5550002.04": -0.5610385375692885, "5550001.07": -0.26149235489040523, "5550100.01": 0.712138986107358, "5550001.08": -0.013462175609878353, "5550026.0": 0.0051013450252555565, "5550027.07": 0.046550697368663595, "5550030.0": -0.40100634158632553, "5550028.0": -0.27552048102043386, "5550110.02": 3.655467215069942, "5550110.01": 0.05342183181165485, "5550001.06": -0.12821342311500003, "5550006.04": 0.037785436006648264, "5550006.05": 0.054798631891791925, "5550006.01": 0.10589589185674524, "5550001.05": -0.05207352756595682, "5550006.02": -0.057242271361166955, "5550005.03": -0.0005453238860620523, "5550001.03": -0.2718395377761152, "5550002.02": -0.3975905328645377, "5550004.04": 0.0702378894770532, "5550002.01": -0.5611280328844325, "5550005.01": -0.05130643023818161, "5550005.02": -0.19025362723704572, "5550004.01": -0.18865774422130863, "5550004.03": 0.09679503600749838, "5550007.02": 0.1322408807189837, "5550002.03": -0.44423145411516174, "5550010.01": -0.13628604387891582, "5550007.01": 0.07142255432892512, "5550003.0": -0.17129565984795422, "5550011.0": -0.24591303201563364, "5550012.0": -0.1151933078886733, "5550009.02": 0.1267652821554652, "5550010.02": -0.14112401839542713, "5550008.0": 0.4663621677240969, "5550013.0": -0.4530052392030473, "5550016.0": -0.12703432709030366, "5550019.0": -0.10402179091220311, "5550018.0": -0.18777376908085855, "5550015.0": -0.20391182496773724, "5550009.01": 0.4146465028401348, "5550017.0": -0.2536547782918022, "5550014.0": -0.40759550153855717, "5550020.01": 0.09584709866138344, "5550023.0": -0.3056104188908677, "5550022.0": -0.3088286451500091, "5550020.02": 3.7475713320466735, "5550024.0": -0.4677669371339853, "5550025.0": -0.30275023769522136, "5550021.0": -0.026807917311165243, "5550044.06": -0.061550050544728216, "5550033.0": -0.43063741003210515, "5550044.07": -0.2816936944925645, "5550031.0": -0.483011801484751, "5550034.0": -0.35671478039710214, "5550032.0": -0.6526275932356741, "5550044.04": -0.25992890506286276, "5550044.01": -0.0547217236360995, "5550044.05": -0.07228947353649494, "5550043.0": -0.29451433456333354, "5550150.0": 0.6934153972616416, "5550044.02": -0.052187929774219904, "5550035.0": -0.6350416327592752, "5550042.0": -0.47548128432447634, "5550036.0": -0.6467998666489165, "5550040.0": -0.6177395023629814, "5550045.0": -0.35354193496099595, "5550051.0": -0.14110548770431386, "5550041.0": -0.6394509500815091, "5550039.0": -0.6904448982885667, "5550037.0": -0.5268454365074188, "5550050.03": -0.496721410085262, "5550046.0": -0.6120580556410281, "5550038.0": -0.501979263698869, "5550050.02": -0.13274451396941234, "5550048.0": -0.5153051868756782, "5550120.03": 7.362094478784226, "5550047.0": -0.2042693241531672, "5550050.01": 0.10221684555652107, "5550049.01": -0.17115900954347166, "5550049.02": 0.2902588537404798, "5550120.02": 0.7409760781357997, "5550027.06": -0.2693350791409574, "5550029.0": -0.4638241234609153, "5550027.04": -0.41518925570039134, "5550027.03": -0.38786254985788166, "5550027.05": 0.07836211336845805, "5550100.02": -0.3377114856427149, "5550130.0": 0.41370341868131016, "5550230.0": 0.06710259388028623}