{"5550140.0": 0.01874279916083007, "5550210.0": 0.05602998914767436, "5550001.02": -0.14915653656566663, "5550002.04": -0.189327557720085, "5550001.07": -0.17227620668234808, "5550100.01": -0.0009837659839472953, "5550001.08": -0.18625291767366411, "5550026.0": -0.21521239085926616, "5550027.07": -0.22002256506649812, "5550030.0": -0.2108017951872844, "5550028.0": -0.22549021198748176, "5550110.02": 3.768385280619786, "5550110.01": -0.18329622724904407, "5550001.06": -0.1294727091347249, "5550006.04": -0.15079745500798408, "5550006.05": -0.1976251867364996, "5550006.01": -0.15759327205374574, "5550001.05": -0.17074515533729726, "5550006.02": -0.19336946136816086, "5550005.03": -0.16976501941788702, "5550001.03": -0.21112374339088183, "5550002.02": -0.20018816237707418, "5550004.04": -0.1828567440296952, "5550002.01": -0.2029569689870452, "5550005.01": -0.1975413719393207, "5550005.02": -0.21300463280978388, "5550004.01": -0.239998254547245, "5550004.03": -0.24558927365464905, "5550007.02": -0.23511331566952776, "5550002.03": -0.2077831072781026, "5550010.01": -0.21641607449398442, "5550007.01": -0.20730419881752638, "5550003.0": -0.23673151450792088, "5550011.0": -0.22578306805400955, "5550012.0": -0.2470914475843623, "5550009.02": -0.18812689151876152, "5550010.02": -0.2203799992654981, "5550008.0": -0.13220521544414485, "5550013.0": -0.21676683510895967, "5550016.0": -0.25087137935210596, "5550019.0": -0.2055186717977603, "5550018.0": -0.21311305038004863, "5550015.0": -0.22522091013852052, "5550009.01": -0.0545035370701053, "5550017.0": -0.23077929794991708, "5550014.0": -0.22273393457853777, "5550020.01": -0.21004409942988256, "5550023.0": -0.2085087842146682, "5550022.0": -0.21870188332018647, "5550020.02": 3.850761185334579, "5550024.0": -0.2007892106336002, "5550025.0": -0.2146729941834008, "5550021.0": -0.18896868132038336, "5550044.06": -0.1012794007706707, "5550033.0": -0.1974247455514715, "5550044.07": -0.18841701613963185, "5550031.0": -0.20068642843097134, "5550034.0": -0.21159685806929207, "5550032.0": -0.18533508499373172, "5550044.04": -0.1517719152684441, "5550044.01": -0.17563799416710102, "5550044.05": -0.08564715317529174, "5550043.0": -0.2129791982038364, "5550150.0": 0.00140914398334721, "5550044.02": -0.12266136543556111, "5550035.0": -0.18191405337583072, "5550042.0": -0.18882750372930016, "5550036.0": -0.17813787364958764, "5550040.0": -0.17398956193235102, "5550045.0": -0.17810573137047406, "5550051.0": -0.14306572182452681, "5550041.0": -0.15922407916075138, "5550039.0": -0.13531695238345667, "5550037.0": -0.196727266439739, "5550050.03": -0.19037884589516937, "5550046.0": -0.14845367164302634, "5550038.0": -0.15975881176415088, "5550050.02": -0.10986322342933119, "5550048.0": -0.15156185090794275, "5550120.03": 7.805085126715754, "5550047.0": -0.10913343135394432, "5550050.01": -0.1031066831460826, "5550049.01": -0.12198072080133833, "5550049.02": -0.10186627799789665, "5550120.02": -0.011304898770473238, "5550027.06": -0.23225109699048754, "5550029.0": -0.2101374159584006, "5550027.04": -0.22248291503807913, "5550027.03": -0.23274179679445509, "5550027.05": -0.21455815199535852, "5550100.02": -0.2363995072193065, "5550130.0": -0.06356573479089193, "5550230.0": 0.0814531014855784}