{"5550140.0": 0.2539867323392712, "5550210.0": 0.004947970243596532, "5550001.02": -0.3323496131717166, "5550002.04": -0.4543299891207024, "5550001.07": -0.2274831945761596, "5550100.01": 0.38573920190826516, "5550001.08": -0.06944498451133017, "5550026.0": -0.024183097336431605, "5550027.07": -0.02133066123175583, "5550030.0": -0.33749577900370825, "5550028.0": -0.25153348450865026, "5550110.02": 3.7334781484621336, "5550110.01": -0.032808258579323575, "5550001.06": -0.09731830369111928, "5550006.04": -0.07471227029923061, "5550006.05": -0.04322876022462254, "5550006.01": 0.021690203004474884, "5550001.05": -0.045777750511095575, "5550006.02": -0.0731539164323764, "5550005.03": -0.04729509322541307, "5550001.03": -0.18836321819342197, "5550002.02": -0.30085957461500024, "5550004.04": 0.05207422102876822, "5550002.01": -0.4349389449951879, "5550005.01": -0.07344559326560621, "5550005.02": -0.14892671165296892, "5550004.01": -0.12474637338212907, "5550004.03": 0.056071509712875146, "5550007.02": 0.06650510828890244, "5550002.03": -0.3452885076247258, "5550010.01": -0.11329732277662607, "5550007.01": -0.0027854707857696247, "5550003.0": -0.15781782898714003, "5550011.0": -0.23000546975538547, "5550012.0": -0.12119139767594501, "5550009.02": 0.14256867434678822, "5550010.02": -0.1028127187302602, "5550008.0": 0.35357549287008444, "5550013.0": -0.36793522295500963, "5550016.0": -0.17827742500156185, "5550019.0": -0.12674101350202782, "5550018.0": -0.19728127474114943, "5550015.0": -0.20946523627075336, "5550009.01": 0.3019853399369965, "5550017.0": -0.27652002355320443, "5550014.0": -0.33875804067617943, "5550020.01": 0.09230154754822553, "5550023.0": -0.30629936096717314, "5550022.0": -0.3165345687223309, "5550020.02": 3.812412453692615, "5550024.0": -0.40105983053346456, "5550025.0": -0.24622104415554513, "5550021.0": -0.04258417978645305, "5550044.06": -0.055485478245401114, "5550033.0": -0.40425116553370755, "5550044.07": -0.22132668803732686, "5550031.0": -0.4355115155272973, "5550034.0": -0.35190246756385285, "5550032.0": -0.5733300609497478, "5550044.04": -0.2342490112356334, "5550044.01": -0.010552201485500956, "5550044.05": -0.10612970377247104, "5550043.0": -0.26563048948979967, "5550150.0": 0.36975710896235503, "5550044.02": -0.07399372748066037, "5550035.0": -0.565678825579167, "5550042.0": -0.3952006467339036, "5550036.0": -0.5316736547800958, "5550040.0": -0.5267350121703042, "5550045.0": -0.28258101044541883, "5550051.0": -0.12543866499648113, "5550041.0": -0.5262157161344018, "5550039.0": -0.5592956486625998, "5550037.0": -0.4203072711299612, "5550050.03": -0.3925964596919609, "5550046.0": -0.49508594923961763, "5550038.0": -0.383610214646633, "5550050.02": -0.1486601333661888, "5550048.0": -0.415961163071017, "5550120.03": 7.574437040208524, "5550047.0": -0.1854605313871154, "5550050.01": -0.004820677475330875, "5550049.01": -0.16471537085896945, "5550049.02": 0.1680648379195478, "5550120.02": 0.40843943967505575, "5550027.06": -0.2461358543089502, "5550029.0": -0.3782405021662236, "5550027.04": -0.35834541098245865, "5550027.03": -0.31682443093506696, "5550027.05": 0.024873029624180143, "5550100.02": -0.27765873774681094, "5550130.0": 0.2601492202365891, "5550230.0": -0.16485137445050893}