{"5550140.0": 0.9702261152059645, "5550210.0": 1.1770588475084056, "5550001.02": -0.36008701894043643, "5550002.04": -0.5401553126949992, "5550001.07": -0.38006766475615256, "5550100.01": 0.8608024936009057, "5550001.08": -0.44713125895364714, "5550026.0": 0.09700994227052898, "5550027.07": -0.12315812380568066, "5550030.0": -0.07590497261237923, "5550028.0": -0.44905374388092817, "5550110.02": -0.5071571329209363, "5550110.01": -0.43069355100569107, "5550001.06": -0.2641597400502186, "5550006.04": -0.29416074973444095, "5550006.05": -0.6801552080231494, "5550006.01": -0.3987641694753305, "5550001.05": -0.4872364937018489, "5550006.02": -0.5356422460184831, "5550005.03": -0.3946105823892669, "5550001.03": -0.7349877215036523, "5550002.02": -0.6499840105107804, "5550004.04": -0.5527957463145281, "5550002.01": -0.5857147635353368, "5550005.01": -0.34360701778364644, "5550005.02": -0.46996410729069826, "5550004.01": -0.8174373793491804, "5550004.03": -0.5566756762426528, "5550007.02": -0.8406831011515021, "5550002.03": -0.6367094195233186, "5550010.01": -0.4394207148049418, "5550007.01": -0.5240260167222838, "5550003.0": -0.7533046873591074, "5550011.0": -0.49404208567131425, "5550012.0": -0.277986249145605, "5550009.02": -0.8265286379513748, "5550010.02": -0.47385899134203074, "5550008.0": -0.846714447249292, "5550013.0": -0.6255473921552894, "5550016.0": 0.03654724526006521, "5550019.0": 0.25910732214543714, "5550018.0": 0.31014258329649885, "5550015.0": 0.21548755173810424, "5550009.01": -0.713065786959853, "5550017.0": 0.5853905175463036, "5550014.0": -0.10708754389219156, "5550020.01": -0.3735781374490555, "5550023.0": 0.7193917527539174, "5550022.0": 2.32925795091316, "5550020.02": -0.3357018138274437, "5550024.0": 1.0390824688068552, "5550025.0": 0.410385675575611, "5550021.0": 1.2375236781758356, "5550044.06": -0.6458083276471923, "5550033.0": 3.7062014478605634, "5550044.07": -0.680177728653063, "5550031.0": 1.073728567678311, "5550034.0": 1.5860669597214723, "5550032.0": 3.9276308591050557, "5550044.04": -0.622791860392883, "5550044.01": -0.30568333806708914, "5550044.05": -0.6008161078587232, "5550043.0": 2.5038513054861733, "5550150.0": 0.8740760094347347, "5550044.02": -0.6880113208402615, "5550035.0": 3.6968938043708164, "5550042.0": 1.5526791934935793, "5550036.0": 0.12251536296295941, "5550040.0": 1.9206249802284605, "5550045.0": -0.12441978933139641, "5550051.0": -0.6596786882215471, "5550041.0": 0.18764426511270138, "5550039.0": -0.12290703657698164, "5550037.0": -0.5698339571213039, "5550050.03": -0.571248331336836, "5550046.0": 0.22944778055285414, "5550038.0": -0.2667866908524401, "5550050.02": -0.5856040174007096, "5550048.0": -0.16480360123496932, "5550120.03": -0.16882928674281822, "5550047.0": -0.569666185448394, "5550050.01": -0.6480255886729007, "5550049.01": -0.4140957758341178, "5550049.02": -0.7430210740010692, "5550120.02": -0.174446165082055, "5550027.06": -0.718347127067881, "5550029.0": -0.3385520915804967, "5550027.04": -0.6474180729984851, "5550027.03": -0.6789364685746258, "5550027.05": -0.35131428096049416, "5550100.02": -0.7238558220366257, "5550130.0": -0.8142178512949478, "5550230.0": 1.3180813217236984}