{"7050100.19": 1.0453984827070135, "7050100.2": -0.26555521550080924, "7050008.02": 1.3396052401041443, "7050100.08": 0.10443828241930095, "7050008.01": 0.3556776400471054, "7050001.01": -0.31192406934616956, "7050002.01": 0.17511507170112925, "7050004.03": 0.10016967004792827, "7050001.02": 0.17763133538134784, "7050006.02": 0.8689680845797582, "7050002.02": 0.7306619994890866, "7050003.0": 1.5697921036496325, "7050006.01": 0.7744468445862752, "7050004.02": 0.8779293142644345, "7050007.0": 0.25574339936934903, "7050005.0": 1.6594915787232345, "7050011.0": 0.6900757044082573, "7050010.0": -0.0033739511122781985, "7050012.0": 0.8889064710989155, "7050004.01": 1.0117676007768108, "7050014.0": -0.3156962898285111, "7050013.0": 0.07634262869418972, "7050100.14": 1.691640377236083, "7050018.0": 0.2183920669907804, "7050019.0": 0.7196982789450973, "7050020.0": 1.336631792392008, "7050022.02": 0.9111236697276939, "7050021.0": 0.7387299327849747, "7050025.01": -0.3241596583029983, "7050022.01": 0.39586253661534776, "7050026.0": -1.1602435967091362, "7050024.0": -0.1590448167830209, "7050023.02": 0.11644282783358773, "7050025.02": -0.8506281735834457, "7050023.01": 0.6946679279069449, "7050100.01": 1.2890953291848475, "7050028.01": -1.948639211210714, "7050028.02": -1.4469465920125286, "7050028.03": -0.4048185434536303, "7050100.03": 0.601724171549267, "7050100.05": -2.6664466382673044, "7050100.17": -1.368855968589922, "7050100.02": 0.9354384662397489, "7050100.18": -0.6260442749065386, "7050100.13": -0.9844283712692198, "7050009.02": 0.058095889888448174, "7050100.11": -0.9998143499029806, "7050009.01": -0.7377110286415078, "7050016.0": -1.1144387190080818, "7050015.0": -1.0676970197866056, "7050100.1": -1.6037604954704778, "7050017.0": -1.0943464548790023, "7050027.0": -1.9956923088649416, "7050100.16": 0.027039087558627387, "7050100.15": -0.9864780594715464}