{"7050100.19": 3.1186965012209926, "7050100.2": 0.17627656570164246, "7050008.02": 0.019120914263481843, "7050100.08": -0.12869603030045793, "7050008.01": -0.21133354601285723, "7050001.01": -0.3509250128069864, "7050002.01": 2.125518960380971, "7050004.03": 2.324017025482126, "7050001.02": -0.48925463103040306, "7050006.02": -0.3206787163414724, "7050002.02": 1.6423366901031837, "7050003.0": 1.392397512170145, "7050006.01": -0.3679708859709177, "7050004.02": 1.0715528248003925, "7050007.0": -0.49430821787891693, "7050005.0": 1.744914580970252, "7050011.0": -0.5784348805348577, "7050010.0": -0.8678496477583677, "7050012.0": -0.46063542922741907, "7050004.01": 1.7181255224584624, "7050014.0": -0.6038613053351832, "7050013.0": -0.7616144509142686, "7050100.14": 1.9176814854901845, "7050018.0": -0.42249788900990465, "7050019.0": 0.08377591625010901, "7050020.0": 0.7031326644134244, "7050022.02": 0.1253452230376905, "7050021.0": -0.7233745544253459, "7050025.01": -0.6022585621251153, "7050022.01": 0.99124177158174, "7050026.0": -0.8652351513196096, "7050024.0": -1.0012863594933537, "7050023.02": -0.7003686111304036, "7050025.02": -0.9484137706081305, "7050023.01": -0.7873287223485987, "7050100.01": 0.5114144936308197, "7050028.01": -0.6506974835970212, "7050028.02": -0.6075952810688086, "7050028.03": -0.7341855805062141, "7050100.03": -0.5228897002133766, "7050100.05": -0.16133478913500346, "7050100.17": -0.8358948697639271, "7050100.02": 0.5147280388463993, "7050100.18": -0.5894468870696183, "7050100.13": 1.67215299212972, "7050009.02": -0.45444776873668613, "7050100.11": -0.79511265896577, "7050009.01": -0.9037530204917467, "7050016.0": -0.5991568451813686, "7050015.0": -0.6046292421387255, "7050100.1": -0.21268445882651094, "7050017.0": -1.0708719720655033, "7050027.0": -0.6269289462421249, "7050100.16": -0.6291369929745148, "7050100.15": -0.16733681138223613}