{"7050100.19": 0.96097548686756, "7050100.2": 0.638005647766446, "7050008.02": 1.4180645068221, "7050100.08": 1.94495180606423, "7050008.01": -0.19101601194368742, "7050001.01": -0.08700981820556618, "7050002.01": -0.06901327120325361, "7050004.03": 2.2743470603498093, "7050001.02": 0.8306491115286617, "7050006.02": -0.35750452768719754, "7050002.02": 0.294394565415787, "7050003.0": 1.4413539494561531, "7050006.01": 0.7080510562509398, "7050004.02": -0.13937153494576912, "7050007.0": -0.042119268379374, "7050005.0": 0.8106428541471471, "7050011.0": -1.6812738989980112, "7050010.0": -1.3749952997192159, "7050012.0": -0.8227928694827997, "7050004.01": 0.6758603760678528, "7050014.0": -2.2029261949924255, "7050013.0": -0.9271638529530336, "7050100.14": 1.0169255577970098, "7050018.0": -1.1447422981555087, "7050019.0": -0.6988335339057014, "7050020.0": -0.690227398368875, "7050022.02": -0.7851931816616718, "7050021.0": 0.1735116692682831, "7050025.01": -0.8738669471535717, "7050022.01": -0.30249723598870626, "7050026.0": -0.8910216455723994, "7050024.0": -0.29393116072075887, "7050023.02": -0.2953919317894014, "7050025.02": -0.66337364142579, "7050023.01": 0.9182915817913503, "7050100.01": 0.11386060341867713, "7050028.01": -0.7700305095285416, "7050028.02": -0.5371643866497258, "7050028.03": 0.1058458922207839, "7050100.03": 0.3439013858089634, "7050100.05": -1.4640017876157603, "7050100.17": -1.1799055586985232, "7050100.02": -0.17060171023699403, "7050100.18": 1.0009848165856228, "7050100.13": 0.26646168685011506, "7050009.02": 1.0290152498597702, "7050100.11": 2.9803500248352077, "7050009.01": -1.2593935369291758, "7050016.0": -0.12104904174644024, "7050015.0": -0.5248352247922049, "7050100.1": -0.4238835639597035, "7050017.0": -0.2609644522283856, "7050027.0": -0.26009508793865455, "7050100.16": 1.4341475914197352, "7050100.15": 0.12559790298454043}