{"7050100.19": -1.896219172828081, "7050100.2": 0.6455284677204284, "7050008.02": -1.3486630830776534, "7050100.08": -0.7416612238520466, "7050008.01": -0.38847732132280277, "7050001.01": 1.060372653744188, "7050002.01": 0.14613960673072474, "7050004.03": -0.3278300632015903, "7050001.02": 0.5560110177427138, "7050006.02": -0.2385673226998496, "7050002.02": -0.4581889660655387, "7050003.0": -1.4528115871607301, "7050006.01": -0.2874948405270824, "7050004.02": -0.36821058452688177, "7050007.0": 0.18432047741882526, "7050005.0": -1.5814017746833464, "7050011.0": -0.1949683713545767, "7050010.0": 0.40912888111047246, "7050012.0": -0.41375807114277785, "7050004.01": -1.316106228473955, "7050014.0": 0.4919930048928134, "7050013.0": 0.1668038904843266, "7050100.14": -2.0360011251192627, "7050018.0": 0.10702568573752007, "7050019.0": -0.7456778197467177, "7050020.0": -1.6885631090416942, "7050022.02": -0.5244429613706338, "7050021.0": -0.7703559723682734, "7050025.01": 0.17176324299109513, "7050022.01": -0.24345513972159324, "7050026.0": 1.1735947321678535, "7050024.0": 0.32880572571357974, "7050023.02": -0.6892787938002645, "7050025.02": 0.7633971159741424, "7050023.01": -1.0528678393088944, "7050100.01": -1.6214191421932709, "7050028.01": 1.5973917861111624, "7050028.02": 1.2477343146376632, "7050028.03": 0.2054630832801718, "7050100.03": 0.05644270470480712, "7050100.05": 2.5095594420365255, "7050100.17": 1.8235375322897687, "7050100.02": -0.9028689810996139, "7050100.18": 0.10622725150633135, "7050100.13": 0.43361756414043795, "7050009.02": -0.3346628386207684, "7050100.11": 0.6158673533874183, "7050009.01": 0.22660734541677066, "7050016.0": 0.4706042438937341, "7050015.0": 0.7220454459014395, "7050100.1": 1.2987463509183645, "7050017.0": 1.0723087565215403, "7050027.0": 2.1619516603459163, "7050100.16": -0.12450442061716478, "7050100.15": 0.9954674164043258}