{"7050100.19": 0.31821199878911693, "7050100.2": -0.6131118892890762, "7050008.02": 0.001996652131176419, "7050100.08": 0.38241651002008437, "7050008.01": -1.4978038283236563, "7050001.01": -0.4924812720404741, "7050002.01": -0.3817054649288657, "7050004.03": 0.9076715590752165, "7050001.02": 0.1540522523506659, "7050006.02": -0.7509354227851024, "7050002.02": 0.08615211286939077, "7050003.0": 0.7107623078208449, "7050006.01": -0.3415837578702803, "7050004.02": -0.3221146344060404, "7050007.0": -0.8380176596451657, "7050005.0": 0.22669453897333747, "7050011.0": -2.173565888288237, "7050010.0": -1.597192949219922, "7050012.0": -1.0064806509838817, "7050004.01": 0.009998166497418847, "7050014.0": -2.177228886031885, "7050013.0": -2.0963597974755728, "7050100.14": 0.2179752045851122, "7050018.0": -1.1009450057166714, "7050019.0": -0.8620238334567043, "7050020.0": 0.10404284139767493, "7050022.02": -0.3775751250501634, "7050021.0": 0.6829498753620417, "7050025.01": -0.6907558236323119, "7050022.01": 0.3832325613145198, "7050026.0": -0.7892917869750731, "7050024.0": 0.1279041131187251, "7050023.02": 1.4946297348362558, "7050025.02": 0.0589372516377059, "7050023.01": 2.1335607744529477, "7050100.01": 1.3434256197180272, "7050028.01": -0.12600694481029068, "7050028.02": 0.5278260756771513, "7050028.03": 0.9891251766556893, "7050100.03": 0.7334084710532576, "7050100.05": -0.0551901334941651, "7050100.17": -0.1830090071789714, "7050100.02": 0.5105846697556558, "7050100.18": 1.8926698076927102, "7050100.13": 0.2996162619227085, "7050009.02": 0.8471630213325761, "7050100.11": 1.864472441074458, "7050009.01": -0.9994378545036761, "7050016.0": 0.01140716627742081, "7050015.0": -0.6493587695904087, "7050100.1": -0.27525023327883424, "7050017.0": -0.46594994279673685, "7050027.0": 0.115679399367823, "7050100.16": 2.2492089875903365, "7050100.15": 1.4776010084220457}