{"7050100.19": 1.0075640022986159, "7050100.2": -0.3706324163285356, "7050008.02": 1.3022044836415918, "7050100.08": 0.14831106880524741, "7050008.01": 0.3630803453220005, "7050001.01": -0.3682211082967206, "7050002.01": 0.14463415304707294, "7050004.03": 0.20492490918063425, "7050001.02": 0.20755416064583068, "7050006.02": 0.8204231339662297, "7050002.02": 0.7587491600509803, "7050003.0": 1.6051632544207857, "7050006.01": 0.8059605618724104, "7050004.02": 0.8355669154977121, "7050007.0": 0.2883621380313867, "7050005.0": 1.6950041132521734, "7050011.0": 0.6624068082408563, "7050010.0": -0.0004491408755878567, "7050012.0": 0.8800477603055287, "7050004.01": 1.0490970377709405, "7050014.0": -0.3250326619015346, "7050013.0": 0.0906960816449707, "7050100.14": 1.7050759062147842, "7050018.0": 0.2144197272981649, "7050019.0": 0.7087146365689255, "7050020.0": 1.3122476009446415, "7050022.02": 0.8833653926462187, "7050021.0": 0.7357501971084937, "7050025.01": -0.3222154263203087, "7050022.01": 0.3629607521070566, "7050026.0": -1.1536972054032693, "7050024.0": -0.15876184518015696, "7050023.02": 0.11385303041877723, "7050025.02": -0.8417187652606829, "7050023.01": 0.7053585417210646, "7050100.01": 1.272326712217535, "7050028.01": -1.9130149800462022, "7050028.02": -1.4187199701837172, "7050028.03": -0.3905113954181866, "7050100.03": 0.5981065932426, "7050100.05": -2.729231065707472, "7050100.17": -1.4203175177330682, "7050100.02": 0.8707510935055934, "7050100.18": -0.587148952716713, "7050100.13": -0.9838292201160468, "7050009.02": 0.09370787955892665, "7050100.11": -0.9176801799753267, "7050009.01": -0.7348179740401066, "7050016.0": -1.0903985917950139, "7050015.0": -1.050051813920015, "7050100.1": -1.637463991629559, "7050017.0": -1.0684328374358267, "7050027.0": -2.0038074581979544, "7050100.16": 0.05347904371988543, "7050100.15": -1.013712676785679}