{"7050100.19": 0.8879879693832479, "7050100.2": 0.4024812479747811, "7050008.02": 0.46078046348442353, "7050100.08": 1.1843218069183756, "7050008.01": 0.23973976206088307, "7050001.01": 0.39323793898069725, "7050002.01": 2.066873441462567, "7050004.03": 3.9205476698129607, "7050001.02": 0.6501219429304064, "7050006.02": -0.719780934157623, "7050002.02": 1.8269566825888452, "7050003.0": 2.194520805158956, "7050006.01": 0.4117166938624414, "7050004.02": 0.39399696334588663, "7050007.0": 0.01872077425959136, "7050005.0": 1.7202238972152106, "7050011.0": -0.58380308706929, "7050010.0": -0.7597138996260729, "7050012.0": -0.8669780856943782, "7050004.01": 0.9152896617639372, "7050014.0": -0.674752498645042, "7050013.0": -0.6298210602077409, "7050100.14": 1.0007761452467479, "7050018.0": -0.6532423171925723, "7050019.0": -0.6664096537680774, "7050020.0": -0.833199052347885, "7050022.02": -0.7872186101074221, "7050021.0": -0.20277078756163067, "7050025.01": -0.7506485797630361, "7050022.01": 0.2583927159582039, "7050026.0": -0.5476159587937436, "7050024.0": -0.44778707596918743, "7050023.02": -1.1926056295496021, "7050025.02": -0.6251696542025623, "7050023.01": -0.7481108286806396, "7050100.01": -0.8835395983435538, "7050028.01": -0.41373432749488587, "7050028.02": -0.5281450739875527, "7050028.03": -0.5375160735742768, "7050100.03": -0.8895661486351232, "7050100.05": -0.5489423978091523, "7050100.17": -1.4314842457250991, "7050100.02": -1.0853351171697847, "7050100.18": -0.5355908278438204, "7050100.13": 0.6053955667045494, "7050009.02": 0.21303433009897038, "7050100.11": 1.209390182827374, "7050009.01": -0.4919478671317224, "7050016.0": -0.179089110403373, "7050015.0": 0.48549138334939573, "7050100.1": -0.0670931657097702, "7050017.0": -0.1716407430383523, "7050027.0": -0.2862267781478628, "7050100.16": -0.9063661739784178, "7050100.15": -0.8141526830591513}