{"7050100.19": 1.7142364195595685, "7050100.2": 0.7922354530711673, "7050008.02": 0.842228683404313, "7050100.08": 1.5585008027977685, "7050008.01": -0.3826474073712726, "7050001.01": -0.09040253822585752, "7050002.01": 1.0130215796389783, "7050004.03": 3.055085759122124, "7050001.02": 0.4566818750739511, "7050006.02": -0.5427285145734102, "7050002.02": 1.128657528556151, "7050003.0": 1.5830633701465626, "7050006.01": 0.19747958329135257, "7050004.02": 0.008384903707102, "7050007.0": -0.2997345028840594, "7050005.0": 1.2265477373639404, "7050011.0": -1.5809595043257059, "7050010.0": -1.3679085517668084, "7050012.0": -1.3060016897052484, "7050004.01": 0.5213600453348831, "7050014.0": -1.7267029279902693, "7050013.0": -1.3196026156318343, "7050100.14": 1.280326324083722, "7050018.0": -1.1835170524304155, "7050019.0": -1.0559129701367351, "7050020.0": -1.0116585272142695, "7050022.02": -0.7941299671045283, "7050021.0": -0.43861969090314024, "7050025.01": -1.252314145208213, "7050022.01": 0.1491738567533268, "7050026.0": -1.0477975775831403, "7050024.0": -0.630009826510758, "7050023.02": -0.5352171419854785, "7050025.02": -0.5875657551489132, "7050023.01": 0.13367334228924144, "7050100.01": -0.13639689127818352, "7050028.01": -0.3635091011973131, "7050028.02": -0.1389069058709257, "7050028.03": 0.02875702351884174, "7050100.03": 0.12320467086821145, "7050100.05": -0.581421012685317, "7050100.17": -0.7131915599905023, "7050100.02": -0.37238866111071767, "7050100.18": 0.7757317319858619, "7050100.13": 1.0526840481126865, "7050009.02": 0.6694410783334263, "7050100.11": 2.181218749504827, "7050009.01": -1.090626739398894, "7050016.0": -0.09339631337410247, "7050015.0": -0.5293738221992104, "7050100.1": -0.1279697171187746, "7050017.0": -0.5757084437544798, "7050027.0": 0.011916102158020307, "7050100.16": 1.0040057141507104, "7050100.15": 0.3687036918517548}