{"7050100.19": -1.4144084825262968, "7050100.2": -1.5043243682963428, "7050008.02": -1.2285551224055402, "7050100.08": 0.1823998136454055, "7050008.01": -0.5585627637097722, "7050001.01": -0.9348874518185516, "7050002.01": -0.5838734125754254, "7050004.03": 0.09499643018193217, "7050001.02": -0.944380418148816, "7050006.02": -1.6490174694988624, "7050002.02": -0.8537920026636248, "7050003.0": -1.1639376668522923, "7050006.01": -1.081386818341732, "7050004.02": -1.459977832512808, "7050007.0": -0.38732196234141203, "7050005.0": -0.8575334877288476, "7050011.0": -1.7398991958540235, "7050010.0": -0.8576852450444198, "7050012.0": -0.5060934400255158, "7050004.01": 1.175355529149554, "7050014.0": -0.8825847083644996, "7050013.0": 0.2000689238582122, "7050100.14": -1.4121663981219976, "7050018.0": 0.20773107113527764, "7050019.0": 0.44815138705657137, "7050020.0": 0.12859595731198686, "7050022.02": -0.9309053803076265, "7050021.0": 0.864019412328424, "7050025.01": 1.4719205047006534, "7050022.01": 0.17496804338599925, "7050026.0": 1.7812933258916603, "7050024.0": 0.7783498026424698, "7050023.02": 0.2803600128689374, "7050025.02": 0.741202862971143, "7050023.01": 0.3334313885015509, "7050100.01": -0.7612965178632989, "7050028.01": 1.5769330635645804, "7050028.02": 0.6509076491236313, "7050028.03": 0.28977516349761406, "7050100.03": -1.0942286029475785, "7050100.05": 1.4871313121965903, "7050100.17": -0.2907087024152832, "7050100.02": -0.6916788658749728, "7050100.18": 1.027351925532315, "7050100.13": 0.5472338406927344, "7050009.02": 0.806962816908166, "7050100.11": 1.6167691280559437, "7050009.01": 0.07522575260640425, "7050016.0": 1.1915495992693137, "7050015.0": 1.3504569503294281, "7050100.1": 1.2712536844990716, "7050017.0": 1.5960725242294953, "7050027.0": 1.1577379008811983, "7050100.16": 0.051260535721757663, "7050100.15": 0.22974000350177834}