{"7050100.19": 1.6814942867780263, "7050100.2": 1.9269377682440196, "7050008.02": 1.1337912827469219, "7050100.08": 1.6867726543281312, "7050008.01": -0.6131140095819513, "7050001.01": 0.12020050711231726, "7050002.01": 0.2675325485056509, "7050004.03": 1.219766605708112, "7050001.02": 0.47620987743646603, "7050006.02": -0.1542435466169716, "7050002.02": 0.4823411652198894, "7050003.0": 0.916248631440392, "7050006.01": -0.289960925919148, "7050004.02": -0.2651297036405756, "7050007.0": -1.0070795157237316, "7050005.0": 0.10714394717180516, "7050011.0": -1.459816374141529, "7050010.0": -1.6568947739339717, "7050012.0": -1.3151891730412624, "7050004.01": -0.5650399543283702, "7050014.0": -1.9882417276612414, "7050013.0": -1.6468616663853823, "7050100.14": 1.1707926225413796, "7050018.0": -1.5675209838071498, "7050019.0": -1.2544653562201944, "7050020.0": -1.0056555763845894, "7050022.02": -0.2529656941279335, "7050021.0": -0.5954470933857311, "7050025.01": -1.3113503679541063, "7050022.01": -0.051451379733454365, "7050026.0": -0.8916615834346461, "7050024.0": -0.46167585796243404, "7050023.02": 0.20283697929626152, "7050025.02": -0.4493708088066129, "7050023.01": 0.8687625061963631, "7050100.01": 0.5361885028712731, "7050028.01": -0.49724621876812364, "7050028.02": -0.010783743076143711, "7050028.03": 0.42267123473981366, "7050100.03": 1.095298934856511, "7050100.05": -0.5052613358317151, "7050100.17": 0.34612335709849046, "7050100.02": 0.3015532864241272, "7050100.18": 1.022116275475255, "7050100.13": 1.1172750161117144, "7050009.02": 0.3251017674288678, "7050100.11": 1.9671033636198079, "7050009.01": -1.0261594486216452, "7050016.0": -0.01939626361695725, "7050015.0": -0.813062182090615, "7050100.1": -0.12920203884324466, "7050017.0": -0.7634004657963515, "7050027.0": 0.21613911238538674, "7050100.16": 1.8940380379492723, "7050100.15": 1.0632074977495054}