{"7050100.19": 1.1976980596558782, "7050100.2": 0.4437376139003867, "7050008.02": -0.15339600886889124, "7050100.08": 1.3569673895093504, "7050008.01": -0.7644773265446365, "7050001.01": -0.7697247170659987, "7050002.01": 0.921952152002123, "7050004.03": 2.514602409459202, "7050001.02": -0.4786608682985586, "7050006.02": -1.5477611584653324, "7050002.02": 0.5516768564643145, "7050003.0": 0.5436120490619695, "7050006.01": -0.9286720903869802, "7050004.02": -0.7023183392171668, "7050007.0": -1.397070116378754, "7050005.0": 0.4690513848643044, "7050011.0": -2.099150485465827, "7050010.0": -1.9702453660939758, "7050012.0": -1.5147522214921754, "7050004.01": 1.0537271861641793, "7050014.0": -2.001068259387038, "7050013.0": -1.11940687543903, "7050100.14": 0.8911254286967618, "7050018.0": -0.9968713229301133, "7050019.0": -0.5645326517887939, "7050020.0": -0.9938152863368839, "7050022.02": -0.7794888553913054, "7050021.0": -0.2737664303341194, "7050025.01": -0.3472186164471243, "7050022.01": 0.39861045177880655, "7050026.0": 0.2156680118614585, "7050024.0": -0.1826173053833514, "7050023.02": -0.4549338136007473, "7050025.02": -0.13588418703267013, "7050023.01": -0.1512217521005956, "7050100.01": -0.361221265863893, "7050028.01": 0.5813944694321503, "7050028.02": 0.3435444517743233, "7050028.03": 0.3447729463869961, "7050100.03": -0.012544759919729996, "7050100.05": 0.904863509201666, "7050100.17": -0.33246187744806893, "7050100.02": -0.37515206299339315, "7050100.18": 1.3145884975111135, "7050100.13": 1.5564175878551878, "7050009.02": 0.266705596715861, "7050100.11": 2.100253676170726, "7050009.01": -0.9553551408700324, "7050016.0": 0.3715595763586627, "7050015.0": 0.24215321020888486, "7050100.1": 0.5411460986300044, "7050017.0": 0.27629279786302485, "7050027.0": 0.5981165142551507, "7050100.16": 1.3018595943157198, "7050100.15": 1.0616916414469189}