{"7050100.19": 0.9296608158826191, "7050100.2": 0.7364064786631191, "7050008.02": 1.7697392091851851, "7050100.08": 1.3319181933686497, "7050008.01": 0.1844153935180961, "7050001.01": -0.5123627323657344, "7050002.01": 0.7277666558982987, "7050004.03": 1.4809876941046065, "7050001.02": 0.3841628643663333, "7050006.02": 0.09890911434065587, "7050002.02": 1.0483779447595307, "7050003.0": 2.1975985345826805, "7050006.01": -0.10174078726071557, "7050004.02": 0.7894744636389354, "7050007.0": 0.2778889070378962, "7050005.0": 2.1591620759364494, "7050011.0": 0.10997468326704556, "7050010.0": -0.7136797484936431, "7050012.0": 0.30906458316148105, "7050004.01": 0.799022396930221, "7050014.0": -1.050971487665727, "7050013.0": -0.9717422847819951, "7050100.14": 1.4145793323293034, "7050018.0": -0.364958481059338, "7050019.0": 0.20819205876954225, "7050020.0": 1.029130552884002, "7050022.02": 0.3698050731289731, "7050021.0": 0.25854247981361134, "7050025.01": -1.0778233619289879, "7050022.01": 0.5619470745496185, "7050026.0": -1.376667878285791, "7050024.0": -0.5879063280512669, "7050023.02": -0.3379825557944153, "7050025.02": -1.2907702267954526, "7050023.01": 0.4002324198559832, "7050100.01": 1.3897951360902512, "7050028.01": -1.788195321581961, "7050028.02": -1.1530497361540617, "7050028.03": -0.3920202919468747, "7050100.03": 0.0817980486681878, "7050100.05": -2.3047018043322427, "7050100.17": -1.4645551840927966, "7050100.02": 0.4189723548786369, "7050100.18": -0.8381577647527558, "7050100.13": -0.08239731957164785, "7050009.02": 0.12839206198677705, "7050100.11": 0.5878110192818016, "7050009.01": -0.6140273865532071, "7050016.0": -0.43465641276883993, "7050015.0": -0.18398063886834568, "7050100.1": -1.1631293402715468, "7050017.0": -1.206595608596168, "7050027.0": -1.6517065294380209, "7050100.16": 0.06526332338216816, "7050100.15": -0.5852117328491456}