{"7050100.19": -1.4245875898656353, "7050100.2": -0.553784378014686, "7050008.02": -1.5132390371402762, "7050100.08": -1.880339205496452, "7050008.01": 0.09870084726183208, "7050001.01": 0.020914328046982393, "7050002.01": -0.3659130327608687, "7050004.03": 0.3732442288982986, "7050001.02": 0.28854244751551933, "7050006.02": -0.9420956832618846, "7050002.02": -0.3003426199510926, "7050003.0": -1.1942012282554957, "7050006.01": -0.3478668579150481, "7050004.02": -0.9498348638281278, "7050007.0": 0.20516440623888266, "7050005.0": -1.2899067854249504, "7050011.0": -0.25819302108011744, "7050010.0": 0.48071866805908176, "7050012.0": -0.4699062066581989, "7050004.01": -0.5971752572219454, "7050014.0": 0.8139797036450489, "7050013.0": 0.396047911531164, "7050100.14": -1.3222688015705963, "7050018.0": 0.2447198820923615, "7050019.0": -0.28798326069249786, "7050020.0": -0.9434132205089506, "7050022.02": -0.4910447903552412, "7050021.0": -0.3100293105518905, "7050025.01": 0.8231151087155919, "7050022.01": -0.4363497740042402, "7050026.0": 1.5093125804141585, "7050024.0": 0.44041221101909, "7050023.02": 0.3532360818315612, "7050025.02": 1.143184947221405, "7050023.01": -0.2630195215996441, "7050100.01": -0.8925112524937584, "7050028.01": 2.315330328261659, "7050028.02": 2.0196633584720187, "7050028.03": 0.7485692166715502, "7050100.03": -0.16317339389473048, "7050100.05": 2.3353157437234664, "7050100.17": 1.166514080832975, "7050100.02": -1.0810203530338547, "7050100.18": 0.8563321231083747, "7050100.13": 1.0351439186659577, "7050009.02": -1.5104882753489906, "7050100.11": -1.1528495627986595, "7050009.01": 1.2636448054399443, "7050016.0": 1.667048281472693, "7050015.0": -1.081131990044464, "7050100.1": -0.7158146021258102, "7050017.0": 0.2962995460013011, "7050027.0": 0.4264472458169609, "7050100.16": 0.4511120541871393, "7050100.15": 0.9657698207530961}