{"7050100.19": 1.562608318000209, "7050100.2": 0.3632432625317321, "7050008.02": 0.8604208127933513, "7050100.08": 1.2844631988745425, "7050008.01": -0.4154009565405831, "7050001.01": -0.3174965515894171, "7050002.01": 1.134081645140527, "7050004.03": 3.0285509705954405, "7050001.02": 0.23727136903171453, "7050006.02": -0.5578260719153934, "7050002.02": 1.19154342494779, "7050003.0": 1.7259914959382958, "7050006.01": 0.24334066894952286, "7050004.02": 0.08899208310145387, "7050007.0": -0.14151170651046865, "7050005.0": 1.5960736693074884, "7050011.0": -1.680920092426211, "7050010.0": -1.2722273820994843, "7050012.0": -1.1932726717860342, "7050004.01": 0.8204808522116593, "7050014.0": -1.6683281653983968, "7050013.0": -1.2521441364247707, "7050100.14": 1.4141793861875844, "7050018.0": -1.0625650359291368, "7050019.0": -0.8060704821997999, "7050020.0": -0.7051801761827876, "7050022.02": -0.582274015230676, "7050021.0": -0.14144499495828566, "7050025.01": -1.3211985385653375, "7050022.01": 0.4878324933528833, "7050026.0": -1.2169621248485973, "7050024.0": -0.6650541863134887, "7050023.02": -0.3326941559423553, "7050025.02": -0.8073117364952133, "7050023.01": 0.4475100430401277, "7050100.01": 0.13777875311004253, "7050028.01": -0.7103101123886836, "7050028.02": -0.4507432392889216, "7050028.03": -0.05690355640770994, "7050100.03": 0.21638955952375083, "7050100.05": -0.8353243793087817, "7050100.17": -1.0046868075228912, "7050100.02": -0.1467416080525524, "7050100.18": 0.7030490423456798, "7050100.13": 0.9352803005664457, "7050009.02": 0.7376886895265234, "7050100.11": 1.8874078227053825, "7050009.01": -1.1387261253274354, "7050016.0": -0.11763815490435475, "7050015.0": -0.5564812047356729, "7050100.1": -0.3525901769687941, "7050017.0": -0.67036740381295, "7050027.0": -0.3261969691579578, "7050100.16": 1.0490864555146697, "7050100.15": 0.3533286019364509}