{"7050100.19": 0.9018365167005339, "7050100.2": 0.28065663632676485, "7050008.02": 0.47211444083698756, "7050100.08": 1.159586140590082, "7050008.01": 0.18995745489572538, "7050001.01": 0.5497174336002986, "7050002.01": 1.8679176451067327, "7050004.03": 3.9929981440858247, "7050001.02": 0.8909110133284817, "7050006.02": -0.6105821741209856, "7050002.02": 1.7521656895590316, "7050003.0": 2.154611900874338, "7050006.01": 0.542106543963185, "7050004.02": 0.431950378301912, "7050007.0": 0.137344018435084, "7050005.0": 1.749101868490022, "7050011.0": -0.5273210917612411, "7050010.0": -0.7006043738836056, "7050012.0": -0.7864105508338481, "7050004.01": 0.8523463821271504, "7050014.0": -0.6641776234995389, "7050013.0": -0.4821084394430588, "7050100.14": 0.9120001442689131, "7050018.0": -0.6967329618314375, "7050019.0": -0.6610705435108339, "7050020.0": -0.9234914108226204, "7050022.02": -0.8895762564801453, "7050021.0": -0.4130412320110746, "7050025.01": -0.7356826600186648, "7050022.01": 0.07593334936935282, "7050026.0": -0.5646653643993605, "7050024.0": -0.5188968708182983, "7050023.02": -1.1828557196194538, "7050025.02": -0.6458296505361563, "7050023.01": -0.7204227751140916, "7050100.01": -0.9646952619116277, "7050028.01": -0.4286496428866524, "7050028.02": -0.48916760284987654, "7050028.03": -0.580278753810503, "7050100.03": -0.9142873365925788, "7050100.05": -0.6205381993504325, "7050100.17": -1.3758889647266725, "7050100.02": -1.102552177128375, "7050100.18": -0.4980767192913892, "7050100.13": 0.544294727817329, "7050009.02": 0.3291822957488152, "7050100.11": 1.3166570772605055, "7050009.01": -0.4953168978572772, "7050016.0": -0.15191483594192912, "7050015.0": 0.4150433564433075, "7050100.1": -0.039208173998418375, "7050017.0": -0.12653209360280745, "7050027.0": -0.22997501187472, "7050100.16": -0.9467323010551391, "7050100.15": -0.8311494865475788}