{"7050100.19": 0.0980811057742114, "7050100.2": -1.8885651175823444, "7050008.02": 0.7389740499738223, "7050100.08": 0.1007486581721908, "7050008.01": 0.45047318416651516, "7050001.01": -0.2605080953297225, "7050002.01": -0.4751798033415186, "7050004.03": 1.7511941056874565, "7050001.02": 0.5398661878146757, "7050006.02": 0.20496596351741894, "7050002.02": 0.19142816212096142, "7050003.0": 0.8802348321944097, "7050006.01": 1.4203027093171823, "7050004.02": 0.5437493194520924, "7050007.0": 1.4728171145931923, "7050005.0": 1.836861878006563, "7050011.0": 0.09498684456230007, "7050010.0": 0.4941040376578849, "7050012.0": 0.9415149791028566, "7050004.01": 1.8504377236630036, "7050014.0": -0.020228682492078837, "7050013.0": 1.338292469060109, "7050100.14": 0.29703918861502077, "7050018.0": 1.1988548974081001, "7050019.0": 1.0569776196579037, "7050020.0": 0.9632861789326446, "7050022.02": -0.29334527741405336, "7050021.0": 0.8662690282502683, "7050025.01": 0.8883317640709282, "7050022.01": -0.20063345772836821, "7050026.0": -0.41270700771490254, "7050024.0": 0.3201811274890819, "7050023.02": -0.6077182130119475, "7050025.02": -0.19912632279160966, "7050023.01": -0.09425066112113721, "7050100.01": -0.3342062777699736, "7050028.01": -0.706110282250688, "7050028.02": -0.8238774131112392, "7050028.03": -0.7054870304655133, "7050100.03": -0.7109827293399213, "7050100.05": -2.631471046414803, "7050100.17": -2.151461233766095, "7050100.02": -0.5369003065205962, "7050100.18": -1.0788020162973702, "7050100.13": -1.194817773339377, "7050009.02": 0.811901210479652, "7050100.11": 0.2885885035136098, "7050009.01": -0.14249234150825027, "7050016.0": -0.6962211893569827, "7050015.0": -0.22776824157912567, "7050100.1": -1.18948813346581, "7050017.0": 0.24118612574112852, "7050027.0": -1.2324361350256492, "7050100.16": -1.145323481922012, "7050100.15": -1.9215406983338221}