{"7050100.19": 1.7219134492368702, "7050100.2": 2.983235896047343, "7050008.02": 1.4425901012223916, "7050100.08": 1.4676750002644663, "7050008.01": -0.5352131302345108, "7050001.01": 0.3466061254110823, "7050002.01": 0.6687969744685198, "7050004.03": 0.36232556870969523, "7050001.02": 0.2835333988648009, "7050006.02": 0.32128003515160397, "7050002.02": 0.7737156936586219, "7050003.0": 0.9235317014402868, "7050006.01": -0.2956667559345522, "7050004.02": 0.43444698785572977, "7050007.0": -0.9558354680304003, "7050005.0": 0.357338396255964, "7050011.0": -1.207302525850521, "7050010.0": -1.736983972404919, "7050012.0": -0.8464388529239328, "7050004.01": -0.5696449465992283, "7050014.0": -1.5844222098087664, "7050013.0": -1.6934505196072955, "7050100.14": 1.3685559436817212, "7050018.0": -1.2835301045356988, "7050019.0": -0.9529944998598494, "7050020.0": -0.8378799480540948, "7050022.02": 0.10138866461124496, "7050021.0": -0.7617674760367094, "7050025.01": -1.381009663163113, "7050022.01": 0.24193338780782095, "7050026.0": -1.0484646301094074, "7050024.0": -0.7544468996573943, "7050023.02": -0.1381213044229509, "7050025.02": -0.6477638843548362, "7050023.01": 0.13642004442711342, "7050100.01": 0.5858589896300659, "7050028.01": -0.7773819978611856, "7050028.02": -0.06874155640039377, "7050028.03": 0.3045341042897729, "7050100.03": 1.2626001970322833, "7050100.05": -0.07078270799086953, "7050100.17": 0.7830142895270061, "7050100.02": 0.6342272687400249, "7050100.18": 0.46715606112548025, "7050100.13": 1.1172867098197876, "7050009.02": -0.14031075928899608, "7050100.11": 0.5759519747188458, "7050009.01": -1.2649688637076177, "7050016.0": -0.3150336689427012, "7050015.0": -1.0511313001806104, "7050100.1": -0.1331159339592309, "7050017.0": -1.4143937485151046, "7050027.0": -0.00817920069366728, "7050100.16": 1.4766552023136101, "7050100.15": 1.3324043628163842}