{"7050100.19": 0.35527143945612444, "7050100.2": -0.23072578351595638, "7050008.02": 0.9198748016755196, "7050100.08": 0.33365839076727793, "7050008.01": 0.9720077364925787, "7050001.01": 1.3162490267875735, "7050002.01": 1.4379394648472976, "7050004.03": 2.857012337098937, "7050001.02": 1.9211481636788157, "7050006.02": 0.18125895973673575, "7050002.02": 1.6314791967820577, "7050003.0": 2.1898229923459445, "7050006.01": 1.7527706322347938, "7050004.02": 1.0786985689266833, "7050007.0": 1.1003555485073273, "7050005.0": 2.053487525123512, "7050011.0": 0.733989755526129, "7050010.0": -0.1253794704081551, "7050012.0": -0.09144207250423939, "7050004.01": 0.5200602365408624, "7050014.0": -0.13733111886178656, "7050013.0": -0.0372774280129498, "7050100.14": 0.8625652515706523, "7050018.0": -0.4595413412774136, "7050019.0": -0.3447264067426224, "7050020.0": -0.41091043617778755, "7050022.02": -0.466752532166356, "7050021.0": -0.3397487918861892, "7050025.01": -0.8386066922570231, "7050022.01": -0.08102206379734488, "7050026.0": -1.0322774830394494, "7050024.0": -0.7174138486663302, "7050023.02": -0.8707708887244853, "7050025.02": -0.8547256672284959, "7050023.01": -0.5869788799281569, "7050100.01": -0.500758340674052, "7050028.01": -1.2294108752045276, "7050028.02": -1.0548522997320013, "7050028.03": -0.7804702923238842, "7050100.03": -0.5628063476974003, "7050100.05": -1.4879817620359819, "7050100.17": -1.237594551690582, "7050100.02": -0.6012803151539988, "7050100.18": -0.8431253205781971, "7050100.13": -0.5013108463083288, "7050009.02": -0.03797582911782551, "7050100.11": -0.07179287529024649, "7050009.01": -0.2781164370027509, "7050016.0": -0.7464762908157077, "7050015.0": -0.26978560848647265, "7050100.1": -0.7575487889756575, "7050017.0": -0.713092398711057, "7050027.0": -1.034785198645665, "7050100.16": -0.7859287983180263, "7050100.15": -1.096925946141695}