{"7050100.19": 0.44485900553036173, "7050100.2": 0.7368078694846505, "7050008.02": 0.5206021342308336, "7050100.08": 1.864669293111351, "7050008.01": 0.1551202057007678, "7050001.01": -0.18583091228700974, "7050002.01": 1.6658662135860844, "7050004.03": 3.1170267861467527, "7050001.02": 0.07729617675349919, "7050006.02": -0.5505999026821571, "7050002.02": 1.9414480778020904, "7050003.0": 1.5207488603303105, "7050006.01": -0.05071916014212181, "7050004.02": -0.057374513198410866, "7050007.0": 0.3974638891845983, "7050005.0": 1.5496924749813332, "7050011.0": -0.6795796215957631, "7050010.0": 0.06560779335936272, "7050012.0": -1.0276722417744468, "7050004.01": 0.5393144072882347, "7050014.0": -0.5563159342634162, "7050013.0": -0.5695910318838616, "7050100.14": 0.689706606177393, "7050018.0": -0.9345340886761682, "7050019.0": -1.007555661810809, "7050020.0": -1.1294395684943543, "7050022.02": -0.9311934592739418, "7050021.0": -0.28534107782560664, "7050025.01": -1.1529087014111268, "7050022.01": 0.17233378033974317, "7050026.0": -0.7154098217107503, "7050024.0": -0.6077404482747724, "7050023.02": -1.2660386918397275, "7050025.02": -0.9544295630840894, "7050023.01": -0.4316610790898851, "7050100.01": -1.1336925807820708, "7050028.01": -0.429551751989001, "7050028.02": -0.7100321116072014, "7050028.03": -0.6006960279293599, "7050100.03": -0.9196423266375472, "7050100.05": -0.30121168344306815, "7050100.17": -1.4471451325363998, "7050100.02": -1.2102964218402663, "7050100.18": -0.4735671355181789, "7050100.13": 0.878537122363218, "7050009.02": 0.976013355873108, "7050100.11": 2.1002193165009126, "7050009.01": 0.08630429940830836, "7050016.0": 0.12620610215429331, "7050015.0": 1.3176197949473305, "7050100.1": 0.5910743093411088, "7050017.0": 0.23384790555533777, "7050027.0": 0.30589811986138205, "7050100.16": -1.0246446019986792, "7050100.15": -0.7298686464122794}