{"7050100.19": 0.05066641887780956, "7050100.2": -1.3612914591128382, "7050008.02": -0.44702803946968744, "7050100.08": 0.5137861381108387, "7050008.01": -1.1171679628197542, "7050001.01": -1.8529603646593549, "7050002.01": 0.532207886411995, "7050004.03": 2.275025539322046, "7050001.02": -1.0818203527587185, "7050006.02": -1.6869648424761026, "7050002.02": 0.3665017618990295, "7050003.0": 0.5835633212444691, "7050006.01": -0.8066949839108836, "7050004.02": -0.7237081587782044, "7050007.0": -1.0445358807180942, "7050005.0": 1.3548032370583571, "7050011.0": -2.3386250070172507, "7050010.0": -1.8720908532504281, "7050012.0": -1.0397502855231902, "7050004.01": 1.8599307404116545, "7050014.0": -1.7460264410279118, "7050013.0": -0.697301733948861, "7050100.14": 0.5110843906283443, "7050018.0": -0.5809068424328326, "7050019.0": 0.032242085895651064, "7050020.0": 0.20200876000235948, "7050022.02": 0.05333877498976533, "7050021.0": 0.9038666846989245, "7050025.01": 0.15410286531908227, "7050022.01": 0.9513749032316098, "7050026.0": 0.21067824387189105, "7050024.0": 0.4698676137669892, "7050023.02": 0.660657659617542, "7050025.02": -0.007130536734214003, "7050023.01": 1.5236519362770777, "7050100.01": 0.8676331731634338, "7050028.01": 0.2781073120545983, "7050028.02": 0.06699177996595876, "7050028.03": 0.6689482806978371, "7050100.03": 0.2515177212189208, "7050100.05": -0.1316362162354698, "7050100.17": -1.0807920271296971, "7050100.02": 0.02168026992346314, "7050100.18": 1.3375401139418712, "7050100.13": 0.4043024274420969, "7050009.02": 0.6130366029571616, "7050100.11": 1.3126974437297514, "7050009.01": -1.4740136098829333, "7050016.0": 0.28965189459155904, "7050015.0": -0.11885366885475505, "7050100.1": -0.06833788502081688, "7050017.0": 0.1781573152252957, "7050027.0": -0.3463727516563015, "7050100.16": 1.3938318676596784, "7050100.15": 0.7305547392110042}