{"7050100.19": 1.7292711548322344, "7050100.2": 1.241348797560827, "7050008.02": 0.8968953796278356, "7050100.08": 1.611730124910467, "7050008.01": -0.5291611511931965, "7050001.01": -0.17251742471044443, "7050002.01": 0.774146454767138, "7050004.03": 2.5957279427909454, "7050001.02": 0.27960939457360967, "7050006.02": -0.606520937527892, "7050002.02": 0.7861218273379423, "7050003.0": 1.2391831039188663, "7050006.01": -0.23555905887865097, "7050004.02": -0.09377284743032618, "7050007.0": -0.7530151292957933, "7050005.0": 0.7429065194216944, "7050011.0": -1.7362996921805336, "7050010.0": -1.5565922462331137, "7050012.0": -1.3910380903903343, "7050004.01": 0.13417384564674517, "7050014.0": -1.8855769785763643, "7050013.0": -1.582709933823352, "7050100.14": 1.2367743928996342, "7050018.0": -1.3731772113008731, "7050019.0": -1.1420476533360273, "7050020.0": -1.0846466117700597, "7050022.02": -0.5783132987660293, "7050021.0": -0.5842552260899612, "7050025.01": -1.2835184868431537, "7050022.01": 0.1706435216501491, "7050026.0": -0.9163060475058865, "7050024.0": -0.5588880600562774, "7050023.02": -0.2097350166203061, "7050025.02": -0.5048939279675171, "7050023.01": 0.47039900822895525, "7050100.01": 0.06267210360277566, "7050028.01": -0.27006363813403916, "7050028.02": 0.05049923205487273, "7050028.03": 0.24744539752696698, "7050100.03": 0.5388064949573057, "7050100.05": -0.30794538970261665, "7050100.17": -0.19070253972201517, "7050100.02": -0.06621278771620986, "7050100.18": 0.9868006359362743, "7050100.13": 1.1810713867054372, "7050009.02": 0.48190351824515654, "7050100.11": 2.1868288194636643, "7050009.01": -1.1024647819086228, "7050016.0": 0.050652615265775275, "7050015.0": -0.5427266984421567, "7050100.1": -0.018040909309704433, "7050017.0": -0.6725413746150853, "7050027.0": 0.17514670313289638, "7050100.16": 1.321849722330517, "7050100.15": 0.7566350526578368}