{"7050100.19": 0.7883369914416406, "7050100.2": 0.5009419243270383, "7050008.02": 1.2771931818784161, "7050100.08": 0.5953241006564337, "7050008.01": 1.188311698563251, "7050001.01": 1.1242518185756727, "7050002.01": 0.3594787159017602, "7050004.03": 1.149985821266126, "7050001.02": 1.177861728428001, "7050006.02": 1.0650855851845307, "7050002.02": 0.8008446646228792, "7050003.0": 1.4473241479575827, "7050006.01": 1.8906803787247717, "7050004.02": 0.7827785593139163, "7050007.0": 1.0127978836607892, "7050005.0": 1.5724721127628711, "7050011.0": 1.928618896840012, "7050010.0": 1.151034978993692, "7050012.0": 1.1738349541647373, "7050004.01": 0.7773829869366875, "7050014.0": 0.6927680983984329, "7050013.0": 0.8771374911841983, "7050100.14": 0.6216427232152125, "7050018.0": 0.6170014956091221, "7050019.0": 0.09161007160501339, "7050020.0": -0.17264321338243538, "7050022.02": -0.7061571773585293, "7050021.0": -0.623024806685635, "7050025.01": -0.6614834213562885, "7050022.01": -0.49831411462076786, "7050026.0": -0.9597001977818603, "7050024.0": -0.7818407575526978, "7050023.02": -1.1482757592785748, "7050025.02": -1.1545190359064985, "7050023.01": -1.006855231604797, "7050100.01": -0.7497383988441817, "7050028.01": -1.566293772185307, "7050028.02": -1.3808227077128228, "7050028.03": -1.006904443983372, "7050100.03": -0.7884193483509362, "7050100.05": -1.7331689127546088, "7050100.17": -1.2156620094733137, "7050100.02": -0.3857608659050795, "7050100.18": -1.1519241897998973, "7050100.13": -0.3036250945175575, "7050009.02": -0.2866316914700528, "7050100.11": -0.37786020324289554, "7050009.01": 0.14416374725333048, "7050016.0": -0.6984113772040619, "7050015.0": -0.4326798040486445, "7050100.1": -0.8060886476481822, "7050017.0": -0.38603331194481627, "7050027.0": -1.356499005646099, "7050100.16": -1.1960958189529065, "7050100.15": -1.2734314382532863}