{"7050100.19": -0.1707550979906663, "7050100.2": -1.054640954778606, "7050008.02": -0.13556077354162982, "7050100.08": 0.4063564834247818, "7050008.01": 0.3399207645609719, "7050001.01": 0.5306595825941703, "7050002.01": 2.032869723323659, "7050004.03": 4.2245786783952015, "7050001.02": 0.8763125777539189, "7050006.02": -0.7330837884083258, "7050002.02": 1.615909243755775, "7050003.0": 2.2678755168621842, "7050006.01": 0.8395008078807817, "7050004.02": 0.9356782812498811, "7050007.0": 0.09302722768534265, "7050005.0": 1.8402053313651594, "7050011.0": -0.3948743436455464, "7050010.0": -0.4973698776167929, "7050012.0": -0.2504568042312932, "7050004.01": 1.3753657276420987, "7050014.0": -0.24292571594423887, "7050013.0": 0.17319602815964316, "7050100.14": 0.44362486175164145, "7050018.0": -0.16643513563725099, "7050019.0": 0.12345010368364537, "7050020.0": -0.4444094714836377, "7050022.02": -0.3535932275532664, "7050021.0": 0.49788965433799576, "7050025.01": -0.3911290246914241, "7050022.01": 0.39573239855183, "7050026.0": -0.10962061422772655, "7050024.0": -0.0911350193202357, "7050023.02": -1.2158313679659767, "7050025.02": -0.4579871306114359, "7050023.01": -0.42822155010165164, "7050100.01": -0.795462348706612, "7050028.01": -0.722795662366612, "7050028.02": -0.8231346389359399, "7050028.03": -0.6778236624572076, "7050100.03": -0.7323718229650713, "7050100.05": -0.9185028244201102, "7050100.17": -1.5267334413246245, "7050100.02": -0.871813469519767, "7050100.18": -0.8147036915480911, "7050100.13": -0.5064451561185269, "7050009.02": 0.04753348158119256, "7050100.11": 0.2775046374599085, "7050009.01": -0.2656397872167832, "7050016.0": -0.34530069649319795, "7050015.0": 0.47000742498236187, "7050100.1": -0.3842006172565133, "7050017.0": -0.08237969229494697, "7050027.0": -0.8683676701782067, "7050100.16": -1.1476761246030776, "7050100.15": -1.18581733284708}