{"7050100.19": 0.15961565929185734, "7050100.2": -0.9624050882607026, "7050008.02": 0.2939420638476173, "7050100.08": -0.4540913918604768, "7050008.01": 0.6980940318031811, "7050001.01": 0.3968254295835006, "7050002.01": 0.3326256855102051, "7050004.03": 1.5689872220655154, "7050001.02": 0.7079453325290331, "7050006.02": 1.0332929994836144, "7050002.02": 0.5633010693063517, "7050003.0": 1.221330801239131, "7050006.01": 2.244305981111056, "7050004.02": 0.5865447833405013, "7050007.0": 1.7589446228537446, "7050005.0": 1.7765877369536, "7050011.0": 1.3695888447214168, "7050010.0": 1.3732109018368197, "7050012.0": 1.0843706845023702, "7050004.01": 1.1806019426576935, "7050014.0": 1.1596503135010712, "7050013.0": 2.0552596655521076, "7050100.14": 0.5795874579831753, "7050018.0": 0.4910136691465754, "7050019.0": 0.446508543795999, "7050020.0": 0.02150573676364944, "7050022.02": -0.14168395709477757, "7050021.0": -0.2313293998301987, "7050025.01": -0.41075906599364986, "7050022.01": -0.244627656711504, "7050026.0": -0.9371254932432282, "7050024.0": -0.5887980849953441, "7050023.02": -0.704942687669322, "7050025.02": -0.8278885444687232, "7050023.01": -0.31996577071665744, "7050100.01": -0.08001263239562977, "7050028.01": -1.1995089848455387, "7050028.02": -1.1611426104693223, "7050028.03": -0.775611980266336, "7050100.03": -0.3931084914923698, "7050100.05": -2.0105834990033378, "7050100.17": -1.4070248637507043, "7050100.02": -0.19079947276123654, "7050100.18": -0.9178790950840824, "7050100.13": -0.9725223281687908, "7050009.02": -0.4242272223824485, "7050100.11": -0.8920018223629255, "7050009.01": -0.04007773832420928, "7050016.0": -1.1260135554191106, "7050015.0": -0.7646386217891955, "7050100.1": -1.2941509837379372, "7050017.0": -0.2730577318089053, "7050027.0": -1.3967281446309427, "7050100.16": -0.6707895800096199, "7050100.15": -1.2901446798325669}