{"7050100.19": 1.920132262216532, "7050100.2": 1.9526861574829337, "7050008.02": 1.1382633924533663, "7050100.08": 1.5661592799135755, "7050008.01": -0.46350006250707415, "7050001.01": -0.1538847904653616, "7050002.01": 0.7138616039655711, "7050004.03": 1.9564333074718372, "7050001.02": 0.2851460193666535, "7050006.02": -0.24903375197311323, "7050002.02": 0.8311645860235161, "7050003.0": 1.1887630423244306, "7050006.01": -0.05899722641876225, "7050004.02": 0.10669719411560621, "7050007.0": -0.7527440348982462, "7050005.0": 0.8467266907587871, "7050011.0": -1.334710111881579, "7050010.0": -1.3406167221405414, "7050012.0": -1.1647333403329843, "7050004.01": 0.02632041169014518, "7050014.0": -1.7306042385776383, "7050013.0": -1.4940697548236512, "7050100.14": 1.5167405230653124, "7050018.0": -1.3051134256001014, "7050019.0": -1.0822017698950857, "7050020.0": -1.079322388655778, "7050022.02": -0.4006423302099137, "7050021.0": -0.8406818831176204, "7050025.01": -1.5264979592748884, "7050022.01": 0.20264134211427895, "7050026.0": -1.2154690975458677, "7050024.0": -0.8566416195625044, "7050023.02": -0.3019392068698879, "7050025.02": -0.7794177762397356, "7050023.01": 0.22591783061517648, "7050100.01": 0.27362582493289367, "7050028.01": -0.5310571716266634, "7050028.02": -0.09208065291526231, "7050028.03": 0.20470735377503763, "7050100.03": 0.7764134042571558, "7050100.05": -0.371307452831229, "7050100.17": -0.04023608713534951, "7050100.02": 0.14846387941242156, "7050100.18": 0.8728940054580466, "7050100.13": 1.2419881107615773, "7050009.02": 0.1798244453511184, "7050100.11": 1.7195958951116384, "7050009.01": -1.0874328207613466, "7050016.0": -0.16946934892870857, "7050015.0": -0.8922249733352011, "7050100.1": -0.2692552568094502, "7050017.0": -0.9096132006089545, "7050027.0": -0.0014268717474950154, "7050100.16": 1.5961276510941433, "7050100.15": 1.0036311139582246}