{"7050100.19": 0.884201586009639, "7050100.2": -0.7722959360719613, "7050008.02": 1.167693593305686, "7050100.08": 0.16442134917285736, "7050008.01": 0.4600914175270747, "7050001.01": -0.36803351234372816, "7050002.01": 0.07353607577127327, "7050004.03": 0.44878173195137433, "7050001.02": 0.2569102995579053, "7050006.02": 0.8170446507434383, "7050002.02": 0.7228841656214318, "7050003.0": 1.667322237062837, "7050006.01": 1.0043030028027484, "7050004.02": 0.7737889051662795, "7050007.0": 0.6102063288906695, "7050005.0": 1.7930294629391805, "7050011.0": 0.560956533107485, "7050010.0": 0.1296920143669654, "7050012.0": 1.0047016302573386, "7050004.01": 1.2272013476038919, "7050014.0": -0.24631572835068155, "7050013.0": 0.3168935193195783, "7050100.14": 1.5543627879021806, "7050018.0": 0.3406906767197131, "7050019.0": 0.7667877430979004, "7050020.0": 1.3193358030100595, "7050022.02": 0.7213557530942071, "7050021.0": 0.8589735119241614, "7050025.01": -0.13820461140832244, "7050022.01": 0.3230614859963873, "7050026.0": -0.9935827203750801, "7050024.0": -0.0665859443510656, "7050023.02": -0.04623056356624322, "7050025.02": -0.767080828144596, "7050023.01": 0.620703273996059, "7050100.01": 1.0095705760656828, "7050028.01": -1.7704569340834175, "7050028.02": -1.4660419068476473, "7050028.03": -0.5134737961952803, "7050100.03": 0.33742382754056954, "7050100.05": -2.7480932842067616, "7050100.17": -1.6611994869710793, "7050100.02": 0.6665753299984086, "7050100.18": -0.7053122575609889, "7050100.13": -1.0761772139417314, "7050009.02": 0.23548069026241986, "7050100.11": -0.8343456065175533, "7050009.01": -0.7263964736555889, "7050016.0": -1.1221090190839669, "7050015.0": -0.8850858782753432, "7050100.1": -1.5560422871043507, "7050017.0": -0.9110132846009907, "7050027.0": -1.9469594824160636, "7050100.16": -0.2006383331381753, "7050100.15": -1.3163062215747046}