{"7050100.19": 1.543060199980844, "7050100.2": 0.8105854019362964, "7050008.02": 0.808767048726238, "7050100.08": 1.630814722032685, "7050008.01": -0.5535063275198456, "7050001.01": -0.3765891398571522, "7050002.01": 0.6686518109364273, "7050004.03": 2.648940295705016, "7050001.02": 0.13987986708048686, "7050006.02": -0.8324894072283602, "7050002.02": 0.6906583918033893, "7050003.0": 1.2302234316329417, "7050006.01": -0.2995209707994547, "7050004.02": -0.2727377963763241, "7050007.0": -0.7531594314919913, "7050005.0": 0.7972413458877992, "7050011.0": -2.006667101580332, "7050010.0": -1.740913203796439, "7050012.0": -1.3539081736622915, "7050004.01": 0.5689044515515556, "7050014.0": -2.1144770272474323, "7050013.0": -1.497228953755305, "7050100.14": 1.1406523375880802, "7050018.0": -1.2823138034024448, "7050019.0": -0.9384987449602814, "7050020.0": -0.8542270801980006, "7050022.02": -0.6754950194169077, "7050021.0": -0.2827904026167196, "7050025.01": -0.9932918918194099, "7050022.01": 0.26058558169250007, "7050026.0": -0.7001566449815189, "7050024.0": -0.4212901417129484, "7050023.02": -0.14774628396026762, "7050025.02": -0.4771134751176435, "7050023.01": 0.6216797630274863, "7050100.01": 0.07918453402882503, "7050028.01": -0.19478597153074612, "7050028.02": -0.019572767300074147, "7050028.03": 0.24748926629790038, "7050100.03": 0.36139219757820595, "7050100.05": -0.37709318182440904, "7050100.17": -0.47129995047438233, "7050100.02": -0.09905687660891431, "7050100.18": 1.1072824952347597, "7050100.13": 1.1408910835409525, "7050009.02": 0.6465499343090594, "7050100.11": 2.3879217380042204, "7050009.01": -1.1670830849683351, "7050016.0": 0.15287458982590668, "7050015.0": -0.4121873736835164, "7050100.1": -0.004752564921817632, "7050017.0": -0.4861071734676161, "7050027.0": 0.125604186108865, "7050100.16": 1.3375314626987345, "7050100.15": 0.658693829071619}