{"7050100.19": 1.6302147478771634, "7050100.2": 0.447587056281875, "7050008.02": 0.8491775356057285, "7050100.08": 1.598342051846424, "7050008.01": -0.36466909134694336, "7050001.01": -0.3792298432675672, "7050002.01": 0.8617599204767635, "7050004.03": 3.112940066474463, "7050001.02": 0.2886895277732954, "7050006.02": -0.6770939247968359, "7050002.02": 1.0237258697558125, "7050003.0": 1.6590152082347236, "7050006.01": 0.18812822668129187, "7050004.02": -0.130135663982282, "7050007.0": -0.31223242668506246, "7050005.0": 1.3944926493180343, "7050011.0": -1.7226556303582734, "7050010.0": -1.4835326920622534, "7050012.0": -1.0360205649453715, "7050004.01": 1.1269151240854198, "7050014.0": -1.8699229985615695, "7050013.0": -0.9811679500478084, "7050100.14": 1.363424643107823, "7050018.0": -1.0522655485410846, "7050019.0": -0.7248632751509565, "7050020.0": -0.6809222666790777, "7050022.02": -0.8111083509737058, "7050021.0": -0.0996035561147661, "7050025.01": -0.9195025888175177, "7050022.01": 0.29135391851631626, "7050026.0": -0.8559201771639049, "7050024.0": -0.5526196100110446, "7050023.02": -0.4963492746726509, "7050025.02": -0.6774901318077836, "7050023.01": 0.3277127069858701, "7050100.01": -0.01902676236737747, "7050028.01": -0.563948320552451, "7050028.02": -0.37739657737824345, "7050028.03": -0.09311853141051576, "7050100.03": 0.05974269219690395, "7050100.05": -0.9290526506681295, "7050100.17": -1.1105565899355512, "7050100.02": -0.31490948300491467, "7050100.18": 0.7290645865194939, "7050100.13": 0.89015382089042, "7050009.02": 0.7342476035760113, "7050100.11": 2.1993735627927173, "7050009.01": -1.1949625187372355, "7050016.0": -0.15345315902274564, "7050015.0": -0.45904160594365984, "7050100.1": -0.2836282511473432, "7050017.0": -0.408403476675938, "7050027.0": -0.23623971247795444, "7050100.16": 0.9824947054968843, "7050100.15": 0.21248698081502182}