{"7050100.19": -0.7540919039293514, "7050100.2": -0.8498845454927364, "7050008.02": -0.8700695950468261, "7050100.08": -0.6145616894224764, "7050008.01": 0.7074163342091805, "7050001.01": -0.593720676623669, "7050002.01": -0.6662437903678287, "7050006.02": -0.23520727194012797, "7050002.02": -1.112850401218307, "7050003.0": -0.6257903618175582, "7050006.01": -0.07933291721140374, "7050004.02": -0.8711211237020983, "7050007.0": 1.4805533353666596, "7050011.0": 1.4327175125304497, "7050010.0": 1.7991324271237057, "7050012.0": 1.0947256976912112, "7050004.01": 0.32075598231519176, "7050014.0": 2.776128620203989, "7050013.0": 2.820911488358518, "7050018.0": 0.14941821924976986, "7050019.0": 0.2891952444760891, "7050022.02": -0.13632183311494347, "7050021.0": -0.03681179973666761, "7050025.01": -0.08372419903206893, "7050022.01": -0.5737741802361292, "7050026.0": 0.16728588384526413, "7050024.0": -0.2445559846265619, "7050023.02": -0.051272134116976974, "7050025.02": -0.5994895652165408, "7050100.01": -0.3061652202462057, "7050028.02": -1.189147718772808, "7050100.05": -0.13360719568265814, "7050100.18": -0.6859306132489792, "7050100.13": -0.20732908327408242, "7050009.02": 0.0098146673179563, "7050100.11": -1.0544097861659172, "7050009.01": 1.2153673406017513, "7050016.0": -0.5727824426027994, "7050015.0": 1.2550884058481289, "7050027.0": -0.9331056749183548, "7050100.15": -1.4372094513737863}