{"7050100.19": 1.6515208256705707, "7050100.2": 0.515137727873089, "7050008.02": 0.9304199381732033, "7050100.08": 1.1106111184630452, "7050008.01": -0.379802755018012, "7050001.01": -0.44636161065567403, "7050002.01": 1.1105036748028452, "7050004.03": 2.9359552551125967, "7050001.02": 0.14784021777515463, "7050006.02": -0.4819565920567996, "7050002.02": 1.1906275091017908, "7050003.0": 1.8979867788943987, "7050006.01": 0.34731256853050624, "7050004.02": 0.1298006507389693, "7050007.0": -0.062048540521476875, "7050005.0": 1.7898440107381337, "7050011.0": -1.494791389295061, "7050010.0": -1.2025214170330456, "7050012.0": -0.9581359150941524, "7050004.01": 1.0938907956420114, "7050014.0": -1.598168559782853, "7050013.0": -1.0299547790281225, "7050100.14": 1.5500007192712846, "7050018.0": -1.015547678203666, "7050019.0": -0.7199206833225482, "7050020.0": -0.6249702477633704, "7050022.02": -0.5829928818809782, "7050021.0": -0.20059527126271912, "7050025.01": -1.2444014933670495, "7050022.01": 0.5349535770683314, "7050026.0": -1.2222482498319183, "7050024.0": -0.7131152970852541, "7050023.02": -0.4179995750154959, "7050025.02": -0.9054663569477838, "7050023.01": 0.3225755630220888, "7050100.01": 0.2324142485174691, "7050028.01": -0.7532732384192979, "7050028.02": -0.5069870567574198, "7050028.03": -0.00917720053476516, "7050100.03": 0.23469473108394895, "7050100.05": -0.9595285049688301, "7050100.17": -1.0502484901503015, "7050100.02": -0.07032391770262955, "7050100.18": 0.7534002182611251, "7050100.13": 0.7857005128474432, "7050009.02": 0.507828845429153, "7050100.11": 1.6209397024650392, "7050009.01": -1.1626433713918927, "7050016.0": -0.34543906290119436, "7050015.0": -0.8091295689651022, "7050100.1": -0.6208814455736996, "7050017.0": -0.815806610523289, "7050027.0": -0.5274855689606056, "7050100.16": 1.1894352627665459, "7050100.15": 0.3485288777662391}