{"7050100.19": 0.8538359873966662, "7050100.2": -0.578560239940729, "7050008.02": 1.3302304572016925, "7050100.08": 0.09475072515777315, "7050008.01": 0.3055657941834302, "7050001.01": -0.2376711720063518, "7050002.01": 0.5950606121376169, "7050004.03": 0.025452508305050543, "7050001.02": -0.005548702826245317, "7050006.02": 0.23600083862961102, "7050002.02": 0.7522572345205925, "7050003.0": 1.3964257745646218, "7050006.01": 0.5556148541436727, "7050004.02": 0.9653415881957678, "7050007.0": 0.1439196517105132, "7050005.0": 1.7025990245293892, "7050011.0": -0.14893610008335137, "7050010.0": -1.115972852990792, "7050012.0": 0.2881724897027032, "7050004.01": 1.4279568781515588, "7050014.0": -0.8324245047849319, "7050013.0": 0.22247636657791353, "7050100.14": 1.8196156951381182, "7050018.0": -0.059276059855616854, "7050019.0": 1.2294869946477665, "7050020.0": 1.6423779659087934, "7050022.02": 1.1459242745446778, "7050021.0": 1.0544764359772747, "7050025.01": 0.005636544217876006, "7050022.01": 0.6423047247431789, "7050026.0": -0.7463769691050184, "7050024.0": 0.07458187296584452, "7050023.02": 0.15289366802968019, "7050025.02": -0.7873544419548426, "7050023.01": 0.5714926838114813, "7050100.01": 1.325688426311445, "7050028.01": -1.9032616474017512, "7050028.02": -1.5246747979659359, "7050028.03": -0.3469526883393254, "7050100.03": 0.528588357823992, "7050100.05": -2.36175259805527, "7050100.17": -1.5070610257496007, "7050100.02": 1.010014972384555, "7050100.18": -0.5293573399778012, "7050100.13": -0.8764904219438506, "7050009.02": 0.1549288636640001, "7050100.11": -1.0274141928882996, "7050009.01": -0.8854686966809355, "7050016.0": -0.8183628355742009, "7050015.0": -0.6247105259662817, "7050100.1": -1.306996937759669, "7050017.0": -1.2114751572702855, "7050027.0": -1.9636715131118165, "7050100.16": 0.09908568173192459, "7050100.15": -0.9529865247758436}