{"2050140.0": -1.8635435452222782, "2050141.0": -1.340553780919688, "2050120.0": -1.6861860565816913, "2050001.0": -1.4089614190958744, "2050142.02": -0.2455200925880857, "2050002.0": -1.0880234001838767, "2050015.0": -1.2977327230399165, "2050016.0": -0.8601301826428939, "2050014.0": -0.881162606974029, "2050017.0": -0.6030720345384892, "2050025.05": 0.09059750010526303, "2050005.0": 0.5240326592206096, "2050024.0": -0.3194141204871793, "2050003.0": 2.155979457933448, "2050025.04": 0.40299200333127355, "2050013.0": 0.16305364419224647, "2050026.05": 0.09894737684011293, "2050006.0": 0.7729633866905987, "2050018.0": 0.39367199485455723, "2050025.01": 0.3394182095246929, "2050004.02": 0.6088773950255608, "2050012.0": 0.27378108182002375, "2050026.04": -0.15822122518046863, "2050011.0": 0.44986008934554916, "2050007.0": 1.695569029724056, "2050023.0": 0.02548961052222738, "2050004.01": 2.3037447973823815, "2050019.0": 0.43455587293590203, "2050026.03": -0.20722834563101944, "2050025.02": 0.42431056022519426, "2050008.0": 1.6764924069521474, "2050026.02": 0.2584260552955642, "2050009.0": 1.6351541839979964, "2050010.0": 0.6420833961303212, "2050020.0": 0.8436870701075809, "2050022.0": 0.2727426684736162, "2050021.0": -0.3583384585614838, "2050027.0": -0.6577230442287025, "2050123.09": -0.36065405207752294, "2050132.06": -1.8575108066797423, "2050123.08": -0.6504013361544034, "2050123.07": -0.642053219843575}