{"2050140.0": 0.7024032118415241, "2050141.0": 0.6298212085709552, "2050120.0": -0.8349715761926718, "2050001.0": -0.5126600921322608, "2050142.02": -0.8057892768928766, "2050002.0": 0.8320894558928995, "2050015.0": -0.17076523412963102, "2050016.0": 0.46954286562295644, "2050014.0": 0.44524081980323044, "2050017.0": 0.09990856914368808, "2050025.05": -0.5246783448872472, "2050005.0": 1.0857478733662027, "2050024.0": 0.20944966684067826, "2050003.0": 0.3743110132568995, "2050025.04": -0.380747969970157, "2050013.0": 0.7097576624163885, "2050026.05": 0.4010800663116038, "2050006.0": 1.622346592842606, "2050018.0": -0.266420160713407, "2050025.01": -1.6214933614382867, "2050004.02": 1.2561829869955186, "2050012.0": 1.2909102051594117, "2050026.04": 0.5130279133749254, "2050011.0": 0.8189663900473062, "2050007.0": 0.31590890833211954, "2050023.0": -0.8745361485781514, "2050004.01": -0.24393656465983454, "2050019.0": -0.08975484384574574, "2050026.03": -0.6270661245285725, "2050025.02": -0.6147063865759224, "2050008.0": 0.3136029111559491, "2050026.02": -0.6335697791302993, "2050009.0": -0.25893388952459784, "2050010.0": 0.5463764707930175, "2050020.0": -0.5741274151322207, "2050022.0": 0.11542434721490868, "2050021.0": -0.2413746911847353, "2050027.0": 1.53958229845407, "2050123.09": -0.8355972382539034, "2050132.06": 1.1129608125730814, "2050123.08": -1.0491789861161136, "2050123.07": -4.244334166123283}