{"2050140.0": 2.4010720238420395, "2050141.0": 1.1216399796086722, "2050120.0": 1.5341969878352955, "2050001.0": 0.9593123384560737, "2050142.02": 0.4526015764538576, "2050002.0": 0.7420461383273881, "2050015.0": 1.1527210304736966, "2050016.0": 1.0192674615832413, "2050014.0": 0.8649542518144689, "2050017.0": 0.297177523163278, "2050025.05": -0.3272453461639004, "2050005.0": -0.7271114434804313, "2050024.0": -0.3115968452101076, "2050003.0": -0.5205739858547709, "2050025.04": -0.6221900467773975, "2050013.0": 0.2971917131057808, "2050026.05": -0.44562276439316956, "2050006.0": 0.20158270937006964, "2050018.0": 0.020166150044481638, "2050025.01": -0.7422577838484866, "2050004.02": -0.3766385839717888, "2050012.0": -0.11869488006653442, "2050026.04": 0.3188839793054419, "2050011.0": -0.576837293449373, "2050007.0": -0.5770549495824511, "2050023.0": -0.6859413323684561, "2050004.01": -1.223469855788046, "2050019.0": -0.560739943920365, "2050026.03": 0.2618808611902589, "2050025.02": -0.5183279361636838, "2050008.0": -2.4677142323791816, "2050026.02": -0.09117128154181398, "2050009.0": -2.2132388739381583, "2050010.0": -1.5232015234189158, "2050020.0": -0.6358701199702881, "2050022.0": -0.5722050974467535, "2050021.0": -1.0200260141702095, "2050027.0": 1.346823099293305, "2050123.09": 0.7301388304328327, "2050132.06": 1.8540438678608695, "2050123.08": 0.9843770798483639, "2050123.07": 0.29765253189489377}