{"2050140.0": 0.20145339757187689, "2050141.0": 0.2834972859170562, "2050120.0": 1.542444188587436, "2050001.0": 1.1712056497544534, "2050142.02": 0.6469281662488633, "2050002.0": 0.2554376870191995, "2050015.0": 0.857191336001212, "2050016.0": 0.26064737318651965, "2050014.0": 0.04429823991717403, "2050017.0": 0.47090314421055013, "2050025.05": 0.8654332201975252, "2050005.0": -1.5871112590494958, "2050024.0": 0.034068871151112096, "2050003.0": -2.0582576438126847, "2050025.04": 0.38423670889412115, "2050013.0": -0.27890712469014933, "2050026.05": -0.008677032511290388, "2050006.0": -1.6045513304331522, "2050018.0": 0.46765160439667774, "2050025.01": 0.7405969408772093, "2050004.02": -1.836166188403988, "2050012.0": -0.9295710450779027, "2050026.04": -0.15205047874354982, "2050011.0": -0.8174030856331855, "2050007.0": -1.1471253924484788, "2050023.0": 0.6056268188794176, "2050004.01": -1.619722876716862, "2050019.0": -0.039144472333474435, "2050026.03": 0.6600673122962674, "2050025.02": 0.41743964645100423, "2050008.0": -1.7598877980495926, "2050026.02": 0.31568724624612593, "2050009.0": -0.999117123227298, "2050010.0": -0.581436861499081, "2050020.0": 0.5790880414701576, "2050022.0": -0.011009591853289567, "2050021.0": 0.4863903351439508, "2050027.0": -0.7162981189005975, "2050123.09": 0.8860361456103116, "2050132.06": 0.04236507027373552, "2050123.08": 1.074494076354862, "2050123.07": 2.8532489167273205}