{"2050140.0": 0.3072307786710957, "2050141.0": 0.13870396437135127, "2050120.0": -0.0006948682887877985, "2050001.0": -0.8811524894903254, "2050142.02": 0.7518074926900556, "2050002.0": -0.674435902944861, "2050015.0": 0.11916748772699719, "2050016.0": -0.7138679884691506, "2050014.0": 0.19490791312230119, "2050017.0": -1.6119275321936404, "2050025.05": -1.4964633293027156, "2050005.0": 0.5708852457804768, "2050024.0": -1.6507407028245997, "2050003.0": 1.0057964690719432, "2050025.04": -1.4031898051723146, "2050013.0": -0.46684888774478783, "2050026.05": -0.9766253550476209, "2050006.0": 0.19993982832310644, "2050018.0": -1.1274858680681066, "2050025.01": -1.122571482499325, "2050004.02": 0.836810231446461, "2050012.0": 0.07706319793143504, "2050026.04": -0.4346868350219769, "2050011.0": -0.018031311217342274, "2050007.0": 0.40144562530536193, "2050023.0": -0.8175388300756894, "2050004.01": 0.6433988634615392, "2050019.0": -0.3104858261494687, "2050026.03": 0.21235645272839335, "2050025.02": -0.6055551905705492, "2050008.0": 0.16562266440554882, "2050026.02": -0.17364342367071114, "2050009.0": -0.21642411598234104, "2050010.0": -0.31917613352122487, "2050020.0": -0.1769735167710195, "2050022.0": -0.13881028093069794, "2050021.0": -0.2706768271684896, "2050027.0": 1.3533555603895455, "2050123.09": 2.1619458252560873, "2050132.06": 1.263395893352314, "2050123.08": 2.2179925264969467, "2050123.07": 2.9861804825947678}