{"2050140.0": 0.45075565507305965, "2050141.0": 0.3569563574083422, "2050120.0": -0.17799217028686545, "2050001.0": -1.0522190009394996, "2050142.02": 0.36712224705535557, "2050002.0": -0.44449273813078893, "2050015.0": 0.05419071624357214, "2050016.0": -0.6935056966386844, "2050014.0": 0.2523195356704734, "2050017.0": -1.777837228925104, "2050025.05": -1.7474624855132581, "2050005.0": 0.969797916474727, "2050024.0": -1.7437838432465091, "2050003.0": 1.4121896265265097, "2050025.04": -1.6433572733988717, "2050013.0": -0.3845634239956549, "2050026.05": -0.937327338815104, "2050006.0": 0.6217423054637183, "2050018.0": -1.3055703157391667, "2050025.01": -1.443960397642354, "2050004.02": 1.2579316814856096, "2050012.0": 0.3823109753345981, "2050026.04": -0.43882130910687284, "2050011.0": 0.2751811593808286, "2050007.0": 0.594386517017715, "2050023.0": -0.934528092072297, "2050004.01": 0.7690452193739953, "2050019.0": -0.2262283264848651, "2050026.03": -0.14928664753621942, "2050025.02": -0.7581450121273519, "2050008.0": 0.5298215704944127, "2050026.02": -0.43483681675964153, "2050009.0": -0.08384298440253439, "2050010.0": -0.12100497080247045, "2050020.0": -0.16971060557148213, "2050022.0": -0.023201740373520442, "2050021.0": -0.10952828192514542, "2050027.0": 1.6374023399555662, "2050123.09": 1.8119059519785627, "2050132.06": 1.4737117443515584, "2050123.08": 1.7640171966860045, "2050123.07": 1.820417984459605}