{"2050140.0": -0.07577898440927153, "2050141.0": -0.24066563568259633, "2050120.0": -0.44829058842479563, "2050001.0": -0.3895144916665269, "2050142.02": -0.9200715502388153, "2050002.0": -0.019491127641172026, "2050015.0": -0.5504402883910259, "2050016.0": -0.8180519469291421, "2050014.0": -0.8944120416304431, "2050017.0": -0.7466698494053939, "2050025.05": -0.7610563183928366, "2050005.0": 0.2790785213748044, "2050024.0": -0.5506368641081502, "2050003.0": 0.6505803985515802, "2050025.04": -0.7706975007030992, "2050013.0": 0.3815262851414384, "2050026.05": -0.8125623286465739, "2050006.0": 1.046259183682062, "2050018.0": 0.5750989441058946, "2050025.01": -0.7897083713813404, "2050004.02": -0.42092291400536186, "2050012.0": 0.32730904667428923, "2050026.04": -0.8503513029808166, "2050011.0": 1.6783067510290166, "2050007.0": 1.5266507217387852, "2050023.0": 0.2789069398395486, "2050004.01": 0.1445256187559189, "2050019.0": 1.4729690772118424, "2050026.03": -0.884884741712892, "2050025.02": -0.36972766836211196, "2050008.0": 0.30600246127311226, "2050026.02": -0.8633236379145405, "2050009.0": 2.389632439135844, "2050010.0": 1.0959703755758714, "2050020.0": 2.9444026734058264, "2050022.0": 1.4127889487946272, "2050021.0": 0.7728744687437771, "2050027.0": -0.9942243220605356, "2050123.09": -1.0353922736644503, "2050132.06": -0.9760168802883504, "2050123.08": -1.034488797992247, "2050123.07": -1.0655024284017358}