{"2050140.0": -1.3202488452191836, "2050141.0": -0.7068937940775896, "2050120.0": -0.3437071469550386, "2050001.0": 0.09588504869207742, "2050142.02": 0.3331920710317533, "2050002.0": -0.22711194695099077, "2050015.0": -0.319958909942329, "2050016.0": -0.3103141350181669, "2050014.0": -0.535868266707441, "2050017.0": 0.7996885576997215, "2050025.05": 1.5444326451971957, "2050005.0": -1.107563803877188, "2050024.0": 1.9040648016043016, "2050003.0": -1.262485208064824, "2050025.04": 2.116213687120955, "2050013.0": -0.4578404564325416, "2050026.05": 0.958742106585161, "2050006.0": -1.0122300854751969, "2050018.0": 0.6157135296713602, "2050025.01": 1.9666062918995375, "2050004.02": -1.5217022971054486, "2050012.0": -1.0509297311229333, "2050026.04": 0.5955499061752869, "2050011.0": -0.6008115247430085, "2050007.0": -0.6913663380086714, "2050023.0": 0.32327095216160795, "2050004.01": -0.6648861594380941, "2050019.0": -0.013520644444737415, "2050026.03": 0.8205863923658618, "2050025.02": 1.7061513402190764, "2050008.0": -0.7504105410810885, "2050026.02": 1.3486924545091887, "2050009.0": 0.3279027579337102, "2050010.0": -0.6640364097429571, "2050020.0": 0.08823456485073483, "2050022.0": -0.10224220625222849, "2050021.0": -0.7428482987135333, "2050027.0": -1.2406290668953686, "2050123.09": -0.08006388503476461, "2050132.06": -1.6649330147170254, "2050123.08": 0.498169451597001, "2050123.07": 1.3495061567058162}