{"2050140.0": -1.36164045601671, "2050141.0": -0.6968831596402806, "2050120.0": -0.31771707326262993, "2050001.0": 0.1258093480115376, "2050142.02": 0.3280343855120691, "2050002.0": -0.27014752313139023, "2050015.0": -0.2543643419941114, "2050016.0": -0.3503107091807972, "2050014.0": -0.4707089620852292, "2050017.0": 0.9011429746509402, "2050025.05": 1.5674059856484839, "2050005.0": -1.0868450318631584, "2050024.0": 1.9249209929601507, "2050003.0": -1.2216838622964417, "2050025.04": 2.1434513021602917, "2050013.0": -0.41166241315154106, "2050026.05": 0.9798818875091191, "2050006.0": -1.0023784437760916, "2050018.0": 0.5957755852823806, "2050025.01": 1.9589855712721842, "2050004.02": -1.523617921349121, "2050012.0": -1.0951900979404563, "2050026.04": 0.5912569776665149, "2050011.0": -0.5870573294270144, "2050007.0": -0.6888927109668089, "2050023.0": 0.32621395463231495, "2050004.01": -0.6239702652202429, "2050019.0": -0.021103377839259398, "2050026.03": 0.8689704675264414, "2050025.02": 1.7282987452763372, "2050008.0": -0.7291438587198301, "2050026.02": 1.3178448549246073, "2050009.0": 0.322104165478148, "2050010.0": -0.735454186923485, "2050020.0": 0.06208197985277995, "2050022.0": -0.17946206694131797, "2050021.0": -0.8555441906779734, "2050027.0": -1.2248803227222826, "2050123.09": -0.14954937186173367, "2050132.06": -1.572797274141067, "2050123.08": 0.4241433807087089, "2050123.07": 1.2646823920559744}