{"2050140.0": -1.774138606378375, "2050141.0": -0.8989840264979764, "2050120.0": -0.786747364397347, "2050001.0": -0.47654283553237187, "2050142.02": 0.9118430129329678, "2050002.0": -0.8509510434633585, "2050015.0": -0.5789441953076186, "2050016.0": -1.0938737247903276, "2050014.0": -0.3512418887439966, "2050017.0": -0.42597680350748357, "2050025.05": 0.6432720697227515, "2050005.0": -0.5163022580330465, "2050024.0": 0.18985552276336684, "2050003.0": -0.15693931719088905, "2050025.04": 0.7403556611253307, "2050013.0": -0.8417607054253216, "2050026.05": 0.135510026199003, "2050006.0": -0.9762002383408585, "2050018.0": 0.0030625261010333504, "2050025.01": 1.149547175694729, "2050004.02": -0.6207639585879955, "2050012.0": -0.9886435646077703, "2050026.04": 0.14006395627059717, "2050011.0": -0.859841312139811, "2050007.0": -0.019258438302471075, "2050023.0": -0.20993067100710625, "2050004.01": 0.44225117137732567, "2050019.0": -0.13428014796481808, "2050026.03": 1.1693615356920715, "2050025.02": 1.0110814087764664, "2050008.0": -0.09798003684143927, "2050026.02": 1.135756015858492, "2050009.0": 0.4201579768284216, "2050010.0": -0.7161866197394272, "2050020.0": 0.18243556627944238, "2050022.0": -0.24603901253979396, "2050021.0": -0.8406043253339657, "2050027.0": -0.4496476485482277, "2050123.09": 1.6515087398993622, "2050132.06": -0.744711860130129, "2050123.08": 1.8519337807555742, "2050123.07": 3.878494457074834}