{"2050140.0": 1.1697852657158523, "2050141.0": 0.9548282301879152, "2050120.0": -0.026958346497346717, "2050001.0": -0.9126390690660474, "2050142.02": 0.08970387764813526, "2050002.0": 0.14701758839918927, "2050015.0": 0.37328010409713114, "2050016.0": -0.05497845188887911, "2050014.0": 0.7303347406621898, "2050017.0": -1.4238675826588236, "2050025.05": -1.580107363424632, "2050005.0": 0.5491440837916041, "2050024.0": -1.3252777554644346, "2050003.0": 0.6711578501364119, "2050025.04": -1.6582741774940444, "2050013.0": -0.24146037157126934, "2050026.05": -0.3646871179565572, "2050006.0": 0.7656205769787837, "2050018.0": -1.4254227954958105, "2050025.01": -1.7710943205959868, "2050004.02": 1.1344241264624897, "2050012.0": 0.3325859277610248, "2050026.04": -0.08517983864580154, "2050011.0": 0.5362074682705962, "2050007.0": -0.11424935463806067, "2050023.0": -1.0980770301996134, "2050004.01": -0.3363610679133033, "2050019.0": -0.2953878576362353, "2050026.03": -0.3144567341142047, "2050025.02": -0.9115778715067292, "2050008.0": -0.30912424882579564, "2050026.02": -0.40471867027678154, "2050009.0": -0.6820295216093215, "2050010.0": -0.3737201099344857, "2050020.0": -0.459974642191992, "2050022.0": 0.08619425154280529, "2050021.0": -0.17725019852463242, "2050027.0": 2.285709475242474, "2050123.09": 1.7636614102831274, "2050132.06": 2.3931089416223843, "2050123.08": 1.6510718542208438, "2050123.07": 0.7130387251078504}