{"2050140.0": 0.2880163104188547, "2050141.0": 0.5368933899524049, "2050120.0": -0.1625740201100564, "2050001.0": -0.8252337883428077, "2050142.02": 0.11965590540560503, "2050002.0": -0.3919682588709899, "2050015.0": 0.007613230297459035, "2050016.0": -0.4435500468222794, "2050014.0": 0.6615313041321744, "2050017.0": -1.7149413190768625, "2050025.05": -1.5492281953158948, "2050005.0": 0.3087486083038729, "2050024.0": -1.5565108896456572, "2050003.0": 1.7263596708257296, "2050025.04": -1.3406951169255954, "2050013.0": -0.8841747426277963, "2050026.05": -0.8838628050481337, "2050006.0": 0.49090903033475536, "2050018.0": -1.0854782674410877, "2050025.01": -1.531362679545184, "2050004.02": 0.6427748435531101, "2050012.0": -0.5189158649136199, "2050026.04": -0.47884611441269187, "2050011.0": 0.14286598769906717, "2050007.0": 0.05735469713931258, "2050023.0": -0.9273506932899834, "2050004.01": 0.42443678938185636, "2050019.0": -0.27883838533842864, "2050026.03": 0.12340051492413635, "2050025.02": -0.33241117513618046, "2050008.0": 1.1812765458730763, "2050026.02": -0.5615380905889561, "2050009.0": -0.42442262209910625, "2050010.0": 0.006479355847855467, "2050020.0": -0.3900806812500015, "2050022.0": 0.14657069285219032, "2050021.0": 0.05777400684577728, "2050027.0": 1.9407674157115948, "2050123.09": 2.1675998959246545, "2050132.06": 1.340654923806146, "2050123.08": 1.9470987484119417, "2050123.07": 1.9632018891597158}