{"2050140.0": 0.269876328227536, "2050141.0": 0.24856713666798583, "2050120.0": 0.8009049741292599, "2050001.0": 1.6658576987558762, "2050142.02": -1.2619979743202165, "2050002.0": 1.0982119571685824, "2050015.0": 0.5002501383033687, "2050016.0": 1.3724064053891027, "2050014.0": 0.24868646467451208, "2050017.0": 2.045177326998623, "2050025.05": -0.054997355345661664, "2050005.0": -0.5209511340011497, "2050024.0": 1.8763330837065362, "2050003.0": -1.0668389833626724, "2050025.04": 1.259936332110408, "2050013.0": 0.4201378292938766, "2050026.05": 0.6033838459146329, "2050006.0": -0.054351386859674215, "2050018.0": 0.6979155417913444, "2050025.01": -0.09895026278556099, "2050004.02": -1.1783540352112174, "2050012.0": -0.9442652017681725, "2050026.04": -0.23599044483990345, "2050011.0": 0.3134001318146698, "2050007.0": -1.0502068393245607, "2050023.0": 1.1031422820437842, "2050004.01": -1.2521141640861202, "2050019.0": 0.08012677225430662, "2050026.03": 0.38889080753710015, "2050025.02": 0.2887103635041191, "2050008.0": -0.12473674656908812, "2050026.02": 0.026338861704373846, "2050009.0": -0.2819561872204303, "2050010.0": -0.22926037186138717, "2050020.0": -0.13516632556182293, "2050022.0": 0.5291774036786182, "2050021.0": 0.7328482203225134, "2050027.0": -1.2201573114658057, "2050123.09": -1.8259874681288237, "2050132.06": -0.9522154569037096, "2050123.08": -1.812691863496899, "2050123.07": -2.26909039287825}