{"2050140.0": -0.24577792514176172, "2050141.0": -0.1975995470619687, "2050120.0": -0.6319145314258078, "2050001.0": -1.2558579794088118, "2050142.02": 0.581022901411068, "2050002.0": -0.8681619104877355, "2050015.0": -0.3026955813334357, "2050016.0": -0.8824189977721029, "2050014.0": -0.05437335028053778, "2050017.0": -1.5910949126063518, "2050025.05": -1.4220345841980773, "2050005.0": 1.0067823748471307, "2050024.0": -1.563326833077792, "2050003.0": 1.3381579253536424, "2050025.04": -1.2390968160199303, "2050013.0": -0.3061027008855048, "2050026.05": -0.8721291815905449, "2050006.0": 0.5944603562173824, "2050018.0": -1.0639113359957644, "2050025.01": -1.1929147525423545, "2050004.02": 1.344101007650994, "2050012.0": 0.3454676450407824, "2050026.04": -0.4270230390682651, "2050011.0": 0.09549505838765175, "2050007.0": 0.774189427398508, "2050023.0": -0.8313361511780123, "2050004.01": 1.0782262681567991, "2050019.0": -0.3638249797341218, "2050026.03": 0.04339162316274464, "2050025.02": -0.6535689695119166, "2050008.0": 0.5630568621381865, "2050026.02": -0.25237347219711775, "2050009.0": 0.2054432879211858, "2050010.0": 0.06815085382553375, "2050020.0": -0.3127776107066168, "2050022.0": -0.15813386850030714, "2050021.0": -0.1282090454276374, "2050027.0": 1.4764550394836722, "2050123.09": 2.0971777932889526, "2050132.06": 0.7180244881060167, "2050123.08": 2.255199370084466, "2050123.07": 2.2318557936777443}