{"2050140.0": -1.6320392252132372, "2050141.0": -1.004930661213825, "2050120.0": -1.2809849716115773, "2050001.0": -0.9066418762834341, "2050142.02": -0.08277048585642767, "2050002.0": -1.1193978352234633, "2050015.0": -0.9892223606727187, "2050016.0": -1.2374871201201325, "2050014.0": -0.593926755809415, "2050017.0": -0.9507052788354755, "2050025.05": -0.24042876773539584, "2050005.0": 0.9581236520444103, "2050024.0": -0.6176853632612457, "2050003.0": 2.063778350835325, "2050025.04": -0.193494747118078, "2050013.0": -0.523495609020642, "2050026.05": -0.6169789390867876, "2050006.0": 0.1891087496577627, "2050018.0": -0.05219340231499753, "2050025.01": 0.7020441264312173, "2050004.02": 0.8427159930369679, "2050012.0": 0.034744414080338196, "2050026.04": -0.23933655438858145, "2050011.0": -0.5616155552733172, "2050007.0": 1.550964239130809, "2050023.0": -0.41362519454535873, "2050004.01": 2.956996890681735, "2050019.0": 0.08025899561336186, "2050026.03": 0.07032202196025081, "2050025.02": 0.27153388443730103, "2050008.0": 1.8797775254174993, "2050026.02": 0.16442915893021548, "2050009.0": 1.5787380016672494, "2050010.0": 0.20905839400254966, "2050020.0": 0.2474365436638966, "2050022.0": -0.3335865595245318, "2050021.0": -0.8338505475670859, "2050027.0": -0.5366151148241265, "2050123.09": 0.3976679589954799, "2050132.06": -1.2335759222409224, "2050123.08": 0.4592462658976644, "2050123.07": 1.5376436812567258}