{"2050140.0": -0.916386500680261, "2050141.0": -0.48183894654672854, "2050120.0": -0.8584088415823513, "2050001.0": -0.6584305061724888, "2050142.02": -1.026853024263548, "2050002.0": -1.373370383048359, "2050015.0": -1.307538017215053, "2050016.0": -1.2575332255714466, "2050014.0": -0.3241941570239782, "2050017.0": -1.0354772603868432, "2050025.05": -0.8105997214206762, "2050005.0": 0.947419060316826, "2050024.0": -0.9635776862613344, "2050003.0": 2.139810254748936, "2050025.04": -1.1320645672905738, "2050013.0": -0.059371137928595344, "2050026.05": -1.1250096233418558, "2050006.0": 0.08870009551614198, "2050018.0": 0.25316048863590057, "2050025.01": 0.1680824131601836, "2050004.02": 1.370351616592825, "2050012.0": 0.3821375627310577, "2050026.04": -0.4949631925918263, "2050011.0": 0.06723127074224776, "2050007.0": 2.0713223696645935, "2050023.0": 0.10444734644357642, "2050004.01": 2.4273814572779235, "2050019.0": 0.562527568616629, "2050026.03": -0.19502258138977416, "2050025.02": 0.07580346515799315, "2050008.0": 2.339277127132329, "2050026.02": -0.15565999991834323, "2050009.0": 0.889123014320332, "2050010.0": 1.009216709297651, "2050020.0": 0.9074635203884965, "2050022.0": 0.35675990691877496, "2050021.0": 0.3177464001067038, "2050027.0": -0.47242270357413707, "2050123.09": -0.7692861752892348, "2050132.06": 0.06441166585263733, "2050123.08": -0.5741830397009055, "2050123.07": -0.5501820224233707}