{"2050140.0": 0.2614197157007708, "2050141.0": -0.0940295390026742, "2050120.0": 0.08502707095063329, "2050001.0": -0.5446870015976397, "2050142.02": 0.9528731283050298, "2050002.0": -0.9598285716948043, "2050015.0": -0.046999286531690505, "2050016.0": -0.8438882347727663, "2050014.0": 0.054872028624144566, "2050017.0": -1.5019498911915252, "2050025.05": -1.5395610717343924, "2050005.0": 0.08686277045000283, "2050024.0": -1.6736894670285696, "2050003.0": 0.5441622998421917, "2050025.04": -1.5147728046119688, "2050013.0": -0.3429239448297769, "2050026.05": -1.6162369659153153, "2050006.0": -0.5967378986404975, "2050018.0": -0.32496509190266704, "2050025.01": -0.5815048138062214, "2050004.02": 0.4554356041367226, "2050012.0": -0.23248339798812045, "2050026.04": -0.9852135146904717, "2050011.0": -0.1104080130506189, "2050007.0": 0.5444263536881819, "2050023.0": -0.04490569331614305, "2050004.01": 1.0814972524517077, "2050019.0": 0.12591953663593958, "2050026.03": -0.020015282766744195, "2050025.02": -0.525125581561487, "2050008.0": 0.018295655942573243, "2050026.02": -0.6090332907655999, "2050009.0": 0.057228739913511836, "2050010.0": 0.010136161129010496, "2050020.0": 0.6020339463109321, "2050022.0": 0.4265211439549829, "2050021.0": 0.015295238432565373, "2050027.0": 0.8737278217592729, "2050123.09": 1.9377084682696957, "2050132.06": 1.1146944003251313, "2050123.08": 2.0512387091571838, "2050123.07": 3.4095833114193614}