{"2050140.0": -1.3180149624199875, "2050141.0": -0.7760814537490671, "2050120.0": 0.023644008976846126, "2050001.0": 0.25286864356051125, "2050142.02": -0.8426117816702832, "2050002.0": -0.5232791497953073, "2050015.0": -0.39921101496823874, "2050016.0": -0.5578111836437627, "2050014.0": -0.5447297269102711, "2050017.0": -0.13380846006056163, "2050025.05": 0.44295171431055236, "2050005.0": 0.3579941291685818, "2050024.0": 0.7273474805785698, "2050003.0": 1.2519723644537546, "2050025.04": 0.4451261965587789, "2050013.0": -0.5621586453655208, "2050026.05": -0.18268539664440886, "2050006.0": -0.3612263392681764, "2050018.0": 0.3345270585047153, "2050025.01": 1.9585142572977925, "2050004.02": -0.3418786934563796, "2050012.0": -0.695712877025218, "2050026.04": -0.3283452996842207, "2050011.0": 0.0808870054158619, "2050007.0": 0.7588713750665822, "2050023.0": 0.8871218901460673, "2050004.01": 1.643462212391114, "2050019.0": 0.9274619695414791, "2050026.03": -0.8428218727225057, "2050025.02": 0.7674580365586933, "2050008.0": 1.5080901175839434, "2050026.02": 0.19302259202613056, "2050009.0": 2.0780233967721173, "2050010.0": 0.009436715750965033, "2050020.0": 1.117210233767985, "2050022.0": 0.3048029721394884, "2050021.0": 0.578195811784417, "2050027.0": -2.0783655390522844, "2050123.09": -1.6148939488841048, "2050132.06": -2.466861287175279, "2050123.08": -1.4656904763062721, "2050123.07": -0.6128020735531096}