{"2050140.0": 1.5745103504274607, "2050141.0": 1.0324328261164646, "2050120.0": 2.4013342000817275, "2050001.0": 1.720714033082346, "2050142.02": 0.5365996447610325, "2050002.0": 0.3759163759192925, "2050015.0": 1.0587920472905994, "2050016.0": 0.43034020367992826, "2050014.0": 0.2098231922086344, "2050017.0": 0.21473589920979086, "2050025.05": 0.9423486921575325, "2050005.0": -1.3360780328907573, "2050024.0": 0.4055103737540855, "2050003.0": -1.4360947686412582, "2050025.04": 0.6428767469651819, "2050013.0": -0.7604436233552262, "2050026.05": 0.4130940822698035, "2050006.0": -1.3643310126186547, "2050018.0": -0.27570146587229316, "2050025.01": 0.8339216432343708, "2050004.02": -1.3653726148347571, "2050012.0": -1.2617432100595607, "2050026.04": 0.3548521971842488, "2050011.0": -1.046711785904947, "2050007.0": -1.1739712834236267, "2050023.0": -0.22668437574237388, "2050004.01": -1.290696318878774, "2050019.0": -0.6728140940805781, "2050026.03": 0.8157667064240837, "2050025.02": 0.5411584745740853, "2050008.0": -1.4873838373203652, "2050026.02": 0.46339342155742946, "2050009.0": -1.0177102885188363, "2050010.0": -1.2363002437501853, "2050020.0": -0.5310427883610366, "2050022.0": -0.4805948435669119, "2050021.0": -0.9476959168453908, "2050027.0": -0.33818460808020734, "2050123.09": 0.32672903680994464, "2050132.06": 1.0609143180842613, "2050123.08": 0.4566562178283421, "2050123.07": 1.4371344291251233}