{"2050140.0": 0.21586991859024177, "2050141.0": 0.34114455378822806, "2050120.0": -1.4412544860022958, "2050001.0": -1.12376852051717, "2050142.02": -0.8469125482687959, "2050002.0": 0.41617302960914665, "2050015.0": -0.5628996317412711, "2050016.0": -0.07423472285934185, "2050014.0": 0.21143279733123604, "2050017.0": -0.6393992335877055, "2050025.05": -1.0562793174031175, "2050005.0": 1.5220876218293007, "2050024.0": -0.4131755579823756, "2050003.0": 1.4167836758328183, "2050025.04": -0.8388682148238905, "2050013.0": 0.4234883639911377, "2050026.05": -0.022719658598931824, "2050006.0": 1.6893601048058093, "2050018.0": -0.7140700942014657, "2050025.01": -1.564967719023863, "2050004.02": 1.7725680339867655, "2050012.0": 1.1670684109048501, "2050026.04": 0.15343021302298132, "2050011.0": 0.9807550902127764, "2050007.0": 0.7815017086464465, "2050023.0": -0.7278085199791278, "2050004.01": 0.6635971929058846, "2050019.0": 0.03304842994212473, "2050026.03": -0.8967916740862872, "2050025.02": -0.7705378732152034, "2050008.0": 1.22735801800167, "2050026.02": -0.7018891643942693, "2050009.0": 0.4188481421335607, "2050010.0": 0.7257034060223556, "2050020.0": -0.34590148670080123, "2050022.0": 0.25604121575802874, "2050021.0": 0.1973408637778341, "2050027.0": 1.4590142319298935, "2050123.09": -0.3595748863266086, "2050132.06": 0.8109329886487308, "2050123.08": -0.6543714453321657, "2050123.07": -3.1281232566271395}