{"2050140.0": -0.008763120817169444, "2050141.0": -0.0449110602080116, "2050120.0": 0.23980185481889443, "2050001.0": 1.067437150982958, "2050142.02": -0.6810043333728731, "2050002.0": 0.6893728155984411, "2050015.0": 0.0692580820295933, "2050016.0": 0.9353714409697864, "2050014.0": 0.0020216579127377726, "2050017.0": 1.7749040395840059, "2050025.05": 1.3333284275406991, "2050005.0": -0.5717444673348613, "2050024.0": 1.6387275585781689, "2050003.0": -1.171477356849736, "2050025.04": 1.2639263189653636, "2050013.0": 0.6652544621953077, "2050026.05": 0.8038891573390194, "2050006.0": -0.09060181498785251, "2050018.0": 1.190340543806507, "2050025.01": 0.7216439515313674, "2050004.02": -0.8124732854373006, "2050012.0": 0.0717452524904759, "2050026.04": 0.41800551218968757, "2050011.0": 0.06961861738198104, "2050007.0": -0.46286810125325895, "2050023.0": 0.7353192665746989, "2050004.01": -0.7327279076642885, "2050019.0": 0.269238898928315, "2050026.03": -0.23177612368334952, "2050025.02": 0.35543941945671814, "2050008.0": -0.4310169067977401, "2050026.02": -0.008669888694336974, "2050009.0": 0.04846444559976048, "2050010.0": 0.30165389852425056, "2050020.0": 0.08219602842314509, "2050022.0": 0.07888069759114416, "2050021.0": 0.20970641724115588, "2050027.0": -1.1978955205490542, "2050123.09": -2.1978765759783063, "2050132.06": -1.0064558208975836, "2050123.08": -2.176523357602098, "2050123.07": -3.2087602741263646}