{"2050140.0": -0.6066735762735223, "2050141.0": -0.171194996717584, "2050120.0": 0.5307367253123351, "2050001.0": 1.2545696263126458, "2050142.02": 0.06423514593228813, "2050002.0": 0.529089070243514, "2050015.0": 0.12445307552675135, "2050016.0": 0.6493201355078194, "2050014.0": -0.1571850180033166, "2050017.0": 1.5773257319635126, "2050025.05": 1.7218620946798104, "2050005.0": -1.3930238718171872, "2050024.0": 1.479612368677844, "2050003.0": -1.8883458366348835, "2050025.04": 1.698998409155213, "2050013.0": 0.15100871949144454, "2050026.05": 1.1505575690769958, "2050006.0": -1.0948734168387226, "2050018.0": 1.2120940962231488, "2050025.01": 1.5561121864434468, "2050004.02": -1.6544513221827255, "2050012.0": -0.5979101188480457, "2050026.04": 0.20606896533575983, "2050011.0": -0.5731013206506992, "2050007.0": -0.8749427213246936, "2050023.0": 0.9091300244714884, "2050004.01": -1.0926638142294895, "2050019.0": 0.09476889946113062, "2050026.03": 0.44712503664882525, "2050025.02": 0.802138890937646, "2050008.0": -1.010028012124541, "2050026.02": 0.6068982526570827, "2050009.0": -0.21493199888422443, "2050010.0": -0.05421747380156467, "2050020.0": 0.2469622073000062, "2050022.0": -0.04546592287478368, "2050021.0": 0.1812228698153448, "2050027.0": -1.6981152745644532, "2050123.09": -1.1597125552379066, "2050132.06": -1.5235550397971174, "2050123.08": -1.1309342921333172, "2050123.07": -0.25296351823516483}