{"2050140.0": 0.2671537563841134, "2050141.0": 0.5689920654391375, "2050120.0": 0.059550165623012324, "2050001.0": -0.8476468136534564, "2050142.02": -0.18797340341610994, "2050002.0": 0.44644366574332267, "2050015.0": 0.30501687660159965, "2050016.0": -1.1687122207983258, "2050014.0": 0.009890154503837848, "2050017.0": -1.990991854802172, "2050025.05": -1.4195791895015315, "2050005.0": 1.620645906337695, "2050024.0": -1.6013982851911894, "2050003.0": 1.203340225045145, "2050025.04": -1.7199472706167478, "2050013.0": -0.48465498964998355, "2050026.05": -0.27523403010543485, "2050006.0": 0.7469609281622859, "2050018.0": -1.9524752865891701, "2050025.01": -0.8608871469090692, "2050004.02": 1.389976643403465, "2050012.0": -0.34654399527758073, "2050026.04": -0.6235968990489833, "2050011.0": 0.6207733627438617, "2050007.0": 0.2363563031106463, "2050023.0": -0.30422691422593795, "2050004.01": 0.6053862650166034, "2050019.0": -0.51237656556732, "2050026.03": -0.5563943287759882, "2050025.02": -0.6014693889291798, "2050008.0": 0.33167924529144904, "2050026.02": -0.7494413479357803, "2050009.0": -0.17924720535755756, "2050010.0": -0.16006529544444917, "2050020.0": -0.21675278706322296, "2050022.0": 0.13493261606498638, "2050021.0": 0.4802912802662113, "2050027.0": 1.829960576298632, "2050123.09": 2.1160189804569116, "2050132.06": 1.548932452842059, "2050123.08": 1.4033530753621584, "2050123.07": 0.8339606741620627}