{"2050140.0": -0.05201037179498102, "2050141.0": -0.13292521026686294, "2050120.0": 0.3363493257655007, "2050001.0": 1.0952485589722885, "2050142.02": -0.5522876601178551, "2050002.0": 0.6172415395433388, "2050015.0": 0.08236614862872435, "2050016.0": 0.8672395624923657, "2050014.0": -0.14151384157289776, "2050017.0": 1.7934084107479602, "2050025.05": 1.5180461232016482, "2050005.0": -0.8020013696031807, "2050024.0": 1.6444039671319273, "2050003.0": -1.3448760183676483, "2050025.04": 1.3933319415364274, "2050013.0": 0.5410758682896681, "2050026.05": 0.8788145992032541, "2050006.0": -0.3459922526338441, "2050018.0": 1.2286256807864744, "2050025.01": 1.059475853731288, "2050004.02": -1.0427792391224968, "2050012.0": -0.14589066265954012, "2050026.04": 0.4065498232477652, "2050011.0": -0.06839520425370692, "2050007.0": -0.5493302010682031, "2050023.0": 0.8789612142261449, "2050004.01": -0.8447504363961341, "2050019.0": 0.24743309417497733, "2050026.03": -0.09825249529255677, "2050025.02": 0.5134594424919184, "2050008.0": -0.5146001674932634, "2050026.02": 0.15695359127307906, "2050009.0": -0.0030919476677948783, "2050010.0": 0.2441921743202107, "2050020.0": 0.12210994689894003, "2050022.0": 0.08419929565621227, "2050021.0": 0.2621963062749171, "2050027.0": -1.3798825558763228, "2050123.09": -2.0639570633380426, "2050132.06": -1.1450495899042963, "2050123.08": -2.0575588597970635, "2050123.07": -2.686537321368328}