{"2050140.0": 0.17321322984781762, "2050141.0": 0.2961160765059451, "2050120.0": 1.629735187887188, "2050001.0": 0.7947065219619898, "2050142.02": 1.151365983810548, "2050002.0": -0.09006647662029883, "2050015.0": 0.9149469830296343, "2050016.0": 0.017040059033924145, "2050014.0": 0.36262068012738685, "2050017.0": -0.05125550226448801, "2050025.05": 0.3700885906531707, "2050005.0": -1.2794272487857752, "2050024.0": -0.06750539909554674, "2050003.0": -1.2783881213888977, "2050025.04": 0.08130933448076187, "2050013.0": -0.5818465589410018, "2050026.05": -0.05076366180863232, "2050006.0": -1.1976867322025173, "2050018.0": -0.0032598126525089583, "2050025.01": 0.42354927802750686, "2050004.02": -1.3564593262698517, "2050012.0": -1.0582912120984036, "2050026.04": 0.020680592085161407, "2050011.0": -0.8931500954470853, "2050007.0": -0.9416410821683942, "2050023.0": -0.2855959884137721, "2050004.01": -1.1564808715286166, "2050019.0": -0.4006943590675613, "2050026.03": 1.212965430291065, "2050025.02": 0.5507219043483634, "2050008.0": -1.6378901794724647, "2050026.02": 0.6015481579895741, "2050009.0": -1.0896927086088815, "2050010.0": -1.2245775466236994, "2050020.0": -0.038005555574431735, "2050022.0": -0.3183858134470431, "2050021.0": -0.877135452314595, "2050027.0": 0.056136347156628165, "2050123.09": 1.25813401901981, "2050132.06": 0.9017353296420046, "2050123.08": 1.7880267830139451, "2050123.07": 3.2735592158820883}