{"2050140.0": -1.0497219197444718, "2050141.0": -0.6260882556383012, "2050120.0": -0.3581822842462066, "2050001.0": -0.16390417459118534, "2050142.02": 0.9751908966241587, "2050002.0": -0.5983457954335586, "2050015.0": -0.25335405412824563, "2050016.0": -0.7415951046966117, "2050014.0": -0.32961236385356263, "2050017.0": -0.16435534305181915, "2050025.05": 0.6940745928392055, "2050005.0": -0.7968040236677882, "2050024.0": 0.3759103086736287, "2050003.0": -0.7289966087816492, "2050025.04": 0.9712487025245722, "2050013.0": -0.762833794160707, "2050026.05": 0.3446476723326176, "2050006.0": -0.9742400293295378, "2050018.0": -0.13629808742132124, "2050025.01": 0.9507909075934566, "2050004.02": -0.9537129866955273, "2050012.0": -1.016909457574533, "2050026.04": 0.29531502491392225, "2050011.0": -0.7898794532690725, "2050007.0": -0.5908398125030837, "2050023.0": -0.20559238156876597, "2050004.01": -0.504688356995841, "2050019.0": -0.33617892931451027, "2050026.03": 1.3242718401408715, "2050025.02": 1.002423278626949, "2050008.0": -0.6938685116889872, "2050026.02": 1.2628208800448522, "2050009.0": -0.277376873555122, "2050010.0": -0.8474194966964894, "2050020.0": -0.1487436074267735, "2050022.0": -0.2888194801902955, "2050021.0": -0.8525117948787341, "2050027.0": -0.16844344516182735, "2050123.09": 1.8371925707229821, "2050132.06": -0.6204808917978223, "2050123.08": 2.0659158715450183, "2050123.07": 3.8799947714800904}