{"2050140.0": 0.28229721809327146, "2050141.0": 0.40145523947741707, "2050120.0": -1.2049563750812, "2050001.0": -0.8018275734306363, "2050142.02": -0.8892861461889282, "2050002.0": 0.7748162697541475, "2050015.0": -0.3542097668635741, "2050016.0": 0.1852770733849067, "2050014.0": 0.15252258202757957, "2050017.0": -0.15107269502801782, "2050025.05": -0.7825851870744676, "2050005.0": 1.3912815966608436, "2050024.0": 0.10005407447697807, "2050003.0": 1.022641212705015, "2050025.04": -0.4715294831965175, "2050013.0": 0.5663443760199653, "2050026.05": 0.2882356238763545, "2050006.0": 1.7943011085799268, "2050018.0": -0.4403575637643039, "2050025.01": -1.64563925104775, "2050004.02": 1.4406516390684057, "2050012.0": 1.0844048014700987, "2050026.04": 0.10695688819388487, "2050011.0": 1.0611739961266216, "2050007.0": 0.5710489513657871, "2050023.0": -0.6420921994657541, "2050004.01": 0.3295070119357411, "2050019.0": 0.04979995937717686, "2050026.03": -1.008455547621474, "2050025.02": -0.6349829198683345, "2050008.0": 1.1089364286550123, "2050026.02": -0.7710372407578319, "2050009.0": 0.3906746255155748, "2050010.0": 0.7885240727123379, "2050020.0": -0.3321873382042348, "2050022.0": 0.38601195908862446, "2050021.0": 0.2278703217291209, "2050027.0": 1.130837874200139, "2050123.09": -0.7055692698161592, "2050132.06": 0.29501194209066267, "2050123.08": -1.2619783049462694, "2050123.07": -3.8328699842301144}