{"2050140.0": 0.0, "2050141.0": 0.0, "2050120.0": 0.0, "2050001.0": 0.0, "2050142.02": 0.0, "2050002.0": 0.0, "2050015.0": 0.0, "2050016.0": 0.0, "2050014.0": 0.0, "2050017.0": -1.8708286933869707, "2050025.05": 0.0, "2050005.0": 0.0, "2050024.0": 0.0, "2050003.0": -0.9354143466934853, "2050025.04": -1.8708286933869707, "2050013.0": 0.0, "2050026.05": 0.0, "2050006.0": 0.0, "2050018.0": -1.8708286933869707, "2050025.01": -0.9354143466934853, "2050004.02": -1.8708286933869707, "2050012.0": 0.0, "2050026.04": -1.8708286933869707, "2050011.0": -1.8708286933869707, "2050007.0": 0.0, "2050023.0": -1.8708286933869707, "2050004.01": -0.9354143466934853, "2050019.0": -1.8708286933869707, "2050026.03": 0.0, "2050025.02": -1.8708286933869707, "2050008.0": 0.0, "2050026.02": 0.0, "2050009.0": -0.9354143466934853, "2050010.0": 0.0, "2050020.0": -1.8708286933869707, "2050022.0": 0.0, "2050021.0": 0.0, "2050027.0": -1.8708286933869707, "2050123.09": 0.0, "2050132.06": 0.0, "2050123.08": 0.0, "2050123.07": 0.0}